epoch,batch_idx,data_type,loss,run_time
0,0,train,111.026382,1.27
0,1,train,82.927704,1.32
0,2,train,103.140945,1.37
0,3,train,91.009415,1.41
0,4,train,104.084091,1.47
0,5,train,83.385132,1.51
0,6,train,109.024284,1.56
0,7,train,92.783165,1.61
0,8,train,92.467697,1.64
0,9,train,111.086075,1.68
0,10,train,89.806030,1.71
0,11,train,86.206001,1.74
0,12,train,112.683769,1.77
0,0,val,104.203819,1.93
0,1,val,111.670921,1.95
0,2,val,149.376129,1.96
0,3,val,68.279839,1.97
0,4,val,129.107315,1.98
0,5,val,164.667374,1.99
0,6,val,65.903061,1.99
0,7,val,46.302921,2.00
0,8,val,161.661621,2.01
0,9,val,177.594223,2.01
0,10,val,43.400276,2.02
0,11,val,73.395538,2.03
0,12,val,96.998184,2.04
0,13,val,66.691879,2.05
0,14,val,50.526283,2.05
0,15,val,92.713852,2.06
0,16,val,74.482132,2.07
0,17,val,101.298843,2.07
0,18,val,142.667877,2.08
0,19,val,102.587463,2.09
0,20,val,55.275818,2.09
0,21,val,93.605797,2.10
0,22,val,135.805862,2.11
0,23,val,146.871201,2.11
0,24,val,106.581573,2.12
0,25,val,191.664490,2.13
0,26,val,126.253502,2.13
0,27,val,160.539932,2.15
0,28,val,41.074776,2.16
0,29,val,191.814041,2.16
0,30,val,122.940041,2.17
0,31,val,55.660686,2.17
0,32,val,166.330811,2.18
0,33,val,113.419197,2.18
0,34,val,52.169624,2.19
1,0,train,75.544868,0.18
1,1,train,112.200134,0.23
1,2,train,105.527794,0.27
1,3,train,90.922592,0.30
1,4,train,107.222626,0.36
1,5,train,83.498886,0.41
1,6,train,88.183258,0.45
1,7,train,85.702850,0.49
1,8,train,81.667419,0.52
1,9,train,91.888901,0.56
1,10,train,91.086990,0.59
1,11,train,90.105927,0.63
1,12,train,83.736191,0.66
1,0,val,103.296249,0.84
1,1,val,108.329643,0.86
1,2,val,148.658279,0.88
1,3,val,64.539131,0.88
1,4,val,131.615677,0.89
1,5,val,163.506012,0.90
1,6,val,65.387062,0.91
1,7,val,45.540703,0.92
1,8,val,156.928101,0.93
1,9,val,173.119507,0.94
1,10,val,36.666965,0.95
1,11,val,71.935860,0.97
1,12,val,95.192368,0.98
1,13,val,70.328629,0.99
1,14,val,49.199543,1.00
1,15,val,91.124512,1.01
1,16,val,77.492676,1.02
1,17,val,103.643402,1.03
1,18,val,139.999084,1.03
1,19,val,102.723984,1.04
1,20,val,50.372658,1.05
1,21,val,91.937775,1.07
1,22,val,130.089706,1.08
1,23,val,142.538315,1.09
1,24,val,103.074127,1.10
1,25,val,187.081161,1.10
1,26,val,117.513695,1.11
1,27,val,162.202026,1.12
1,28,val,37.105560,1.13
1,29,val,188.246719,1.14
1,30,val,119.879013,1.15
1,31,val,55.721653,1.16
1,32,val,163.968582,1.17
1,33,val,107.671570,1.17
1,34,val,64.917664,1.18
2,0,train,93.495804,0.25
2,1,train,91.108292,0.30
2,2,train,80.135658,0.34
2,3,train,90.954056,0.39
2,4,train,96.203781,0.45
2,5,train,89.567070,0.49
2,6,train,81.118454,0.54
2,7,train,92.521393,0.59
2,8,train,93.699631,0.63
2,9,train,82.085983,0.67
2,10,train,90.506134,0.71
2,11,train,70.378830,0.74
2,12,train,102.370117,0.78
2,0,val,99.053047,0.97
2,1,val,107.833900,0.99
2,2,val,143.704926,0.99
2,3,val,59.008869,1.00
2,4,val,125.471397,1.01
2,5,val,161.780609,1.03
2,6,val,60.466240,1.04
2,7,val,44.598003,1.05
2,8,val,153.437363,1.06
2,9,val,170.896408,1.07
2,10,val,37.269463,1.09
2,11,val,72.916222,1.10
2,12,val,92.203476,1.11
2,13,val,66.945320,1.12
2,14,val,53.505478,1.13
2,15,val,88.385490,1.14
2,16,val,71.481331,1.15
2,17,val,96.063202,1.16
2,18,val,134.746033,1.17
2,19,val,98.386932,1.18
2,20,val,57.120541,1.19
2,21,val,91.006409,1.20
2,22,val,125.732712,1.21
2,23,val,139.608856,1.22
2,24,val,109.690971,1.23
2,25,val,184.943283,1.24
2,26,val,115.840401,1.25
2,27,val,157.280167,1.26
2,28,val,35.114746,1.27
2,29,val,186.007950,1.28
2,30,val,121.225266,1.29
2,31,val,54.354527,1.30
2,32,val,167.567123,1.31
2,33,val,101.326538,1.31
2,34,val,56.547142,1.32
3,0,train,95.555893,0.21
3,1,train,77.892960,0.27
3,2,train,83.657211,0.30
3,3,train,89.834595,0.35
3,4,train,104.138954,0.40
3,5,train,78.701645,0.45
3,6,train,98.012436,0.49
3,7,train,83.917145,0.54
3,8,train,89.120026,0.59
3,9,train,60.993340,0.62
3,10,train,79.176781,0.66
3,11,train,79.309761,0.70
3,12,train,73.040092,0.73
3,0,val,100.452507,0.92
3,1,val,107.316872,0.94
3,2,val,144.930069,0.96
3,3,val,59.865932,0.97
3,4,val,125.478012,0.98
3,5,val,157.949585,1.00
3,6,val,59.946301,1.01
3,7,val,46.062481,1.02
3,8,val,153.985458,1.04
3,9,val,169.535858,1.05
3,10,val,37.561634,1.06
3,11,val,67.605148,1.06
3,12,val,90.960213,1.07
3,13,val,63.896095,1.08
3,14,val,46.343536,1.09
3,15,val,86.793701,1.09
3,16,val,72.144211,1.10
3,17,val,98.667702,1.11
3,18,val,138.563217,1.11
3,19,val,101.024727,1.12
3,20,val,48.159103,1.13
3,21,val,89.412460,1.14
3,22,val,124.530869,1.15
3,23,val,137.766708,1.15
3,24,val,100.212952,1.16
3,25,val,181.983765,1.17
3,26,val,110.727745,1.17
3,27,val,151.846146,1.18
3,28,val,42.201469,1.19
3,29,val,184.145950,1.20
3,30,val,126.300346,1.20
3,31,val,53.744095,1.21
3,32,val,160.846588,1.21
3,33,val,98.723877,1.22
3,34,val,49.452686,1.22
4,0,train,75.593803,0.15
4,1,train,88.368477,0.19
4,2,train,99.637062,0.22
4,3,train,74.152359,0.25
4,4,train,97.328323,0.29
4,5,train,91.172867,0.33
4,6,train,81.792732,0.37
4,7,train,80.863960,0.41
4,8,train,86.477478,0.44
4,9,train,76.508560,0.47
4,10,train,95.070648,0.50
4,11,train,91.021500,0.53
4,12,train,90.268784,0.56
4,0,val,97.200340,0.69
4,1,val,104.477333,0.70
4,2,val,140.963318,0.71
4,3,val,59.267780,0.72
4,4,val,121.449829,0.73
4,5,val,157.041229,0.74
4,6,val,59.464588,0.74
4,7,val,42.785522,0.75
4,8,val,151.670517,0.76
4,9,val,168.619034,0.76
4,10,val,36.137398,0.77
4,11,val,67.710754,0.78
4,12,val,93.708870,0.79
4,13,val,64.042755,0.79
4,14,val,46.522694,0.80
4,15,val,85.262306,0.81
4,16,val,70.033997,0.81
4,17,val,93.821304,0.82
4,18,val,134.037857,0.84
4,19,val,96.619514,0.84
4,20,val,48.144836,0.85
4,21,val,89.027458,0.86
4,22,val,130.200470,0.86
4,23,val,136.970001,0.87
4,24,val,99.729919,0.88
4,25,val,182.908051,0.88
4,26,val,110.332924,0.89
4,27,val,155.956604,0.89
4,28,val,34.935310,0.90
4,29,val,180.619644,0.91
4,30,val,115.296593,0.91
4,31,val,53.111065,0.92
4,32,val,157.734329,0.92
4,33,val,98.976280,0.93
4,34,val,52.102127,0.94
5,0,train,95.767876,0.15
5,1,train,77.595688,0.18
5,2,train,92.524750,0.22
5,3,train,67.567886,0.25
5,4,train,81.509552,0.29
5,5,train,62.587990,0.32
5,6,train,100.807198,0.35
5,7,train,85.452820,0.39
5,8,train,93.121048,0.42
5,9,train,76.995575,0.45
5,10,train,95.569839,0.48
5,11,train,97.046982,0.52
5,12,train,97.676514,0.55
5,0,val,109.884689,0.70
5,1,val,104.896912,0.71
5,2,val,140.478973,0.72
5,3,val,55.690632,0.73
5,4,val,122.662895,0.74
5,5,val,153.144379,0.75
5,6,val,61.819176,0.76
5,7,val,42.720570,0.77
5,8,val,149.238388,0.78
5,9,val,164.571091,0.79
5,10,val,33.815628,0.80
5,11,val,65.217751,0.81
5,12,val,97.080627,0.82
5,13,val,63.325417,0.83
5,14,val,48.378986,0.84
5,15,val,91.573006,0.85
5,16,val,68.173843,0.85
5,17,val,95.390228,0.86
5,18,val,131.532516,0.87
5,19,val,96.398460,0.88
5,20,val,47.737980,0.89
5,21,val,102.014748,0.89
5,22,val,124.342796,0.90
5,23,val,134.988693,0.91
5,24,val,98.688210,0.92
5,25,val,178.274994,0.93
5,26,val,106.850227,0.94
5,27,val,148.907257,0.95
5,28,val,33.564575,0.95
5,29,val,180.103439,0.96
5,30,val,114.905060,0.97
5,31,val,61.098324,0.98
5,32,val,154.503738,0.98
5,33,val,97.031769,0.99
5,34,val,49.083485,0.99
6,0,train,68.461990,0.14
6,1,train,66.909836,0.18
6,2,train,74.979439,0.21
6,3,train,85.665581,0.24
6,4,train,89.051231,0.30
6,5,train,75.747292,0.33
6,6,train,103.048927,0.36
6,7,train,80.014694,0.40
6,8,train,85.348297,0.43
6,9,train,97.330887,0.46
6,10,train,92.069740,0.49
6,11,train,83.436317,0.52
6,12,train,94.545883,0.55
6,0,val,94.791130,0.68
6,1,val,102.864731,0.68
6,2,val,137.622681,0.69
6,3,val,58.516739,0.70
6,4,val,119.293335,0.71
6,5,val,151.054901,0.72
6,6,val,58.207100,0.72
6,7,val,41.035675,0.73
6,8,val,145.916580,0.74
6,9,val,162.787384,0.75
6,10,val,34.958942,0.75
6,11,val,64.359261,0.76
6,12,val,88.595543,0.77
6,13,val,60.612930,0.77
6,14,val,45.372292,0.78
6,15,val,82.201637,0.79
6,16,val,68.109283,0.79
6,17,val,90.766296,0.80
6,18,val,130.532410,0.81
6,19,val,95.757469,0.82
6,20,val,45.752720,0.83
6,21,val,91.222641,0.84
6,22,val,141.249863,0.85
6,23,val,134.656479,0.86
6,24,val,96.403282,0.87
6,25,val,175.700089,0.87
6,26,val,105.996010,0.88
6,27,val,148.950912,0.89
6,28,val,34.355038,0.90
6,29,val,178.776871,0.90
6,30,val,114.379349,0.91
6,31,val,51.331257,0.92
6,32,val,152.533646,0.92
6,33,val,95.152924,0.93
6,34,val,50.668316,0.93
7,0,train,72.745964,0.14
7,1,train,86.711777,0.18
7,2,train,101.389832,0.21
7,3,train,63.642887,0.25
7,4,train,77.718216,0.28
7,5,train,68.930641,0.31
7,6,train,79.047577,0.35
7,7,train,89.685928,0.38
7,8,train,92.117424,0.42
7,9,train,91.837753,0.45
7,10,train,79.351540,0.48
7,11,train,86.419731,0.51
7,12,train,73.899063,0.54
7,0,val,93.827774,0.68
7,1,val,101.876366,0.69
7,2,val,135.578903,0.71
7,3,val,57.183098,0.71
7,4,val,120.066246,0.72
7,5,val,149.331390,0.73
7,6,val,56.647980,0.73
7,7,val,41.452740,0.74
7,8,val,146.213013,0.75
7,9,val,162.485626,0.75
7,10,val,33.153896,0.76
7,11,val,64.437531,0.77
7,12,val,91.107048,0.78
7,13,val,60.292042,0.78
7,14,val,45.260120,0.79
7,15,val,83.974419,0.80
7,16,val,67.740929,0.81
7,17,val,91.747520,0.81
7,18,val,131.406021,0.82
7,19,val,95.167549,0.83
7,20,val,45.774727,0.83
7,21,val,88.215431,0.84
7,22,val,119.373337,0.85
7,23,val,133.114777,0.85
7,24,val,97.883789,0.86
7,25,val,175.012589,0.87
7,26,val,106.351143,0.88
7,27,val,143.806274,0.89
7,28,val,33.344341,0.89
7,29,val,173.266983,0.90
7,30,val,108.592461,0.91
7,31,val,52.935337,0.92
7,32,val,155.224045,0.92
7,33,val,94.078690,0.92
7,34,val,71.789299,0.93
8,0,train,76.822922,0.15
8,1,train,87.957199,0.19
8,2,train,90.269218,0.22
8,3,train,74.221420,0.25
8,4,train,67.410995,0.29
8,5,train,77.511414,0.33
8,6,train,101.306458,0.36
8,7,train,68.418655,0.41
8,8,train,93.116577,0.45
8,9,train,76.733246,0.48
8,10,train,100.032509,0.52
8,11,train,62.320744,0.55
8,12,train,87.347702,0.58
8,0,val,92.835526,0.71
8,1,val,99.864273,0.72
8,2,val,134.194931,0.73
8,3,val,57.255592,0.74
8,4,val,117.074120,0.75
8,5,val,147.800415,0.76
8,6,val,56.478054,0.77
8,7,val,39.596249,0.77
8,8,val,145.884888,0.78
8,9,val,163.997711,0.79
8,10,val,33.884399,0.80
8,11,val,65.941910,0.81
8,12,val,86.613373,0.81
8,13,val,58.862698,0.82
8,14,val,47.365166,0.83
8,15,val,82.895172,0.84
8,16,val,66.329575,0.85
8,17,val,89.222366,0.86
8,18,val,127.552589,0.87
8,19,val,94.575195,0.88
8,20,val,51.198025,0.89
8,21,val,86.481758,0.89
8,22,val,118.600571,0.90
8,23,val,130.803848,0.91
8,24,val,95.084343,0.92
8,25,val,173.062469,0.93
8,26,val,106.382454,0.93
8,27,val,142.714966,0.95
8,28,val,38.375347,0.96
8,29,val,172.264999,0.96
8,30,val,107.564705,0.97
8,31,val,50.743027,0.98
8,32,val,152.587326,0.98
8,33,val,95.325623,0.99
8,34,val,48.067257,0.99
9,0,train,89.527069,0.18
9,1,train,83.607353,0.22
9,2,train,89.260765,0.25
9,3,train,62.372326,0.29
9,4,train,93.026291,0.33
9,5,train,88.977104,0.36
9,6,train,83.405609,0.39
9,7,train,105.877640,0.43
9,8,train,77.477806,0.46
9,9,train,76.884552,0.50
9,10,train,63.539597,0.53
9,11,train,75.988136,0.56
9,12,train,92.489761,0.59
9,0,val,94.320709,0.73
9,1,val,99.033348,0.74
9,2,val,132.650391,0.75
9,3,val,55.637573,0.77
9,4,val,116.034622,0.77
9,5,val,146.264191,0.78
9,6,val,55.839603,0.79
9,7,val,39.950317,0.80
9,8,val,144.342438,0.80
9,9,val,170.191605,0.81
9,10,val,31.827915,0.82
9,11,val,64.138840,0.83
9,12,val,86.855545,0.83
9,13,val,58.618271,0.84
9,14,val,45.219727,0.85
9,15,val,80.701645,0.86
9,16,val,64.884254,0.87
9,17,val,87.330605,0.87
9,18,val,125.100647,0.88
9,19,val,99.919235,0.89
9,20,val,53.253510,0.89
9,21,val,85.417046,0.90
9,22,val,117.211998,0.91
9,23,val,127.914154,0.92
9,24,val,93.579979,0.92
9,25,val,171.873978,0.93
9,26,val,101.646500,0.94
9,27,val,141.486069,0.95
9,28,val,34.201160,0.95
9,29,val,169.579376,0.96
9,30,val,108.220955,0.97
9,31,val,51.947975,0.98
9,32,val,148.005264,0.98
9,33,val,92.520546,0.98
9,34,val,47.055809,0.99
10,0,train,75.583397,0.13
10,1,train,67.514374,0.17
10,2,train,83.595222,0.20
10,3,train,85.623520,0.23
10,4,train,69.552559,0.27
10,5,train,67.073044,0.30
10,6,train,84.334671,0.34
10,7,train,88.469467,0.39
10,8,train,81.944901,0.42
10,9,train,75.938644,0.45
10,10,train,100.018532,0.49
10,11,train,88.124733,0.52
10,12,train,75.052025,0.55
10,0,val,93.933540,0.66
10,1,val,96.967972,0.67
10,2,val,135.547653,0.68
10,3,val,52.232353,0.68
10,4,val,113.625137,0.69
10,5,val,144.196106,0.70
10,6,val,58.834667,0.71
10,7,val,41.043755,0.72
10,8,val,140.375580,0.73
10,9,val,159.082077,0.73
10,10,val,32.898239,0.74
10,11,val,63.412476,0.75
10,12,val,87.326271,0.76
10,13,val,61.103470,0.76
10,14,val,43.806717,0.77
10,15,val,81.430168,0.78
10,16,val,65.866325,0.78
10,17,val,86.140800,0.79
10,18,val,124.259827,0.80
10,19,val,91.560547,0.81
10,20,val,46.700447,0.82
10,21,val,85.308197,0.82
10,22,val,116.986504,0.83
10,23,val,126.542824,0.84
10,24,val,96.910355,0.84
10,25,val,169.141205,0.85
10,26,val,100.153183,0.86
10,27,val,138.876465,0.86
10,28,val,32.206783,0.87
10,29,val,167.060120,0.88
10,30,val,105.471619,0.88
10,31,val,50.711884,0.89
10,32,val,146.844131,0.89
10,33,val,90.123299,0.90
10,34,val,46.882244,0.91
0,0,train,101.322952,0.16
0,1,train,83.716782,0.21
0,2,train,81.727058,0.26
0,3,train,113.518295,0.31
0,4,train,88.468399,0.36
0,5,train,106.349869,0.41
0,6,train,98.280540,0.45
0,7,train,120.419174,0.48
0,8,train,102.691544,0.52
0,9,train,97.934555,0.55
0,10,train,91.948502,0.58
0,11,train,95.714005,0.61
0,12,train,78.515038,0.64
0,0,val,106.483612,0.78
0,1,val,111.514214,0.79
0,2,val,151.064606,0.80
0,3,val,62.121143,0.82
0,4,val,130.756653,0.83
0,5,val,164.971817,0.83
0,6,val,66.223526,0.84
0,7,val,50.979355,0.85
0,8,val,163.113998,0.86
0,9,val,177.296646,0.86
0,10,val,40.370274,0.87
0,11,val,72.475464,0.88
0,12,val,97.858269,0.89
0,13,val,68.108467,0.89
0,14,val,49.729641,0.90
0,15,val,90.043457,0.91
0,16,val,83.037285,0.92
0,17,val,101.644188,0.92
0,18,val,142.127335,0.93
0,19,val,106.290840,0.94
0,20,val,51.840046,0.95
0,21,val,100.469124,0.95
0,22,val,131.169632,0.96
0,23,val,146.880219,0.97
0,24,val,109.316689,0.97
0,25,val,191.707077,0.98
0,26,val,120.173874,0.99
0,27,val,160.364624,0.99
0,28,val,38.408615,1.00
0,29,val,196.751801,1.01
0,30,val,122.145828,1.02
0,31,val,56.005611,1.02
0,32,val,168.232498,1.03
0,33,val,105.646133,1.03
0,34,val,53.219547,1.04
1,0,train,69.155731,0.20
1,1,train,94.541298,0.24
1,2,train,89.350410,0.27
1,3,train,90.042854,0.30
1,4,train,90.897667,0.34
1,5,train,103.734360,0.37
1,6,train,84.961632,0.40
1,7,train,111.765251,0.44
1,8,train,96.570801,0.47
1,9,train,97.448708,0.50
1,10,train,104.535667,0.53
1,11,train,114.510971,0.57
1,12,train,75.698074,0.60
1,0,val,101.535370,0.73
1,1,val,111.712837,0.74
1,2,val,147.820160,0.74
1,3,val,59.719204,0.75
1,4,val,126.445679,0.76
1,5,val,167.201599,0.77
1,6,val,64.635139,0.78
1,7,val,44.111797,0.78
1,8,val,161.183426,0.79
1,9,val,173.270264,0.80
1,10,val,36.331402,0.81
1,11,val,69.819916,0.81
1,12,val,94.974998,0.82
1,13,val,68.917465,0.83
1,14,val,49.112133,0.83
1,15,val,88.959885,0.84
1,16,val,74.017639,0.85
1,17,val,97.861320,0.85
1,18,val,144.786011,0.87
1,19,val,102.944496,0.87
1,20,val,60.555275,0.88
1,21,val,94.113159,0.89
1,22,val,128.459198,0.89
1,23,val,143.069778,0.90
1,24,val,103.316765,0.91
1,25,val,197.762619,0.91
1,26,val,117.237801,0.92
1,27,val,166.462708,0.93
1,28,val,38.707775,0.93
1,29,val,194.342590,0.94
1,30,val,118.705742,0.95
1,31,val,54.834282,0.95
1,32,val,162.527527,0.96
1,33,val,107.961555,0.96
1,34,val,51.546982,0.97
2,0,train,86.264771,0.16
2,1,train,104.664215,0.27
2,2,train,80.996613,0.36
2,3,train,101.584518,0.48
2,4,train,90.716064,0.60
2,5,train,79.093185,0.73
2,6,train,103.026291,0.88
2,7,train,77.634171,1.06
2,8,train,115.180695,1.15
2,9,train,103.880280,1.23
2,10,train,85.448631,1.33
2,11,train,86.533508,1.43
2,12,train,78.989685,1.55
2,0,val,105.521500,2.12
2,1,val,109.721138,2.17
2,2,val,144.560394,2.19
2,3,val,58.710258,2.20
2,4,val,131.448212,2.22
2,5,val,158.529968,2.24
2,6,val,68.818230,2.27
2,7,val,42.952168,2.29
2,8,val,160.810211,2.31
2,9,val,171.169006,2.33
2,10,val,35.674324,2.35
2,11,val,70.380493,2.37
2,12,val,95.542213,2.39
2,13,val,68.706581,2.41
2,14,val,48.123287,2.43
2,15,val,87.779732,2.47
2,16,val,72.120369,2.50
2,17,val,94.997932,2.53
2,18,val,136.889191,2.56
2,19,val,99.711876,2.58
2,20,val,49.310318,2.62
2,21,val,92.770988,2.65
2,22,val,127.313309,2.67
2,23,val,142.601288,2.69
2,24,val,105.642563,2.72
2,25,val,186.463043,2.75
2,26,val,113.104790,2.78
2,27,val,154.744431,2.80
2,28,val,35.472141,2.84
2,29,val,186.044357,2.86
2,30,val,116.830124,2.89
2,31,val,54.278954,2.91
2,32,val,161.951080,2.94
2,33,val,108.298409,2.96
2,34,val,51.597733,2.97
3,0,train,88.209579,0.59
3,1,train,92.923409,0.69
3,2,train,78.103638,0.78
3,3,train,83.331085,0.87
3,4,train,109.503052,0.98
3,5,train,101.360626,1.09
3,6,train,86.162384,1.20
3,7,train,93.163605,1.33
3,8,train,109.043350,1.44
3,9,train,89.573471,1.52
3,10,train,107.951950,1.62
3,11,train,129.399506,1.72
3,12,train,89.743790,1.84
3,0,val,99.456802,2.25
3,1,val,106.025101,2.26
3,2,val,142.980545,2.27
3,3,val,67.084038,2.28
3,4,val,124.431587,2.29
3,5,val,156.526596,2.30
3,6,val,60.156368,2.31
3,7,val,47.955189,2.31
3,8,val,152.329605,2.32
3,9,val,169.448166,2.33
3,10,val,35.397732,2.34
3,11,val,68.636894,2.35
3,12,val,92.508995,2.36
3,13,val,63.276737,2.37
3,14,val,47.773605,2.38
3,15,val,86.985802,2.39
3,16,val,71.549255,2.40
3,17,val,95.789062,2.41
3,18,val,133.569901,2.42
3,19,val,98.136208,2.43
3,20,val,47.827484,2.44
3,21,val,89.783905,2.45
3,22,val,124.557236,2.47
3,23,val,139.450653,2.48
3,24,val,100.504372,2.49
3,25,val,182.034973,2.50
3,26,val,115.404022,2.51
3,27,val,153.038391,2.52
3,28,val,38.428532,2.53
3,29,val,182.323532,2.55
3,30,val,114.540466,2.56
3,31,val,53.377415,2.57
3,32,val,159.007584,2.58
3,33,val,105.820641,2.59
3,34,val,50.125278,2.60
4,0,train,79.184891,0.23
4,1,train,88.133530,0.30
4,2,train,69.987419,0.34
4,3,train,80.246651,0.39
4,4,train,72.264793,0.43
4,5,train,99.423965,0.47
4,6,train,94.316025,0.52
4,7,train,89.690369,0.57
4,8,train,100.513847,0.60
4,9,train,77.336388,0.64
4,10,train,93.065811,0.68
4,11,train,85.299942,0.71
4,12,train,77.908035,0.75
4,0,val,96.069443,0.95
4,1,val,104.811523,1.00
4,2,val,140.047348,1.01
4,3,val,60.433422,1.02
4,4,val,124.390343,1.03
4,5,val,154.478058,1.03
4,6,val,60.166801,1.04
4,7,val,41.791351,1.05
4,8,val,154.022461,1.06
4,9,val,166.196991,1.07
4,10,val,35.518368,1.07
4,11,val,66.118019,1.08
4,12,val,94.559746,1.09
4,13,val,60.981060,1.10
4,14,val,46.853413,1.10
4,15,val,85.323265,1.11
4,16,val,77.555367,1.12
4,17,val,92.537888,1.12
4,18,val,132.818787,1.13
4,19,val,95.851509,1.14
4,20,val,51.507519,1.14
4,21,val,91.178253,1.15
4,22,val,126.532211,1.16
4,23,val,136.167511,1.17
4,24,val,98.964516,1.17
4,25,val,179.337387,1.18
4,26,val,108.574364,1.19
4,27,val,151.108459,1.19
4,28,val,33.976353,1.20
4,29,val,179.913269,1.21
4,30,val,119.417694,1.21
4,31,val,52.787495,1.22
4,32,val,155.768524,1.22
4,33,val,104.884148,1.23
4,34,val,49.827095,1.23
5,0,train,105.440742,0.14
5,1,train,86.959618,0.17
5,2,train,82.256889,0.21
5,3,train,107.361176,0.24
5,4,train,74.285889,0.28
5,5,train,80.923546,0.31
5,6,train,85.775345,0.35
5,7,train,83.347794,0.38
5,8,train,84.982544,0.41
5,9,train,83.534027,0.45
5,10,train,89.488617,0.48
5,11,train,78.710449,0.51
5,12,train,94.274216,0.54
5,0,val,100.192154,0.68
5,1,val,103.304443,0.68
5,2,val,139.585709,0.69
5,3,val,56.187397,0.71
5,4,val,120.610085,0.71
5,5,val,153.585144,0.72
5,6,val,61.998451,0.73
5,7,val,41.357422,0.74
5,8,val,159.070190,0.74
5,9,val,163.856781,0.75
5,10,val,38.528111,0.75
5,11,val,66.603233,0.76
5,12,val,92.144768,0.77
5,13,val,60.799683,0.78
5,14,val,48.947449,0.78
5,15,val,83.217682,0.79
5,16,val,69.388451,0.80
5,17,val,91.309143,0.81
5,18,val,130.343796,0.81
5,19,val,96.459938,0.82
5,20,val,48.178177,0.83
5,21,val,87.631905,0.83
5,22,val,131.520706,0.84
5,23,val,134.044571,0.85
5,24,val,97.732002,0.85
5,25,val,179.140045,0.86
5,26,val,110.084320,0.87
5,27,val,147.827408,0.88
5,28,val,34.720585,0.89
5,29,val,183.489594,0.90
5,30,val,111.312225,0.91
5,31,val,51.665615,0.92
5,32,val,154.566452,0.93
5,33,val,95.482117,0.93
5,34,val,49.267376,0.94
6,0,train,78.144547,0.17
6,1,train,97.490562,0.21
6,2,train,92.097412,0.24
6,3,train,95.426575,0.28
6,4,train,74.901482,0.31
6,5,train,88.077698,0.35
6,6,train,78.406288,0.38
6,7,train,87.616669,0.42
6,8,train,79.081589,0.45
6,9,train,65.474564,0.48
6,10,train,87.352097,0.52
6,11,train,87.687073,0.55
6,12,train,80.468613,0.58
6,0,val,95.564392,0.73
6,1,val,109.651947,0.74
6,2,val,138.304672,0.75
6,3,val,56.426147,0.76
6,4,val,119.311928,0.76
6,5,val,153.975037,0.77
6,6,val,60.776623,0.78
6,7,val,42.716309,0.79
6,8,val,145.417358,0.79
6,9,val,162.925140,0.80
6,10,val,33.175526,0.81
6,11,val,64.951744,0.82
6,12,val,91.346397,0.82
6,13,val,61.695641,0.83
6,14,val,55.652397,0.84
6,15,val,83.074966,0.85
6,16,val,67.668785,0.86
6,17,val,91.463470,0.86
6,18,val,129.982346,0.87
6,19,val,93.318832,0.88
6,20,val,50.285885,0.88
6,21,val,86.223289,0.89
6,22,val,122.775520,0.90
6,23,val,132.557220,0.90
6,24,val,101.787758,0.91
6,25,val,176.249207,0.92
6,26,val,107.030899,0.93
6,27,val,146.206360,0.93
6,28,val,34.354889,0.94
6,29,val,176.753601,0.95
6,30,val,110.211304,0.96
6,31,val,51.818653,0.97
6,32,val,154.562469,0.97
6,33,val,95.726372,0.98
6,34,val,49.129894,0.98
7,0,train,77.517654,0.14
7,1,train,60.751732,0.18
7,2,train,72.322266,0.21
7,3,train,86.927795,0.25
7,4,train,69.143509,0.28
7,5,train,88.628731,0.32
7,6,train,78.476311,0.35
7,7,train,90.678162,0.39
7,8,train,83.634521,0.44
7,9,train,92.604065,0.47
7,10,train,70.566788,0.50
7,11,train,100.008163,0.53
7,12,train,72.283463,0.56
7,0,val,95.887527,0.70
7,1,val,103.913574,0.70
7,2,val,140.004242,0.71
7,3,val,53.571125,0.73
7,4,val,116.894821,0.74
7,5,val,149.173676,0.74
7,6,val,57.248001,0.75
7,7,val,40.646927,0.76
7,8,val,144.034286,0.77
7,9,val,162.046616,0.78
7,10,val,33.116314,0.78
7,11,val,64.257530,0.79
7,12,val,88.437065,0.80
7,13,val,60.301540,0.80
7,14,val,45.349468,0.81
7,15,val,81.907890,0.82
7,16,val,66.896896,0.83
7,17,val,89.262787,0.84
7,18,val,133.030838,0.84
7,19,val,92.686218,0.85
7,20,val,45.854935,0.86
7,21,val,85.698502,0.86
7,22,val,120.043968,0.87
7,23,val,131.915970,0.88
7,24,val,97.664085,0.89
7,25,val,174.836838,0.89
7,26,val,104.940224,0.90
7,27,val,149.590515,0.91
7,28,val,37.271820,0.92
7,29,val,174.805923,0.92
7,30,val,108.464500,0.93
7,31,val,50.593590,0.94
7,32,val,160.411362,0.94
7,33,val,95.964523,0.95
7,34,val,48.586151,0.95
8,0,train,91.296631,0.17
8,1,train,94.127121,0.21
8,2,train,95.300606,0.24
8,3,train,78.046280,0.28
8,4,train,66.568680,0.31
8,5,train,76.580261,0.34
8,6,train,94.174820,0.38
8,7,train,105.575684,0.41
8,8,train,101.158340,0.45
8,9,train,101.749023,0.48
8,10,train,82.314430,0.51
8,11,train,99.775757,0.54
8,12,train,61.351105,0.57
8,0,val,92.919693,0.72
8,1,val,105.877678,0.72
8,2,val,134.799545,0.73
8,3,val,57.006474,0.75
8,4,val,116.825523,0.75
8,5,val,147.300583,0.76
8,6,val,56.736908,0.77
8,7,val,40.272041,0.78
8,8,val,142.290298,0.78
8,9,val,159.440048,0.79
8,10,val,33.441357,0.80
8,11,val,63.525135,0.81
8,12,val,87.877609,0.81
8,13,val,64.108643,0.82
8,14,val,44.494625,0.83
8,15,val,81.286201,0.83
8,16,val,66.389351,0.84
8,17,val,89.729858,0.85
8,18,val,126.868874,0.86
8,19,val,94.139153,0.86
8,20,val,49.279839,0.87
8,21,val,87.181664,0.88
8,22,val,118.142296,0.89
8,23,val,131.480423,0.89
8,24,val,97.335442,0.90
8,25,val,172.869766,0.91
8,26,val,102.882248,0.91
8,27,val,149.764496,0.92
8,28,val,34.533344,0.93
8,29,val,175.924332,0.93
8,30,val,109.069542,0.94
8,31,val,54.938480,0.95
8,32,val,150.493988,0.95
8,33,val,95.400261,0.96
8,34,val,47.480274,0.96
9,0,train,76.949883,0.15
9,1,train,84.484772,0.19
9,2,train,70.205261,0.23
9,3,train,79.924072,0.26
9,4,train,96.307243,0.30
9,5,train,92.504883,0.34
9,6,train,71.841423,0.37
9,7,train,64.877258,0.41
9,8,train,68.147629,0.45
9,9,train,93.500824,0.48
9,10,train,72.082695,0.51
9,11,train,87.519012,0.54
9,12,train,81.327103,0.57
9,0,val,96.722229,0.70
9,1,val,98.909424,0.71
9,2,val,132.236145,0.72
9,3,val,54.280788,0.72
9,4,val,115.049088,0.74
9,5,val,145.621872,0.75
9,6,val,55.531033,0.75
9,7,val,40.013123,0.76
9,8,val,140.787323,0.77
9,9,val,158.812012,0.77
9,10,val,33.105892,0.78
9,11,val,67.762627,0.79
9,12,val,91.371277,0.79
9,13,val,65.281929,0.80
9,14,val,44.132725,0.81
9,15,val,81.481461,0.81
9,16,val,67.195404,0.82
9,17,val,87.185837,0.83
9,18,val,126.972862,0.84
9,19,val,91.737694,0.85
9,20,val,44.593445,0.85
9,21,val,87.798134,0.86
9,22,val,118.023445,0.87
9,23,val,129.581406,0.87
9,24,val,93.564568,0.88
9,25,val,169.888947,0.89
9,26,val,104.096031,0.90
9,27,val,141.165970,0.91
9,28,val,36.777420,0.92
9,29,val,170.548340,0.93
9,30,val,107.296326,0.94
9,31,val,53.274426,0.95
9,32,val,147.078186,0.96
9,33,val,96.450066,0.96
9,34,val,47.189968,0.97
10,0,train,70.308022,0.22
10,1,train,109.791740,0.26
10,2,train,66.140480,0.30
10,3,train,82.817482,0.35
10,4,train,94.897415,0.40
10,5,train,67.129318,0.44
10,6,train,72.989456,0.49
10,7,train,95.358337,0.54
10,8,train,94.664917,0.58
10,9,train,79.375954,0.62
10,10,train,67.753952,0.65
10,11,train,94.624001,0.69
10,12,train,70.135727,0.72
10,0,val,93.239220,0.92
10,1,val,97.174538,0.93
10,2,val,133.905563,0.94
10,3,val,54.358009,0.95
10,4,val,113.393196,0.96
10,5,val,148.176743,0.97
10,6,val,56.191311,0.98
10,7,val,41.423534,0.99
10,8,val,139.834457,1.00
10,9,val,159.268341,1.01
10,10,val,34.171741,1.02
10,11,val,61.694836,1.03
10,12,val,86.702660,1.04
10,13,val,57.754925,1.05
10,14,val,44.461830,1.06
10,15,val,81.134521,1.07
10,16,val,77.240364,1.08
10,17,val,89.924675,1.09
10,18,val,124.943977,1.10
10,19,val,89.861458,1.11
10,20,val,43.564034,1.12
10,21,val,84.158478,1.13
10,22,val,120.040543,1.14
10,23,val,127.355186,1.15
10,24,val,95.009666,1.16
10,25,val,169.387680,1.17
10,26,val,102.513847,1.18
10,27,val,155.351456,1.20
10,28,val,32.414932,1.21
10,29,val,167.721954,1.22
10,30,val,107.920731,1.23
10,31,val,52.432659,1.24
10,32,val,150.800522,1.25
10,33,val,91.440186,1.25
10,34,val,47.904945,1.26
11,0,train,93.829018,0.22
11,1,train,84.565750,0.28
11,2,train,70.281273,0.32
11,3,train,66.140709,0.37
11,4,train,72.425652,0.41
11,5,train,77.403389,0.46
11,6,train,93.057663,0.51
11,7,train,66.080116,0.56
11,8,train,72.137100,0.60
11,9,train,84.194527,0.64
11,10,train,71.946350,0.67
11,11,train,74.808228,0.70
11,12,train,83.950119,0.73
11,0,val,92.993912,0.94
11,1,val,96.037727,0.97
11,2,val,132.993912,0.98
11,3,val,52.362976,0.99
11,4,val,115.113914,1.00
11,5,val,143.219681,1.01
11,6,val,62.294239,1.02
11,7,val,44.541031,1.03
11,8,val,140.836792,1.04
11,9,val,154.643890,1.06
11,10,val,31.824821,1.07
11,11,val,64.172218,1.08
11,12,val,83.477425,1.09
11,13,val,57.141487,1.10
11,14,val,44.740166,1.11
11,15,val,79.900818,1.11
11,16,val,66.033043,1.12
11,17,val,84.826447,1.13
11,18,val,124.053909,1.14
11,19,val,90.296951,1.16
11,20,val,43.855843,1.17
11,21,val,88.128418,1.18
11,22,val,115.308731,1.19
11,23,val,125.713814,1.20
11,24,val,104.552818,1.21
11,25,val,165.317337,1.21
11,26,val,99.642876,1.22
11,27,val,139.721909,1.23
11,28,val,31.335287,1.24
11,29,val,165.185730,1.25
11,30,val,106.460518,1.27
11,31,val,56.561462,1.27
11,32,val,154.229218,1.28
11,33,val,90.352417,1.28
11,34,val,48.108761,1.29
12,0,train,59.625225,0.22
12,1,train,70.979622,0.28
12,2,train,70.213486,0.32
12,3,train,83.768143,0.36
12,4,train,78.943253,0.41
12,5,train,108.889572,0.45
12,6,train,63.138229,0.50
12,7,train,83.532639,0.55
12,8,train,79.540512,0.59
12,9,train,77.603317,0.63
12,10,train,90.631393,0.66
12,11,train,88.600212,0.70
12,12,train,70.167969,0.74
12,0,val,91.883446,0.98
12,1,val,98.189110,1.01
12,2,val,134.035980,1.02
12,3,val,54.762981,1.03
12,4,val,115.792397,1.04
12,5,val,140.457748,1.05
12,6,val,54.320152,1.07
12,7,val,38.728401,1.08
12,8,val,136.721802,1.10
12,9,val,152.026184,1.11
12,10,val,31.836729,1.12
12,11,val,60.955570,1.13
12,12,val,83.593430,1.14
12,13,val,57.041000,1.15
12,14,val,42.811928,1.16
12,15,val,79.184097,1.17
12,16,val,72.386765,1.18
12,17,val,84.754044,1.20
12,18,val,121.802109,1.21
12,19,val,93.579620,1.22
12,20,val,42.988796,1.23
12,21,val,82.374733,1.24
12,22,val,118.125519,1.25
12,23,val,126.454132,1.26
12,24,val,90.853966,1.27
12,25,val,166.024643,1.28
12,26,val,108.543716,1.29
12,27,val,135.595993,1.31
12,28,val,32.214001,1.32
12,29,val,169.776047,1.33
12,30,val,112.516518,1.34
12,31,val,50.754894,1.34
12,32,val,147.387817,1.35
12,33,val,93.047226,1.35
12,34,val,49.521439,1.36
13,0,train,71.961807,0.17
13,1,train,66.532036,0.21
13,2,train,70.684196,0.24
13,3,train,58.950478,0.27
13,4,train,86.358749,0.31
13,5,train,74.598663,0.35
13,6,train,77.670418,0.38
13,7,train,67.087746,0.42
13,8,train,74.601593,0.45
13,9,train,103.034180,0.48
13,10,train,81.008720,0.52
13,11,train,92.589752,0.55
13,12,train,69.996506,0.58
13,0,val,89.634186,0.71
13,1,val,94.275642,0.72
13,2,val,126.038834,0.73
13,3,val,53.469624,0.75
13,4,val,109.743660,0.75
13,5,val,144.753983,0.76
13,6,val,55.991806,0.77
13,7,val,39.174862,0.77
13,8,val,135.308640,0.78
13,9,val,151.110321,0.79
13,10,val,33.303890,0.80
13,11,val,60.092751,0.80
13,12,val,82.446251,0.81
13,13,val,56.776962,0.82
13,14,val,46.913322,0.83
13,15,val,76.112564,0.84
13,16,val,64.057671,0.85
13,17,val,84.443695,0.85
13,18,val,123.421341,0.86
13,19,val,89.427315,0.87
13,20,val,44.094593,0.87
13,21,val,87.387299,0.88
13,22,val,112.698418,0.89
13,23,val,122.249657,0.90
13,24,val,89.740929,0.90
13,25,val,162.516937,0.91
13,26,val,98.505875,0.92
13,27,val,134.094666,0.93
13,28,val,35.434624,0.93
13,29,val,161.730591,0.94
13,30,val,102.212166,0.96
13,31,val,48.150810,0.96
13,32,val,144.521606,0.97
13,33,val,87.144920,0.97
13,34,val,44.742889,0.98
14,0,train,83.854782,0.16
14,1,train,76.436172,0.21
14,2,train,64.007538,0.24
14,3,train,94.168442,0.27
14,4,train,93.834587,0.32
14,5,train,81.313492,0.35
14,6,train,73.505096,0.38
14,7,train,76.100197,0.43
14,8,train,72.512711,0.49
14,9,train,71.779480,0.54
14,10,train,84.200073,0.59
14,11,train,93.017120,0.63
14,12,train,92.026093,0.67
14,0,val,89.296265,0.84
14,1,val,96.540749,0.85
14,2,val,125.680504,0.86
14,3,val,50.053665,0.87
14,4,val,109.243439,0.88
14,5,val,138.327362,0.89
14,6,val,61.425224,0.90
14,7,val,40.945210,0.91
14,8,val,132.173523,0.93
14,9,val,150.437347,0.94
14,10,val,30.469412,0.95
14,11,val,60.269650,0.96
14,12,val,85.470055,0.98
14,13,val,55.935795,0.99
14,14,val,43.062706,1.00
14,15,val,80.803925,1.01
14,16,val,63.687233,1.02
14,17,val,83.332840,1.03
14,18,val,119.587639,1.04
14,19,val,88.264923,1.05
14,20,val,43.803406,1.07
14,21,val,81.644897,1.08
14,22,val,112.823494,1.09
14,23,val,122.711441,1.10
14,24,val,89.915451,1.11
14,25,val,163.970734,1.13
14,26,val,96.290276,1.14
14,27,val,131.430405,1.14
14,28,val,32.152126,1.15
14,29,val,160.520828,1.16
14,30,val,100.028282,1.17
14,31,val,48.461246,1.18
14,32,val,139.732498,1.19
14,33,val,86.104675,1.19
14,34,val,46.037472,1.20
15,0,train,61.053017,0.18
15,1,train,82.544754,0.23
15,2,train,87.083069,0.26
15,3,train,91.305740,0.30
15,4,train,70.293457,0.54
15,5,train,70.109283,0.58
15,6,train,80.789795,0.62
15,7,train,61.132713,0.65
15,8,train,62.020145,0.69
15,9,train,58.241234,0.72
15,10,train,80.991409,0.75
15,11,train,69.018600,0.78
15,12,train,72.095177,0.82
15,0,val,96.375366,0.95
15,1,val,91.538513,0.96
15,2,val,128.219910,0.96
15,3,val,48.711517,0.98
15,4,val,107.529182,0.98
15,5,val,136.771164,0.99
15,6,val,53.411186,1.00
15,7,val,40.060925,1.01
15,8,val,131.944199,1.01
15,9,val,148.789291,1.02
15,10,val,30.590103,1.03
15,11,val,59.032986,1.04
15,12,val,82.162384,1.04
15,13,val,57.449738,1.05
15,14,val,45.641594,1.06
15,15,val,76.041893,1.07
15,16,val,61.770290,1.08
15,17,val,83.644890,1.09
15,18,val,118.783707,1.10
15,19,val,84.543213,1.10
15,20,val,42.031883,1.11
15,21,val,81.080673,1.12
15,22,val,112.215515,1.12
15,23,val,119.926041,1.13
15,24,val,87.894211,1.14
15,25,val,160.612946,1.15
15,26,val,98.132301,1.15
15,27,val,131.717728,1.16
15,28,val,30.591736,1.17
15,29,val,158.672546,1.18
15,30,val,101.484848,1.19
15,31,val,54.984909,1.19
15,32,val,140.565536,1.20
15,33,val,85.437180,1.20
15,34,val,50.592758,1.21
16,0,train,75.710480,0.14
16,1,train,74.531021,0.18
16,2,train,83.312714,0.22
16,3,train,63.168789,0.25
16,4,train,66.862221,0.29
16,5,train,62.953232,0.32
16,6,train,74.934601,0.36
16,7,train,79.956314,0.40
16,8,train,75.679504,0.44
16,9,train,72.407532,0.47
16,10,train,70.589508,0.50
16,11,train,64.453041,0.53
16,12,train,88.157059,0.57
16,0,val,87.853462,0.70
16,1,val,92.092163,0.71
16,2,val,123.236092,0.73
16,3,val,48.964607,0.73
16,4,val,110.352699,0.74
16,5,val,133.592667,0.75
16,6,val,53.173836,0.76
16,7,val,38.789867,0.76
16,8,val,131.859818,0.77
16,9,val,149.707108,0.78
16,10,val,32.214893,0.79
16,11,val,60.189533,0.79
16,12,val,82.670197,0.80
16,13,val,54.798908,0.81
16,14,val,41.745300,0.81
16,15,val,75.520134,0.82
16,16,val,61.889961,0.83
16,17,val,80.280190,0.84
16,18,val,117.794693,0.85
16,19,val,84.057159,0.86
16,20,val,42.971134,0.86
16,21,val,80.221962,0.87
16,22,val,108.344002,0.88
16,23,val,119.553741,0.89
16,24,val,88.418625,0.89
16,25,val,156.622894,0.90
16,26,val,93.669022,0.91
16,27,val,130.699631,0.91
16,28,val,29.614378,0.92
16,29,val,157.027710,0.93
16,30,val,97.684280,0.94
16,31,val,47.272663,0.94
16,32,val,136.805115,0.94
16,33,val,84.812569,0.95
16,34,val,44.662525,0.95
17,0,train,76.434090,0.14
17,1,train,67.613792,0.18
17,2,train,63.622662,0.21
17,3,train,70.498810,0.24
17,4,train,70.905762,0.29
17,5,train,70.918785,0.32
17,6,train,66.362297,0.35
17,7,train,71.983612,0.39
17,8,train,61.126480,0.43
17,9,train,61.346355,0.46
17,10,train,69.023109,0.50
17,11,train,67.769196,0.53
17,12,train,78.528473,0.56
17,0,val,88.312523,0.70
17,1,val,90.201721,0.70
17,2,val,122.270012,0.71
17,3,val,50.172672,0.72
17,4,val,108.974960,0.73
17,5,val,132.340088,0.74
17,6,val,54.691437,0.75
17,7,val,42.181862,0.75
17,8,val,128.487305,0.76
17,9,val,145.786774,0.77
17,10,val,29.941957,0.77
17,11,val,58.149204,0.78
17,12,val,78.923935,0.79
17,13,val,64.541206,0.80
17,14,val,47.818275,0.80
17,15,val,76.823425,0.81
17,16,val,62.425777,0.82
17,17,val,80.006531,0.82
17,18,val,116.753639,0.84
17,19,val,83.577858,0.84
17,20,val,40.472450,0.85
17,21,val,81.606987,0.86
17,22,val,111.353889,0.87
17,23,val,117.010696,0.87
17,24,val,89.660927,0.88
17,25,val,154.660263,0.89
17,26,val,95.724976,0.89
17,27,val,127.256477,0.90
17,28,val,31.612959,0.91
17,29,val,155.114838,0.91
17,30,val,96.572746,0.92
17,31,val,49.139198,0.93
17,32,val,134.410965,0.93
17,33,val,84.541306,0.94
17,34,val,43.930412,0.94
18,0,train,80.937149,0.13
18,1,train,74.548286,0.17
18,2,train,68.021225,0.20
18,3,train,59.862011,0.25
18,4,train,78.348663,0.28
18,5,train,65.109985,0.32
18,6,train,68.852913,0.35
18,7,train,66.868439,0.39
18,8,train,68.823288,0.42
18,9,train,78.426384,0.45
18,10,train,71.081314,0.49
18,11,train,76.843575,0.52
18,12,train,58.111343,0.55
18,0,val,87.015648,0.70
18,1,val,90.821617,0.71
18,2,val,121.995026,0.72
18,3,val,48.421722,0.73
18,4,val,105.170349,0.74
18,5,val,130.689865,0.74
18,6,val,60.317482,0.75
18,7,val,38.351704,0.76
18,8,val,126.848267,0.77
18,9,val,152.053253,0.78
18,10,val,30.510088,0.79
18,11,val,61.366356,0.79
18,12,val,78.764610,0.80
18,13,val,58.942963,0.81
18,14,val,40.492577,0.82
18,15,val,73.173386,0.83
18,16,val,69.238266,0.84
18,17,val,83.173302,0.85
18,18,val,116.793106,0.85
18,19,val,83.392731,0.86
18,20,val,40.910568,0.87
18,21,val,79.633339,0.88
18,22,val,107.201897,0.89
18,23,val,115.655327,0.89
18,24,val,89.302673,0.90
18,25,val,152.650284,0.91
18,26,val,91.905273,0.92
18,27,val,127.551323,0.93
18,28,val,30.326777,0.94
18,29,val,159.143066,0.95
18,30,val,100.903275,0.95
18,31,val,47.239460,0.96
18,32,val,133.767136,0.97
18,33,val,85.046272,0.97
18,34,val,43.341904,0.98
19,0,train,78.399658,0.18
19,1,train,74.855339,0.23
19,2,train,70.739990,0.28
19,3,train,81.871109,0.33
19,4,train,84.751328,0.37
19,5,train,71.601059,0.41
19,6,train,72.612900,0.44
19,7,train,60.312881,0.48
19,8,train,77.515594,0.52
19,9,train,50.343849,0.56
19,10,train,69.425690,0.59
19,11,train,80.449821,0.63
19,12,train,67.983551,0.67
19,0,val,85.972336,0.85
19,1,val,88.153946,0.89
19,2,val,119.242744,0.90
19,3,val,48.689980,0.91
19,4,val,103.277405,0.92
19,5,val,132.257706,0.93
19,6,val,52.625389,0.94
19,7,val,38.857704,0.95
19,8,val,125.905434,0.96
19,9,val,141.435364,0.98
19,10,val,28.680424,0.99
19,11,val,58.204830,1.01
19,12,val,77.838989,1.02
19,13,val,54.172447,1.03
19,14,val,40.736794,1.04
19,15,val,72.248848,1.05
19,16,val,60.925007,1.07
19,17,val,77.969719,1.08
19,18,val,114.677994,1.09
19,19,val,83.077972,1.10
19,20,val,40.799934,1.11
19,21,val,80.962280,1.12
19,22,val,105.923988,1.13
19,23,val,123.211861,1.14
19,24,val,85.611290,1.14
19,25,val,152.208862,1.15
19,26,val,90.201454,1.16
19,27,val,124.588524,1.18
19,28,val,30.012205,1.19
19,29,val,152.772873,1.20
19,30,val,94.232407,1.21
19,31,val,47.014992,1.21
19,32,val,131.188980,1.22
19,33,val,81.332314,1.22
19,34,val,43.639565,1.23
20,0,train,58.772144,0.21
20,1,train,67.012314,0.27
20,2,train,81.809883,0.32
20,3,train,52.741684,0.38
20,4,train,89.015091,0.44
20,5,train,94.058685,0.49
20,6,train,70.344673,0.53
20,7,train,78.074783,0.58
20,8,train,67.798874,0.64
20,9,train,96.914406,0.67
20,10,train,82.663780,0.71
20,11,train,94.281097,0.75
20,12,train,67.737305,0.78
20,0,val,87.320717,0.97
20,1,val,86.910324,1.00
20,2,val,118.405258,1.01
20,3,val,52.466778,1.02
20,4,val,103.066704,1.03
20,5,val,129.661743,1.04
20,6,val,51.639225,1.05
20,7,val,40.198048,1.06
20,8,val,124.031883,1.07
20,9,val,143.329636,1.08
20,10,val,29.185163,1.09
20,11,val,55.511585,1.10
20,12,val,76.691292,1.11
20,13,val,52.477253,1.12
20,14,val,41.443027,1.13
20,15,val,72.206917,1.14
20,16,val,61.799282,1.15
20,17,val,78.122978,1.16
20,18,val,126.096657,1.17
20,19,val,81.897888,1.19
20,20,val,39.465816,1.19
20,21,val,79.423882,1.20
20,22,val,111.302505,1.21
20,23,val,113.561127,1.22
20,24,val,83.679901,1.23
20,25,val,151.663879,1.24
20,26,val,93.549789,1.25
20,27,val,123.498436,1.26
20,28,val,29.027086,1.27
20,29,val,153.447189,1.28
20,30,val,93.988693,1.29
20,31,val,47.025490,1.30
20,32,val,130.302841,1.30
20,33,val,83.721886,1.31
20,34,val,60.539658,1.31
21,0,train,61.208797,0.20
21,1,train,73.124786,0.26
21,2,train,79.587280,0.30
21,3,train,77.251328,0.34
21,4,train,66.650009,0.39
21,5,train,77.233994,0.44
21,6,train,70.356140,0.48
21,7,train,64.726059,0.54
21,8,train,64.536392,0.57
21,9,train,69.346138,0.61
21,10,train,80.588631,0.65
21,11,train,66.469864,0.68
21,12,train,63.297974,0.72
21,0,val,88.729065,0.91
21,1,val,92.814919,0.92
21,2,val,119.256233,0.93
21,3,val,49.198166,0.94
21,4,val,104.122513,0.95
21,5,val,126.021584,0.96
21,6,val,49.894367,0.97
21,7,val,40.493633,0.98
21,8,val,124.892822,0.99
21,9,val,138.051163,1.00
21,10,val,32.729904,1.01
21,11,val,56.018982,1.03
21,12,val,77.970955,1.04
21,13,val,53.140434,1.05
21,14,val,40.174297,1.06
21,15,val,71.709900,1.07
21,16,val,62.634361,1.08
21,17,val,75.370773,1.09
21,18,val,111.940437,1.10
21,19,val,84.576004,1.11
21,20,val,39.225681,1.12
21,21,val,87.751350,1.14
21,22,val,103.202812,1.15
21,23,val,113.846855,1.16
21,24,val,84.321724,1.18
21,25,val,149.450089,1.19
21,26,val,91.323204,1.20
21,27,val,121.860085,1.21
21,28,val,28.528463,1.22
21,29,val,150.211929,1.23
21,30,val,92.783012,1.25
21,31,val,48.466137,1.26
21,32,val,129.228180,1.26
21,33,val,81.625999,1.27
21,34,val,48.915161,1.28
22,0,train,61.671326,0.18
22,1,train,80.698158,0.22
22,2,train,60.070282,0.26
22,3,train,65.417206,0.29
22,4,train,58.993320,0.33
22,5,train,62.662754,0.37
22,6,train,56.049736,0.40
22,7,train,75.410118,0.44
22,8,train,77.268997,0.47
22,9,train,66.457367,0.50
22,10,train,51.042183,0.54
22,11,train,60.708443,0.57
22,12,train,80.754120,0.60
22,0,val,85.475418,0.75
22,1,val,84.912064,0.77
22,2,val,116.438271,0.78
22,3,val,46.144218,0.78
22,4,val,103.411293,0.79
22,5,val,132.442200,0.80
22,6,val,50.324833,0.81
22,7,val,37.049984,0.81
22,8,val,122.093552,0.82
22,9,val,138.409103,0.83
22,10,val,29.287355,0.83
22,11,val,55.765198,0.84
22,12,val,74.448997,0.85
22,13,val,54.082687,0.86
22,14,val,44.455196,0.87
22,15,val,70.538322,0.88
22,16,val,67.327293,0.89
22,17,val,75.394730,0.89
22,18,val,112.029762,0.90
22,19,val,79.435333,0.91
22,20,val,40.128021,0.92
22,21,val,75.474007,0.92
22,22,val,112.007919,0.93
22,23,val,111.679062,0.94
22,24,val,82.566154,0.95
22,25,val,146.495453,0.95
22,26,val,88.244926,0.97
22,27,val,122.881363,0.97
22,28,val,31.341089,0.98
22,29,val,156.382996,0.99
22,30,val,90.921783,0.99
22,31,val,46.592854,1.00
22,32,val,128.769363,1.00
22,33,val,79.459641,1.01
22,34,val,42.347271,1.01
23,0,train,64.517593,0.17
23,1,train,64.616745,0.21
23,2,train,67.529793,0.24
23,3,train,60.956238,0.28
23,4,train,73.286560,0.32
23,5,train,55.328773,0.35
23,6,train,62.580112,0.39
23,7,train,67.526703,0.44
23,8,train,60.168068,0.47
23,9,train,63.287079,0.50
23,10,train,49.475487,0.54
23,11,train,76.900391,0.57
23,12,train,56.651672,0.60
23,0,val,83.399147,0.73
23,1,val,84.558456,0.74
23,2,val,116.117020,0.75
23,3,val,51.222130,0.75
23,4,val,98.998222,0.77
23,5,val,124.844193,0.77
23,6,val,52.973644,0.78
23,7,val,37.497910,0.79
23,8,val,120.873466,0.80
23,9,val,135.793274,0.80
23,10,val,28.917019,0.81
23,11,val,57.015305,0.82
23,12,val,76.031158,0.82
23,13,val,51.290691,0.83
23,14,val,41.559807,0.84
23,15,val,70.958984,0.84
23,16,val,60.038902,0.85
23,17,val,75.950439,0.86
23,18,val,110.337616,0.87
23,19,val,82.763428,0.87
23,20,val,40.170517,0.88
23,21,val,75.138817,0.89
23,22,val,102.989380,0.89
23,23,val,114.942955,0.90
23,24,val,86.869553,0.91
23,25,val,144.356903,0.91
23,26,val,95.988190,0.92
23,27,val,119.124794,0.93
23,28,val,28.567020,0.94
23,29,val,144.304871,0.94
23,30,val,90.067741,0.95
23,31,val,48.256550,0.95
23,32,val,125.639252,0.96
23,33,val,78.225700,0.96
23,34,val,41.955238,0.97
24,0,train,75.395760,0.17
24,1,train,71.580627,0.22
24,2,train,64.281509,0.25
24,3,train,58.323650,0.29
24,4,train,73.271645,0.32
24,5,train,65.934006,0.36
24,6,train,80.563980,0.39
24,7,train,62.768200,0.43
24,8,train,80.062019,0.46
24,9,train,61.367538,0.49
24,10,train,58.794151,0.53
24,11,train,58.497643,0.56
24,12,train,69.649307,0.59
24,0,val,85.951675,0.71
24,1,val,86.846703,0.72
24,2,val,114.421196,0.73
24,3,val,45.350990,0.73
24,4,val,99.539688,0.75
24,5,val,122.044205,0.76
24,6,val,49.108498,0.77
24,7,val,36.609928,0.77
24,8,val,122.482605,0.78
24,9,val,133.989807,0.79
24,10,val,31.420254,0.79
24,11,val,55.575638,0.80
24,12,val,73.306641,0.81
24,13,val,60.009193,0.81
24,14,val,39.515457,0.82
24,15,val,68.484261,0.83
24,16,val,59.625824,0.84
24,17,val,75.123886,0.85
24,18,val,122.483978,0.85
24,19,val,78.451149,0.86
24,20,val,39.177364,0.87
24,21,val,74.791595,0.88
24,22,val,101.284302,0.88
24,23,val,109.920242,0.89
24,24,val,87.776390,0.90
24,25,val,143.381317,0.90
24,26,val,88.274124,0.91
24,27,val,117.618530,0.92
24,28,val,27.252941,0.93
24,29,val,143.316864,0.93
24,30,val,90.746765,0.94
24,31,val,46.049290,0.95
24,32,val,127.510239,0.95
24,33,val,82.628700,0.96
24,34,val,43.098194,0.96
25,0,train,60.052597,0.16
25,1,train,78.866180,0.20
25,2,train,56.688080,0.24
25,3,train,55.875687,0.27
25,4,train,67.468887,0.31
25,5,train,76.917511,0.35
25,6,train,66.940002,0.38
25,7,train,65.171280,0.42
25,8,train,67.601585,0.45
25,9,train,61.103291,0.48
25,10,train,60.987885,0.51
25,11,train,62.812046,0.54
25,12,train,64.443146,0.58
25,0,val,83.019745,0.71
25,1,val,83.051666,0.72
25,2,val,114.319550,0.72
25,3,val,45.054001,0.73
25,4,val,98.906136,0.75
25,5,val,124.348640,0.76
25,6,val,51.851166,0.76
25,7,val,37.007923,0.77
25,8,val,119.059410,0.78
25,9,val,135.070755,0.79
25,10,val,28.731388,0.79
25,11,val,54.006004,0.80
25,12,val,74.270096,0.81
25,13,val,60.178040,0.81
25,14,val,38.895527,0.82
25,15,val,67.564095,0.83
25,16,val,66.677719,0.84
25,17,val,74.565048,0.85
25,18,val,112.301941,0.87
25,19,val,79.986382,0.88
25,20,val,38.135738,0.89
25,21,val,74.689964,0.89
25,22,val,100.330414,0.90
25,23,val,109.717506,0.91
25,24,val,80.982178,0.91
25,25,val,141.121262,0.92
25,26,val,84.850685,0.93
25,27,val,115.998413,0.94
25,28,val,27.956247,0.94
25,29,val,142.197998,0.96
25,30,val,90.224152,0.96
25,31,val,44.654842,0.97
25,32,val,123.285828,0.97
25,33,val,80.506516,0.98
25,34,val,41.090279,0.98
26,0,train,53.023338,0.14
26,1,train,47.267338,0.18
26,2,train,67.978012,0.22
26,3,train,60.702126,0.25
26,4,train,70.042389,0.29
26,5,train,62.060394,0.32
26,6,train,64.887207,0.36
26,7,train,61.430702,0.40
26,8,train,59.838284,0.43
26,9,train,68.561874,0.46
26,10,train,78.297661,0.50
26,11,train,74.693703,0.53
26,12,train,65.185532,0.57
26,0,val,82.717651,0.77
26,1,val,85.504059,0.79
26,2,val,117.080215,0.80
26,3,val,45.197182,0.82
26,4,val,98.538834,0.82
26,5,val,119.952682,0.83
26,6,val,48.696568,0.84
26,7,val,36.881527,0.84
26,8,val,116.156395,0.85
26,9,val,133.104004,0.86
26,10,val,26.878059,0.87
26,11,val,60.526752,0.87
26,12,val,73.638695,0.88
26,13,val,49.944500,0.89
26,14,val,49.935539,0.90
26,15,val,67.950966,0.90
26,16,val,59.609688,0.91
26,17,val,73.535568,0.92
26,18,val,108.054214,0.92
26,19,val,77.079674,0.93
26,20,val,37.178310,0.94
26,21,val,74.208138,0.94
26,22,val,101.195816,0.95
26,23,val,110.710594,0.96
26,24,val,79.710953,0.96
26,25,val,148.358856,0.97
26,26,val,83.906052,0.98
26,27,val,121.727173,1.00
26,28,val,28.009340,1.00
26,29,val,142.247437,1.01
26,30,val,90.992073,1.02
26,31,val,46.232605,1.02
26,32,val,122.191628,1.03
26,33,val,86.074280,1.03
26,34,val,42.261982,1.03
27,0,train,61.298790,0.15
27,1,train,57.291061,0.22
27,2,train,63.713367,0.26
27,3,train,59.775475,0.32
27,4,train,63.311852,0.36
27,5,train,76.267136,0.39
27,6,train,67.365242,0.43
27,7,train,55.500240,0.47
27,8,train,46.347961,0.50
27,9,train,63.729782,0.56
27,10,train,65.950134,0.61
27,11,train,53.122471,0.65
27,12,train,65.797729,0.70
27,0,val,86.219650,0.85
27,1,val,82.815262,0.87
27,2,val,111.765488,0.89
27,3,val,43.208534,0.90
27,4,val,99.277939,0.91
27,5,val,117.922508,0.92
27,6,val,54.319424,0.93
27,7,val,39.120884,0.94
27,8,val,119.036102,0.95
27,9,val,131.169540,0.96
27,10,val,28.012033,0.97
27,11,val,52.994701,0.97
27,12,val,71.807083,0.99
27,13,val,49.907345,0.99
27,14,val,41.266384,1.00
27,15,val,66.530266,1.01
27,16,val,56.259724,1.01
27,17,val,71.927879,1.02
27,18,val,108.258293,1.03
27,19,val,77.564171,1.04
27,20,val,38.997688,1.04
27,21,val,75.607803,1.05
27,22,val,97.565376,1.06
27,23,val,104.693848,1.06
27,24,val,80.317039,1.07
27,25,val,139.408020,1.08
27,26,val,90.054596,1.09
27,27,val,116.896568,1.10
27,28,val,27.056231,1.10
27,29,val,141.278763,1.11
27,30,val,86.471619,1.12
27,31,val,46.731323,1.12
27,32,val,121.638580,1.13
27,33,val,74.741600,1.13
27,34,val,43.292103,1.14
28,0,train,63.521019,0.18
28,1,train,71.990746,0.22
28,2,train,54.333252,0.26
28,3,train,64.677635,0.29
28,4,train,61.529835,0.33
28,5,train,52.749588,0.36
28,6,train,70.424438,0.40
28,7,train,52.672112,0.44
28,8,train,66.402023,0.47
28,9,train,69.308426,0.50
28,10,train,66.651520,0.53
28,11,train,57.569130,0.57
28,12,train,52.948349,0.60
28,0,val,80.453720,0.73
28,1,val,88.715431,0.74
28,2,val,109.519974,0.75
28,3,val,44.611115,0.76
28,4,val,95.245728,0.77
28,5,val,116.734474,0.78
28,6,val,49.623566,0.78
28,7,val,36.323502,0.79
28,8,val,115.453514,0.80
28,9,val,129.451035,0.81
28,10,val,33.730152,0.81
28,11,val,52.368942,0.82
28,12,val,72.463440,0.83
28,13,val,48.285858,0.84
28,14,val,37.860744,0.84
28,15,val,71.138687,0.85
28,16,val,57.191647,0.86
28,17,val,71.961502,0.87
28,18,val,114.131187,0.88
28,19,val,75.641449,0.88
28,20,val,39.097439,0.89
28,21,val,81.656151,0.90
28,22,val,99.984749,0.91
28,23,val,104.472084,0.91
28,24,val,82.059456,0.92
28,25,val,138.636292,0.93
28,26,val,84.300423,0.93
28,27,val,111.860588,0.94
28,28,val,27.660894,0.95
28,29,val,139.174271,0.95
28,30,val,84.988960,0.97
28,31,val,45.004356,0.97
28,32,val,126.848328,0.98
28,33,val,76.331276,0.98
28,34,val,41.315620,0.99
29,0,train,56.384399,0.15
29,1,train,65.896057,0.19
29,2,train,78.027435,0.23
29,3,train,76.807304,0.26
29,4,train,58.702744,0.30
29,5,train,65.104004,0.34
29,6,train,61.973251,0.37
29,7,train,58.395012,0.41
29,8,train,59.217186,0.45
29,9,train,48.486145,0.48
29,10,train,64.836601,0.51
29,11,train,56.650963,0.55
29,12,train,63.197304,0.58
29,0,val,80.412842,0.71
29,1,val,79.563499,0.72
29,2,val,115.710022,0.73
29,3,val,43.000565,0.74
29,4,val,95.663895,0.75
29,5,val,118.730316,0.75
29,6,val,48.633537,0.76
29,7,val,37.338734,0.77
29,8,val,114.544754,0.78
29,9,val,129.632278,0.78
29,10,val,27.286108,0.79
29,11,val,52.553944,0.80
29,12,val,69.737267,0.81
29,13,val,48.917519,0.81
29,14,val,39.036221,0.82
29,15,val,65.143051,0.83
29,16,val,56.353111,0.84
29,17,val,81.500992,0.85
29,18,val,106.111137,0.86
29,19,val,77.036934,0.88
29,20,val,42.967892,0.90
29,21,val,79.393394,0.91
29,22,val,99.196213,0.92
29,23,val,103.184738,0.93
29,24,val,78.600349,0.95
29,25,val,136.109039,0.96
29,26,val,83.754501,0.97
29,27,val,131.684097,0.98
29,28,val,30.268877,0.99
29,29,val,136.109329,1.00
29,30,val,84.738556,1.02
29,31,val,44.466732,1.02
29,32,val,119.679039,1.03
29,33,val,75.153770,1.04
29,34,val,41.415089,1.05
30,0,train,61.128029,0.19
30,1,train,61.547150,0.24
30,2,train,56.711899,0.29
30,3,train,55.136360,0.34
30,4,train,58.628288,0.39
30,5,train,70.256714,0.44
30,6,train,66.621086,0.48
30,7,train,75.682144,0.53
30,8,train,63.292465,0.57
30,9,train,64.966797,0.69
30,10,train,68.428398,0.73
30,11,train,57.480362,0.76
30,12,train,55.379417,0.80
30,0,val,81.776443,0.99
30,1,val,82.782211,1.02
30,2,val,107.872215,1.03
30,3,val,42.780499,1.04
30,4,val,97.932617,1.05
30,5,val,115.191772,1.06
30,6,val,47.432816,1.07
30,7,val,37.797623,1.08
30,8,val,117.941986,1.09
30,9,val,127.846664,1.11
30,10,val,34.687778,1.12
30,11,val,53.772156,1.13
30,12,val,72.656136,1.14
30,13,val,49.623787,1.15
30,14,val,46.609982,1.16
30,15,val,66.967888,1.17
30,16,val,65.539665,1.18
30,17,val,71.878380,1.19
30,18,val,110.561134,1.20
30,19,val,79.301155,1.21
30,20,val,39.161839,1.22
30,21,val,73.885345,1.23
30,22,val,97.115196,1.24
30,23,val,102.235764,1.25
30,24,val,78.187294,1.26
30,25,val,141.818802,1.27
30,26,val,80.452400,1.28
30,27,val,111.482735,1.28
30,28,val,26.518728,1.29
30,29,val,136.641281,1.30
30,30,val,85.201607,1.32
30,31,val,45.559467,1.32
30,32,val,121.682777,1.33
30,33,val,76.431549,1.34
30,34,val,41.134071,1.34
31,0,train,71.868065,0.25
31,1,train,49.652779,0.30
31,2,train,63.088451,0.35
31,3,train,57.445255,0.39
31,4,train,57.343559,0.44
31,5,train,55.728989,0.49
31,6,train,67.257515,0.55
31,7,train,56.867676,0.60
31,8,train,67.503265,0.64
31,9,train,43.470982,0.68
31,10,train,64.746048,0.71
31,11,train,61.279938,0.75
31,12,train,71.978165,0.78
31,0,val,79.757248,0.98
31,1,val,79.086708,0.99
31,2,val,107.156654,1.00
31,3,val,41.613705,1.01
31,4,val,93.518501,1.02
31,5,val,116.140686,1.04
31,6,val,51.509747,1.05
31,7,val,37.033672,1.06
31,8,val,111.140640,1.07
31,9,val,126.920891,1.09
31,10,val,26.817892,1.10
31,11,val,53.010006,1.11
31,12,val,72.077026,1.12
31,13,val,47.984356,1.13
31,14,val,36.504234,1.14
31,15,val,66.670059,1.15
31,16,val,57.576702,1.16
31,17,val,71.469643,1.17
31,18,val,104.083885,1.18
31,19,val,73.628044,1.19
31,20,val,36.175911,1.21
31,21,val,75.515236,1.23
31,22,val,99.237961,1.24
31,23,val,101.266174,1.25
31,24,val,76.486465,1.27
31,25,val,133.994553,1.28
31,26,val,80.623894,1.29
31,27,val,109.912727,1.30
31,28,val,27.781031,1.32
31,29,val,134.658279,1.33
31,30,val,83.339371,1.34
31,31,val,50.001698,1.34
31,32,val,115.997780,1.35
31,33,val,72.197891,1.36
31,34,val,42.679554,1.36
32,0,train,61.713730,0.23
32,1,train,56.213821,0.29
32,2,train,70.583710,0.32
32,3,train,60.635159,0.36
32,4,train,45.700310,0.40
32,5,train,63.943089,0.43
32,6,train,61.252232,0.48
32,7,train,60.665417,0.53
32,8,train,74.658051,0.56
32,9,train,53.940788,0.59
32,10,train,59.760765,0.62
32,11,train,64.302231,0.66
32,12,train,73.538971,0.69
32,0,val,79.622536,0.82
32,1,val,77.770844,0.83
32,2,val,105.718658,0.84
32,3,val,41.702244,0.85
32,4,val,97.054535,0.86
32,5,val,112.802277,0.87
32,6,val,47.569435,0.88
32,7,val,35.076427,0.88
32,8,val,110.404182,0.89
32,9,val,125.900124,0.90
32,10,val,28.167536,0.90
32,11,val,58.656807,0.91
32,12,val,67.750000,0.92
32,13,val,48.413036,0.92
32,14,val,38.621628,0.93
32,15,val,63.837944,0.94
32,16,val,58.949768,0.95
32,17,val,72.350891,0.96
32,18,val,103.205406,0.97
32,19,val,77.369270,0.97
32,20,val,40.813927,0.98
32,21,val,71.304611,0.99
32,22,val,94.861305,0.99
32,23,val,103.544044,1.00
32,24,val,77.459846,1.01
32,25,val,132.195053,1.02
32,26,val,78.151199,1.02
32,27,val,107.634911,1.03
32,28,val,33.802479,1.04
32,29,val,134.976944,1.05
32,30,val,88.929459,1.05
32,31,val,42.695858,1.06
32,32,val,115.192215,1.07
32,33,val,72.646179,1.07
32,34,val,39.389454,1.08
33,0,train,52.547440,0.15
33,1,train,59.909126,0.19
33,2,train,72.252121,0.23
33,3,train,69.397736,0.26
33,4,train,55.981445,0.30
33,5,train,58.668266,0.33
33,6,train,67.830345,0.37
33,7,train,64.310211,0.40
33,8,train,87.242065,0.44
33,9,train,67.894173,0.47
33,10,train,71.427414,0.50
33,11,train,51.535755,0.53
33,12,train,70.790939,0.57
33,0,val,79.258774,0.69
33,1,val,77.338638,0.70
33,2,val,106.123177,0.71
33,3,val,42.363468,0.71
33,4,val,93.416306,0.73
33,5,val,111.637108,0.73
33,6,val,51.989075,0.74
33,7,val,40.678913,0.75
33,8,val,111.108719,0.75
33,9,val,123.938110,0.76
33,10,val,25.682415,0.77
33,11,val,50.485226,0.77
33,12,val,70.315903,0.78
33,13,val,47.106876,0.79
33,14,val,39.593521,0.79
33,15,val,76.368446,0.80
33,16,val,59.040798,0.81
33,17,val,68.055176,0.81
33,18,val,110.364105,0.82
33,19,val,74.264267,0.83
33,20,val,37.860424,0.84
33,21,val,72.394722,0.84
33,22,val,94.438187,0.85
33,23,val,99.055046,0.86
33,24,val,83.304794,0.86
33,25,val,131.652924,0.87
33,26,val,85.817360,0.88
33,27,val,107.941948,0.88
33,28,val,26.338797,0.89
33,29,val,131.557388,0.90
33,30,val,81.221092,0.90
33,31,val,44.327438,0.91
33,32,val,117.624985,0.92
33,33,val,70.694290,0.92
33,34,val,43.054932,0.93
34,0,train,60.588207,0.15
34,1,train,60.537468,0.19
34,2,train,74.298904,0.22
34,3,train,59.319691,0.26
34,4,train,57.154449,0.29
34,5,train,52.729797,0.32
34,6,train,60.348049,0.36
34,7,train,68.787575,0.39
34,8,train,66.770279,0.43
34,9,train,50.488770,0.46
34,10,train,54.131088,0.49
34,11,train,57.765491,0.53
34,12,train,70.135193,0.56
34,0,val,78.710320,0.71
34,1,val,79.293900,0.72
34,2,val,106.592377,0.72
34,3,val,40.354473,0.74
34,4,val,93.599960,0.75
34,5,val,114.228287,0.75
34,6,val,50.434811,0.76
34,7,val,34.674103,0.77
34,8,val,108.041351,0.78
34,9,val,122.409378,0.78
34,10,val,26.162878,0.79
34,11,val,51.856190,0.80
34,12,val,67.000381,0.81
34,13,val,46.199406,0.81
34,14,val,39.931293,0.82
34,15,val,64.627953,0.83
34,16,val,53.931011,0.84
34,17,val,67.876488,0.85
34,18,val,101.760994,0.86
34,19,val,71.743256,0.86
34,20,val,40.230824,0.87
34,21,val,70.573654,0.88
34,22,val,92.258377,0.89
34,23,val,101.187889,0.89
34,24,val,73.648521,0.90
34,25,val,129.481949,0.91
34,26,val,77.123077,0.92
34,27,val,106.194778,0.92
34,28,val,27.247929,0.93
34,29,val,131.736221,0.94
34,30,val,81.669128,0.95
34,31,val,42.422356,0.96
34,32,val,120.482506,0.96
34,33,val,70.884460,0.97
34,34,val,50.319805,0.97
35,0,train,75.919395,0.17
35,1,train,66.634415,0.21
35,2,train,63.671902,0.24
35,3,train,60.295944,0.28
35,4,train,59.913246,0.32
35,5,train,50.451172,0.35
35,6,train,64.936752,0.38
35,7,train,65.497238,0.42
35,8,train,55.724411,0.46
35,9,train,55.270393,0.49
35,10,train,63.559105,0.52
35,11,train,59.649193,0.55
35,12,train,55.054840,0.58
35,0,val,77.492874,0.72
35,1,val,83.337280,0.73
35,2,val,106.626823,0.73
35,3,val,41.249840,0.75
35,4,val,94.441612,0.76
35,5,val,109.880615,0.77
35,6,val,50.088245,0.77
35,7,val,35.205875,0.78
35,8,val,106.916229,0.79
35,9,val,120.540161,0.80
35,10,val,25.433653,0.80
35,11,val,49.368774,0.81
35,12,val,66.206963,0.82
35,13,val,49.072956,0.83
35,14,val,35.771297,0.83
35,15,val,63.132336,0.84
35,16,val,55.615120,0.85
35,17,val,67.147873,0.86
35,18,val,99.695030,0.87
35,19,val,72.137054,0.88
35,20,val,34.421452,0.89
35,21,val,78.962517,0.89
35,22,val,90.891563,0.91
35,23,val,101.254295,0.92
35,24,val,74.138969,0.93
35,25,val,128.302612,0.93
35,26,val,78.080933,0.94
35,27,val,105.234917,0.95
35,28,val,26.717918,0.96
35,29,val,128.574631,0.97
35,30,val,81.352646,0.98
35,31,val,42.602314,0.98
35,32,val,112.939705,0.99
35,33,val,69.383224,0.99
35,34,val,39.096275,1.00
36,0,train,60.370224,0.15
36,1,train,69.135773,0.19
36,2,train,66.991104,0.23
36,3,train,70.224533,0.26
36,4,train,70.999847,0.30
36,5,train,66.612389,0.34
36,6,train,48.202026,0.38
36,7,train,69.001930,0.42
36,8,train,43.624939,0.45
36,9,train,64.352188,0.49
36,10,train,71.120712,0.52
36,11,train,52.206551,0.55
36,12,train,49.233047,0.59
36,0,val,76.763123,0.73
36,1,val,74.082512,0.74
36,2,val,102.432892,0.74
36,3,val,40.103855,0.76
36,4,val,90.420883,0.76
36,5,val,109.537666,0.77
36,6,val,46.468616,0.78
36,7,val,35.098778,0.79
36,8,val,107.281113,0.79
36,9,val,125.016846,0.80
36,10,val,29.763941,0.81
36,11,val,48.004818,0.81
36,12,val,67.358063,0.82
36,13,val,47.884174,0.83
36,14,val,40.552410,0.84
36,15,val,63.148987,0.84
36,16,val,55.641251,0.85
36,17,val,67.489784,0.86
36,18,val,98.452881,0.87
36,19,val,73.660027,0.88
36,20,val,34.557537,0.89
36,21,val,70.844261,0.90
36,22,val,94.557983,0.92
36,23,val,98.645981,0.93
36,24,val,74.319786,0.95
36,25,val,129.445923,0.96
36,26,val,80.365044,0.97
36,27,val,109.716713,0.99
36,28,val,25.707724,1.01
36,29,val,130.828049,1.01
36,30,val,81.335960,1.02
36,31,val,42.497120,1.02
36,32,val,111.952805,1.03
36,33,val,68.738068,1.03
36,34,val,39.224220,1.04
37,0,train,57.015694,0.21
37,1,train,57.215118,0.28
37,2,train,58.474670,0.33
37,3,train,52.986179,0.37
37,4,train,57.693974,0.40
37,5,train,56.726501,0.45
37,6,train,56.562279,0.49
37,7,train,76.837761,0.54
37,8,train,59.857155,0.59
37,9,train,54.868114,0.63
37,10,train,53.495827,0.66
37,11,train,58.411064,0.69
37,12,train,64.533081,0.72
37,0,val,76.422752,0.89
37,1,val,74.341675,0.91
37,2,val,101.566437,0.92
37,3,val,40.565289,0.93
37,4,val,87.194771,0.94
37,5,val,109.785805,0.94
37,6,val,45.509415,0.95
37,7,val,34.614491,0.96
37,8,val,103.534241,0.97
37,9,val,118.455139,0.97
37,10,val,24.992393,0.98
37,11,val,51.258091,0.99
37,12,val,67.835999,0.99
37,13,val,52.896782,1.01
37,14,val,36.974495,1.01
37,15,val,63.625683,1.02
37,16,val,52.912971,1.03
37,17,val,67.568054,1.03
37,18,val,100.581825,1.04
37,19,val,69.691750,1.05
37,20,val,36.543163,1.05
37,21,val,70.686722,1.06
37,22,val,90.364021,1.07
37,23,val,100.711700,1.08
37,24,val,78.544357,1.08
37,25,val,125.176895,1.09
37,26,val,74.262512,1.10
37,27,val,105.469444,1.11
37,28,val,26.457037,1.12
37,29,val,126.780045,1.12
37,30,val,83.651794,1.13
37,31,val,42.026321,1.13
37,32,val,109.990860,1.14
37,33,val,71.822479,1.14
37,34,val,38.867908,1.15
38,0,train,65.162979,0.17
38,1,train,56.512787,0.20
38,2,train,57.708549,0.24
38,3,train,47.860867,0.28
38,4,train,68.816833,0.31
38,5,train,53.350716,0.35
38,6,train,65.900879,0.38
38,7,train,49.515720,0.42
38,8,train,62.971691,0.46
38,9,train,51.065826,0.49
38,10,train,47.079185,0.53
38,11,train,62.594807,0.56
38,12,train,49.551628,0.59
38,0,val,79.354446,0.72
38,1,val,74.100761,0.73
38,2,val,101.620514,0.73
38,3,val,41.061783,0.74
38,4,val,88.522408,0.76
38,5,val,106.054733,0.76
38,6,val,45.118690,0.77
38,7,val,40.065250,0.78
38,8,val,103.836227,0.78
38,9,val,118.442230,0.79
38,10,val,26.934357,0.80
38,11,val,49.527935,0.80
38,12,val,65.534027,0.81
38,13,val,45.002026,0.82
38,14,val,38.251850,0.83
38,15,val,62.039612,0.83
38,16,val,53.563210,0.84
38,17,val,66.318748,0.85
38,18,val,97.060471,0.86
38,19,val,69.421234,0.86
38,20,val,42.356667,0.87
38,21,val,70.057541,0.88
38,22,val,89.159286,0.88
38,23,val,96.243202,0.89
38,24,val,72.212509,0.90
38,25,val,126.043434,0.91
38,26,val,74.766731,0.91
38,27,val,100.936272,0.92
38,28,val,24.227152,0.93
38,29,val,127.216354,0.93
38,30,val,75.856873,0.94
38,31,val,41.821983,0.95
38,32,val,110.432625,0.96
38,33,val,69.540337,0.96
38,34,val,38.417286,0.97
39,0,train,52.255836,0.16
39,1,train,74.225525,0.20
39,2,train,53.811127,0.24
39,3,train,51.010056,0.27
39,4,train,52.803459,0.31
39,5,train,64.509293,0.34
39,6,train,69.229477,0.38
39,7,train,48.824898,0.42
39,8,train,82.785988,0.45
39,9,train,58.501381,0.48
39,10,train,65.294792,0.52
39,11,train,55.179489,0.55
39,12,train,62.377579,0.58
39,0,val,76.098022,0.76
39,1,val,79.759499,0.78
39,2,val,99.363304,0.80
39,3,val,42.113110,0.81
39,4,val,86.436150,0.82
39,5,val,103.739029,0.83
39,6,val,44.024910,0.84
39,7,val,34.525185,0.85
39,8,val,104.536522,0.86
39,9,val,119.672691,0.87
39,10,val,24.909508,0.88
39,11,val,48.151318,0.89
39,12,val,67.963852,0.90
39,13,val,44.286121,0.92
39,14,val,35.694233,0.93
39,15,val,59.775520,0.94
39,16,val,53.347214,0.95
39,17,val,65.089653,0.96
39,18,val,98.806091,0.97
39,19,val,68.529335,0.98
39,20,val,44.168285,0.99
39,21,val,68.066261,1.00
39,22,val,91.385345,1.01
39,23,val,93.502045,1.02
39,24,val,73.125191,1.03
39,25,val,125.330322,1.04
39,26,val,76.133583,1.05
39,27,val,112.114265,1.06
39,28,val,24.575239,1.07
39,29,val,125.696220,1.08
39,30,val,77.968262,1.09
39,31,val,45.207306,1.09
39,32,val,108.254486,1.10
39,33,val,66.874130,1.10
39,34,val,38.477650,1.11
40,0,train,53.191750,0.20
40,1,train,56.393616,0.26
40,2,train,61.333485,0.31
40,3,train,57.797523,0.36
40,4,train,53.847736,0.41
40,5,train,59.804726,0.46
40,6,train,52.242340,0.50
40,7,train,65.669174,0.55
40,8,train,57.295315,0.59
40,9,train,72.361130,0.63
40,10,train,71.622261,0.66
40,11,train,64.121178,0.70
40,12,train,58.358719,0.73
40,0,val,74.026558,0.90
40,1,val,71.112473,0.94
40,2,val,98.935089,0.95
40,3,val,39.811371,0.96
40,4,val,86.394470,0.97
40,5,val,102.913048,0.98
40,6,val,55.257278,0.99
40,7,val,33.962955,1.00
40,8,val,102.493408,1.01
40,9,val,115.375481,1.02
40,10,val,25.919300,1.04
40,11,val,47.403442,1.05
40,12,val,64.027565,1.05
40,13,val,46.168209,1.06
40,14,val,34.750481,1.07
40,15,val,60.203396,1.08
40,16,val,55.609379,1.09
40,17,val,64.152451,1.10
40,18,val,97.474304,1.11
40,19,val,69.296158,1.12
40,20,val,33.734436,1.13
40,21,val,70.711540,1.14
40,22,val,88.362862,1.15
40,23,val,92.484787,1.16
40,24,val,70.334061,1.17
40,25,val,121.775818,1.18
40,26,val,73.183723,1.19
40,27,val,99.188248,1.20
40,28,val,31.597143,1.21
40,29,val,122.653954,1.22
40,30,val,74.652763,1.22
40,31,val,43.344227,1.24
40,32,val,109.190689,1.24
40,33,val,67.682205,1.25
40,34,val,38.699379,1.26
41,0,train,71.816566,0.20
41,1,train,53.560047,0.26
41,2,train,56.528061,0.30
41,3,train,55.218014,0.35
41,4,train,62.036976,0.40
41,5,train,64.106140,0.45
41,6,train,58.072128,0.50
41,7,train,44.156853,0.54
41,8,train,54.051910,0.59
41,9,train,63.329266,0.64
41,10,train,64.067123,0.67
41,11,train,64.628609,0.71
41,12,train,66.143623,0.75
41,0,val,75.615799,0.95
41,1,val,71.028801,0.97
41,2,val,98.044075,0.98
41,3,val,39.722317,0.99
41,4,val,84.611946,1.00
41,5,val,103.579987,1.02
41,6,val,44.487770,1.03
41,7,val,34.028187,1.04
41,8,val,101.312119,1.05
41,9,val,116.758293,1.06
41,10,val,25.689959,1.08
41,11,val,47.156738,1.09
41,12,val,65.896034,1.10
41,13,val,45.513012,1.12
41,14,val,34.505222,1.13
41,15,val,59.417648,1.14
41,16,val,51.932537,1.15
41,17,val,65.443130,1.16
41,18,val,99.770462,1.16
41,19,val,69.933876,1.18
41,20,val,34.428741,1.19
41,21,val,68.399155,1.20
41,22,val,92.602722,1.21
41,23,val,94.733307,1.22
41,24,val,70.861786,1.22
41,25,val,120.395515,1.24
41,26,val,72.316116,1.25
41,27,val,102.002914,1.26
41,28,val,28.276249,1.27
41,29,val,130.077271,1.29
41,30,val,75.385124,1.30
41,31,val,41.670860,1.31
41,32,val,105.131256,1.31
41,33,val,65.383781,1.32
41,34,val,38.843807,1.33
42,0,train,61.252647,0.24
42,1,train,47.876743,0.31
42,2,train,57.871475,0.36
42,3,train,68.263161,0.42
42,4,train,51.179039,0.46
42,5,train,60.033211,0.49
42,6,train,48.091049,0.53
42,7,train,50.315895,0.56
42,8,train,54.093948,0.60
42,9,train,66.102623,0.63
42,10,train,53.168930,0.66
42,11,train,62.777176,0.69
42,12,train,59.111710,0.73
42,0,val,73.748024,0.86
42,1,val,70.589340,0.87
42,2,val,106.561501,0.87
42,3,val,40.573410,0.88
42,4,val,84.635094,0.89
42,5,val,107.309937,0.90
42,6,val,46.707256,0.91
42,7,val,35.736710,0.92
42,8,val,99.891167,0.92
42,9,val,114.692245,0.93
42,10,val,26.112215,0.94
42,11,val,46.000957,0.94
42,12,val,63.397202,0.95
42,13,val,45.306690,0.96
42,14,val,42.366661,0.97
42,15,val,60.256191,0.98
42,16,val,52.769863,0.99
42,17,val,64.419861,1.00
42,18,val,95.730995,1.01
42,19,val,67.543343,1.02
42,20,val,34.044147,1.03
42,21,val,66.737022,1.03
42,22,val,93.978592,1.04
42,23,val,92.020073,1.05
42,24,val,81.780853,1.05
42,25,val,119.400520,1.06
42,26,val,70.886345,1.07
42,27,val,98.972855,1.07
42,28,val,26.046213,1.08
42,29,val,120.861717,1.09
42,30,val,79.819649,1.10
42,31,val,42.773335,1.10
42,32,val,104.754311,1.11
42,33,val,65.919083,1.11
42,34,val,38.305641,1.12
43,0,train,52.734589,0.14
43,1,train,51.214264,0.18
43,2,train,67.119026,0.21
43,3,train,56.863934,0.24
43,4,train,42.669254,0.28
43,5,train,56.185886,0.31
43,6,train,70.644363,0.35
43,7,train,54.790234,0.39
43,8,train,57.895611,0.42
43,9,train,52.359898,0.45
43,10,train,62.549839,0.49
43,11,train,62.774757,0.52
43,12,train,63.174591,0.55
43,0,val,72.955948,0.68
43,1,val,76.827866,0.68
43,2,val,96.148262,0.69
43,3,val,37.874737,0.70
43,4,val,91.873825,0.72
43,5,val,105.849220,0.72
43,6,val,44.005020,0.73
43,7,val,41.041687,0.74
43,8,val,101.719887,0.75
43,9,val,113.259933,0.76
43,10,val,25.356482,0.76
43,11,val,46.235046,0.77
43,12,val,65.537514,0.78
43,13,val,47.948891,0.78
43,14,val,33.895802,0.79
43,15,val,58.740158,0.80
43,16,val,53.855518,0.81
43,17,val,70.396088,0.82
43,18,val,96.337097,0.83
43,19,val,67.949326,0.84
43,20,val,35.098183,0.85
43,21,val,71.596161,0.86
43,22,val,89.178627,0.87
43,23,val,100.030930,0.88
43,24,val,69.153656,0.89
43,25,val,117.760796,0.90
43,26,val,73.086372,0.90
43,27,val,96.240829,0.91
43,28,val,24.724297,0.92
43,29,val,120.941811,0.93
43,30,val,74.879143,0.94
43,31,val,40.793888,0.94
43,32,val,105.120163,0.95
43,33,val,64.105148,0.95
43,34,val,38.922108,0.95
44,0,train,46.615944,0.17
44,1,train,63.332962,0.21
44,2,train,51.003189,0.25
44,3,train,68.999207,0.28
44,4,train,51.873905,0.32
44,5,train,52.710320,0.35
44,6,train,45.690338,0.39
44,7,train,62.182476,0.43
44,8,train,45.378754,0.46
44,9,train,57.568371,0.49
44,10,train,52.407249,0.53
44,11,train,43.002834,0.56
44,12,train,53.280884,0.59
44,0,val,85.004181,0.76
44,1,val,68.446556,0.77
44,2,val,101.183441,0.78
44,3,val,41.259605,0.79
44,4,val,83.092712,0.80
44,5,val,101.605309,0.81
44,6,val,44.623672,0.82
44,7,val,34.094482,0.82
44,8,val,102.841187,0.83
44,9,val,112.050926,0.84
44,10,val,24.638828,0.85
44,11,val,47.876850,0.85
44,12,val,60.877129,0.86
44,13,val,44.058819,0.88
44,14,val,34.691696,0.88
44,15,val,94.406639,0.89
44,16,val,51.211575,0.90
44,17,val,64.826073,0.90
44,18,val,95.841629,0.91
44,19,val,66.890984,0.92
44,20,val,34.459812,0.93
44,21,val,72.681282,0.93
44,22,val,90.789993,0.94
44,23,val,88.921875,0.95
44,24,val,68.382332,0.96
44,25,val,117.669769,0.96
44,26,val,72.489731,0.98
44,27,val,95.578194,0.98
44,28,val,24.044525,0.99
44,29,val,120.154808,1.00
44,30,val,71.364159,1.00
44,31,val,41.906616,1.01
44,32,val,102.932716,1.01
44,33,val,63.153393,1.02
44,34,val,38.185780,1.02
45,0,train,60.000988,0.17
45,1,train,43.999325,0.20
45,2,train,52.210186,0.24
45,3,train,57.671009,0.27
45,4,train,54.037170,0.31
45,5,train,47.994625,0.35
45,6,train,56.181854,0.38
45,7,train,64.653374,0.43
45,8,train,69.926773,0.47
45,9,train,63.480835,0.50
45,10,train,62.312508,0.53
45,11,train,62.129631,0.57
45,12,train,53.422050,0.60
45,0,val,71.849373,0.74
45,1,val,70.637833,0.74
45,2,val,98.078072,0.75
45,3,val,43.256699,0.76
45,4,val,82.333160,0.77
45,5,val,97.464478,0.78
45,6,val,51.001030,0.79
45,7,val,32.654118,0.79
45,8,val,97.408226,0.80
45,9,val,111.057404,0.81
45,10,val,26.378567,0.82
45,11,val,45.832722,0.82
45,12,val,62.674358,0.83
45,13,val,44.464233,0.84
45,14,val,34.154118,0.84
45,15,val,57.738274,0.85
45,16,val,52.278015,0.86
45,17,val,62.033272,0.87
45,18,val,92.721039,0.88
45,19,val,65.485481,0.89
45,20,val,33.149857,0.89
45,21,val,72.427574,0.90
45,22,val,84.479492,0.91
45,23,val,89.286003,0.91
45,24,val,75.919685,0.92
45,25,val,115.827919,0.93
45,26,val,68.884819,0.93
45,27,val,96.680740,0.94
45,28,val,25.362732,0.95
45,29,val,116.494011,0.95
45,30,val,72.427994,0.96
45,31,val,40.709427,0.97
45,32,val,101.392082,0.97
45,33,val,70.210411,0.98
45,34,val,37.239098,0.98
46,0,train,52.152054,0.17
46,1,train,54.361988,0.29
46,2,train,47.221718,0.32
46,3,train,53.275845,0.36
46,4,train,47.733688,0.39
46,5,train,61.227421,0.42
46,6,train,50.360710,0.46
46,7,train,58.113708,0.49
46,8,train,51.751266,0.53
46,9,train,54.927887,0.56
46,10,train,54.472687,0.59
46,11,train,52.288700,0.63
46,12,train,45.846565,0.66
46,0,val,73.635353,0.84
46,1,val,74.789726,0.86
46,2,val,95.545013,0.87
46,3,val,38.422245,0.88
46,4,val,86.605492,0.89
46,5,val,96.426605,0.90
46,6,val,43.066971,0.90
46,7,val,36.923294,0.91
46,8,val,95.505783,0.92
46,9,val,111.849533,0.92
46,10,val,24.900629,0.93
46,11,val,47.016827,0.94
46,12,val,61.935467,0.94
46,13,val,44.162342,0.96
46,14,val,34.583939,0.96
46,15,val,63.995686,0.97
46,16,val,57.234200,0.98
46,17,val,67.366272,0.98
46,18,val,91.581192,0.99
46,19,val,65.945229,1.00
46,20,val,34.499226,1.01
46,21,val,69.881195,1.01
46,22,val,85.579338,1.02
46,23,val,87.494865,1.03
46,24,val,68.274017,1.03
46,25,val,121.625298,1.04
46,26,val,67.719086,1.05
46,27,val,102.314178,1.06
46,28,val,23.062687,1.07
46,29,val,115.595230,1.07
46,30,val,70.535797,1.08
46,31,val,40.994091,1.09
46,32,val,101.660217,1.10
46,33,val,61.770973,1.11
46,34,val,46.120998,1.11
47,0,train,56.897270,0.19
47,1,train,56.402321,0.24
47,2,train,52.203602,0.28
47,3,train,53.598427,0.32
47,4,train,48.574173,0.35
47,5,train,50.344246,0.39
47,6,train,52.766651,0.42
47,7,train,52.540012,0.47
47,8,train,59.850643,0.50
47,9,train,48.442551,0.53
47,10,train,48.244400,0.57
47,11,train,60.733303,0.61
47,12,train,52.505936,0.65
47,0,val,75.948708,0.86
47,1,val,67.124413,0.87
47,2,val,94.182220,0.88
47,3,val,38.859787,0.89
47,4,val,84.739571,0.89
47,5,val,96.276237,0.90
47,6,val,46.007767,0.91
47,7,val,36.690632,0.92
47,8,val,94.438614,0.92
47,9,val,110.394844,0.93
47,10,val,28.552994,0.94
47,11,val,52.582958,0.94
47,12,val,62.054024,0.95
47,13,val,47.673767,0.96
47,14,val,33.937008,0.98
47,15,val,55.954411,0.99
47,16,val,49.937096,1.00
47,17,val,62.154018,1.01
47,18,val,92.513260,1.01
47,19,val,64.708351,1.02
47,20,val,39.447224,1.02
47,21,val,66.463600,1.03
47,22,val,84.516335,1.04
47,23,val,86.352051,1.05
47,24,val,69.835564,1.05
47,25,val,121.240738,1.06
47,26,val,74.654762,1.07
47,27,val,92.954041,1.08
47,28,val,24.381731,1.09
47,29,val,115.141502,1.10
47,30,val,70.806778,1.11
47,31,val,40.244347,1.12
47,32,val,101.271507,1.12
47,33,val,68.463211,1.13
47,34,val,45.646198,1.13
48,0,train,69.119057,0.14
48,1,train,54.143349,0.18
48,2,train,64.436745,0.22
48,3,train,67.397362,0.25
48,4,train,58.671299,0.29
48,5,train,62.299164,0.33
48,6,train,52.173393,0.36
48,7,train,55.078117,0.40
48,8,train,44.285583,0.44
48,9,train,45.062008,0.47
48,10,train,45.455338,0.51
48,11,train,57.279232,0.54
48,12,train,53.897984,0.57
48,0,val,71.344978,1.08
48,1,val,67.215660,1.11
48,2,val,93.761223,1.13
48,3,val,41.287762,1.15
48,4,val,79.875305,1.17
48,5,val,96.621170,1.19
48,6,val,50.312431,1.20
48,7,val,32.384758,1.22
48,8,val,94.623627,1.22
48,9,val,115.002274,1.23
48,10,val,26.462786,1.24
48,11,val,57.811996,1.25
48,12,val,70.216667,1.25
48,13,val,44.796600,1.26
48,14,val,33.377678,1.27
48,15,val,57.553257,1.27
48,16,val,58.072113,1.28
48,17,val,61.283840,1.29
48,18,val,92.523354,1.30
48,19,val,64.964165,1.31
48,20,val,34.162235,1.31
48,21,val,64.635880,1.32
48,22,val,88.914703,1.33
48,23,val,85.868782,1.34
48,24,val,66.962761,1.34
48,25,val,117.511765,1.35
48,26,val,68.210487,1.36
48,27,val,92.017616,1.37
48,28,val,26.430332,1.37
48,29,val,115.452286,1.38
48,30,val,69.551079,1.39
48,31,val,40.001045,1.39
48,32,val,100.703377,1.40
48,33,val,62.663128,1.41
48,34,val,36.441151,1.41
49,0,train,52.042519,0.17
49,1,train,47.210060,0.21
49,2,train,53.562866,0.24
49,3,train,55.235035,0.28
49,4,train,47.147141,0.31
49,5,train,54.341522,0.34
49,6,train,60.068943,0.38
49,7,train,53.919212,0.42
49,8,train,63.210144,0.45
49,9,train,49.478699,0.48
49,10,train,55.780453,0.52
49,11,train,62.523888,0.55
49,12,train,57.501270,0.59
49,0,val,70.707092,0.73
49,1,val,66.255035,0.74
49,2,val,92.903458,0.74
49,3,val,36.229282,0.76
49,4,val,82.081146,0.77
49,5,val,94.184807,0.78
49,6,val,43.798393,0.79
49,7,val,37.550201,0.80
49,8,val,93.175369,0.81
49,9,val,107.372276,0.82
49,10,val,24.574818,0.83
49,11,val,44.601204,0.84
49,12,val,60.948341,0.85
49,13,val,42.081219,0.86
49,14,val,41.081318,0.87
49,15,val,58.317764,0.88
49,16,val,50.552689,0.88
49,17,val,67.885277,0.89
49,18,val,89.684792,0.90
49,19,val,70.029213,0.91
49,20,val,34.423874,0.91
49,21,val,65.258064,0.92
49,22,val,88.662880,0.93
49,23,val,85.633369,0.93
49,24,val,65.534256,0.94
49,25,val,115.778030,0.95
49,26,val,65.809006,0.96
49,27,val,90.301743,0.97
49,28,val,23.674902,0.97
49,29,val,114.636864,0.98
49,30,val,68.537857,0.99
49,31,val,39.904800,0.99
49,32,val,101.136337,1.00
49,33,val,63.086304,1.01
49,34,val,50.378540,1.02
50,0,train,67.054680,0.21
50,1,train,60.502243,0.26
50,2,train,57.817806,0.30
50,3,train,58.819469,0.34
50,4,train,48.887085,0.39
50,5,train,50.455780,0.43
50,6,train,39.112617,0.48
50,7,train,57.457031,0.52
50,8,train,63.946014,0.57
50,9,train,54.629375,0.60
50,10,train,53.059036,0.64
50,11,train,64.848236,0.67
50,12,train,47.996677,0.71
50,0,val,73.560898,0.90
50,1,val,66.285370,0.93
50,2,val,91.145912,0.94
50,3,val,38.593838,0.95
50,4,val,82.828850,0.96
50,5,val,93.238205,0.97
50,6,val,44.058552,0.98
50,7,val,33.466404,0.99
50,8,val,92.704834,1.00
50,9,val,107.497475,1.01
50,10,val,23.807810,1.02
50,11,val,44.718311,1.03
50,12,val,60.139206,1.04
50,13,val,45.910370,1.05
50,14,val,34.338390,1.06
50,15,val,54.672153,1.07
50,16,val,50.075695,1.08
50,17,val,60.061790,1.09
50,18,val,99.232002,1.10
50,19,val,64.250595,1.11
50,20,val,31.527121,1.12
50,21,val,64.993874,1.13
50,22,val,81.314865,1.14
50,23,val,85.529655,1.15
50,24,val,65.540504,1.17
50,25,val,110.363335,1.19
50,26,val,65.521179,1.20
50,27,val,90.035789,1.21
50,28,val,23.252514,1.23
50,29,val,112.383484,1.24
50,30,val,70.689194,1.25
50,31,val,44.029221,1.26
50,32,val,99.419487,1.26
50,33,val,64.279823,1.27
50,34,val,37.054066,1.28
51,0,train,43.271057,0.22
51,1,train,53.815300,0.28
51,2,train,42.717155,0.33
51,3,train,59.904186,0.37
51,4,train,48.163902,0.41
51,5,train,45.551281,0.46
51,6,train,45.132233,0.52
51,7,train,52.143391,0.56
51,8,train,52.350983,0.61
51,9,train,45.725700,0.64
51,10,train,52.628746,0.68
51,11,train,52.675560,0.72
51,12,train,35.136391,0.75
51,0,val,72.217926,0.93
51,1,val,66.344597,0.95
51,2,val,90.745407,0.96
51,3,val,46.845825,0.97
51,4,val,78.740845,0.98
51,5,val,94.268280,0.99
51,6,val,41.983387,1.00
51,7,val,37.558983,1.02
51,8,val,100.327095,1.03
51,9,val,108.411461,1.04
51,10,val,26.635403,1.05
51,11,val,43.659195,1.07
51,12,val,64.274605,1.08
51,13,val,43.090450,1.09
51,14,val,33.737747,1.10
51,15,val,60.077484,1.11
51,16,val,49.951538,1.12
51,17,val,59.142765,1.13
51,18,val,87.992592,1.14
51,19,val,63.409962,1.15
51,20,val,30.808279,1.16
51,21,val,64.728737,1.17
51,22,val,82.490456,1.18
51,23,val,84.319893,1.19
51,24,val,66.047867,1.20
51,25,val,113.385460,1.22
51,26,val,67.219124,1.23
51,27,val,89.134766,1.24
51,28,val,23.929234,1.25
51,29,val,112.056168,1.26
51,30,val,69.621033,1.27
51,31,val,40.826862,1.27
51,32,val,97.272346,1.28
51,33,val,60.169216,1.29
51,34,val,38.287365,1.29
52,0,train,38.027359,0.17
52,1,train,59.944977,0.23
52,2,train,48.378830,0.28
52,3,train,43.519775,0.33
52,4,train,40.356487,0.37
52,5,train,50.452595,0.41
52,6,train,50.966194,0.47
52,7,train,57.336754,0.50
52,8,train,51.954281,0.54
52,9,train,51.172718,0.58
52,10,train,40.840057,0.61
52,11,train,57.788200,0.65
52,12,train,48.803047,0.69
52,0,val,68.918312,0.89
52,1,val,65.029350,0.92
52,2,val,91.381859,0.93
52,3,val,35.184471,0.95
52,4,val,81.672760,0.96
52,5,val,92.462608,0.97
52,6,val,42.066124,0.98
52,7,val,36.188591,0.99
52,8,val,90.587425,1.00
52,9,val,104.387070,1.02
52,10,val,27.544559,1.03
52,11,val,43.280251,1.04
52,12,val,58.884834,1.05
52,13,val,41.454151,1.06
52,14,val,33.775410,1.08
52,15,val,55.701988,1.09
52,16,val,48.543842,1.10
52,17,val,63.568176,1.11
52,18,val,88.456596,1.13
52,19,val,63.713428,1.14
52,20,val,33.063274,1.15
52,21,val,65.369804,1.16
52,22,val,81.078514,1.17
52,23,val,84.427353,1.19
52,24,val,68.021965,1.20
52,25,val,109.465576,1.21
52,26,val,67.443947,1.22
52,27,val,90.245003,1.23
52,28,val,29.488804,1.24
52,29,val,110.620903,1.25
52,30,val,66.792198,1.25
52,31,val,48.134270,1.26
52,32,val,99.111572,1.26
52,33,val,61.111240,1.27
52,34,val,36.351089,1.28
53,0,train,54.011726,0.17
53,1,train,50.079750,0.21
53,2,train,57.294910,0.25
53,3,train,43.867867,0.28
53,4,train,62.944431,0.32
53,5,train,45.574203,0.35
53,6,train,51.897865,0.38
53,7,train,57.624767,0.42
53,8,train,52.500233,0.45
53,9,train,42.303474,0.49
53,10,train,51.714207,0.52
53,11,train,49.614544,0.55
53,12,train,40.935230,0.59
53,0,val,70.384277,0.73
53,1,val,65.561974,0.73
53,2,val,91.507561,0.74
53,3,val,36.229359,0.76
53,4,val,76.861778,0.77
53,5,val,122.039429,0.78
53,6,val,41.561333,0.79
53,7,val,39.648720,0.79
53,8,val,97.043488,0.80
53,9,val,104.111832,0.81
53,10,val,25.068941,0.81
53,11,val,44.532383,0.82
53,12,val,59.210278,0.83
53,13,val,40.430378,0.84
53,14,val,35.793102,0.84
53,15,val,54.684788,0.85
53,16,val,52.571465,0.86
53,17,val,60.776840,0.87
53,18,val,92.127892,0.88
53,19,val,63.728848,0.89
53,20,val,31.719172,0.89
53,21,val,65.260513,0.90
53,22,val,80.680740,0.91
53,23,val,83.323128,0.91
53,24,val,65.158569,0.92
53,25,val,108.298256,0.93
53,26,val,71.649246,0.94
53,27,val,94.050133,0.94
53,28,val,22.687237,0.95
53,29,val,118.321732,0.96
53,30,val,67.015114,0.97
53,31,val,46.788872,0.97
53,32,val,95.578217,0.98
53,33,val,65.496605,0.98
53,34,val,36.345608,0.99
54,0,train,48.375393,0.13
54,1,train,54.224968,0.17
54,2,train,43.278603,0.21
54,3,train,49.530182,0.24
54,4,train,47.801620,0.28
54,5,train,45.852863,0.31
54,6,train,64.775108,0.35
54,7,train,52.427124,0.38
54,8,train,65.527740,0.42
54,9,train,60.703018,0.45
54,10,train,49.027328,0.48
54,11,train,59.620903,0.52
54,12,train,46.527859,0.55
54,0,val,71.226707,0.68
54,1,val,63.893372,0.69
54,2,val,88.754791,0.70
54,3,val,37.020321,0.71
54,4,val,76.686844,0.72
54,5,val,93.720642,0.73
54,6,val,42.072018,0.75
54,7,val,36.419369,0.76
54,8,val,93.980003,0.77
54,9,val,102.759460,0.78
54,10,val,23.243519,0.78
54,11,val,43.135021,0.79
54,12,val,58.417320,0.80
54,13,val,40.850174,0.81
54,14,val,42.818897,0.82
54,15,val,55.492218,0.83
54,16,val,49.006420,0.83
54,17,val,60.195000,0.84
54,18,val,86.750214,0.85
54,19,val,78.063103,0.86
54,20,val,31.497229,0.86
54,21,val,64.201813,0.87
54,22,val,81.388741,0.88
54,23,val,83.260078,0.88
54,24,val,65.174973,0.89
54,25,val,111.435524,0.90
54,26,val,64.008331,0.91
54,27,val,127.217232,0.91
54,28,val,28.649059,0.93
54,29,val,108.677277,0.93
54,30,val,67.250854,0.94
54,31,val,38.752628,0.94
54,32,val,97.321007,0.95
54,33,val,58.672520,0.95
54,34,val,39.667576,0.96
55,0,train,57.443314,0.14
55,1,train,56.380280,0.18
55,2,train,46.802738,0.21
55,3,train,40.044388,0.25
55,4,train,50.863396,0.29
55,5,train,44.313011,0.32
55,6,train,52.582577,0.36
55,7,train,41.426296,0.39
55,8,train,41.641525,0.43
55,9,train,41.421471,0.46
55,10,train,62.956329,0.49
55,11,train,69.415367,0.52
55,12,train,57.602211,0.56
55,0,val,69.150879,0.68
55,1,val,65.452690,0.69
55,2,val,89.423935,0.70
55,3,val,34.757843,0.70
55,4,val,81.391411,0.72
55,5,val,89.720467,0.72
55,6,val,40.826218,0.73
55,7,val,31.818865,0.74
55,8,val,89.037651,0.74
55,9,val,104.297569,0.75
55,10,val,26.537867,0.77
55,11,val,43.682522,0.78
55,12,val,56.665100,0.79
55,13,val,43.840191,0.80
55,14,val,32.279507,0.80
55,15,val,56.885525,0.81
55,16,val,50.569126,0.82
55,17,val,61.056408,0.83
55,18,val,87.136513,0.84
55,19,val,62.735249,0.84
55,20,val,30.447269,0.85
55,21,val,62.687992,0.86
55,22,val,79.077660,0.86
55,23,val,85.400139,0.87
55,24,val,66.036530,0.88
55,25,val,106.239929,0.88
55,26,val,62.955067,0.89
55,27,val,85.420326,0.90
55,28,val,21.851685,0.90
55,29,val,108.967293,0.91
55,30,val,65.422646,0.92
55,31,val,38.282253,0.93
55,32,val,95.449722,0.93
55,33,val,63.681477,0.94
55,34,val,36.567348,0.94
56,0,train,54.664013,0.16
56,1,train,38.998016,0.20
56,2,train,57.051792,0.24
56,3,train,48.430695,0.28
56,4,train,46.254150,0.32
56,5,train,38.667419,0.35
56,6,train,50.351410,0.38
56,7,train,50.277840,0.42
56,8,train,58.074345,0.46
56,9,train,54.328533,0.49
56,10,train,46.939838,0.52
56,11,train,39.254303,0.55
56,12,train,40.265694,0.59
56,0,val,84.398354,0.74
56,1,val,65.162506,0.75
56,2,val,87.012756,0.77
56,3,val,34.145554,0.77
56,4,val,77.232292,0.78
56,5,val,89.883408,0.79
56,6,val,41.278599,0.80
56,7,val,31.827875,0.81
56,8,val,88.647369,0.81
56,9,val,102.470078,0.82
56,10,val,26.764816,0.83
56,11,val,42.802086,0.84
56,12,val,57.840462,0.84
56,13,val,39.726665,0.85
56,14,val,32.544319,0.86
56,15,val,53.576984,0.87
56,16,val,48.809845,0.88
56,17,val,58.845463,0.88
56,18,val,88.560074,0.89
56,19,val,61.254353,0.90
56,20,val,30.747032,0.91
56,21,val,66.309494,0.92
56,22,val,85.606598,0.92
56,23,val,80.123985,0.94
56,24,val,72.976707,0.96
56,25,val,108.296326,0.98
56,26,val,69.892715,0.99
56,27,val,85.206749,1.01
56,28,val,21.547791,1.02
56,29,val,109.178802,1.03
56,30,val,64.402687,1.05
56,31,val,38.663017,1.05
56,32,val,95.027130,1.06
56,33,val,57.673542,1.06
56,34,val,42.296219,1.07
57,0,train,60.836071,0.15
57,1,train,41.983433,0.20
57,2,train,40.599609,0.24
57,3,train,63.517338,0.27
57,4,train,47.568329,0.31
57,5,train,49.910103,0.37
57,6,train,53.521816,0.41
57,7,train,62.330833,0.47
57,8,train,54.437790,0.51
57,9,train,56.612164,0.54
57,10,train,52.784805,0.57
57,11,train,56.496532,0.61
57,12,train,44.757420,0.64
57,0,val,68.403976,0.79
57,1,val,63.410709,0.81
57,2,val,86.839066,0.82
57,3,val,36.182087,0.83
57,4,val,77.283607,0.85
57,5,val,93.221397,0.86
57,6,val,48.111977,0.87
57,7,val,31.414557,0.88
57,8,val,90.705841,0.89
57,9,val,107.013542,0.90
57,10,val,23.040277,0.91
57,11,val,41.785633,0.91
57,12,val,56.518600,0.92
57,13,val,39.512733,0.93
57,14,val,35.010139,0.94
57,15,val,53.310013,0.94
57,16,val,47.752132,0.95
57,17,val,56.621311,0.96
57,18,val,89.761307,0.97
57,19,val,62.791409,0.98
57,20,val,32.046658,0.99
57,21,val,64.472115,1.00
57,22,val,79.690636,1.02
57,23,val,82.256516,1.03
57,24,val,67.197601,1.04
57,25,val,104.121635,1.05
57,26,val,63.400295,1.05
57,27,val,86.644806,1.06
57,28,val,27.047865,1.07
57,29,val,107.394302,1.08
57,30,val,84.831154,1.08
57,31,val,39.083794,1.09
57,32,val,93.074799,1.09
57,33,val,57.546005,1.10
57,34,val,38.254906,1.11
58,0,train,49.717133,0.20
58,1,train,52.401299,0.24
58,2,train,68.552399,0.28
58,3,train,47.304249,0.31
58,4,train,47.499664,0.35
58,5,train,47.754642,0.39
58,6,train,41.153111,0.42
58,7,train,55.380836,0.46
58,8,train,53.210335,0.49
58,9,train,46.579681,0.52
58,10,train,52.066269,0.56
58,11,train,52.203590,0.59
58,12,train,49.959015,0.62
58,0,val,67.461365,0.75
58,1,val,63.835831,0.76
58,2,val,87.293488,0.77
58,3,val,38.810837,0.77
58,4,val,77.005180,0.79
58,5,val,90.287094,0.80
58,6,val,42.047665,0.80
58,7,val,37.349262,0.81
58,8,val,87.981972,0.82
58,9,val,100.292725,0.83
58,10,val,29.569181,0.83
58,11,val,44.992794,0.84
58,12,val,56.414410,0.85
58,13,val,41.809734,0.85
58,14,val,32.269997,0.86
58,15,val,52.524765,0.87
58,16,val,58.564316,0.88
58,17,val,59.086590,0.89
58,18,val,83.945007,0.89
58,19,val,60.659000,0.90
58,20,val,29.651258,0.91
58,21,val,61.662682,0.91
58,22,val,82.537460,0.92
58,23,val,79.271881,0.93
58,24,val,62.445625,0.94
58,25,val,105.996162,0.94
58,26,val,64.849777,0.95
58,27,val,85.114204,0.96
58,28,val,22.567900,0.96
58,29,val,107.918770,0.97
58,30,val,72.177849,0.98
58,31,val,37.909569,0.99
58,32,val,93.209396,0.99
58,33,val,56.765732,1.00
58,34,val,40.392376,1.00
59,0,train,51.555080,0.17
59,1,train,44.867367,0.20
59,2,train,60.855942,0.24
59,3,train,40.694340,0.27
59,4,train,50.641411,0.31
59,5,train,52.924747,0.35
59,6,train,43.866741,0.38
59,7,train,48.752880,0.42
59,8,train,47.400909,0.46
59,9,train,44.273865,0.49
59,10,train,37.162701,0.52
59,11,train,46.742493,0.55
59,12,train,45.379204,0.59
59,0,val,70.777153,0.73
59,1,val,62.189953,0.74
59,2,val,86.708626,0.74
59,3,val,40.401924,0.76
59,4,val,82.159874,0.76
59,5,val,87.091064,0.77
59,6,val,40.730488,0.78
59,7,val,33.569389,0.78
59,8,val,86.066971,0.79
59,9,val,99.177284,0.80
59,10,val,23.943216,0.81
59,11,val,44.804234,0.81
59,12,val,58.688164,0.82
59,13,val,44.189922,0.83
59,14,val,31.898075,0.83
59,15,val,52.633293,0.84
59,16,val,48.325275,0.85
59,17,val,56.750721,0.86
59,18,val,85.847160,0.88
59,19,val,61.088459,0.89
59,20,val,36.910019,0.89
59,21,val,64.425606,0.90
59,22,val,78.537155,0.91
59,23,val,82.075851,0.91
59,24,val,63.435257,0.92
59,25,val,102.954224,0.93
59,26,val,61.461758,0.93
59,27,val,83.585289,0.94
59,28,val,21.340544,0.95
59,29,val,105.758087,0.96
59,30,val,62.862633,0.97
59,31,val,40.520016,0.97
59,32,val,93.599747,0.98
59,33,val,59.600483,0.98
59,34,val,35.335842,0.99
60,0,train,60.053574,0.13
60,1,train,45.673950,0.17
60,2,train,47.228329,0.21
60,3,train,40.537399,0.24
60,4,train,36.118702,0.28
60,5,train,51.596012,0.31
60,6,train,55.116993,0.35
60,7,train,55.364723,0.39
60,8,train,46.784897,0.42
60,9,train,43.516758,0.46
60,10,train,54.233315,0.50
60,11,train,50.277035,0.53
60,12,train,51.219196,0.57
60,0,val,69.318825,0.76
60,1,val,60.315189,0.79
60,2,val,90.048431,0.80
60,3,val,34.675934,0.82
60,4,val,73.051437,0.83
60,5,val,86.268730,0.84
60,6,val,45.223141,0.84
60,7,val,31.749395,0.86
60,8,val,85.812485,0.86
60,9,val,99.946426,0.88
60,10,val,22.152309,0.89
60,11,val,42.653294,0.89
60,12,val,54.482815,0.90
60,13,val,44.495388,0.91
60,14,val,31.451677,0.92
60,15,val,51.564388,0.93
60,16,val,48.071865,0.94
60,17,val,56.710239,0.95
60,18,val,84.773048,0.97
60,19,val,60.020962,0.98
60,20,val,30.339577,0.99
60,21,val,65.500580,1.00
60,22,val,75.501915,1.01
60,23,val,78.306664,1.02
60,24,val,61.041428,1.03
60,25,val,103.511147,1.04
60,26,val,62.695889,1.05
60,27,val,84.150070,1.06
60,28,val,28.266674,1.07
60,29,val,105.733345,1.07
60,30,val,61.875965,1.09
60,31,val,41.617538,1.10
60,32,val,91.198273,1.10
60,33,val,55.251472,1.11
60,34,val,48.401218,1.11
61,0,train,55.148369,0.20
61,1,train,45.996910,0.26
61,2,train,50.586174,0.30
61,3,train,48.866253,0.35
61,4,train,48.987148,0.40
61,5,train,48.471230,0.45
61,6,train,52.866192,0.57
61,7,train,42.285217,0.62
61,8,train,39.170124,0.67
61,9,train,52.016953,0.70
61,10,train,60.613075,0.74
61,11,train,42.389297,0.77
61,12,train,53.882618,0.81
61,0,val,66.383415,1.01
61,1,val,63.733891,1.03
61,2,val,85.433624,1.04
61,3,val,34.147675,1.05
61,4,val,74.913071,1.06
61,5,val,85.210884,1.07
61,6,val,42.532356,1.08
61,7,val,31.452259,1.09
61,8,val,85.992653,1.10
61,9,val,98.766525,1.11
61,10,val,22.645700,1.13
61,11,val,43.568630,1.14
61,12,val,55.646915,1.15
61,13,val,39.681862,1.16
61,14,val,31.269445,1.17
61,15,val,50.891644,1.18
61,16,val,46.651436,1.19
61,17,val,56.582504,1.20
61,18,val,83.187553,1.21
61,19,val,59.502808,1.21
61,20,val,31.454874,1.23
61,21,val,62.698345,1.24
61,22,val,76.591759,1.25
61,23,val,77.469704,1.26
61,24,val,65.944695,1.27
61,25,val,102.251015,1.28
61,26,val,63.370045,1.30
61,27,val,81.731430,1.31
61,28,val,21.717276,1.31
61,29,val,107.719772,1.33
61,30,val,63.874207,1.35
61,31,val,39.746006,1.35
61,32,val,90.649261,1.36
61,33,val,64.304749,1.37
61,34,val,34.226715,1.37
62,0,train,47.405788,0.24
62,1,train,47.305828,0.28
62,2,train,45.415596,0.33
62,3,train,35.493889,0.37
62,4,train,49.413353,0.42
62,5,train,55.368629,0.46
62,6,train,38.677425,0.50
62,7,train,44.421585,0.55
62,8,train,43.387123,0.59
62,9,train,51.751793,0.62
62,10,train,64.124352,0.66
62,11,train,42.440407,0.69
62,12,train,35.566170,0.73
62,0,val,65.087608,0.97
62,1,val,66.491867,0.99
62,2,val,85.752731,1.01
62,3,val,37.081146,1.02
62,4,val,77.919632,1.03
62,5,val,84.683884,1.04
62,6,val,41.069450,1.06
62,7,val,31.792580,1.07
62,8,val,84.420662,1.09
62,9,val,98.411995,1.10
62,10,val,22.163992,1.11
62,11,val,41.134510,1.12
62,12,val,56.042683,1.13
62,13,val,42.132267,1.14
62,14,val,31.129408,1.15
62,15,val,52.524063,1.17
62,16,val,47.112335,1.18
62,17,val,54.910343,1.20
62,18,val,82.655548,1.21
62,19,val,60.830406,1.22
62,20,val,29.454386,1.23
62,21,val,67.707031,1.24
62,22,val,75.100716,1.25
62,23,val,82.275368,1.26
62,24,val,60.306797,1.27
62,25,val,101.585098,1.28
62,26,val,59.627262,1.30
62,27,val,81.176605,1.31
62,28,val,26.049585,1.32
62,29,val,104.024536,1.33
62,30,val,60.588123,1.35
62,31,val,36.726589,1.36
62,32,val,93.688576,1.37
62,33,val,54.833302,1.37
62,34,val,53.886177,1.38
63,0,train,49.577721,0.18
63,1,train,46.333839,0.25
63,2,train,32.869183,0.30
63,3,train,48.481468,0.34
63,4,train,53.554474,0.38
63,5,train,37.151302,0.43
63,6,train,37.286469,0.49
63,7,train,46.844452,0.61
63,8,train,50.280952,0.72
63,9,train,48.687836,0.75
63,10,train,46.923058,0.79
63,11,train,48.254452,0.83
63,12,train,56.497841,0.87
63,0,val,66.520058,1.16
63,1,val,59.294636,1.18
63,2,val,87.333527,1.19
63,3,val,35.017159,1.19
63,4,val,74.197197,1.20
63,5,val,84.049080,1.21
63,6,val,39.525894,1.22
63,7,val,31.006880,1.23
63,8,val,86.058502,1.24
63,9,val,101.031563,1.26
63,10,val,24.121525,1.29
63,11,val,40.306057,1.31
63,12,val,53.770386,1.33
63,13,val,39.499218,1.34
63,14,val,33.678627,1.35
63,15,val,52.381260,1.36
63,16,val,48.596680,1.38
63,17,val,56.341721,1.39
63,18,val,81.987076,1.39
63,19,val,59.422955,1.40
63,20,val,35.948162,1.41
63,21,val,73.435020,1.42
63,22,val,74.572693,1.42
63,23,val,77.103897,1.43
63,24,val,61.038551,1.44
63,25,val,100.845879,1.45
63,26,val,59.227398,1.46
63,27,val,85.856987,1.47
63,28,val,22.195312,1.48
63,29,val,107.308807,1.49
63,30,val,63.083244,1.49
63,31,val,45.302101,1.50
63,32,val,89.168434,1.50
63,33,val,57.183548,1.51
63,34,val,34.049393,1.51
64,0,train,44.980534,0.14
64,1,train,41.012657,0.18
64,2,train,45.046638,0.22
64,3,train,50.391949,0.25
64,4,train,43.312309,0.29
64,5,train,59.414017,0.32
64,6,train,51.007755,0.36
64,7,train,46.606934,0.40
64,8,train,49.690208,0.43
64,9,train,35.630466,0.46
64,10,train,57.148232,0.50
64,11,train,40.817242,0.53
64,12,train,43.307415,0.57
64,0,val,64.532768,0.70
64,1,val,58.805820,0.71
64,2,val,86.788628,0.73
64,3,val,33.385349,0.73
64,4,val,72.718697,0.74
64,5,val,83.602310,0.75
64,6,val,40.028229,0.75
64,7,val,30.565567,0.76
64,8,val,83.822670,0.77
64,9,val,96.199760,0.78
64,10,val,23.129122,0.78
64,11,val,39.371647,0.79
64,12,val,53.602375,0.80
64,13,val,42.745510,0.80
64,14,val,34.772324,0.81
64,15,val,50.241341,0.82
64,16,val,47.063026,0.83
64,17,val,55.547436,0.84
64,18,val,82.172874,0.85
64,19,val,65.595444,0.85
64,20,val,29.772614,0.86
64,21,val,64.411179,0.87
64,22,val,74.310883,0.87
64,23,val,76.230881,0.88
64,24,val,63.043537,0.89
64,25,val,98.863091,0.90
64,26,val,62.336658,0.90
64,27,val,82.210205,0.91
64,28,val,21.237404,0.92
64,29,val,101.737167,0.93
64,30,val,61.768871,0.94
64,31,val,36.826077,0.94
64,32,val,90.523117,0.95
64,33,val,54.634872,0.95
64,34,val,40.473129,0.96
65,0,train,49.360359,0.51
65,1,train,37.270149,0.61
65,2,train,42.941383,0.65
65,3,train,43.555454,0.69
65,4,train,50.034641,0.72
65,5,train,55.263351,0.76
65,6,train,43.163185,0.80
65,7,train,52.696976,0.83
65,8,train,55.752800,0.87
65,9,train,48.524647,0.90
65,10,train,55.466980,0.93
65,11,train,47.701305,0.97
65,12,train,45.120926,1.00
65,0,val,66.068619,1.13
65,1,val,63.177086,1.14
65,2,val,81.704742,1.14
65,3,val,33.556404,1.15
65,4,val,69.966904,1.17
65,5,val,82.914810,1.18
65,6,val,40.053307,1.18
65,7,val,30.646036,1.19
65,8,val,82.865662,1.20
65,9,val,110.514366,1.21
65,10,val,23.486477,1.21
65,11,val,39.693539,1.22
65,12,val,58.983696,1.23
65,13,val,42.106007,1.24
65,14,val,31.613794,1.24
65,15,val,51.976173,1.25
65,16,val,45.571232,1.26
65,17,val,54.873341,1.27
65,18,val,80.345772,1.28
65,19,val,59.992382,1.29
65,20,val,29.910097,1.30
65,21,val,67.693413,1.31
65,22,val,83.843224,1.32
65,23,val,75.899147,1.33
65,24,val,59.374416,1.34
65,25,val,102.522514,1.35
65,26,val,58.967690,1.36
65,27,val,82.103760,1.36
65,28,val,21.020658,1.38
65,29,val,102.049347,1.38
65,30,val,60.773968,1.39
65,31,val,38.198627,1.40
65,32,val,90.574280,1.40
65,33,val,53.970333,1.41
65,34,val,34.435848,1.41
66,0,train,41.354126,0.14
66,1,train,45.245468,0.18
66,2,train,43.453720,0.22
66,3,train,40.360962,0.25
66,4,train,54.588669,0.29
66,5,train,49.271996,0.33
66,6,train,51.803482,0.36
66,7,train,66.659134,0.40
66,8,train,46.840363,0.43
66,9,train,52.927792,0.47
66,10,train,57.321186,0.50
66,11,train,53.092674,0.54
66,12,train,39.779232,0.57
66,0,val,64.656830,0.71
66,1,val,60.412453,0.71
66,2,val,81.457436,0.72
66,3,val,32.560078,0.74
66,4,val,70.885277,0.74
66,5,val,84.447617,0.75
66,6,val,42.606113,0.76
66,7,val,36.078835,0.76
66,8,val,81.424706,0.77
66,9,val,94.807259,0.78
66,10,val,21.335222,0.78
66,11,val,53.222012,0.79
66,12,val,58.146420,0.80
66,13,val,44.673073,0.80
66,14,val,31.234453,0.81
66,15,val,53.523167,0.82
66,16,val,46.012367,0.83
66,17,val,53.678078,0.84
66,18,val,80.184334,0.86
66,19,val,63.877415,0.87
66,20,val,28.191259,0.88
66,21,val,62.311535,0.89
66,22,val,76.929443,0.90
66,23,val,75.848457,0.90
66,24,val,59.954620,0.91
66,25,val,101.753738,0.92
66,26,val,57.568893,0.93
66,27,val,80.233559,0.94
66,28,val,22.008814,0.95
66,29,val,102.354332,0.95
66,30,val,61.105740,0.96
66,31,val,36.268707,0.97
66,32,val,86.843948,0.97
66,33,val,55.571125,0.98
66,34,val,34.912296,0.98
67,0,train,44.790146,0.18
67,1,train,51.746674,0.22
67,2,train,51.564686,0.25
67,3,train,35.876755,0.29
67,4,train,43.461174,0.33
67,5,train,49.987186,0.36
67,6,train,40.095573,0.40
67,7,train,39.860409,0.43
67,8,train,39.205868,0.47
67,9,train,47.878899,0.50
67,10,train,42.862167,0.53
67,11,train,45.071133,0.57
67,12,train,39.370735,0.60
67,0,val,64.574364,0.76
67,1,val,71.611198,0.77
67,2,val,82.057686,0.78
67,3,val,37.914337,0.79
67,4,val,79.120232,0.79
67,5,val,81.176132,0.80
67,6,val,38.608501,0.81
67,7,val,30.824186,0.82
67,8,val,80.857483,0.82
67,9,val,96.197769,0.83
67,10,val,24.277319,0.84
67,11,val,44.617855,0.84
67,12,val,52.448158,0.85
67,13,val,50.255665,0.86
67,14,val,32.229168,0.86
67,15,val,54.554161,0.87
67,16,val,47.566700,0.89
67,17,val,54.132076,0.89
67,18,val,79.097702,0.90
67,19,val,58.254108,0.91
67,20,val,29.595726,0.91
67,21,val,60.377598,0.92
67,22,val,74.610619,0.93
67,23,val,75.413612,0.93
67,24,val,58.668114,0.94
67,25,val,97.493645,0.95
67,26,val,56.606457,0.95
67,27,val,79.501686,0.96
67,28,val,22.011543,0.97
67,29,val,100.264824,0.98
67,30,val,59.073780,0.99
67,31,val,38.659138,0.99
67,32,val,86.436203,1.00
67,33,val,58.412865,1.00
67,34,val,33.478077,1.01
68,0,train,52.886662,0.14
68,1,train,31.746513,0.19
68,2,train,46.152832,0.22
68,3,train,54.163349,0.26
68,4,train,39.620239,0.30
68,5,train,53.631096,0.34
68,6,train,52.390511,0.38
68,7,train,43.844242,0.42
68,8,train,54.884659,0.45
68,9,train,57.191021,0.49
68,10,train,56.226990,0.52
68,11,train,45.143604,0.56
68,12,train,51.538860,0.59
68,0,val,63.592728,0.71
68,1,val,57.123680,0.72
68,2,val,85.955864,0.73
68,3,val,32.825901,0.74
68,4,val,68.818588,0.74
68,5,val,81.135811,0.76
68,6,val,39.630970,0.76
68,7,val,30.314457,0.77
68,8,val,80.233841,0.78
68,9,val,92.694481,0.79
68,10,val,20.792542,0.79
68,11,val,45.886330,0.80
68,12,val,52.167564,0.81
68,13,val,37.560501,0.81
68,14,val,37.679314,0.82
68,15,val,48.504955,0.83
68,16,val,45.364250,0.83
68,17,val,53.722015,0.84
68,18,val,78.412285,0.85
68,19,val,59.124454,0.86
68,20,val,28.799074,0.87
68,21,val,62.035820,0.87
68,22,val,75.499512,0.88
68,23,val,73.376465,0.89
68,24,val,60.073799,0.89
68,25,val,96.492630,0.90
68,26,val,57.454651,0.91
68,27,val,86.186371,0.91
68,28,val,20.532448,0.92
68,29,val,100.367691,0.93
68,30,val,58.507767,0.93
68,31,val,44.584610,0.94
68,32,val,86.548958,0.94
68,33,val,52.677864,0.95
68,34,val,32.783932,0.95
69,0,train,43.104118,0.20
69,1,train,42.340961,0.24
69,2,train,53.886734,0.27
69,3,train,46.284897,0.31
69,4,train,46.535919,0.35
69,5,train,47.119942,0.38
69,6,train,41.468658,0.41
69,7,train,38.648003,0.45
69,8,train,42.439362,0.49
69,9,train,34.915405,0.52
69,10,train,45.670326,0.56
69,11,train,39.661758,0.59
69,12,train,52.395153,0.62
69,0,val,71.953545,0.77
69,1,val,57.125683,0.78
69,2,val,80.098953,0.78
69,3,val,31.446642,0.80
69,4,val,77.465683,0.81
69,5,val,81.927307,0.81
69,6,val,39.270229,0.82
69,7,val,30.180285,0.83
69,8,val,81.015465,0.84
69,9,val,93.213486,0.85
69,10,val,26.344620,0.85
69,11,val,38.854240,0.86
69,12,val,52.512913,0.87
69,13,val,37.022263,0.88
69,14,val,31.905149,0.89
69,15,val,50.144184,0.90
69,16,val,44.876305,0.91
69,17,val,54.551529,0.92
69,18,val,79.708565,0.93
69,19,val,58.939026,0.93
69,20,val,35.302113,0.94
69,21,val,61.627853,0.95
69,22,val,72.188248,0.96
69,23,val,73.392944,0.96
69,24,val,57.764076,0.97
69,25,val,96.149071,0.98
69,26,val,56.189377,0.99
69,27,val,77.258789,0.99
69,28,val,22.901066,1.00
69,29,val,99.794922,1.01
69,30,val,61.691273,1.02
69,31,val,36.156693,1.02
69,32,val,85.606956,1.03
69,33,val,52.845634,1.03
69,34,val,33.599014,1.04
70,0,train,50.943081,0.14
70,1,train,51.986755,0.18
70,2,train,56.567436,0.22
70,3,train,40.714371,0.25
70,4,train,63.014324,0.29
70,5,train,44.097595,0.33
70,6,train,36.478531,0.37
70,7,train,49.539528,0.42
70,8,train,47.592224,0.46
70,9,train,44.638199,0.50
70,10,train,35.542263,0.54
70,11,train,39.659492,0.57
70,12,train,37.329727,0.60
70,0,val,68.717735,0.79
70,1,val,58.881203,0.82
70,2,val,82.157806,0.84
70,3,val,32.372379,0.85
70,4,val,70.243500,0.86
70,5,val,79.431358,0.87
70,6,val,40.615788,0.88
70,7,val,30.167318,0.89
70,8,val,89.790543,0.90
70,9,val,100.264221,0.91
70,10,val,21.511778,0.92
70,11,val,39.045918,0.93
70,12,val,53.778912,0.94
70,13,val,45.581146,0.95
70,14,val,30.371569,0.96
70,15,val,49.504120,0.97
70,16,val,45.875469,0.98
70,17,val,52.886856,0.99
70,18,val,79.277214,1.00
70,19,val,56.283157,1.01
70,20,val,27.918650,1.02
70,21,val,59.152931,1.03
70,22,val,72.319298,1.04
70,23,val,73.697693,1.05
70,24,val,58.326881,1.06
70,25,val,95.690010,1.07
70,26,val,59.684937,1.08
70,27,val,78.790886,1.09
70,28,val,19.944031,1.10
70,29,val,101.100082,1.12
70,30,val,58.576393,1.13
70,31,val,36.582043,1.13
70,32,val,87.895874,1.14
70,33,val,55.335529,1.14
70,34,val,34.752319,1.15
71,0,train,48.689754,0.22
71,1,train,44.151554,0.26
71,2,train,46.417339,0.31
71,3,train,53.869003,0.35
71,4,train,44.783855,0.39
71,5,train,51.208092,0.44
71,6,train,48.225441,0.48
71,7,train,39.896576,0.53
71,8,train,43.934444,0.57
71,9,train,37.923637,0.60
71,10,train,55.751030,0.64
71,11,train,44.476498,0.67
71,12,train,49.633636,0.71
71,0,val,67.831337,0.92
71,1,val,60.841614,0.94
71,2,val,85.678749,0.95
71,3,val,33.154896,0.96
71,4,val,67.573807,0.97
71,5,val,79.604736,0.98
71,6,val,39.451519,0.99
71,7,val,29.582224,1.00
71,8,val,80.519287,1.01
71,9,val,98.783493,1.02
71,10,val,21.131683,1.02
71,11,val,43.072323,1.04
71,12,val,50.264084,1.05
71,13,val,36.566448,1.06
71,14,val,31.360012,1.06
71,15,val,49.293976,1.08
71,16,val,45.423458,1.10
71,17,val,53.977192,1.12
71,18,val,86.370865,1.14
71,19,val,57.278149,1.16
71,20,val,28.376740,1.19
71,21,val,61.914455,1.20
71,22,val,71.187424,1.22
71,23,val,73.418785,1.23
71,24,val,57.666096,1.24
71,25,val,94.519203,1.25
71,26,val,69.322403,1.27
71,27,val,77.498329,1.29
71,28,val,23.410349,1.30
71,29,val,98.900970,1.31
71,30,val,56.527172,1.32
71,31,val,36.684937,1.32
71,32,val,84.282791,1.33
71,33,val,52.526005,1.33
71,34,val,34.329002,1.34
72,0,train,51.395000,0.77
72,1,train,44.280506,0.96
72,2,train,44.711926,1.06
72,3,train,54.270260,1.12
72,4,train,62.761730,1.18
72,5,train,54.116070,1.23
72,6,train,40.475002,1.29
72,7,train,55.890556,1.34
72,8,train,33.205109,1.39
72,9,train,38.411636,1.43
72,10,train,46.642334,1.46
72,11,train,39.281464,1.50
72,12,train,42.698853,1.54
72,0,val,64.251671,1.75
72,1,val,60.328049,1.78
72,2,val,81.447617,1.79
72,3,val,34.235661,1.80
72,4,val,69.434341,1.82
72,5,val,83.176231,1.83
72,6,val,38.199989,1.84
72,7,val,30.670881,1.86
72,8,val,78.693924,1.87
72,9,val,92.351799,1.88
72,10,val,24.550772,1.90
72,11,val,38.024300,1.91
72,12,val,50.836349,1.91
72,13,val,38.182831,1.92
72,14,val,31.723322,1.93
72,15,val,47.397064,1.94
72,16,val,45.523380,1.95
72,17,val,53.915649,1.96
72,18,val,76.917992,1.98
72,19,val,65.372536,1.99
72,20,val,30.954348,2.00
72,21,val,59.637024,2.01
72,22,val,70.738655,2.02
72,23,val,75.464874,2.03
72,24,val,56.662369,2.04
72,25,val,93.051453,2.05
72,26,val,54.578587,2.06
72,27,val,85.568268,2.07
72,28,val,20.926624,2.08
72,29,val,95.832191,2.09
72,30,val,60.132404,2.10
72,31,val,43.964962,2.11
72,32,val,83.763916,2.12
72,33,val,60.815662,2.12
72,34,val,32.747250,2.13
73,0,train,47.053215,0.26
73,1,train,42.637970,0.32
73,2,train,51.963730,0.37
73,3,train,46.838470,0.40
73,4,train,49.358192,0.44
73,5,train,50.568672,0.47
73,6,train,42.127605,0.51
73,7,train,42.828365,0.55
73,8,train,51.733784,0.58
73,9,train,38.144745,0.62
73,10,train,39.053905,0.66
73,11,train,40.587173,0.69
73,12,train,48.692032,0.72
73,0,val,67.709549,0.86
73,1,val,55.883934,0.86
73,2,val,78.168221,0.87
73,3,val,33.260567,0.89
73,4,val,67.250671,0.90
73,5,val,78.488838,0.90
73,6,val,39.120640,0.91
73,7,val,29.753046,0.92
73,8,val,77.178459,0.92
73,9,val,91.591896,0.93
73,10,val,22.116972,0.94
73,11,val,44.885174,0.95
73,12,val,51.547318,0.95
73,13,val,36.466881,0.96
73,14,val,37.794689,0.97
73,15,val,49.664650,0.98
73,16,val,43.507938,0.99
73,17,val,53.786465,0.99
73,18,val,78.970459,1.00
73,19,val,57.025574,1.01
73,20,val,27.308517,1.02
73,21,val,60.544895,1.02
73,22,val,78.686508,1.03
73,23,val,70.701599,1.04
73,24,val,58.255978,1.05
73,25,val,91.868889,1.05
73,26,val,57.433319,1.06
73,27,val,74.218842,1.07
73,28,val,20.597174,1.07
73,29,val,95.749306,1.08
73,30,val,57.315880,1.09
73,31,val,39.870499,1.10
73,32,val,85.415596,1.10
73,33,val,50.263027,1.11
73,34,val,33.815323,1.11
74,0,train,41.816223,0.17
74,1,train,55.345470,0.21
74,2,train,41.593266,0.24
74,3,train,36.373741,0.28
74,4,train,46.077282,0.31
74,5,train,45.815762,0.35
74,6,train,46.874416,0.38
74,7,train,47.015755,0.42
74,8,train,54.564880,0.46
74,9,train,40.154152,0.49
74,10,train,46.643623,0.52
74,11,train,48.706287,0.56
74,12,train,40.914543,0.59
74,0,val,65.134880,0.72
74,1,val,63.387650,0.73
74,2,val,79.045624,0.73
74,3,val,33.461586,0.74
74,4,val,68.606819,0.75
74,5,val,82.991272,0.76
74,6,val,40.564434,0.77
74,7,val,29.338264,0.78
74,8,val,78.279350,0.79
74,9,val,97.358826,0.79
74,10,val,20.619381,0.80
74,11,val,39.169384,0.81
74,12,val,49.639038,0.81
74,13,val,36.782547,0.82
74,14,val,30.108223,0.83
74,15,val,47.889122,0.83
74,16,val,43.578415,0.84
74,17,val,51.431309,0.85
74,18,val,77.169350,0.86
74,19,val,56.069351,0.87
74,20,val,32.300529,0.87
74,21,val,60.484871,0.88
74,22,val,70.774643,0.89
74,23,val,69.966003,0.90
74,24,val,56.413956,0.90
74,25,val,93.257599,0.91
74,26,val,53.770615,0.92
74,27,val,81.308784,0.92
74,28,val,20.560249,0.93
74,29,val,95.047852,0.94
74,30,val,57.767746,0.94
74,31,val,36.470600,0.95
74,32,val,84.384254,0.95
74,33,val,50.118340,0.96
74,34,val,32.150707,0.97
75,0,train,53.857460,0.15
75,1,train,33.354958,0.19
75,2,train,42.118950,0.23
75,3,train,45.550072,0.26
75,4,train,37.706276,0.30
75,5,train,39.160332,0.35
75,6,train,49.271370,0.39
75,7,train,34.799603,0.43
75,8,train,30.129669,0.47
75,9,train,50.442963,0.50
75,10,train,35.915291,0.53
75,11,train,46.803246,0.57
75,12,train,47.722000,0.60
75,0,val,61.667797,0.74
75,1,val,61.567661,0.74
75,2,val,79.608330,0.75
75,3,val,31.110041,0.76
75,4,val,66.260139,0.77
75,5,val,76.707161,0.78
75,6,val,40.420422,0.79
75,7,val,29.683889,0.80
75,8,val,75.867310,0.80
75,9,val,90.866829,0.81
75,10,val,29.269791,0.82
75,11,val,37.977329,0.83
75,12,val,49.917625,0.83
75,13,val,36.229378,0.84
75,14,val,30.027987,0.85
75,15,val,46.509361,0.85
75,16,val,43.698578,0.86
75,17,val,51.099983,0.87
75,18,val,78.064629,0.88
75,19,val,55.492336,0.89
75,20,val,29.685316,0.89
75,21,val,59.453938,0.90
75,22,val,73.236259,0.91
75,23,val,73.111809,0.92
75,24,val,57.251888,0.92
75,25,val,95.349731,0.93
75,26,val,53.588825,0.94
75,27,val,73.246376,0.94
75,28,val,19.394236,0.95
75,29,val,93.966736,0.96
75,30,val,66.120316,0.96
75,31,val,43.969536,0.97
75,32,val,82.681992,0.98
75,33,val,52.486092,0.98
75,34,val,50.370789,0.99
76,0,train,48.139011,0.16
76,1,train,53.900269,0.23
76,2,train,46.689957,0.26
76,3,train,44.430668,0.30
76,4,train,43.574409,0.36
76,5,train,45.922508,0.39
76,6,train,45.898937,0.43
76,7,train,53.465942,0.46
76,8,train,44.213711,0.50
76,9,train,33.779083,0.53
76,10,train,46.748749,0.57
76,11,train,42.665833,0.67
76,12,train,38.221642,0.71
76,0,val,62.140503,0.83
76,1,val,54.991844,0.84
76,2,val,76.575798,0.85
76,3,val,30.534145,0.86
76,4,val,66.809593,0.87
76,5,val,78.434792,0.88
76,6,val,37.774883,0.89
76,7,val,28.552084,0.89
76,8,val,76.224594,0.90
76,9,val,89.998756,0.91
76,10,val,20.417931,0.91
76,11,val,40.812157,0.92
76,12,val,49.242298,0.93
76,13,val,35.993362,0.93
76,14,val,29.363955,0.94
76,15,val,49.352398,0.95
76,16,val,45.786957,0.95
76,17,val,53.848461,0.96
76,18,val,76.214333,0.97
76,19,val,54.557579,0.98
76,20,val,32.889233,0.99
76,21,val,60.706314,0.99
76,22,val,69.694702,1.00
76,23,val,69.435837,1.01
76,24,val,57.931900,1.02
76,25,val,91.151840,1.02
76,26,val,54.066513,1.03
76,27,val,73.987206,1.04
76,28,val,28.387213,1.04
76,29,val,95.140976,1.05
76,30,val,54.688503,1.06
76,31,val,44.035751,1.06
76,32,val,86.601013,1.07
76,33,val,49.821369,1.07
76,34,val,38.706436,1.08
77,0,train,35.111221,0.24
77,1,train,45.620033,0.29
77,2,train,33.568886,0.33
77,3,train,34.501526,0.37
77,4,train,51.217667,0.41
77,5,train,50.004684,0.46
77,6,train,46.102314,0.50
77,7,train,39.998684,0.54
77,8,train,35.028858,0.59
77,9,train,34.899406,0.63
77,10,train,43.016655,0.66
77,11,train,45.373795,0.70
77,12,train,57.601357,0.73
77,0,val,61.005463,0.91
77,1,val,54.829075,0.92
77,2,val,79.927864,0.93
77,3,val,34.457123,0.94
77,4,val,82.465179,0.94
77,5,val,76.525116,0.95
77,6,val,37.693806,0.96
77,7,val,28.937309,0.97
77,8,val,75.840797,0.97
77,9,val,87.758064,0.98
77,10,val,22.463261,0.99
77,11,val,37.731956,1.00
77,12,val,51.399422,1.01
77,13,val,37.309433,1.02
77,14,val,28.799583,1.03
77,15,val,47.572254,1.04
77,16,val,45.500160,1.05
77,17,val,51.352894,1.06
77,18,val,80.284485,1.06
77,19,val,54.418808,1.07
77,20,val,28.252775,1.08
77,21,val,57.134979,1.08
77,22,val,71.179230,1.09
77,23,val,78.315750,1.10
77,24,val,54.874466,1.11
77,25,val,91.084915,1.11
77,26,val,53.097210,1.12
77,27,val,73.830231,1.13
77,28,val,22.369646,1.14
77,29,val,98.490433,1.14
77,30,val,55.359276,1.15
77,31,val,36.167782,1.16
77,32,val,82.473183,1.16
77,33,val,49.363422,1.16
77,34,val,31.694319,1.17
78,0,train,42.958839,0.15
78,1,train,39.897545,0.19
78,2,train,50.685463,0.22
78,3,train,37.648300,0.26
78,4,train,41.240532,0.30
78,5,train,39.230045,0.33
78,6,train,51.712288,0.37
78,7,train,35.112793,0.41
78,8,train,39.988007,0.45
78,9,train,45.950294,0.48
78,10,train,37.259666,0.52
78,11,train,47.400993,0.55
78,12,train,46.183918,0.59
78,0,val,62.804672,0.73
78,1,val,53.732231,0.73
78,2,val,76.150177,0.74
78,3,val,31.129055,0.76
78,4,val,71.560799,0.76
78,5,val,74.875580,0.77
78,6,val,37.840405,0.78
78,7,val,28.839649,0.79
78,8,val,74.897690,0.79
78,9,val,88.578667,0.80
78,10,val,20.132769,0.81
78,11,val,40.474812,0.82
78,12,val,53.054607,0.82
78,13,val,35.573105,0.83
78,14,val,31.143955,0.84
78,15,val,46.808197,0.84
78,16,val,44.810539,0.86
78,17,val,52.760887,0.87
78,18,val,74.212784,0.87
78,19,val,61.289276,0.88
78,20,val,27.068243,0.89
78,21,val,56.851700,0.89
78,22,val,69.312553,0.90
78,23,val,68.755852,0.91
78,24,val,56.856697,0.91
78,25,val,91.171402,0.92
78,26,val,52.988087,0.93
78,27,val,74.888573,0.94
78,28,val,19.591248,0.94
78,29,val,91.934517,0.95
78,30,val,53.588226,0.96
78,31,val,36.256092,0.97
78,32,val,81.275307,0.97
78,33,val,51.004658,0.97
78,34,val,33.546043,0.98
79,0,train,46.091682,0.14
79,1,train,39.834465,0.18
79,2,train,36.007362,0.21
79,3,train,45.126736,0.25
79,4,train,48.604683,0.29
79,5,train,37.727524,0.33
79,6,train,39.861370,0.37
79,7,train,45.824081,0.41
79,8,train,47.011421,0.44
79,9,train,37.364952,0.47
79,10,train,39.364349,0.51
79,11,train,45.748577,0.54
79,12,train,45.117992,0.57
79,0,val,61.076370,0.72
79,1,val,53.114700,0.73
79,2,val,78.803352,0.74
79,3,val,36.829727,0.75
79,4,val,64.565369,0.76
79,5,val,76.405869,0.77
79,6,val,42.203350,0.78
79,7,val,29.825230,0.79
79,8,val,74.340195,0.80
79,9,val,88.725075,0.80
79,10,val,21.802244,0.81
79,11,val,36.912849,0.82
79,12,val,50.147213,0.83
79,13,val,34.536209,0.84
79,14,val,33.778801,0.85
79,15,val,45.177441,0.86
79,16,val,44.255959,0.86
79,17,val,50.834202,0.87
79,18,val,74.641373,0.88
79,19,val,53.969826,0.89
79,20,val,30.483000,0.90
79,21,val,57.003201,0.91
79,22,val,68.079590,0.92
79,23,val,71.812981,0.92
79,24,val,55.770145,0.93
79,25,val,88.213615,0.94
79,26,val,53.259682,0.95
79,27,val,73.449440,0.96
79,28,val,26.996708,0.97
79,29,val,94.986015,0.98
79,30,val,60.219307,0.99
79,31,val,37.277409,0.99
79,32,val,80.958397,1.00
79,33,val,48.487698,1.01
79,34,val,31.592747,1.01
80,0,train,52.626083,0.15
80,1,train,42.405418,0.19
80,2,train,45.241764,0.23
80,3,train,39.477127,0.26
80,4,train,45.852455,0.30
80,5,train,44.339638,0.33
80,6,train,39.271881,0.37
80,7,train,46.573517,0.41
80,8,train,40.311653,0.44
80,9,train,41.763931,0.47
80,10,train,44.557739,0.51
80,11,train,42.882233,0.54
80,12,train,34.775879,0.57
80,0,val,61.305801,0.71
80,1,val,53.768478,0.72
80,2,val,74.964218,0.72
80,3,val,32.350750,0.74
80,4,val,64.310394,0.75
80,5,val,78.100204,0.76
80,6,val,38.864887,0.76
80,7,val,37.716122,0.77
80,8,val,74.509315,0.78
80,9,val,87.110176,0.78
80,10,val,19.859951,0.79
80,11,val,38.399403,0.80
80,12,val,49.323765,0.81
80,13,val,36.929462,0.82
80,14,val,30.201769,0.83
80,15,val,52.545509,0.85
80,16,val,43.349220,0.86
80,17,val,50.146484,0.87
80,18,val,73.694954,0.88
80,19,val,53.079937,0.89
80,20,val,28.241350,0.91
80,21,val,62.037476,0.92
80,22,val,69.298531,0.93
80,23,val,69.897552,0.94
80,24,val,54.770729,0.96
80,25,val,89.377022,0.97
80,26,val,54.634666,0.98
80,27,val,73.491287,0.99
80,28,val,19.373545,1.00
80,29,val,91.895493,1.01
80,30,val,57.981632,1.02
80,31,val,33.944691,1.03
80,32,val,80.232262,1.03
80,33,val,50.940861,1.04
80,34,val,31.295538,1.05
81,0,train,43.202789,0.21
81,1,train,38.763554,0.28
81,2,train,47.431812,0.33
81,3,train,40.500076,0.38
81,4,train,33.832424,0.42
81,5,train,38.395073,0.46
81,6,train,53.817345,0.51
81,7,train,36.495518,0.55
81,8,train,38.741005,0.60
81,9,train,30.319164,0.64
81,10,train,46.689777,0.68
81,11,train,42.229275,0.71
81,12,train,36.483612,0.75
81,0,val,72.936035,0.95
81,1,val,54.603603,0.97
81,2,val,77.149727,0.98
81,3,val,30.751930,0.99
81,4,val,63.727299,1.00
81,5,val,74.415703,1.01
81,6,val,37.353378,1.02
81,7,val,28.636103,1.02
81,8,val,73.205566,1.03
81,9,val,92.225655,1.04
81,10,val,22.284954,1.05
81,11,val,36.674812,1.07
81,12,val,48.999680,1.08
81,13,val,35.195793,1.09
81,14,val,30.777229,1.10
81,15,val,45.853298,1.11
81,16,val,43.571899,1.13
81,17,val,53.630901,1.14
81,18,val,83.389328,1.15
81,19,val,54.503582,1.16
81,20,val,27.174845,1.17
81,21,val,56.472786,1.18
81,22,val,69.763535,1.19
81,23,val,69.105545,1.20
81,24,val,58.644409,1.21
81,25,val,89.012314,1.22
81,26,val,54.360134,1.23
81,27,val,73.614861,1.24
81,28,val,18.650478,1.25
81,29,val,96.738152,1.26
81,30,val,56.385284,1.27
81,31,val,36.182491,1.28
81,32,val,85.743904,1.29
81,33,val,48.762756,1.29
81,34,val,31.156296,1.30
82,0,train,41.843323,0.20
82,1,train,32.651546,0.25
82,2,train,45.433952,0.30
82,3,train,40.618900,0.36
82,4,train,48.068836,0.41
82,5,train,38.842785,0.44
82,6,train,39.807163,0.49
82,7,train,47.606110,0.53
82,8,train,49.583031,0.58
82,9,train,46.378441,0.61
82,10,train,44.113728,0.65
82,11,train,35.467865,0.69
82,12,train,52.928604,0.72
82,0,val,61.342896,0.94
82,1,val,51.698833,0.96
82,2,val,73.957329,0.98
82,3,val,30.257347,0.99
82,4,val,67.014427,1.00
82,5,val,75.464066,1.01
82,6,val,36.202072,1.01
82,7,val,29.054522,1.02
82,8,val,73.028961,1.03
82,9,val,85.453308,1.04
82,10,val,21.918631,1.06
82,11,val,41.202793,1.07
82,12,val,47.688866,1.08
82,13,val,33.923153,1.09
82,14,val,30.536993,1.09
82,15,val,44.002796,1.10
82,16,val,46.082794,1.12
82,17,val,59.034653,1.13
82,18,val,74.355751,1.14
82,19,val,52.767326,1.15
82,20,val,33.125275,1.16
82,21,val,57.023094,1.17
82,22,val,66.414574,1.18
82,23,val,70.626144,1.19
82,24,val,54.416821,1.20
82,25,val,96.891991,1.21
82,26,val,51.284962,1.22
82,27,val,96.437637,1.23
82,28,val,18.793911,1.24
82,29,val,94.481705,1.25
82,30,val,53.457989,1.26
82,31,val,41.221725,1.27
82,32,val,80.541634,1.28
82,33,val,47.653732,1.28
82,34,val,31.398062,1.29
83,0,train,39.226448,0.21
83,1,train,44.442608,0.25
83,2,train,49.850376,0.29
83,3,train,34.243999,0.33
83,4,train,55.669460,0.38
83,5,train,45.144230,0.42
83,6,train,37.345146,0.47
83,7,train,44.601227,0.52
83,8,train,41.421406,0.56
83,9,train,42.300636,0.60
83,10,train,41.584755,0.64
83,11,train,54.610695,0.68
83,12,train,36.630531,0.71
83,0,val,63.624233,0.92
83,1,val,58.207340,0.94
83,2,val,73.590660,0.95
83,3,val,30.829420,0.96
83,4,val,62.482281,0.97
83,5,val,74.141678,0.98
83,6,val,42.194462,1.00
83,7,val,37.305973,1.01
83,8,val,74.136780,1.02
83,9,val,89.061836,1.04
83,10,val,28.546082,1.05
83,11,val,40.280857,1.06
83,12,val,47.073818,1.07
83,13,val,35.352539,1.08
83,14,val,32.342056,1.09
83,15,val,46.423145,1.10
83,16,val,43.855541,1.13
83,17,val,51.263771,1.21
83,18,val,75.482475,1.25
83,19,val,59.664036,1.30
83,20,val,27.427074,1.34
83,21,val,58.804287,1.40
83,22,val,68.620697,1.45
83,23,val,65.951958,1.52
83,24,val,54.314964,1.57
83,25,val,91.013474,1.64
83,26,val,57.358116,1.68
83,27,val,71.587769,1.69
83,28,val,19.459356,1.71
83,29,val,89.463737,1.74
83,30,val,52.202541,1.78
83,31,val,34.127678,1.80
83,32,val,78.717209,1.83
83,33,val,47.062065,1.87
83,34,val,36.163338,1.89
84,0,train,37.768616,0.20
84,1,train,39.459461,0.25
84,2,train,43.125763,0.28
84,3,train,37.254044,0.32
84,4,train,49.705254,0.36
84,5,train,40.422573,0.45
84,6,train,45.571648,0.56
84,7,train,39.279015,0.66
84,8,train,36.639297,0.75
84,9,train,41.443573,0.81
84,10,train,46.760193,0.84
84,11,train,50.066647,0.88
84,12,train,52.291779,0.91
84,0,val,61.317734,1.04
84,1,val,53.447651,1.05
84,2,val,73.766945,1.06
84,3,val,35.544266,1.06
84,4,val,62.171700,1.08
84,5,val,73.331863,1.09
84,6,val,43.299652,1.10
84,7,val,28.024141,1.10
84,8,val,72.572510,1.11
84,9,val,87.037552,1.12
84,10,val,20.961628,1.12
84,11,val,37.529499,1.13
84,12,val,47.399593,1.14
84,13,val,33.450851,1.15
84,14,val,34.236588,1.15
84,15,val,46.407730,1.16
84,16,val,43.189941,1.17
84,17,val,63.464931,1.18
84,18,val,71.918404,1.19
84,19,val,54.056263,1.20
84,20,val,33.974552,1.20
84,21,val,59.430180,1.21
84,22,val,66.262978,1.22
84,23,val,81.420624,1.22
84,24,val,53.015106,1.23
84,25,val,85.775459,1.24
84,26,val,53.366863,1.24
84,27,val,74.534042,1.25
84,28,val,19.836782,1.26
84,29,val,88.921066,1.27
84,30,val,52.373692,1.29
84,31,val,35.497673,1.30
84,32,val,78.385880,1.30
84,33,val,47.708092,1.31
84,34,val,31.053289,1.31
85,0,train,44.630989,0.17
85,1,train,40.397762,0.21
85,2,train,40.731804,0.24
85,3,train,45.797127,0.28
85,4,train,50.716576,0.32
85,5,train,46.687019,0.35
85,6,train,34.962788,0.39
85,7,train,43.685722,0.42
85,8,train,30.644175,0.46
85,9,train,40.779808,0.49
85,10,train,35.976967,0.53
85,11,train,39.220238,0.56
85,12,train,36.790810,0.59
85,0,val,65.826004,0.74
85,1,val,52.210915,0.75
85,2,val,72.515854,0.77
85,3,val,29.721733,0.77
85,4,val,64.491676,0.78
85,5,val,71.708153,0.79
85,6,val,37.256535,0.80
85,7,val,30.497349,0.80
85,8,val,71.715965,0.81
85,9,val,84.935585,0.82
85,10,val,19.539545,0.82
85,11,val,36.852680,0.83
85,12,val,48.608112,0.84
85,13,val,34.451527,0.85
85,14,val,30.321329,0.86
85,15,val,43.917385,0.87
85,16,val,43.116623,0.88
85,17,val,51.412964,0.89
85,18,val,72.210388,0.90
85,19,val,53.382336,0.91
85,20,val,26.764769,0.91
85,21,val,54.891785,0.92
85,22,val,68.310913,0.93
85,23,val,65.267700,0.93
85,24,val,52.482246,0.94
85,25,val,85.897141,0.95
85,26,val,51.155678,0.96
85,27,val,68.334450,0.97
85,28,val,20.827971,0.98
85,29,val,88.198677,0.98
85,30,val,54.603863,0.99
85,31,val,34.328419,1.00
85,32,val,78.457176,1.00
85,33,val,49.854370,1.00
85,34,val,36.124271,1.01
86,0,train,34.165031,0.15
86,1,train,34.714268,0.19
86,2,train,39.144814,0.22
86,3,train,42.730637,0.26
86,4,train,40.379227,0.30
86,5,train,41.893532,0.35
86,6,train,39.454830,0.42
86,7,train,38.795502,0.47
86,8,train,30.540859,0.52
86,9,train,30.595362,0.55
86,10,train,48.826923,0.59
86,11,train,43.847786,0.62
86,12,train,46.668812,0.65
86,0,val,59.970081,0.80
86,1,val,51.537682,0.80
86,2,val,73.117538,0.82
86,3,val,37.753284,0.84
86,4,val,62.367279,0.86
86,5,val,75.415642,0.87
86,6,val,37.748009,0.89
86,7,val,29.578133,0.91
86,8,val,71.269638,0.92
86,9,val,90.678711,0.94
86,10,val,20.257511,0.95
86,11,val,36.240017,0.96
86,12,val,46.764103,0.97
86,13,val,34.168674,0.98
86,14,val,28.159874,1.00
86,15,val,49.801449,1.01
86,16,val,45.881927,1.02
86,17,val,49.318295,1.04
86,18,val,71.313667,1.05
86,19,val,52.282631,1.07
86,20,val,25.777540,1.08
86,21,val,56.587288,1.09
86,22,val,66.475418,1.10
86,23,val,65.459732,1.10
86,24,val,56.809746,1.11
86,25,val,86.095856,1.12
86,26,val,54.919357,1.12
86,27,val,68.483337,1.13
86,28,val,19.449913,1.14
86,29,val,87.657745,1.15
86,30,val,52.281914,1.16
86,31,val,33.478386,1.16
86,32,val,79.128754,1.17
86,33,val,46.822487,1.17
86,34,val,33.185211,1.18
87,0,train,36.177780,0.19
87,1,train,41.109447,0.25
87,2,train,43.112614,0.31
87,3,train,43.257355,0.36
87,4,train,40.348434,0.40
87,5,train,33.885742,0.43
87,6,train,38.596684,0.47
87,7,train,42.841141,0.50
87,8,train,38.716911,0.55
87,9,train,29.074829,0.58
87,10,train,33.711258,0.62
87,11,train,39.858685,0.65
87,12,train,35.968590,0.69
87,0,val,61.212002,0.81
87,1,val,51.124954,0.82
87,2,val,72.655121,0.83
87,3,val,29.703636,0.84
87,4,val,61.363003,0.85
87,5,val,71.079010,0.86
87,6,val,42.914669,0.87
87,7,val,28.193466,0.87
87,8,val,69.812859,0.88
87,9,val,84.936440,0.89
87,10,val,19.828650,0.90
87,11,val,35.431664,0.90
87,12,val,47.388481,0.91
87,13,val,33.542133,0.92
87,14,val,29.167711,0.92
87,15,val,44.284187,0.93
87,16,val,42.426247,0.94
87,17,val,49.053440,0.95
87,18,val,72.081787,0.96
87,19,val,52.870560,0.96
87,20,val,27.641779,0.97
87,21,val,58.170715,0.98
87,22,val,65.529816,0.98
87,23,val,74.627922,0.99
87,24,val,53.033604,1.00
87,25,val,86.033859,1.01
87,26,val,57.229107,1.01
87,27,val,68.525574,1.02
87,28,val,19.755453,1.03
87,29,val,93.957771,1.03
87,30,val,51.712116,1.04
87,31,val,34.040379,1.05
87,32,val,80.942345,1.05
87,33,val,46.963837,1.06
87,34,val,32.606171,1.06
88,0,train,36.578667,0.17
88,1,train,45.316437,0.21
88,2,train,40.165222,0.25
88,3,train,39.197311,0.28
88,4,train,42.482353,0.33
88,5,train,48.255501,0.36
88,6,train,44.712067,0.40
88,7,train,36.350517,0.44
88,8,train,46.040588,0.47
88,9,train,38.517788,0.51
88,10,train,34.350128,0.54
88,11,train,35.902809,0.57
88,12,train,41.929020,0.61
88,0,val,58.522640,0.74
88,1,val,50.459599,0.75
88,2,val,87.568230,0.77
88,3,val,32.577644,0.78
88,4,val,64.399673,0.79
88,5,val,70.881180,0.80
88,6,val,35.082245,0.81
88,7,val,30.994936,0.81
88,8,val,69.981461,0.82
88,9,val,81.735138,0.83
88,10,val,20.060169,0.84
88,11,val,36.946861,0.85
88,12,val,46.574211,0.85
88,13,val,37.001266,0.86
88,14,val,33.292114,0.87
88,15,val,43.671909,0.89
88,16,val,46.885025,0.89
88,17,val,48.447651,0.90
88,18,val,71.473633,0.91
88,19,val,52.634941,0.92
88,20,val,25.179926,0.94
88,21,val,55.182285,0.95
88,22,val,67.538719,0.96
88,23,val,68.230362,0.97
88,24,val,52.408134,0.97
88,25,val,85.060165,0.99
88,26,val,52.012897,0.99
88,27,val,67.449432,1.00
88,28,val,20.329542,1.01
88,29,val,87.897873,1.02
88,30,val,50.873604,1.03
88,31,val,33.979256,1.03
88,32,val,76.343727,1.04
88,33,val,50.238148,1.04
88,34,val,31.216347,1.05
89,0,train,37.907158,0.16
89,1,train,44.624084,0.20
89,2,train,36.175476,0.24
89,3,train,45.478722,0.27
89,4,train,35.943230,0.31
89,5,train,38.057709,0.34
89,6,train,36.119827,0.38
89,7,train,37.773079,0.42
89,8,train,37.867973,0.45
89,9,train,36.990105,0.48
89,10,train,37.534157,0.52
89,11,train,41.559677,0.55
89,12,train,39.025574,0.59
89,0,val,59.598244,0.74
89,1,val,51.766193,0.74
89,2,val,73.139458,0.75
89,3,val,29.373280,0.76
89,4,val,60.678154,0.77
89,5,val,76.632805,0.78
89,6,val,41.402390,0.79
89,7,val,27.251385,0.79
89,8,val,71.531250,0.80
89,9,val,82.507652,0.81
89,10,val,18.920944,0.82
89,11,val,41.115417,0.82
89,12,val,47.014061,0.83
89,13,val,33.362389,0.84
89,14,val,31.870882,0.84
89,15,val,43.112728,0.85
89,16,val,42.918144,0.86
89,17,val,51.813450,0.87
89,18,val,72.035988,0.88
89,19,val,57.121281,0.88
89,20,val,28.565351,0.89
89,21,val,54.450775,0.90
89,22,val,65.675255,0.91
89,23,val,64.506676,0.91
89,24,val,55.443401,0.92
89,25,val,84.684669,0.93
89,26,val,50.147827,0.94
89,27,val,77.762344,0.94
89,28,val,18.689251,0.95
89,29,val,87.293411,0.96
89,30,val,51.567726,0.97
89,31,val,35.104279,0.97
89,32,val,78.941269,0.98
89,33,val,46.504280,0.98
89,34,val,34.086857,0.99
90,0,train,38.372955,0.16
90,1,train,40.080463,0.20
90,2,train,46.182209,0.24
90,3,train,44.561581,0.27
90,4,train,45.445194,0.31
90,5,train,39.543556,0.34
90,6,train,38.600403,0.38
90,7,train,38.350891,0.42
90,8,train,32.385372,0.45
90,9,train,30.296696,0.48
90,10,train,41.248741,0.52
90,11,train,62.527592,0.55
90,12,train,40.126694,0.59
90,0,val,69.210403,0.71
90,1,val,50.912365,0.72
90,2,val,73.031212,0.73
90,3,val,29.543331,0.74
90,4,val,60.150894,0.75
90,5,val,76.999702,0.76
90,6,val,35.204742,0.77
90,7,val,27.854368,0.77
90,8,val,70.126617,0.78
90,9,val,82.272232,0.79
90,10,val,20.576227,0.79
90,11,val,36.538574,0.80
90,12,val,45.343616,0.81
90,13,val,40.813171,0.81
90,14,val,29.840021,0.82
90,15,val,43.347721,0.83
90,16,val,45.571568,0.84
90,17,val,48.022175,0.85
90,18,val,73.788589,0.86
90,19,val,51.605042,0.87
90,20,val,28.206799,0.87
90,21,val,62.547718,0.88
90,22,val,64.379807,0.89
90,23,val,64.532745,0.89
90,24,val,53.662952,0.90
90,25,val,95.551682,0.91
90,26,val,58.319736,0.92
90,27,val,67.596664,0.92
90,28,val,25.219707,0.93
90,29,val,90.068359,0.94
90,30,val,50.440548,0.95
90,31,val,37.420273,0.95
90,32,val,75.357475,0.96
90,33,val,46.935078,0.96
90,34,val,30.571125,0.97
91,0,train,35.263378,0.16
91,1,train,43.385345,0.20
91,2,train,45.447266,0.23
91,3,train,44.911041,0.27
91,4,train,48.706059,0.30
91,5,train,39.818573,0.34
91,6,train,34.897278,0.37
91,7,train,36.886044,0.41
91,8,train,43.377380,0.45
91,9,train,37.346321,0.48
91,10,train,33.659801,0.52
91,11,train,38.920212,0.55
91,12,train,41.745796,0.58
91,0,val,57.875916,0.77
91,1,val,52.061779,0.79
91,2,val,73.371468,0.80
91,3,val,33.270576,0.81
91,4,val,61.682152,0.83
91,5,val,68.656059,0.84
91,6,val,35.622005,0.85
91,7,val,28.600382,0.86
91,8,val,68.728333,0.87
91,9,val,89.608513,0.89
91,10,val,19.278610,0.90
91,11,val,37.677330,0.92
91,12,val,46.413174,0.93
91,13,val,37.040112,0.94
91,14,val,28.595737,0.95
91,15,val,43.652061,0.96
91,16,val,41.353268,0.97
91,17,val,47.828117,0.99
91,18,val,69.932808,0.99
91,19,val,57.345356,1.00
91,20,val,30.271524,1.01
91,21,val,59.134243,1.02
91,22,val,64.185036,1.03
91,23,val,63.745415,1.04
91,24,val,59.768154,1.05
91,25,val,84.274994,1.06
91,26,val,49.353001,1.07
91,27,val,69.610252,1.09
91,28,val,17.887371,1.10
91,29,val,84.604141,1.11
91,30,val,50.905247,1.12
91,31,val,34.898926,1.12
91,32,val,75.209465,1.13
91,33,val,45.918915,1.13
91,34,val,31.121567,1.14
92,0,train,46.220139,0.21
92,1,train,38.249924,0.26
92,2,train,40.261452,0.30
92,3,train,33.365719,0.43
92,4,train,38.330696,0.48
92,5,train,37.049248,0.52
92,6,train,33.885883,0.56
92,7,train,39.990799,0.60
92,8,train,36.089188,0.64
92,9,train,48.632950,0.68
92,10,train,33.356522,0.72
92,11,train,38.283173,0.76
92,12,train,33.867302,0.79
92,0,val,57.541821,1.00
92,1,val,49.732777,1.02
92,2,val,70.063980,1.02
92,3,val,28.880821,1.03
92,4,val,59.295086,1.04
92,5,val,70.870773,1.06
92,6,val,35.501297,1.07
92,7,val,27.482218,1.08
92,8,val,69.183083,1.08
92,9,val,83.010063,1.09
92,10,val,20.606403,1.10
92,11,val,39.307285,1.12
92,12,val,45.863014,1.13
92,13,val,36.634705,1.14
92,14,val,28.463358,1.15
92,15,val,42.333488,1.16
92,16,val,49.750034,1.17
92,17,val,52.388088,1.18
92,18,val,69.515923,1.19
92,19,val,50.245003,1.20
92,20,val,25.892338,1.21
92,21,val,57.772675,1.22
92,22,val,65.386734,1.23
92,23,val,70.617409,1.24
92,24,val,55.327332,1.24
92,25,val,81.519096,1.25
92,26,val,49.297127,1.26
92,27,val,68.702049,1.27
92,28,val,19.188185,1.28
92,29,val,84.700035,1.29
92,30,val,50.984085,1.30
92,31,val,33.503811,1.30
92,32,val,74.672905,1.31
92,33,val,44.997372,1.32
92,34,val,39.235569,1.33
93,0,train,31.769005,0.21
93,1,train,30.712976,0.27
93,2,train,45.028534,0.32
93,3,train,39.191605,0.37
93,4,train,38.100742,0.42
93,5,train,32.055614,0.46
93,6,train,37.402382,0.51
93,7,train,41.825218,0.56
93,8,train,38.725460,0.61
93,9,train,32.694702,0.64
93,10,train,42.867149,0.67
93,11,train,34.157104,0.72
93,12,train,39.121735,0.75
93,0,val,58.941982,0.96
93,1,val,50.199097,0.97
93,2,val,69.929810,0.98
93,3,val,29.698484,0.99
93,4,val,59.344345,1.00
93,5,val,68.835205,1.01
93,6,val,34.975624,1.02
93,7,val,29.144896,1.03
93,8,val,70.019135,1.05
93,9,val,79.820107,1.06
93,10,val,19.606411,1.08
93,11,val,43.375038,1.09
93,12,val,44.989567,1.10
93,13,val,33.356876,1.11
93,14,val,31.079744,1.12
93,15,val,42.601521,1.13
93,16,val,44.108677,1.15
93,17,val,48.369862,1.17
93,18,val,69.807083,1.18
93,19,val,51.082760,1.19
93,20,val,25.389122,1.20
93,21,val,53.196671,1.21
93,22,val,64.214432,1.23
93,23,val,62.068768,1.24
93,24,val,51.210384,1.25
93,25,val,80.965019,1.26
93,26,val,48.951797,1.27
93,27,val,66.735519,1.29
93,28,val,19.832636,1.30
93,29,val,84.357071,1.31
93,30,val,49.647449,1.32
93,31,val,33.540501,1.33
93,32,val,74.318062,1.34
93,33,val,45.581837,1.34
93,34,val,30.532667,1.35
94,0,train,35.522278,0.24
94,1,train,31.668213,0.29
94,2,train,40.377728,0.33
94,3,train,31.246895,0.38
94,4,train,32.034641,0.44
94,5,train,44.798073,0.49
94,6,train,49.152637,0.53
94,7,train,37.000092,0.58
94,8,train,42.302216,0.62
94,9,train,25.832073,0.66
94,10,train,39.288773,0.70
94,11,train,43.315392,0.73
94,12,train,40.534210,0.77
94,0,val,63.937420,1.02
94,1,val,50.891232,1.03
94,2,val,70.673805,1.04
94,3,val,28.646954,1.05
94,4,val,59.910110,1.06
94,5,val,71.267807,1.07
94,6,val,37.679211,1.08
94,7,val,28.272821,1.09
94,8,val,74.063499,1.09
94,9,val,86.957764,1.10
94,10,val,18.156776,1.11
94,11,val,36.345444,1.12
94,12,val,45.328575,1.12
94,13,val,41.037392,1.13
94,14,val,31.379774,1.14
94,15,val,48.583344,1.15
94,16,val,40.536690,1.16
94,17,val,48.603603,1.17
94,18,val,69.103683,1.17
94,19,val,50.717873,1.18
94,20,val,26.150103,1.19
94,21,val,55.836781,1.19
94,22,val,62.691906,1.20
94,23,val,64.948799,1.21
94,24,val,52.526409,1.22
94,25,val,82.451698,1.22
94,26,val,49.444332,1.23
94,27,val,64.882133,1.24
94,28,val,18.795973,1.25
94,29,val,87.262527,1.26
94,30,val,52.779778,1.26
94,31,val,34.393978,1.27
94,32,val,74.497711,1.27
94,33,val,61.938660,1.28
94,34,val,30.847912,1.28
95,0,train,44.310223,0.15
95,1,train,42.274277,0.18
95,2,train,38.544342,0.22
95,3,train,37.074398,0.25
95,4,train,38.852394,0.29
95,5,train,48.424042,0.33
95,6,train,43.386971,0.36
95,7,train,47.558296,0.40
95,8,train,40.828884,0.44
95,9,train,36.517845,0.47
95,10,train,38.165375,0.51
95,11,train,28.206408,0.54
95,12,train,37.491364,0.57
95,0,val,58.022511,0.71
95,1,val,48.503204,0.72
95,2,val,69.233704,0.73
95,3,val,29.780352,0.74
95,4,val,59.487797,0.75
95,5,val,71.081688,0.75
95,6,val,35.129971,0.76
95,7,val,31.105888,0.77
95,8,val,67.186485,0.78
95,9,val,81.034103,0.78
95,10,val,19.219318,0.79
95,11,val,36.001717,0.80
95,12,val,50.215141,0.80
95,13,val,31.808079,0.81
95,14,val,28.925131,0.82
95,15,val,46.712414,0.83
95,16,val,47.466976,0.83
95,17,val,47.540810,0.84
95,18,val,70.275223,0.85
95,19,val,50.337841,0.86
95,20,val,28.985695,0.87
95,21,val,58.279400,0.87
95,22,val,63.166859,0.88
95,23,val,62.471382,0.89
95,24,val,49.549538,0.89
95,25,val,82.664703,0.90
95,26,val,48.384903,0.91
95,27,val,68.114685,0.92
95,28,val,18.627928,0.92
95,29,val,86.881516,0.93
95,30,val,48.879150,0.94
95,31,val,33.497662,0.95
95,32,val,73.671371,0.95
95,33,val,45.880802,0.96
95,34,val,30.787169,0.96
96,0,train,37.337223,0.15
96,1,train,37.142990,0.19
96,2,train,30.950249,0.23
96,3,train,40.344910,0.26
96,4,train,44.111591,0.30
96,5,train,43.028252,0.34
96,6,train,36.777176,0.37
96,7,train,37.174934,0.42
96,8,train,38.670532,0.46
96,9,train,28.663975,0.49
96,10,train,35.048401,0.53
96,11,train,32.598457,0.56
96,12,train,46.233818,0.59
96,0,val,57.259491,0.74
96,1,val,50.124317,0.74
96,2,val,70.431747,0.75
96,3,val,29.858795,0.77
96,4,val,59.153137,0.77
96,5,val,75.315208,0.78
96,6,val,37.345966,0.79
96,7,val,35.298649,0.79
96,8,val,68.599785,0.80
96,9,val,81.933685,0.81
96,10,val,18.786224,0.82
96,11,val,33.690090,0.82
96,12,val,44.212944,0.83
96,13,val,41.419048,0.84
96,14,val,29.129318,0.84
96,15,val,43.605988,0.85
96,16,val,41.731094,0.86
96,17,val,48.051983,0.87
96,18,val,68.586578,0.88
96,19,val,49.961620,0.88
96,20,val,25.217562,0.89
96,21,val,53.192226,0.90
96,22,val,63.705894,0.90
96,23,val,61.486603,0.91
96,24,val,49.606174,0.91
96,25,val,84.667168,0.92
96,26,val,47.949474,0.93
96,27,val,65.280670,0.94
96,28,val,20.881521,0.94
96,29,val,84.563103,0.95
96,30,val,49.523987,0.96
96,31,val,38.971172,0.96
96,32,val,79.972725,0.97
96,33,val,43.970028,0.97
96,34,val,29.606110,0.98
97,0,train,32.478085,0.14
97,1,train,37.794312,0.23
97,2,train,37.203026,0.28
97,3,train,33.986549,0.32
97,4,train,31.035576,0.36
97,5,train,39.322529,0.40
97,6,train,40.105686,0.44
97,7,train,34.528137,0.47
97,8,train,50.856941,0.50
97,9,train,42.464748,0.54
97,10,train,34.221085,0.57
97,11,train,35.436405,0.61
97,12,train,48.484383,0.65
97,0,val,55.578831,0.82
97,1,val,49.587746,0.84
97,2,val,71.422806,0.85
97,3,val,33.309650,0.86
97,4,val,60.343513,0.87
97,5,val,68.632294,0.88
97,6,val,35.123020,0.89
97,7,val,41.099472,0.91
97,8,val,71.226051,0.92
97,9,val,79.874908,0.94
97,10,val,25.393421,0.95
97,11,val,35.391403,0.97
97,12,val,44.809288,0.97
97,13,val,32.416954,0.98
97,14,val,27.484083,0.99
97,15,val,40.809071,0.99
97,16,val,40.269024,1.00
97,17,val,47.486607,1.01
97,18,val,71.041725,1.02
97,19,val,50.694172,1.03
97,20,val,24.345119,1.04
97,21,val,53.391113,1.05
97,22,val,62.231724,1.05
97,23,val,60.748100,1.06
97,24,val,52.683662,1.07
97,25,val,79.434959,1.07
97,26,val,46.759594,1.08
97,27,val,67.083023,1.09
97,28,val,22.601904,1.09
97,29,val,83.897812,1.10
97,30,val,49.456448,1.12
97,31,val,32.114471,1.13
97,32,val,73.890846,1.14
97,33,val,43.934582,1.15
97,34,val,29.936508,1.16
98,0,train,38.927406,0.17
98,1,train,37.772831,0.21
98,2,train,42.829700,0.24
98,3,train,37.197643,0.28
98,4,train,37.426338,0.32
98,5,train,37.492172,0.35
98,6,train,49.529846,0.39
98,7,train,34.911835,0.42
98,8,train,35.349449,0.46
98,9,train,42.966892,0.49
98,10,train,33.580570,0.52
98,11,train,40.655560,0.56
98,12,train,36.286537,0.59
98,0,val,55.967518,0.75
98,1,val,56.597305,0.76
98,2,val,74.593956,0.77
98,3,val,27.759348,0.78
98,4,val,59.311245,0.79
98,5,val,66.270912,0.80
98,6,val,38.054153,0.80
98,7,val,29.327692,0.81
98,8,val,66.224876,0.82
98,9,val,84.554901,0.82
98,10,val,19.447865,0.83
98,11,val,33.410831,0.84
98,12,val,47.051277,0.85
98,13,val,32.235664,0.85
98,14,val,27.109653,0.86
98,15,val,42.065708,0.87
98,16,val,40.115936,0.88
98,17,val,48.686707,0.89
98,18,val,70.908134,0.90
98,19,val,51.413757,0.90
98,20,val,25.335716,0.91
98,21,val,53.395081,0.92
98,22,val,62.010601,0.93
98,23,val,61.841549,0.94
98,24,val,48.663174,0.94
98,25,val,79.632774,0.95
98,26,val,48.090904,0.96
98,27,val,63.938511,0.97
98,28,val,18.391571,0.98
98,29,val,82.346031,0.99
98,30,val,48.226784,0.99
98,31,val,46.652851,1.00
98,32,val,75.820900,1.00
98,33,val,46.566288,1.00
98,34,val,31.065359,1.01
99,0,train,37.582531,0.17
99,1,train,41.170082,0.21
99,2,train,32.461662,0.25
99,3,train,39.718063,0.28
99,4,train,40.744678,0.32
99,5,train,39.240845,0.35
99,6,train,40.382484,0.39
99,7,train,40.162369,0.43
99,8,train,42.013508,0.47
99,9,train,29.635395,0.50
99,10,train,45.509304,0.54
99,11,train,35.700249,0.58
99,12,train,32.965446,0.61
99,0,val,60.366497,0.75
99,1,val,50.838196,0.75
99,2,val,67.341095,0.76
99,3,val,29.130266,0.78
99,4,val,57.933514,0.78
99,5,val,65.225998,0.79
99,6,val,36.650043,0.80
99,7,val,28.483068,0.80
99,8,val,65.448227,0.81
99,9,val,78.649246,0.82
99,10,val,20.541338,0.83
99,11,val,34.660866,0.83
99,12,val,44.673283,0.84
99,13,val,33.334728,0.85
99,14,val,28.567532,0.85
99,15,val,42.273132,0.86
99,16,val,42.302853,0.87
99,17,val,46.905018,0.88
99,18,val,67.223618,0.89
99,19,val,52.035088,0.90
99,20,val,25.143805,0.90
99,21,val,56.376274,0.91
99,22,val,62.364998,0.92
99,23,val,68.134789,0.92
99,24,val,49.566406,0.93
99,25,val,79.487831,0.94
99,26,val,46.868683,0.94
99,27,val,64.434532,0.95
99,28,val,18.985369,0.96
99,29,val,84.683922,0.96
99,30,val,51.447517,0.97
99,31,val,36.656502,0.98
99,32,val,73.292068,0.98
99,33,val,50.452782,0.99
99,34,val,31.104805,0.99
100,0,train,38.982796,0.14
100,1,train,34.994553,0.18
100,2,train,41.664055,0.21
100,3,train,33.334209,0.25
100,4,train,31.268822,0.29
100,5,train,38.366165,0.32
100,6,train,44.173244,0.36
100,7,train,31.965084,0.41
100,8,train,38.976738,0.44
100,9,train,34.562733,0.47
100,10,train,34.247952,0.51
100,11,train,36.296066,0.54
100,12,train,39.866119,0.58
100,0,val,60.699245,0.71
100,1,val,47.773113,0.72
100,2,val,72.898407,0.73
100,3,val,27.788700,0.73
100,4,val,58.820736,0.75
100,5,val,64.795967,0.75
100,6,val,41.686558,0.76
100,7,val,28.910669,0.77
100,8,val,64.846947,0.78
100,9,val,77.728027,0.78
100,10,val,24.073799,0.79
100,11,val,35.729393,0.80
100,12,val,45.023746,0.80
100,13,val,31.914787,0.81
100,14,val,29.248005,0.82
100,15,val,42.167515,0.82
100,16,val,57.545189,0.83
100,17,val,45.486866,0.84
100,18,val,66.992226,0.85
100,19,val,66.845116,0.86
100,20,val,25.259317,0.87
100,21,val,56.405582,0.87
100,22,val,64.995033,0.88
100,23,val,63.843880,0.89
100,24,val,49.883560,0.90
100,25,val,80.458893,0.90
100,26,val,46.289017,0.91
100,27,val,71.212440,0.92
100,28,val,18.336233,0.92
100,29,val,83.072632,0.93
100,30,val,47.505585,0.94
100,31,val,34.331215,0.94
100,32,val,82.870544,0.95
100,33,val,43.169167,0.95
100,34,val,30.536098,0.96
101,0,train,39.443676,0.14
101,1,train,35.219818,0.18
101,2,train,36.791664,0.21
101,3,train,31.694292,0.25
101,4,train,40.890213,0.29
101,5,train,39.366814,0.32
101,6,train,39.479614,0.36
101,7,train,41.300247,0.40
101,8,train,31.748306,0.44
101,9,train,37.342686,0.47
101,10,train,45.928711,0.51
101,11,train,29.600536,0.54
101,12,train,34.199711,0.58
101,0,val,64.287735,0.71
101,1,val,49.270508,0.72
101,2,val,68.359962,0.72
101,3,val,28.070415,0.73
101,4,val,60.201355,0.74
101,5,val,75.804459,0.75
101,6,val,45.437683,0.76
101,7,val,27.441523,0.76
101,8,val,69.272202,0.77
101,9,val,83.237114,0.78
101,10,val,19.402018,0.78
101,11,val,36.090431,0.79
101,12,val,44.417149,0.80
101,13,val,39.767506,0.81
101,14,val,26.602217,0.81
101,15,val,39.881664,0.82
101,16,val,40.895020,0.83
101,17,val,45.160446,0.83
101,18,val,66.168587,0.85
101,19,val,49.936481,0.85
101,20,val,24.820194,0.86
101,21,val,52.457497,0.87
101,22,val,63.222679,0.88
101,23,val,59.604160,0.88
101,24,val,49.552334,0.89
101,25,val,78.549957,0.90
101,26,val,45.407440,0.90
101,27,val,61.738888,0.91
101,28,val,18.734072,0.92
101,29,val,81.364960,0.92
101,30,val,47.280674,0.93
101,31,val,32.621773,0.94
101,32,val,72.606750,0.94
101,33,val,43.230888,0.95
101,34,val,39.338657,0.95
102,0,train,34.698864,0.16
102,1,train,31.928608,0.20
102,2,train,34.608345,0.23
102,3,train,37.997673,0.27
102,4,train,36.868568,0.31
102,5,train,36.029694,0.35
102,6,train,34.445366,0.40
102,7,train,31.463209,0.45
102,8,train,42.080368,0.49
102,9,train,35.715775,0.53
102,10,train,36.533981,0.57
102,11,train,45.282028,0.60
102,12,train,41.587086,0.64
102,0,val,56.013454,0.85
102,1,val,47.379299,0.86
102,2,val,69.176308,0.87
102,3,val,26.999538,0.89
102,4,val,57.715782,0.90
102,5,val,64.081085,0.91
102,6,val,36.037140,0.92
102,7,val,26.554037,0.93
102,8,val,64.318275,0.94
102,9,val,77.814285,0.95
102,10,val,18.415756,0.96
102,11,val,36.715656,0.97
102,12,val,42.346115,0.99
102,13,val,38.744473,1.00
102,14,val,30.457861,1.01
102,15,val,41.005775,1.01
102,16,val,40.553238,1.02
102,17,val,49.380077,1.03
102,18,val,97.987022,1.04
102,19,val,49.237503,1.05
102,20,val,24.200241,1.07
102,21,val,55.796818,1.08
102,22,val,61.707283,1.09
102,23,val,60.848583,1.10
102,24,val,48.278358,1.11
102,25,val,77.727806,1.12
102,26,val,45.942772,1.13
102,27,val,62.034084,1.14
102,28,val,22.457481,1.15
102,29,val,80.267502,1.16
102,30,val,47.809250,1.18
102,31,val,33.047306,1.19
102,32,val,71.919037,1.20
102,33,val,43.347401,1.21
102,34,val,35.099445,1.22
103,0,train,28.401466,0.20
103,1,train,37.793247,0.25
103,2,train,42.629837,0.29
103,3,train,27.618563,0.33
103,4,train,35.833385,0.38
103,5,train,32.994606,0.42
103,6,train,44.417320,0.47
103,7,train,33.037704,0.51
103,8,train,35.279236,0.56
103,9,train,30.255671,0.59
103,10,train,43.087574,0.63
103,11,train,37.949471,0.66
103,12,train,35.949509,0.70
103,0,val,57.907967,0.88
103,1,val,48.873432,0.90
103,2,val,68.717567,0.92
103,3,val,26.811539,0.93
103,4,val,56.517590,0.94
103,5,val,64.135376,0.95
103,6,val,41.399845,0.95
103,7,val,29.560841,0.96
103,8,val,65.007607,0.97
103,9,val,77.779884,0.98
103,10,val,21.912800,1.00
103,11,val,36.165642,1.01
103,12,val,43.031898,1.02
103,13,val,30.731695,1.03
103,14,val,30.482351,1.04
103,15,val,42.352833,1.05
103,16,val,40.789616,1.06
103,17,val,45.484329,1.07
103,18,val,64.999886,1.08
103,19,val,48.894093,1.09
103,20,val,26.658943,1.10
103,21,val,54.155941,1.12
103,22,val,60.955410,1.13
103,23,val,60.285091,1.14
103,24,val,47.793655,1.15
103,25,val,78.395409,1.16
103,26,val,46.109726,1.18
103,27,val,67.426552,1.19
103,28,val,19.843323,1.20
103,29,val,79.929100,1.21
103,30,val,47.242519,1.22
103,31,val,32.557636,1.23
103,32,val,71.163910,1.24
103,33,val,42.590343,1.24
103,34,val,29.063950,1.25
104,0,train,43.524715,0.29
104,1,train,50.772903,0.37
104,2,train,35.595718,0.44
104,3,train,34.333210,0.52
104,4,train,39.606201,0.58
104,5,train,31.427959,0.66
104,6,train,33.677402,0.73
104,7,train,34.627972,0.83
104,8,train,34.505032,0.96
104,9,train,38.661526,1.05
104,10,train,33.042496,1.08
104,11,train,36.757835,1.13
104,12,train,42.123524,1.16
104,0,val,67.622948,1.38
104,1,val,49.145081,1.40
104,2,val,65.889404,1.41
104,3,val,29.683126,1.42
104,4,val,57.150978,1.43
104,5,val,65.869095,1.44
104,6,val,35.864239,1.45
104,7,val,26.552694,1.46
104,8,val,63.081642,1.47
104,9,val,81.368080,1.48
104,10,val,18.084797,1.50
104,11,val,33.199379,1.51
104,12,val,44.808739,1.52
104,13,val,34.844059,1.53
104,14,val,27.803278,1.54
104,15,val,49.177525,1.55
104,16,val,47.566387,1.56
104,17,val,46.610348,1.57
104,18,val,64.660378,1.59
104,19,val,47.588200,1.60
104,20,val,25.917965,1.61
104,21,val,55.524006,1.62
104,22,val,62.398563,1.64
104,23,val,59.605572,1.65
104,24,val,52.494133,1.66
104,25,val,77.942772,1.67
104,26,val,49.130440,1.68
104,27,val,67.222054,1.69
104,28,val,18.016649,1.70
104,29,val,80.730072,1.71
104,30,val,46.287754,1.73
104,31,val,32.991173,1.73
104,32,val,70.056488,1.74
104,33,val,44.294346,1.75
104,34,val,31.811577,1.75
105,0,train,31.862164,0.23
105,1,train,34.694588,0.29
105,2,train,38.117981,0.34
105,3,train,32.486118,0.38
105,4,train,30.537172,0.43
105,5,train,34.402725,0.48
105,6,train,39.897316,0.53
105,7,train,41.537468,0.58
105,8,train,33.564957,0.62
105,9,train,36.615952,0.65
105,10,train,37.562397,0.69
105,11,train,32.912167,0.72
105,12,train,38.589333,0.76
105,0,val,54.895668,0.89
105,1,val,53.506233,0.90
105,2,val,66.090401,0.91
105,3,val,26.818312,0.92
105,4,val,62.742073,0.93
105,5,val,64.797089,0.94
105,6,val,37.560856,0.94
105,7,val,27.021896,0.95
105,8,val,71.493973,0.96
105,9,val,76.122032,0.96
105,10,val,25.584532,0.97
105,11,val,33.871178,0.98
105,12,val,44.326992,0.98
105,13,val,32.722431,0.99
105,14,val,29.335081,1.00
105,15,val,40.907970,1.01
105,16,val,41.337364,1.01
105,17,val,44.531712,1.02
105,18,val,65.695404,1.03
105,19,val,48.501266,1.04
105,20,val,24.573750,1.04
105,21,val,51.826954,1.05
105,22,val,62.412418,1.06
105,23,val,61.118069,1.06
105,24,val,47.673302,1.07
105,25,val,76.022499,1.08
105,26,val,44.888649,1.08
105,27,val,60.637531,1.09
105,28,val,18.668224,1.10
105,29,val,81.214050,1.10
105,30,val,46.930588,1.11
105,31,val,32.068192,1.12
105,32,val,69.492554,1.12
105,33,val,50.116108,1.13
105,34,val,30.521118,1.13
106,0,train,41.195290,0.16
106,1,train,35.510902,0.20
106,2,train,45.379425,0.23
106,3,train,41.290039,0.26
106,4,train,44.493156,0.31
106,5,train,31.667774,0.34
106,6,train,41.206635,0.37
106,7,train,34.118599,0.41
106,8,train,31.279821,0.45
106,9,train,36.363811,0.48
106,10,train,41.517597,0.52
106,11,train,45.542912,0.56
106,12,train,42.452454,0.59
106,0,val,59.170216,0.72
106,1,val,47.229885,0.73
106,2,val,68.487869,0.74
106,3,val,27.323181,0.74
106,4,val,55.849606,0.75
106,5,val,66.022072,0.76
106,6,val,36.083115,0.77
106,7,val,33.144421,0.78
106,8,val,64.201797,0.78
106,9,val,75.089005,0.79
106,10,val,18.042603,0.80
106,11,val,33.124569,0.80
106,12,val,42.370068,0.81
106,13,val,33.232555,0.82
106,14,val,30.545353,0.82
106,15,val,39.741726,0.83
106,16,val,41.386688,0.84
106,17,val,43.645077,0.85
106,18,val,65.474220,0.86
106,19,val,48.482864,0.87
106,20,val,24.547138,0.87
106,21,val,52.736847,0.88
106,22,val,63.675377,0.89
106,23,val,60.404930,0.89
106,24,val,47.971050,0.90
106,25,val,76.551521,0.91
106,26,val,45.069267,0.91
106,27,val,60.194626,0.92
106,28,val,20.044279,0.93
106,29,val,82.636337,0.93
106,30,val,45.422195,0.94
106,31,val,33.304028,0.95
106,32,val,69.770645,0.95
106,33,val,47.557690,0.96
106,34,val,28.293573,0.96
107,0,train,33.481339,0.16
107,1,train,31.817190,0.20
107,2,train,32.704865,0.24
107,3,train,33.364536,0.27
107,4,train,43.134483,0.31
107,5,train,42.046215,0.35
107,6,train,35.900421,0.38
107,7,train,38.497482,0.42
107,8,train,44.140099,0.53
107,9,train,40.999962,0.56
107,10,train,38.890686,0.59
107,11,train,33.864193,0.63
107,12,train,35.799709,0.66
107,0,val,54.413078,0.80
107,1,val,46.177391,0.81
107,2,val,67.309029,0.82
107,3,val,26.990616,0.84
107,4,val,55.360600,0.84
107,5,val,68.534737,0.85
107,6,val,34.085712,0.86
107,7,val,25.676067,0.87
107,8,val,64.805016,0.89
107,9,val,76.397766,0.89
107,10,val,26.283152,0.90
107,11,val,33.389130,0.91
107,12,val,43.842991,0.91
107,13,val,33.577053,0.92
107,14,val,28.509462,0.93
107,15,val,39.599903,0.94
107,16,val,39.874199,0.95
107,17,val,45.369431,0.96
107,18,val,65.395714,0.96
107,19,val,50.049580,0.97
107,20,val,25.154106,0.98
107,21,val,54.417290,0.99
107,22,val,59.680115,0.99
107,23,val,58.383648,1.00
107,24,val,51.369411,1.01
107,25,val,76.330597,1.01
107,26,val,43.900009,1.02
107,27,val,68.841408,1.03
107,28,val,18.521563,1.04
107,29,val,80.857780,1.04
107,30,val,46.156788,1.05
107,31,val,31.213949,1.05
107,32,val,71.218063,1.06
107,33,val,43.809242,1.06
107,34,val,29.114628,1.07
108,0,train,37.683563,0.14
108,1,train,34.960987,0.18
108,2,train,28.407110,0.22
108,3,train,28.940172,0.25
108,4,train,29.997110,0.29
108,5,train,31.329115,0.33
108,6,train,27.860239,0.36
108,7,train,35.588516,0.40
108,8,train,23.791492,0.44
108,9,train,37.151432,0.47
108,10,train,31.909836,0.52
108,11,train,29.031681,0.55
108,12,train,39.675415,0.59
108,0,val,55.741077,0.73
108,1,val,47.582169,0.74
108,2,val,68.597359,0.76
108,3,val,32.526398,0.77
108,4,val,56.303062,0.78
108,5,val,63.278065,0.80
108,6,val,32.966740,0.81
108,7,val,30.662724,0.82
108,8,val,63.771797,0.83
108,9,val,75.435547,0.84
108,10,val,18.321453,0.85
108,11,val,33.889412,0.87
108,12,val,81.014488,0.88
108,13,val,31.966749,0.89
108,14,val,28.308527,0.90
108,15,val,40.674480,0.91
108,16,val,40.959000,0.92
108,17,val,46.689087,0.94
108,18,val,66.766129,0.95
108,19,val,50.672775,0.95
108,20,val,24.039370,0.97
108,21,val,53.254910,0.97
108,22,val,60.242222,0.98
108,23,val,57.241375,0.99
108,24,val,47.722187,1.00
108,25,val,76.317162,1.00
108,26,val,45.907711,1.01
108,27,val,65.146584,1.02
108,28,val,17.253199,1.02
108,29,val,85.692451,1.03
108,30,val,44.964375,1.04
108,31,val,32.162163,1.04
108,32,val,72.135063,1.05
108,33,val,54.556637,1.05
108,34,val,30.333731,1.06
109,0,train,32.794876,0.14
109,1,train,37.380020,0.18
109,2,train,31.893953,0.21
109,3,train,31.556732,0.25
109,4,train,38.684906,0.29
109,5,train,37.669678,0.33
109,6,train,36.612164,0.36
109,7,train,42.265266,0.40
109,8,train,43.521286,0.44
109,9,train,33.540779,0.48
109,10,train,39.870525,0.52
109,11,train,36.101246,0.55
109,12,train,39.610664,0.58
109,0,val,54.263626,0.71
109,1,val,45.741451,0.72
109,2,val,64.535645,0.73
109,3,val,28.247990,0.73
109,4,val,55.622253,0.75
109,5,val,65.779198,0.75
109,6,val,33.702103,0.76
109,7,val,27.007336,0.77
109,8,val,62.708618,0.77
109,9,val,76.643135,0.78
109,10,val,19.366440,0.79
109,11,val,36.169079,0.80
109,12,val,41.589783,0.81
109,13,val,36.693813,0.81
109,14,val,31.009750,0.82
109,15,val,40.756443,0.83
109,16,val,39.440113,0.84
109,17,val,46.982468,0.85
109,18,val,63.951443,0.85
109,19,val,47.239628,0.86
109,20,val,23.744558,0.87
109,21,val,65.011551,0.88
109,22,val,64.553688,0.88
109,23,val,59.310966,0.89
109,24,val,46.766613,0.90
109,25,val,74.536476,0.90
109,26,val,44.047012,0.91
109,27,val,60.066864,0.92
109,28,val,18.591089,0.93
109,29,val,77.553413,0.93
109,30,val,47.075039,0.94
109,31,val,38.245918,0.95
109,32,val,68.343208,0.95
109,33,val,43.783352,0.96
109,34,val,43.598152,0.96
110,0,train,29.534084,0.14
110,1,train,40.619484,0.18
110,2,train,36.593246,0.22
110,3,train,37.688301,0.26
110,4,train,36.417980,0.30
110,5,train,35.516899,0.33
110,6,train,31.600815,0.37
110,7,train,33.796101,0.41
110,8,train,37.970612,0.44
110,9,train,33.050381,0.47
110,10,train,31.919859,0.51
110,11,train,28.836777,0.54
110,12,train,31.455954,0.58
110,0,val,53.843475,0.71
110,1,val,47.132191,0.72
110,2,val,64.333572,0.72
110,3,val,28.025471,0.73
110,4,val,55.324757,0.74
110,5,val,71.084808,0.75
110,6,val,37.058708,0.76
110,7,val,28.681259,0.76
110,8,val,61.421318,0.77
110,9,val,73.026253,0.78
110,10,val,18.962236,0.79
110,11,val,33.189777,0.79
110,12,val,43.242180,0.80
110,13,val,30.310236,0.81
110,14,val,30.912939,0.81
110,15,val,38.527187,0.82
110,16,val,49.197319,0.83
110,17,val,45.125912,0.83
110,18,val,64.345963,0.84
110,19,val,47.604836,0.85
110,20,val,26.450424,0.86
110,21,val,50.370049,0.87
110,22,val,58.762955,0.87
110,23,val,56.853073,0.88
110,24,val,47.803837,0.89
110,25,val,75.967323,0.89
110,26,val,43.910255,0.90
110,27,val,64.713669,0.91
110,28,val,19.712299,0.92
110,29,val,77.683197,0.92
110,30,val,47.012306,0.93
110,31,val,31.591429,0.93
110,32,val,69.340302,0.94
110,33,val,42.313488,0.95
110,34,val,29.290365,0.95
111,0,train,41.583176,0.15
111,1,train,38.761600,0.19
111,2,train,34.415993,0.23
111,3,train,29.373779,0.26
111,4,train,28.056908,0.31
111,5,train,49.022034,0.34
111,6,train,36.015930,0.38
111,7,train,36.220596,0.42
111,8,train,34.880314,0.45
111,9,train,41.249783,0.49
111,10,train,33.890503,0.52
111,11,train,38.798897,0.56
111,12,train,34.453964,0.59
111,0,val,54.861980,0.72
111,1,val,45.571465,0.73
111,2,val,63.749760,0.74
111,3,val,28.488531,0.75
111,4,val,64.710846,0.76
111,5,val,62.533230,0.77
111,6,val,37.974323,0.77
111,7,val,26.276388,0.78
111,8,val,61.104038,0.79
111,9,val,80.801552,0.79
111,10,val,18.977781,0.80
111,11,val,38.994797,0.81
111,12,val,42.852970,0.81
111,13,val,31.324278,0.82
111,14,val,27.441671,0.82
111,15,val,38.194450,0.83
111,16,val,39.486755,0.84
111,17,val,45.741680,0.84
111,18,val,63.526814,0.86
111,19,val,46.808830,0.86
111,20,val,25.243893,0.87
111,21,val,51.310123,0.88
111,22,val,60.015717,0.89
111,23,val,56.942413,0.89
111,24,val,47.865810,0.90
111,25,val,73.960114,0.90
111,26,val,42.586323,0.91
111,27,val,59.097008,0.92
111,28,val,17.647610,0.93
111,29,val,80.257637,0.93
111,30,val,45.859665,0.94
111,31,val,33.943832,0.95
111,32,val,69.391113,0.96
111,33,val,49.629864,0.96
111,34,val,29.343973,0.97
112,0,train,33.154408,0.18
112,1,train,29.915821,0.22
112,2,train,28.458614,0.26
112,3,train,29.080481,0.29
112,4,train,38.211571,0.33
112,5,train,38.933266,0.37
112,6,train,28.142933,0.40
112,7,train,29.134022,0.44
112,8,train,34.246643,0.47
112,9,train,37.736851,0.51
112,10,train,36.104504,0.54
112,11,train,35.028904,0.58
112,12,train,35.838516,0.61
112,0,val,59.006134,0.76
112,1,val,45.375839,0.77
112,2,val,64.257126,0.79
112,3,val,28.427950,0.79
112,4,val,55.203075,0.80
112,5,val,69.499100,0.81
112,6,val,36.274235,0.81
112,7,val,26.489996,0.82
112,8,val,63.369545,0.83
112,9,val,74.465935,0.84
112,10,val,19.547823,0.84
112,11,val,31.806675,0.85
112,12,val,40.320076,0.86
112,13,val,31.362804,0.86
112,14,val,28.392675,0.87
112,15,val,39.839813,0.88
112,16,val,39.435055,0.89
112,17,val,46.204266,0.89
112,18,val,64.059639,0.90
112,19,val,49.517990,0.91
112,20,val,24.177570,0.91
112,21,val,51.622135,0.92
112,22,val,58.642704,0.93
112,23,val,56.755814,0.93
112,24,val,46.135696,0.94
112,25,val,73.619324,0.95
112,26,val,47.207951,0.95
112,27,val,64.079483,0.96
112,28,val,17.866856,0.97
112,29,val,79.094254,0.97
112,30,val,45.351746,0.98
112,31,val,32.627834,0.99
112,32,val,68.883881,0.99
112,33,val,47.468399,1.00
112,34,val,29.101351,1.00
113,0,train,30.327713,0.26
113,1,train,31.179405,0.31
113,2,train,41.086334,0.35
113,3,train,36.023941,0.39
113,4,train,33.762939,0.44
113,5,train,26.286137,0.48
113,6,train,39.699986,0.52
113,7,train,32.862877,0.57
113,8,train,43.740280,0.62
113,9,train,42.282547,0.65
113,10,train,38.863274,0.69
113,11,train,35.774261,0.72
113,12,train,31.896963,0.76
113,0,val,53.231018,0.97
113,1,val,44.273659,0.99
113,2,val,67.625191,1.00
113,3,val,28.017096,1.01
113,4,val,53.616020,1.02
113,5,val,63.344025,1.03
113,6,val,32.736507,1.04
113,7,val,29.677626,1.05
113,8,val,62.900845,1.06
113,9,val,75.124565,1.06
113,10,val,17.816496,1.07
113,11,val,33.595608,1.09
113,12,val,44.061710,1.10
113,13,val,36.881687,1.11
113,14,val,26.154078,1.12
113,15,val,38.426220,1.13
113,16,val,40.686161,1.13
113,17,val,46.417480,1.14
113,18,val,67.502701,1.15
113,19,val,47.032967,1.16
113,20,val,23.514849,1.17
113,21,val,50.322853,1.19
113,22,val,58.381607,1.20
113,23,val,58.411930,1.21
113,24,val,47.365921,1.23
113,25,val,78.189316,1.25
113,26,val,43.377663,1.27
113,27,val,60.502457,1.28
113,28,val,19.296413,1.29
113,29,val,77.987762,1.30
113,30,val,46.682636,1.31
113,31,val,31.365370,1.32
113,32,val,72.500366,1.32
113,33,val,42.191998,1.33
113,34,val,29.788708,1.33
114,0,train,37.567097,0.31
114,1,train,35.253998,0.37
114,2,train,31.944988,0.41
114,3,train,29.756084,0.46
114,4,train,28.913151,0.50
114,5,train,32.549465,0.58
114,6,train,42.789051,0.70
114,7,train,30.621109,0.77
114,8,train,33.916374,0.82
114,9,train,32.100677,0.86
114,10,train,30.267799,0.89
114,11,train,29.379395,0.93
114,12,train,30.631855,0.97
114,0,val,56.816288,1.20
114,1,val,44.578701,1.25
114,2,val,62.995289,1.28
114,3,val,26.748699,1.32
114,4,val,54.167835,1.35
114,5,val,63.057606,1.36
114,6,val,33.063309,1.37
114,7,val,25.800653,1.38
114,8,val,60.665882,1.39
114,9,val,72.571236,1.40
114,10,val,24.026690,1.42
114,11,val,33.316360,1.43
114,12,val,40.954403,1.47
114,13,val,29.811251,1.50
114,14,val,25.865660,1.52
114,15,val,37.662041,1.54
114,16,val,42.022320,1.55
114,17,val,44.380013,1.58
114,18,val,63.305164,1.59
114,19,val,47.610432,1.61
114,20,val,24.967627,1.62
114,21,val,50.488720,1.64
114,22,val,61.230400,1.67
114,23,val,56.725178,1.72
114,24,val,51.666668,1.75
114,25,val,77.572945,1.76
114,26,val,46.613461,1.77
114,27,val,58.336185,1.78
114,28,val,21.954456,1.80
114,29,val,76.013008,1.81
114,30,val,49.378113,1.82
114,31,val,32.544285,1.83
114,32,val,70.333832,1.84
114,33,val,44.472389,1.85
114,34,val,29.383999,1.88
115,0,train,28.406258,0.22
115,1,train,34.895344,0.27
115,2,train,27.595257,0.32
115,3,train,36.059166,0.38
115,4,train,35.765728,0.44
115,5,train,36.002644,0.49
115,6,train,35.581383,0.53
115,7,train,35.815758,0.58
115,8,train,30.528465,0.62
115,9,train,48.753845,0.66
115,10,train,37.116642,0.69
115,11,train,38.053978,0.73
115,12,train,28.067295,0.77
115,0,val,54.704903,0.99
115,1,val,45.218204,1.02
115,2,val,64.420227,1.03
115,3,val,27.411474,1.05
115,4,val,55.325096,1.06
115,5,val,59.985413,1.08
115,6,val,32.335388,1.09
115,7,val,35.329708,1.10
115,8,val,62.270363,1.12
115,9,val,72.006653,1.14
115,10,val,18.799997,1.16
115,11,val,33.258591,1.17
115,12,val,42.018383,1.18
115,13,val,32.696163,1.19
115,14,val,27.483648,1.20
115,15,val,38.563175,1.24
115,16,val,39.441883,1.25
115,17,val,43.654453,1.26
115,18,val,72.722198,1.27
115,19,val,45.643719,1.28
115,20,val,24.080702,1.30
115,21,val,49.847218,1.31
115,22,val,58.741703,1.33
115,23,val,55.600391,1.34
115,24,val,59.033195,1.35
115,25,val,73.403473,1.37
115,26,val,44.745358,1.38
115,27,val,58.622814,1.39
115,28,val,18.184467,1.40
115,29,val,75.879570,1.42
115,30,val,45.204567,1.44
115,31,val,34.397900,1.45
115,32,val,67.210426,1.46
115,33,val,40.760567,1.46
115,34,val,35.436764,1.47
116,0,train,33.775364,0.18
116,1,train,28.637131,0.23
116,2,train,31.313456,0.26
116,3,train,32.067471,0.30
116,4,train,33.658165,0.34
116,5,train,44.653854,0.38
116,6,train,33.633942,0.42
116,7,train,35.094643,0.46
116,8,train,41.791222,0.49
116,9,train,32.566982,0.53
116,10,train,38.087189,0.56
116,11,train,39.586113,0.60
116,12,train,33.757988,0.63
116,0,val,53.349571,0.77
116,1,val,49.344910,0.78
116,2,val,66.028473,0.79
116,3,val,25.901455,0.80
116,4,val,53.385475,0.81
116,5,val,63.901646,0.82
116,6,val,32.710289,0.83
116,7,val,27.098534,0.83
116,8,val,64.745735,0.84
116,9,val,73.188919,0.85
116,10,val,21.511583,0.86
116,11,val,34.949726,0.86
116,12,val,41.150604,0.87
116,13,val,33.545956,0.88
116,14,val,26.333673,0.89
116,15,val,38.028774,0.89
116,16,val,38.915962,0.91
116,17,val,43.807652,0.91
116,18,val,70.826729,0.92
116,19,val,45.801373,0.93
116,20,val,26.390453,0.94
116,21,val,49.010963,0.95
116,22,val,58.942368,0.97
116,23,val,56.106956,0.97
116,24,val,45.690498,0.98
116,25,val,73.779160,0.99
116,26,val,42.164024,0.99
116,27,val,59.262947,1.01
116,28,val,18.724186,1.01
116,29,val,75.877754,1.02
116,30,val,43.466881,1.03
116,31,val,33.146862,1.03
116,32,val,78.504852,1.04
116,33,val,41.658730,1.04
116,34,val,31.461395,1.05
117,0,train,31.490292,0.15
117,1,train,36.174831,0.19
117,2,train,39.369495,0.22
117,3,train,28.565292,0.26
117,4,train,30.050549,0.30
117,5,train,36.639725,0.33
117,6,train,36.454895,0.37
117,7,train,41.420662,0.41
117,8,train,37.996475,0.44
117,9,train,30.386595,0.48
117,10,train,38.695911,0.51
117,11,train,31.895458,0.55
117,12,train,24.127701,0.58
117,0,val,52.748112,0.72
117,1,val,44.108543,0.73
117,2,val,76.166641,0.74
117,3,val,27.062794,0.75
117,4,val,53.565022,0.76
117,5,val,59.927414,0.77
117,6,val,33.847649,0.78
117,7,val,27.124781,0.78
117,8,val,58.873936,0.79
117,9,val,71.543602,0.80
117,10,val,22.203150,0.80
117,11,val,31.071049,0.81
117,12,val,44.617462,0.82
117,13,val,30.168440,0.83
117,14,val,26.564640,0.83
117,15,val,38.480026,0.84
117,16,val,39.385567,0.85
117,17,val,48.295811,0.87
117,18,val,63.691536,0.88
117,19,val,48.222553,0.88
117,20,val,25.624725,0.89
117,21,val,49.707905,0.90
117,22,val,58.352757,0.91
117,23,val,55.069710,0.92
117,24,val,47.502167,0.92
117,25,val,82.442421,0.93
117,26,val,42.025105,0.94
117,27,val,57.224712,0.94
117,28,val,18.588934,0.96
117,29,val,75.553352,0.96
117,30,val,43.199921,0.97
117,31,val,33.524609,0.97
117,32,val,73.656891,0.98
117,33,val,41.402355,0.98
117,34,val,29.029964,0.99
118,0,train,36.133110,0.16
118,1,train,35.827778,0.20
118,2,train,35.935715,0.23
118,3,train,37.978317,0.28
118,4,train,35.938927,0.32
118,5,train,35.501213,0.36
118,6,train,30.716526,0.39
118,7,train,35.113781,0.43
118,8,train,31.333441,0.47
118,9,train,36.340767,0.50
118,10,train,32.935501,0.54
118,11,train,28.205502,0.57
118,12,train,37.935616,0.61
118,0,val,53.529499,0.75
118,1,val,44.379570,0.76
118,2,val,61.622421,0.76
118,3,val,31.457258,0.78
118,4,val,52.989063,0.79
118,5,val,59.145462,0.79
118,6,val,32.442116,0.80
118,7,val,31.411287,0.81
118,8,val,61.959332,0.82
118,9,val,70.870827,0.82
118,10,val,20.484098,0.83
118,11,val,32.479416,0.84
118,12,val,42.006287,0.84
118,13,val,29.992180,0.85
118,14,val,26.127998,0.86
118,15,val,37.477947,0.87
118,16,val,38.873745,0.88
118,17,val,44.858822,0.89
118,18,val,61.605652,0.89
118,19,val,46.317360,0.90
118,20,val,23.382339,0.91
118,21,val,50.964893,0.91
118,22,val,59.208305,0.92
118,23,val,54.730392,0.93
118,24,val,46.481453,0.94
118,25,val,72.931091,0.94
118,26,val,43.767296,0.95
118,27,val,60.984291,0.96
118,28,val,18.348873,0.96
118,29,val,75.426331,0.97
118,30,val,43.239475,0.98
118,31,val,30.914040,0.99
118,32,val,66.789742,0.99
118,33,val,45.228653,1.00
118,34,val,28.415888,1.00
119,0,train,39.447681,0.19
119,1,train,30.049896,0.23
119,2,train,31.161379,0.26
119,3,train,36.431747,0.30
119,4,train,30.974215,0.34
119,5,train,33.993523,0.37
119,6,train,42.533379,0.41
119,7,train,36.737595,0.45
119,8,train,33.426006,0.48
119,9,train,38.938839,0.52
119,10,train,31.737469,0.55
119,11,train,38.726360,0.59
119,12,train,33.420677,0.62
119,0,val,51.740673,0.77
119,1,val,44.200153,0.78
119,2,val,62.061554,0.79
119,3,val,29.385513,0.80
119,4,val,52.225334,0.81
119,5,val,64.630737,0.82
119,6,val,33.818676,0.82
119,7,val,24.982275,0.83
119,8,val,62.684135,0.84
119,9,val,73.872231,0.85
119,10,val,17.439413,0.86
119,11,val,31.987349,0.87
119,12,val,55.988800,0.88
119,13,val,31.783552,0.90
119,14,val,26.853830,0.91
119,15,val,37.249775,0.92
119,16,val,41.498028,0.92
119,17,val,42.726635,0.93
119,18,val,63.835709,0.94
119,19,val,45.536125,0.95
119,20,val,25.869600,0.95
119,21,val,49.829239,0.96
119,22,val,56.708645,0.97
119,23,val,58.040070,0.97
119,24,val,45.837315,0.98
119,25,val,73.508698,0.99
119,26,val,42.423897,1.00
119,27,val,57.459320,1.02
119,28,val,16.744408,1.03
119,29,val,78.441551,1.04
119,30,val,44.492294,1.05
119,31,val,30.448202,1.05
119,32,val,65.755898,1.06
119,33,val,40.404892,1.06
119,34,val,28.834866,1.07
120,0,train,28.848379,0.14
120,1,train,34.331268,0.18
120,2,train,39.591911,0.22
120,3,train,33.847706,0.25
120,4,train,37.765526,0.29
120,5,train,28.702541,0.33
120,6,train,31.803005,0.36
120,7,train,31.682577,0.40
120,8,train,34.375313,0.43
120,9,train,35.768333,0.47
120,10,train,27.713514,0.51
120,11,train,26.116278,0.54
120,12,train,32.165680,0.57
120,0,val,53.570415,0.73
120,1,val,43.735775,0.75
120,2,val,66.180817,0.75
120,3,val,27.669325,0.76
120,4,val,55.619122,0.77
120,5,val,58.635246,0.78
120,6,val,41.742325,0.78
120,7,val,27.279451,0.79
120,8,val,60.159771,0.80
120,9,val,69.602745,0.80
120,10,val,17.047205,0.81
120,11,val,31.440353,0.82
120,12,val,40.452839,0.83
120,13,val,28.589954,0.83
120,14,val,27.968306,0.84
120,15,val,42.268375,0.85
120,16,val,40.691082,0.86
120,17,val,41.997383,0.87
120,18,val,61.448399,0.87
120,19,val,46.059280,0.88
120,20,val,22.924623,0.89
120,21,val,50.834545,0.90
120,22,val,63.048306,0.90
120,23,val,54.136173,0.91
120,24,val,45.789120,0.92
120,25,val,72.604149,0.92
120,26,val,41.969986,0.93
120,27,val,56.348076,0.94
120,28,val,17.183626,0.95
120,29,val,73.973877,0.95
120,30,val,42.901531,0.96
120,31,val,32.825768,0.97
120,32,val,65.795654,0.97
120,33,val,41.028111,0.98
120,34,val,29.874813,0.98
121,0,train,38.068893,0.14
121,1,train,25.214632,0.18
121,2,train,24.425526,0.22
121,3,train,38.689850,0.26
121,4,train,34.851135,0.30
121,5,train,38.871563,0.34
121,6,train,40.151058,0.37
121,7,train,38.892628,0.42
121,8,train,35.231365,0.46
121,9,train,32.176434,0.49
121,10,train,30.481438,0.53
121,11,train,39.095253,0.56
121,12,train,31.412281,0.60
121,0,val,55.491108,0.73
121,1,val,44.824852,0.74
121,2,val,67.080513,0.75
121,3,val,25.667297,0.76
121,4,val,54.223042,0.77
121,5,val,59.018051,0.78
121,6,val,32.645691,0.78
121,7,val,25.095943,0.79
121,8,val,61.588257,0.80
121,9,val,74.043320,0.80
121,10,val,20.646904,0.81
121,11,val,32.471199,0.82
121,12,val,43.106445,0.83
121,13,val,29.682962,0.83
121,14,val,25.475098,0.84
121,15,val,38.256409,0.85
121,16,val,37.122269,0.86
121,17,val,43.175770,0.87
121,18,val,62.197575,0.88
121,19,val,47.875328,0.88
121,20,val,24.308174,0.89
121,21,val,52.033302,0.90
121,22,val,66.162636,0.91
121,23,val,54.367085,0.91
121,24,val,47.209599,0.92
121,25,val,70.434471,0.93
121,26,val,50.974285,0.93
121,27,val,56.025738,0.94
121,28,val,18.707827,0.95
121,29,val,78.223038,0.96
121,30,val,41.873337,0.97
121,31,val,30.975719,0.98
121,32,val,69.737938,0.98
121,33,val,42.083927,0.98
121,34,val,30.823483,0.99
122,0,train,30.590298,0.14
122,1,train,28.913038,0.18
122,2,train,36.634003,0.21
122,3,train,36.085487,0.25
122,4,train,23.390369,0.29
122,5,train,31.574318,0.33
122,6,train,24.859097,0.37
122,7,train,36.278328,0.40
122,8,train,40.391819,0.44
122,9,train,30.763966,0.47
122,10,train,30.499393,0.51
122,11,train,43.265915,0.55
122,12,train,32.427029,0.58
122,0,val,52.540958,0.72
122,1,val,43.525440,0.73
122,2,val,63.511429,0.74
122,3,val,25.874863,0.75
122,4,val,54.093483,0.76
122,5,val,60.965191,0.77
122,6,val,33.987782,0.78
122,7,val,25.339386,0.78
122,8,val,57.990288,0.79
122,9,val,75.994904,0.80
122,10,val,24.199383,0.80
122,11,val,31.742773,0.81
122,12,val,40.096802,0.82
122,13,val,31.993998,0.83
122,14,val,26.553234,0.83
122,15,val,36.444424,0.84
122,16,val,37.956825,0.85
122,17,val,42.827972,0.86
122,18,val,71.730820,0.87
122,19,val,46.131741,0.87
122,20,val,22.857138,0.88
122,21,val,48.634106,0.89
122,22,val,59.305790,0.90
122,23,val,54.110779,0.90
122,24,val,44.602528,0.91
122,25,val,69.009682,0.92
122,26,val,44.346390,0.92
122,27,val,55.235325,0.93
122,28,val,18.387148,0.94
122,29,val,73.918968,0.94
122,30,val,43.786919,0.96
122,31,val,29.696457,0.96
122,32,val,64.982254,0.97
122,33,val,39.341133,0.97
122,34,val,32.915211,0.98
123,0,train,31.593266,0.28
123,1,train,33.779625,0.32
123,2,train,35.934090,0.36
123,3,train,32.051353,0.40
123,4,train,39.525352,0.43
123,5,train,30.493969,0.47
123,6,train,34.692047,0.50
123,7,train,34.079636,0.54
123,8,train,36.379803,0.58
123,9,train,38.643814,0.61
123,10,train,30.110691,0.65
123,11,train,30.237291,0.68
123,12,train,36.107243,0.72
123,0,val,51.760269,0.88
123,1,val,44.813389,0.89
123,2,val,60.573418,0.91
123,3,val,32.469162,0.92
123,4,val,51.289944,0.92
123,5,val,57.960228,0.93
123,6,val,34.166954,0.94
123,7,val,25.286287,0.95
123,8,val,58.196243,0.97
123,9,val,69.534279,0.98
123,10,val,19.044209,0.99
123,11,val,31.111828,1.01
123,12,val,40.287079,1.02
123,13,val,43.952290,1.03
123,14,val,28.679947,1.04
123,15,val,38.069969,1.06
123,16,val,37.411610,1.07
123,17,val,41.808289,1.08
123,18,val,60.764057,1.09
123,19,val,48.666191,1.11
123,20,val,22.773220,1.12
123,21,val,50.138897,1.13
123,22,val,58.691216,1.14
123,23,val,54.249802,1.15
123,24,val,43.475750,1.17
123,25,val,70.233116,1.18
123,26,val,40.583618,1.19
123,27,val,56.763634,1.22
123,28,val,16.086010,1.23
123,29,val,72.849724,1.24
123,30,val,45.795364,1.25
123,31,val,32.244873,1.26
123,32,val,64.899323,1.27
123,33,val,45.471161,1.27
123,34,val,27.910467,1.28
124,0,train,32.394897,0.26
124,1,train,29.241175,0.32
124,2,train,35.825470,0.37
124,3,train,35.911488,0.42
124,4,train,29.245703,0.46
124,5,train,45.027016,0.50
124,6,train,33.711189,0.56
124,7,train,29.983763,0.60
124,8,train,26.331074,0.65
124,9,train,34.022137,0.69
124,10,train,31.460094,0.79
124,11,train,35.879730,0.84
124,12,train,29.818630,0.87
124,0,val,54.038345,1.11
124,1,val,49.100204,1.12
124,2,val,61.598480,1.13
124,3,val,26.918823,1.15
124,4,val,51.502357,1.16
124,5,val,59.218384,1.17
124,6,val,34.750721,1.18
124,7,val,25.818893,1.19
124,8,val,58.903088,1.20
124,9,val,69.956940,1.22
124,10,val,18.080276,1.26
124,11,val,31.332693,1.30
124,12,val,44.397686,1.33
124,13,val,28.705309,1.35
124,14,val,26.981670,1.37
124,15,val,36.088936,1.38
124,16,val,38.085400,1.41
124,17,val,41.779099,1.42
124,18,val,59.501431,1.43
124,19,val,44.377541,1.44
124,20,val,23.677912,1.45
124,21,val,48.879101,1.46
124,22,val,56.854923,1.47
124,23,val,59.347015,1.49
124,24,val,45.085354,1.50
124,25,val,69.227036,1.51
124,26,val,41.085854,1.52
124,27,val,55.878036,1.53
124,28,val,18.027611,1.54
124,29,val,106.798393,1.55
124,30,val,43.902016,1.56
124,31,val,34.821354,1.57
124,32,val,65.127998,1.58
124,33,val,38.515133,1.59
124,34,val,28.365681,1.59
125,0,train,38.637867,0.31
125,1,train,31.008322,0.41
125,2,train,32.322750,0.49
125,3,train,31.058355,0.55
125,4,train,35.704216,0.61
125,5,train,29.524904,0.65
125,6,train,36.023170,0.71
125,7,train,32.409466,0.75
125,8,train,33.168640,0.80
125,9,train,28.372261,0.84
125,10,train,31.086426,0.87
125,11,train,33.993450,0.91
125,12,train,32.472023,0.95
125,0,val,51.789566,1.18
125,1,val,51.562168,1.20
125,2,val,60.214512,1.21
125,3,val,26.507488,1.22
125,4,val,51.224651,1.23
125,5,val,58.386150,1.24
125,6,val,39.263866,1.25
125,7,val,32.903534,1.26
125,8,val,61.626438,1.27
125,9,val,69.020569,1.28
125,10,val,17.183952,1.28
125,11,val,31.912338,1.30
125,12,val,38.906731,1.31
125,13,val,30.410488,1.32
125,14,val,31.317097,1.33
125,15,val,35.576637,1.34
125,16,val,38.204258,1.35
125,17,val,42.042809,1.36
125,18,val,61.527443,1.37
125,19,val,47.660492,1.38
125,20,val,23.866261,1.39
125,21,val,49.241173,1.40
125,22,val,56.345165,1.41
125,23,val,52.885544,1.42
125,24,val,45.509663,1.44
125,25,val,67.946716,1.45
125,26,val,40.389824,1.46
125,27,val,55.037090,1.47
125,28,val,16.125694,1.48
125,29,val,72.873947,1.49
125,30,val,41.476646,1.51
125,31,val,41.254280,1.52
125,32,val,65.213272,1.53
125,33,val,39.197899,1.53
125,34,val,27.066547,1.54
126,0,train,27.577415,0.29
126,1,train,36.068714,0.35
126,2,train,37.179142,0.39
126,3,train,30.552114,0.44
126,4,train,31.857935,0.48
126,5,train,30.347889,0.53
126,6,train,32.886818,0.58
126,7,train,37.697525,0.62
126,8,train,35.563297,0.68
126,9,train,23.777796,0.73
126,10,train,36.260292,0.77
126,11,train,33.877647,0.80
126,12,train,31.177679,0.84
126,0,val,59.443714,1.04
126,1,val,45.531166,1.06
126,2,val,61.522026,1.07
126,3,val,25.720480,1.08
126,4,val,52.415882,1.09
126,5,val,57.110363,1.10
126,6,val,34.163036,1.12
126,7,val,27.848928,1.13
126,8,val,59.132019,1.13
126,9,val,67.806343,1.14
126,10,val,17.405771,1.16
126,11,val,30.945120,1.17
126,12,val,44.283596,1.17
126,13,val,28.924767,1.18
126,14,val,25.411160,1.19
126,15,val,37.810284,1.20
126,16,val,36.611034,1.20
126,17,val,42.772110,1.21
126,18,val,60.894188,1.22
126,19,val,46.816227,1.22
126,20,val,24.531595,1.23
126,21,val,53.868828,1.24
126,22,val,57.082302,1.24
126,23,val,52.278664,1.26
126,24,val,43.130783,1.26
126,25,val,70.925171,1.27
126,26,val,41.466827,1.28
126,27,val,56.191730,1.29
126,28,val,15.739043,1.29
126,29,val,73.711853,1.30
126,30,val,43.542068,1.31
126,31,val,31.232725,1.31
126,32,val,63.927101,1.32
126,33,val,40.423790,1.32
126,34,val,27.432596,1.33
127,0,train,38.337589,0.15
127,1,train,35.958549,0.19
127,2,train,30.525961,0.23
127,3,train,31.390026,0.27
127,4,train,30.010372,0.31
127,5,train,31.658735,0.35
127,6,train,27.387356,0.38
127,7,train,34.066845,0.42
127,8,train,33.972172,0.46
127,9,train,25.889324,0.50
127,10,train,30.621864,0.53
127,11,train,35.344669,0.57
127,12,train,35.316933,0.60
127,0,val,51.950745,0.75
127,1,val,56.464390,0.77
127,2,val,60.307442,0.78
127,3,val,25.236387,0.79
127,4,val,50.274338,0.79
127,5,val,57.790649,0.80
127,6,val,41.927410,0.81
127,7,val,24.629328,0.82
127,8,val,56.482079,0.82
127,9,val,74.217690,0.83
127,10,val,17.725897,0.84
127,11,val,30.067324,0.85
127,12,val,38.639942,0.85
127,13,val,30.021515,0.86
127,14,val,25.038370,0.87
127,15,val,36.213924,0.88
127,16,val,36.712467,0.89
127,17,val,41.583954,0.90
127,18,val,65.062325,0.91
127,19,val,44.178944,0.91
127,20,val,27.470249,0.92
127,21,val,50.488186,0.93
127,22,val,57.439892,0.93
127,23,val,60.586224,0.94
127,24,val,45.841473,0.95
127,25,val,68.424217,0.96
127,26,val,40.729362,0.96
127,27,val,59.072071,0.98
127,28,val,17.319895,0.98
127,29,val,71.763931,0.99
127,30,val,41.634758,1.00
127,31,val,35.506508,1.00
127,32,val,74.633751,1.01
127,33,val,39.854462,1.01
127,34,val,29.500807,1.01
128,0,train,29.362614,0.15
128,1,train,33.613174,0.19
128,2,train,29.266218,0.23
128,3,train,31.495071,0.27
128,4,train,24.797449,0.30
128,5,train,32.866955,0.34
128,6,train,30.261677,0.38
128,7,train,36.025070,0.42
128,8,train,31.362274,0.45
128,9,train,24.411579,0.49
128,10,train,29.858418,0.52
128,11,train,32.849976,0.56
128,12,train,36.314808,0.59
128,0,val,53.577576,0.74
128,1,val,43.308262,0.75
128,2,val,59.244587,0.76
128,3,val,31.727789,0.77
128,4,val,63.520088,0.78
128,5,val,56.806667,0.79
128,6,val,30.947851,0.80
128,7,val,27.321104,0.80
128,8,val,59.302277,0.81
128,9,val,68.512375,0.82
128,10,val,17.565651,0.83
128,11,val,31.432697,0.83
128,12,val,38.706741,0.84
128,13,val,29.509993,0.85
128,14,val,25.230032,0.85
128,15,val,41.476177,0.87
128,16,val,40.286144,0.87
128,17,val,41.496525,0.88
128,18,val,58.787685,0.89
128,19,val,48.730740,0.89
128,20,val,22.687544,0.90
128,21,val,48.695564,0.91
128,22,val,56.458393,0.92
128,23,val,63.609848,0.92
128,24,val,49.108047,0.93
128,25,val,68.065689,0.94
128,26,val,39.607635,0.94
128,27,val,53.481083,0.95
128,28,val,17.905422,0.96
128,29,val,72.195786,0.97
128,30,val,42.139885,0.98
128,31,val,29.861401,0.98
128,32,val,63.118248,0.99
128,33,val,38.463657,0.99
128,34,val,31.263863,1.00
129,0,train,36.263359,0.14
129,1,train,32.676701,0.18
129,2,train,27.084770,0.21
129,3,train,33.167164,0.25
129,4,train,23.814030,0.29
129,5,train,29.883205,0.33
129,6,train,35.771343,0.36
129,7,train,34.108467,0.40
129,8,train,38.004845,0.44
129,9,train,37.448784,0.47
129,10,train,40.675011,0.51
129,11,train,33.350395,0.54
129,12,train,35.643158,0.58
129,0,val,53.966759,0.76
129,1,val,42.551502,0.78
129,2,val,62.285110,0.79
129,3,val,26.981030,0.80
129,4,val,50.265865,0.80
129,5,val,61.013123,0.81
129,6,val,34.613136,0.82
129,7,val,26.925146,0.82
129,8,val,55.949280,0.83
129,9,val,73.044266,0.84
129,10,val,18.305622,0.85
129,11,val,31.625778,0.85
129,12,val,38.034161,0.86
129,13,val,34.016766,0.87
129,14,val,28.657450,0.88
129,15,val,36.956303,0.89
129,16,val,36.820000,0.89
129,17,val,51.510925,0.90
129,18,val,59.591015,0.91
129,19,val,47.206871,0.92
129,20,val,23.012764,0.92
129,21,val,54.437359,0.93
129,22,val,63.449341,0.93
129,23,val,52.067902,0.94
129,24,val,42.844643,0.95
129,25,val,67.585808,0.96
129,26,val,39.357384,0.96
129,27,val,54.816532,0.97
129,28,val,17.751640,0.98
129,29,val,72.786133,0.99
129,30,val,41.029369,1.00
129,31,val,31.821852,1.00
129,32,val,63.245865,1.01
129,33,val,37.890747,1.01
129,34,val,42.285400,1.01
130,0,train,23.930927,0.14
130,1,train,29.759289,0.19
130,2,train,31.325287,0.22
130,3,train,31.086634,0.26
130,4,train,33.457722,0.29
130,5,train,37.016735,0.33
130,6,train,32.792175,0.37
130,7,train,29.566280,0.41
130,8,train,26.237751,0.45
130,9,train,25.203850,0.49
130,10,train,31.303223,0.52
130,11,train,35.108170,0.56
130,12,train,36.597786,0.59
130,0,val,50.478992,0.73
130,1,val,43.398884,0.73
130,2,val,58.336075,0.74
130,3,val,25.167404,0.75
130,4,val,50.771847,0.76
130,5,val,56.621525,0.77
130,6,val,36.862766,0.78
130,7,val,29.178629,0.78
130,8,val,55.963272,0.79
130,9,val,66.804008,0.80
130,10,val,17.393833,0.81
130,11,val,30.091911,0.81
130,12,val,42.368252,0.82
130,13,val,31.839558,0.83
130,14,val,28.258570,0.84
130,15,val,35.316849,0.84
130,16,val,37.080700,0.85
130,17,val,41.913605,0.86
130,18,val,57.588303,0.87
130,19,val,43.750664,0.88
130,20,val,24.683975,0.89
130,21,val,48.223911,0.89
130,22,val,54.752842,0.90
130,23,val,52.110188,0.91
130,24,val,42.889851,0.91
130,25,val,66.265778,0.92
130,26,val,44.025368,0.93
130,27,val,56.647827,0.94
130,28,val,15.959631,0.94
130,29,val,70.560616,0.95
130,30,val,41.450642,0.96
130,31,val,32.540379,0.97
130,32,val,73.320984,0.97
130,33,val,39.909073,0.98
130,34,val,27.021772,0.98
131,0,train,34.619598,0.16
131,1,train,40.305733,0.21
131,2,train,24.625822,0.24
131,3,train,25.342861,0.28
131,4,train,33.876793,0.32
131,5,train,26.310764,0.36
131,6,train,30.459072,0.39
131,7,train,27.631895,0.44
131,8,train,31.034443,0.48
131,9,train,34.397976,0.51
131,10,train,27.344101,0.55
131,11,train,31.134323,0.58
131,12,train,28.342867,0.62
131,0,val,50.442192,0.76
131,1,val,51.907738,0.77
131,2,val,58.939781,0.77
131,3,val,25.609520,0.79
131,4,val,110.286751,0.79
131,5,val,56.654800,0.80
131,6,val,30.924484,0.81
131,7,val,25.602001,0.82
131,8,val,56.525375,0.83
131,9,val,66.697121,0.83
131,10,val,16.407978,0.84
131,11,val,29.410931,0.85
131,12,val,38.832600,0.85
131,13,val,29.754793,0.86
131,14,val,27.350933,0.87
131,15,val,39.034294,0.88
131,16,val,43.286312,0.89
131,17,val,41.732643,0.90
131,18,val,58.114059,0.91
131,19,val,45.472103,0.91
131,20,val,23.764957,0.92
131,21,val,48.011932,0.93
131,22,val,55.299389,0.93
131,23,val,51.076916,0.94
131,24,val,43.171104,0.95
131,25,val,73.897232,0.96
131,26,val,38.661766,0.96
131,27,val,52.660820,0.97
131,28,val,17.206766,0.98
131,29,val,69.938171,0.98
131,30,val,40.628349,0.99
131,31,val,29.714109,1.00
131,32,val,62.814301,1.00
131,33,val,37.884842,1.01
131,34,val,36.738548,1.01
132,0,train,33.917000,0.16
132,1,train,28.776432,0.20
132,2,train,34.496998,0.23
132,3,train,33.477718,0.27
132,4,train,28.396370,0.31
132,5,train,29.027548,0.35
132,6,train,29.174133,0.39
132,7,train,36.498013,0.43
132,8,train,30.315630,0.47
132,9,train,36.198940,0.50
132,10,train,31.516438,0.54
132,11,train,27.196012,0.57
132,12,train,30.272686,0.61
132,0,val,51.845901,0.74
132,1,val,41.673733,0.75
132,2,val,59.049847,0.76
132,3,val,26.479263,0.78
132,4,val,48.937157,0.78
132,5,val,56.417656,0.79
132,6,val,31.794888,0.80
132,7,val,24.376051,0.81
132,8,val,56.957695,0.81
132,9,val,66.757622,0.82
132,10,val,18.792892,0.83
132,11,val,30.494026,0.84
132,12,val,38.221416,0.84
132,13,val,28.446331,0.85
132,14,val,24.182714,0.86
132,15,val,35.452637,0.86
132,16,val,41.744980,0.88
132,17,val,41.596001,0.88
132,18,val,61.138107,0.89
132,19,val,47.107548,0.90
132,20,val,22.266253,0.91
132,21,val,48.670959,0.91
132,22,val,57.528030,0.92
132,23,val,52.135010,0.93
132,24,val,45.968712,0.93
132,25,val,74.445137,0.94
132,26,val,38.814529,0.95
132,27,val,53.104435,0.96
132,28,val,19.056904,0.96
132,29,val,69.702049,0.97
132,30,val,39.291889,0.98
132,31,val,29.149220,0.99
132,32,val,67.026917,0.99
132,33,val,37.946503,1.00
132,34,val,26.885489,1.00
133,0,train,37.086403,0.18
133,1,train,30.943348,0.22
133,2,train,25.264971,0.26
133,3,train,27.345558,0.29
133,4,train,31.483202,0.33
133,5,train,37.388496,0.37
133,6,train,27.697571,0.40
133,7,train,26.811361,0.44
133,8,train,35.180107,0.48
133,9,train,30.225542,0.51
133,10,train,30.065678,0.55
133,11,train,34.250462,0.58
133,12,train,32.312794,0.62
133,0,val,50.085556,0.77
133,1,val,45.828175,0.78
133,2,val,60.263214,0.78
133,3,val,24.200077,0.80
133,4,val,51.378819,0.80
133,5,val,59.835091,0.81
133,6,val,31.424179,0.82
133,7,val,25.869896,0.83
133,8,val,67.884178,0.83
133,9,val,66.489113,0.84
133,10,val,19.133749,0.85
133,11,val,29.284338,0.86
133,12,val,38.024517,0.88
133,13,val,27.433781,0.88
133,14,val,25.385294,0.90
133,15,val,34.959930,0.91
133,16,val,36.481361,0.92
133,17,val,42.347000,0.92
133,18,val,58.682323,0.93
133,19,val,47.044777,0.94
133,20,val,27.877035,0.95
133,21,val,49.152939,0.95
133,22,val,54.690701,0.96
133,23,val,50.632263,0.97
133,24,val,42.454971,0.98
133,25,val,67.105057,0.98
133,26,val,39.496597,0.99
133,27,val,52.649620,1.00
133,28,val,15.930318,1.01
133,29,val,69.776138,1.02
133,30,val,41.710674,1.03
133,31,val,30.150583,1.03
133,32,val,62.046379,1.03
133,33,val,37.569225,1.04
133,34,val,26.443621,1.04
134,0,train,33.179821,0.17
134,1,train,30.663872,0.21
134,2,train,29.942146,0.25
134,3,train,35.904610,0.28
134,4,train,23.500111,0.33
134,5,train,31.704407,0.36
134,6,train,32.069939,0.40
134,7,train,27.697052,0.44
134,8,train,29.553049,0.48
134,9,train,33.625679,0.51
134,10,train,29.295841,0.56
134,11,train,31.845730,0.59
134,12,train,37.125011,0.62
134,0,val,54.256886,0.77
134,1,val,42.814621,0.78
134,2,val,58.440117,0.80
134,3,val,25.235750,0.82
134,4,val,50.598946,0.83
134,5,val,56.849594,0.84
134,6,val,32.440243,0.85
134,7,val,25.262789,0.86
134,8,val,55.616257,0.88
134,9,val,66.892197,0.89
134,10,val,17.660515,0.90
134,11,val,33.906147,0.91
134,12,val,37.888977,0.93
134,13,val,30.320194,0.94
134,14,val,31.069578,0.94
134,15,val,36.140980,0.96
134,16,val,35.939728,0.97
134,17,val,45.838696,0.97
134,18,val,57.717617,0.98
134,19,val,42.902809,1.00
134,20,val,21.910038,1.01
134,21,val,47.239746,1.02
134,22,val,54.051838,1.03
134,23,val,55.938801,1.04
134,24,val,42.109669,1.05
134,25,val,65.505554,1.06
134,26,val,38.375748,1.07
134,27,val,53.513809,1.08
134,28,val,19.596704,1.09
134,29,val,75.889633,1.10
134,30,val,39.135326,1.11
134,31,val,30.396341,1.12
134,32,val,64.000664,1.13
134,33,val,40.812126,1.13
134,34,val,27.743000,1.14
135,0,train,28.722847,0.19
135,1,train,33.208527,0.24
135,2,train,33.383919,0.28
135,3,train,40.643280,0.33
135,4,train,24.209879,0.39
135,5,train,33.075539,0.44
135,6,train,37.605812,0.55
135,7,train,22.361927,0.58
135,8,train,35.056213,0.66
135,9,train,29.882542,0.69
135,10,train,29.380751,0.73
135,11,train,27.803589,0.77
135,12,train,31.904015,0.80
135,0,val,52.849426,1.13
135,1,val,41.613262,1.19
135,2,val,58.252693,1.19
135,3,val,25.033846,1.20
135,4,val,49.028854,1.21
135,5,val,56.299049,1.22
135,6,val,33.277660,1.23
135,7,val,25.094351,1.24
135,8,val,55.728546,1.27
135,9,val,66.033356,1.28
135,10,val,18.279053,1.29
135,11,val,33.981796,1.30
135,12,val,38.514397,1.32
135,13,val,41.085560,1.33
135,14,val,24.675522,1.34
135,15,val,35.276894,1.35
135,16,val,37.528370,1.37
135,17,val,41.765846,1.38
135,18,val,57.913731,1.40
135,19,val,43.415241,1.41
135,20,val,22.254795,1.42
135,21,val,50.195904,1.44
135,22,val,54.751762,1.45
135,23,val,51.662216,1.48
135,24,val,43.835804,1.49
135,25,val,75.043518,1.50
135,26,val,38.912785,1.52
135,27,val,52.316505,1.53
135,28,val,19.747917,1.55
135,29,val,72.028252,1.57
135,30,val,40.568581,1.60
135,31,val,30.935665,1.61
135,32,val,63.723358,1.62
135,33,val,38.941399,1.63
135,34,val,30.711872,1.63
136,0,train,25.016056,0.25
136,1,train,31.891972,0.30
136,2,train,22.509539,0.35
136,3,train,31.814362,0.39
136,4,train,36.178421,0.44
136,5,train,35.904568,0.48
136,6,train,37.978325,0.53
136,7,train,29.950424,0.58
136,8,train,31.856829,0.62
136,9,train,30.360748,0.66
136,10,train,29.912769,0.69
136,11,train,29.578035,0.73
136,12,train,31.501585,0.76
136,0,val,49.228939,1.01
136,1,val,43.335674,1.03
136,2,val,58.462521,1.04
136,3,val,26.329227,1.05
136,4,val,50.005501,1.06
136,5,val,55.129856,1.07
136,6,val,30.731861,1.08
136,7,val,26.926216,1.09
136,8,val,54.123318,1.10
136,9,val,72.722313,1.11
136,10,val,16.726360,1.12
136,11,val,30.384413,1.14
136,12,val,40.563244,1.15
136,13,val,28.186579,1.16
136,14,val,30.579634,1.17
136,15,val,38.333145,1.18
136,16,val,42.610966,1.19
136,17,val,41.147892,1.20
136,18,val,65.470390,1.21
136,19,val,43.532433,1.22
136,20,val,25.560036,1.24
136,21,val,47.235630,1.25
136,22,val,53.623737,1.26
136,23,val,50.038166,1.27
136,24,val,42.682850,1.28
136,25,val,65.268822,1.29
136,26,val,43.916927,1.30
136,27,val,52.753994,1.31
136,28,val,15.952565,1.32
136,29,val,69.022484,1.33
136,30,val,40.532948,1.35
136,31,val,30.732672,1.35
136,32,val,61.152618,1.36
136,33,val,42.069817,1.36
136,34,val,27.535957,1.37
137,0,train,29.828243,0.21
137,1,train,28.058527,0.26
137,2,train,28.332689,0.30
137,3,train,35.176659,0.35
137,4,train,30.986549,0.40
137,5,train,34.731941,0.44
137,6,train,32.157322,0.48
137,7,train,26.274029,0.55
137,8,train,29.043041,0.60
137,9,train,33.335915,0.64
137,10,train,32.746262,0.67
137,11,train,38.595261,0.71
137,12,train,26.172007,0.76
137,0,val,56.450089,0.97
137,1,val,42.362583,0.99
137,2,val,58.318409,1.00
137,3,val,24.389545,1.01
137,4,val,48.680679,1.03
137,5,val,55.059162,1.04
137,6,val,31.076590,1.05
137,7,val,28.213703,1.06
137,8,val,53.263100,1.08
137,9,val,65.740990,1.09
137,10,val,18.471741,1.11
137,11,val,33.686195,1.12
137,12,val,36.932796,1.13
137,13,val,31.280380,1.14
137,14,val,26.696041,1.15
137,15,val,36.299568,1.15
137,16,val,36.829571,1.16
137,17,val,45.138351,1.17
137,18,val,56.581860,1.18
137,19,val,44.445198,1.19
137,20,val,21.704247,1.20
137,21,val,47.396740,1.21
137,22,val,53.130627,1.22
137,23,val,50.041016,1.23
137,24,val,43.638031,1.24
137,25,val,65.377686,1.25
137,26,val,39.436409,1.26
137,27,val,51.393776,1.27
137,28,val,18.435110,1.28
137,29,val,76.661423,1.30
137,30,val,46.455051,1.31
137,31,val,31.072117,1.31
137,32,val,61.012737,1.32
137,33,val,37.880108,1.33
137,34,val,27.973366,1.33
138,0,train,42.073967,0.23
138,1,train,27.762850,0.28
138,2,train,35.705914,0.32
138,3,train,30.473965,0.37
138,4,train,27.864120,0.43
138,5,train,30.242126,0.54
138,6,train,29.278997,0.58
138,7,train,40.715721,0.61
138,8,train,31.568054,0.65
138,9,train,32.079689,0.68
138,10,train,32.035446,0.72
138,11,train,26.985899,0.75
138,12,train,31.535845,0.79
138,0,val,50.548401,0.92
138,1,val,41.363377,0.94
138,2,val,58.306122,0.95
138,3,val,27.985947,0.97
138,4,val,60.242989,0.98
138,5,val,55.046680,0.99
138,6,val,32.282841,0.99
138,7,val,30.502115,1.00
138,8,val,53.754951,1.01
138,9,val,64.895241,1.01
138,10,val,18.404297,1.02
138,11,val,29.697775,1.03
138,12,val,36.767887,1.04
138,13,val,27.704605,1.04
138,14,val,25.629335,1.05
138,15,val,36.947330,1.06
138,16,val,38.687160,1.07
138,17,val,41.323761,1.08
138,18,val,59.558048,1.08
138,19,val,42.092144,1.09
138,20,val,25.589729,1.10
138,21,val,50.794052,1.10
138,22,val,62.897728,1.11
138,23,val,49.933434,1.12
138,24,val,41.307663,1.12
138,25,val,65.737610,1.13
138,26,val,39.201897,1.14
138,27,val,50.280975,1.15
138,28,val,15.379534,1.15
138,29,val,68.614197,1.16
138,30,val,40.478867,1.17
138,31,val,31.704767,1.18
138,32,val,67.801758,1.18
138,33,val,36.571945,1.18
138,34,val,26.863665,1.19
139,0,train,35.097435,0.14
139,1,train,35.725868,0.18
139,2,train,39.750992,0.22
139,3,train,26.144999,0.26
139,4,train,20.799065,0.29
139,5,train,39.672653,0.33
139,6,train,31.083527,0.36
139,7,train,38.778801,0.40
139,8,train,36.186478,0.44
139,9,train,34.108826,0.47
139,10,train,31.246820,0.51
139,11,train,35.913124,0.55
139,12,train,33.713776,0.58
139,0,val,55.795517,0.75
139,1,val,40.705173,0.77
139,2,val,56.985611,0.78
139,3,val,23.603127,0.79
139,4,val,47.329552,0.80
139,5,val,53.725998,0.81
139,6,val,31.032495,0.82
139,7,val,24.606340,0.83
139,8,val,54.634644,0.83
139,9,val,64.200134,0.84
139,10,val,17.247993,0.85
139,11,val,31.905788,0.86
139,12,val,49.056610,0.87
139,13,val,32.063290,0.88
139,14,val,24.488993,0.89
139,15,val,34.573700,0.89
139,16,val,39.993736,0.90
139,17,val,41.892811,0.91
139,18,val,57.340469,0.92
139,19,val,47.555359,0.92
139,20,val,23.748886,0.93
139,21,val,48.397434,0.94
139,22,val,58.682621,0.94
139,23,val,50.818459,0.95
139,24,val,45.053261,0.96
139,25,val,64.255203,0.97
139,26,val,37.302254,0.98
139,27,val,52.952705,0.99
139,28,val,20.285692,0.99
139,29,val,76.087318,1.00
139,30,val,41.453262,1.01
139,31,val,31.090246,1.01
139,32,val,61.050728,1.02
139,33,val,36.072350,1.02
139,34,val,26.578842,1.03
140,0,train,30.547577,0.14
140,1,train,34.362358,0.18
140,2,train,25.176413,0.21
140,3,train,26.491295,0.25
140,4,train,33.857265,0.29
140,5,train,35.618622,0.33
140,6,train,34.855675,0.36
140,7,train,30.645149,0.41
140,8,train,34.796810,0.44
140,9,train,25.787590,0.48
140,10,train,35.174198,0.52
140,11,train,28.086182,0.55
140,12,train,24.434591,0.59
140,0,val,49.863907,0.72
140,1,val,39.815670,0.73
140,2,val,56.591976,0.73
140,3,val,25.302835,0.75
140,4,val,48.812096,0.76
140,5,val,53.739452,0.77
140,6,val,36.773258,0.77
140,7,val,29.474251,0.78
140,8,val,53.043701,0.79
140,9,val,64.730576,0.80
140,10,val,17.523819,0.80
140,11,val,31.037327,0.81
140,12,val,37.425709,0.82
140,13,val,28.021311,0.82
140,14,val,25.335182,0.83
140,15,val,33.692867,0.84
140,16,val,39.327183,0.85
140,17,val,41.115448,0.86
140,18,val,57.004513,0.86
140,19,val,43.086720,0.87
140,20,val,23.164568,0.88
140,21,val,46.528744,0.89
140,22,val,54.725021,0.89
140,23,val,49.669788,0.90
140,24,val,44.207394,0.91
140,25,val,84.796913,0.92
140,26,val,37.011463,0.92
140,27,val,54.194569,0.93
140,28,val,15.466405,0.94
140,29,val,72.256653,0.94
140,30,val,38.402840,0.96
140,31,val,28.737341,0.96
140,32,val,60.656441,0.97
140,33,val,36.381348,0.97
140,34,val,38.684071,0.98
141,0,train,30.648182,0.17
141,1,train,28.468058,0.22
141,2,train,24.615543,0.25
141,3,train,33.160683,0.29
141,4,train,34.799801,0.33
141,5,train,35.201256,0.37
141,6,train,29.740559,0.41
141,7,train,35.712288,0.45
141,8,train,29.119061,0.48
141,9,train,35.243160,0.52
141,10,train,34.399338,0.55
141,11,train,23.996590,0.59
141,12,train,31.200665,0.63
141,0,val,48.130959,0.76
141,1,val,40.249649,0.77
141,2,val,55.663944,0.78
141,3,val,26.093847,0.79
141,4,val,54.238506,0.80
141,5,val,54.593231,0.81
141,6,val,34.559967,0.82
141,7,val,26.919262,0.82
141,8,val,52.691742,0.83
141,9,val,71.040932,0.84
141,10,val,16.965912,0.85
141,11,val,28.212198,0.86
141,12,val,36.414391,0.87
141,13,val,27.440239,0.88
141,14,val,24.244783,0.89
141,15,val,41.082588,0.90
141,16,val,35.543175,0.91
141,17,val,40.668304,0.91
141,18,val,59.024025,0.92
141,19,val,42.805099,0.93
141,20,val,22.971790,0.93
141,21,val,46.164097,0.94
141,22,val,55.635696,0.95
141,23,val,50.079861,0.96
141,24,val,41.528240,0.96
141,25,val,68.055527,0.97
141,26,val,43.995152,0.98
141,27,val,50.280361,0.98
141,28,val,17.308376,0.99
141,29,val,70.135284,1.00
141,30,val,39.643082,1.01
141,31,val,34.717163,1.01
141,32,val,61.923763,1.02
141,33,val,44.765869,1.02
141,34,val,26.781872,1.03
142,0,train,25.787506,0.18
142,1,train,39.560703,0.22
142,2,train,23.759033,0.26
142,3,train,26.404316,0.30
142,4,train,30.222645,0.34
142,5,train,30.162464,0.37
142,6,train,34.597347,0.41
142,7,train,30.797350,0.45
142,8,train,30.130939,0.48
142,9,train,31.182053,0.52
142,10,train,24.468788,0.56
142,11,train,28.760822,0.59
142,12,train,20.280315,0.63
142,0,val,50.555099,0.77
142,1,val,41.167049,0.77
142,2,val,57.143154,0.78
142,3,val,24.699463,0.79
142,4,val,53.910519,0.80
142,5,val,54.046982,0.81
142,6,val,31.676296,0.82
142,7,val,28.120459,0.82
142,8,val,52.137875,0.83
142,9,val,64.354851,0.84
142,10,val,23.066105,0.85
142,11,val,29.904657,0.85
142,12,val,38.346718,0.86
142,13,val,28.941719,0.87
142,14,val,23.827663,0.89
142,15,val,34.577091,0.90
142,16,val,39.057533,0.92
142,17,val,43.778297,0.92
142,18,val,59.813545,0.93
142,19,val,42.456196,0.94
142,20,val,21.885628,0.95
142,21,val,47.806377,0.95
142,22,val,61.179321,0.96
142,23,val,49.768005,0.97
142,24,val,41.911633,0.98
142,25,val,63.643230,0.98
142,26,val,41.424911,0.99
142,27,val,54.687603,1.00
142,28,val,16.931694,1.01
142,29,val,69.303223,1.02
142,30,val,44.764610,1.02
142,31,val,29.885078,1.03
142,32,val,61.149044,1.03
142,33,val,36.756207,1.04
142,34,val,27.032509,1.04
143,0,train,23.370720,0.17
143,1,train,40.600929,0.21
143,2,train,34.322021,0.24
143,3,train,36.181068,0.29
143,4,train,31.785725,0.33
143,5,train,26.534719,0.37
143,6,train,37.400307,0.40
143,7,train,24.463135,0.44
143,8,train,24.385403,0.48
143,9,train,27.970272,0.51
143,10,train,25.371351,0.55
143,11,train,38.381676,0.59
143,12,train,26.769056,0.62
143,0,val,54.249783,0.75
143,1,val,40.476086,0.76
143,2,val,55.657589,0.77
143,3,val,25.362913,0.78
143,4,val,47.899258,0.79
143,5,val,53.951084,0.80
143,6,val,31.226809,0.81
143,7,val,27.402023,0.81
143,8,val,52.763672,0.82
143,9,val,130.505829,0.83
143,10,val,18.320660,0.83
143,11,val,28.647993,0.84
143,12,val,36.552658,0.85
143,13,val,30.241388,0.86
143,14,val,25.401014,0.86
143,15,val,33.016491,0.87
143,16,val,36.496235,0.88
143,17,val,44.612732,0.89
143,18,val,59.624187,0.90
143,19,val,49.396915,0.91
143,20,val,21.437574,0.91
143,21,val,49.772179,0.92
143,22,val,52.984913,0.93
143,23,val,48.684002,0.93
143,24,val,42.222244,0.94
143,25,val,63.770409,0.95
143,26,val,37.813961,0.95
143,27,val,50.587280,0.96
143,28,val,17.920715,0.97
143,29,val,67.496735,0.97
143,30,val,38.608849,0.98
143,31,val,30.781055,0.99
143,32,val,72.089981,1.00
143,33,val,36.714996,1.00
143,34,val,26.539923,1.01
144,0,train,30.377289,0.14
144,1,train,24.161871,0.18
144,2,train,24.221836,0.21
144,3,train,26.411205,0.25
144,4,train,33.394997,0.29
144,5,train,33.924896,0.33
144,6,train,29.294785,0.37
144,7,train,28.072355,0.41
144,8,train,24.741558,0.44
144,9,train,30.862621,0.48
144,10,train,26.470587,0.51
144,11,train,28.120316,0.55
144,12,train,31.302065,0.58
144,0,val,52.114662,0.72
144,1,val,40.095596,0.73
144,2,val,55.721222,0.73
144,3,val,25.947012,0.75
144,4,val,47.105431,0.76
144,5,val,52.728233,0.76
144,6,val,33.591465,0.77
144,7,val,27.367964,0.78
144,8,val,53.384632,0.79
144,9,val,64.919815,0.80
144,10,val,17.571569,0.81
144,11,val,31.978689,0.82
144,12,val,38.232922,0.82
144,13,val,27.936911,0.83
144,14,val,27.562515,0.84
144,15,val,35.141674,0.85
144,16,val,37.196037,0.86
144,17,val,42.437656,0.87
144,18,val,57.871815,0.88
144,19,val,41.820713,0.88
144,20,val,29.794460,0.89
144,21,val,45.842915,0.90
144,22,val,52.779835,0.91
144,23,val,48.412983,0.91
144,24,val,41.029587,0.92
144,25,val,63.003864,0.93
144,26,val,38.573158,0.94
144,27,val,59.155647,0.94
144,28,val,22.460274,0.96
144,29,val,66.845230,0.97
144,30,val,39.061165,0.97
144,31,val,29.380886,0.98
144,32,val,62.805840,0.99
144,33,val,37.336636,0.99
144,34,val,25.718235,1.00
145,0,train,28.291006,0.17
145,1,train,29.629892,0.21
145,2,train,25.085960,0.25
145,3,train,30.593124,0.29
145,4,train,26.171490,0.33
145,5,train,26.787704,0.36
145,6,train,26.886082,0.40
145,7,train,29.507778,0.44
145,8,train,29.584414,0.48
145,9,train,26.154514,0.51
145,10,train,37.564873,0.55
145,11,train,33.451611,0.58
145,12,train,20.792824,0.62
145,0,val,50.701424,0.76
145,1,val,39.842651,0.77
145,2,val,56.803722,0.77
145,3,val,23.742033,0.79
145,4,val,48.281971,0.80
145,5,val,81.373871,0.80
145,6,val,30.435255,0.81
145,7,val,23.716362,0.82
145,8,val,56.994034,0.82
145,9,val,62.977222,0.83
145,10,val,16.930861,0.84
145,11,val,28.931803,0.85
145,12,val,35.994175,0.85
145,13,val,32.163864,0.86
145,14,val,24.080227,0.86
145,15,val,33.853378,0.87
145,16,val,35.560501,0.88
145,17,val,39.070202,0.89
145,18,val,55.105579,0.90
145,19,val,43.605881,0.91
145,20,val,30.164347,0.92
145,21,val,45.507717,0.93
145,22,val,51.058594,0.93
145,23,val,48.417229,0.94
145,24,val,40.577007,0.95
145,25,val,64.175850,0.96
145,26,val,45.907074,0.97
145,27,val,49.903130,0.98
145,28,val,17.007080,0.99
145,29,val,68.092728,1.00
145,30,val,39.320461,1.00
145,31,val,30.422211,1.01
145,32,val,60.445412,1.01
145,33,val,42.614853,1.02
145,34,val,26.088003,1.02
146,0,train,25.278561,0.33
146,1,train,26.289722,0.39
146,2,train,32.289230,0.44
146,3,train,31.268476,0.49
146,4,train,32.731655,0.53
146,5,train,30.220297,0.57
146,6,train,31.503212,0.62
146,7,train,28.263840,0.66
146,8,train,29.599392,0.71
146,9,train,27.658558,0.79
146,10,train,33.499489,0.83
146,11,train,27.316528,0.88
146,12,train,25.091290,0.94
146,0,val,47.689816,1.15
146,1,val,40.262383,1.16
146,2,val,55.009232,1.17
146,3,val,22.833862,1.19
146,4,val,46.753342,1.20
146,5,val,52.656322,1.21
146,6,val,30.362267,1.22
146,7,val,25.160492,1.24
146,8,val,51.746708,1.25
146,9,val,63.837963,1.26
146,10,val,23.147699,1.28
146,11,val,28.190275,1.29
146,12,val,35.803757,1.30
146,13,val,27.047150,1.32
146,14,val,24.549152,1.33
146,15,val,33.884033,1.36
146,16,val,36.986992,1.37
146,17,val,41.785206,1.39
146,18,val,55.454189,1.41
146,19,val,41.775986,1.42
146,20,val,22.802591,1.43
146,21,val,58.007114,1.44
146,22,val,54.082378,1.46
146,23,val,51.244484,1.47
146,24,val,40.560127,1.48
146,25,val,62.777328,1.50
146,26,val,44.896496,1.51
146,27,val,52.408340,1.52
146,28,val,19.640211,1.53
146,29,val,65.595314,1.55
146,30,val,42.030190,1.56
146,31,val,28.593565,1.57
146,32,val,60.551788,1.57
146,33,val,35.629997,1.58
146,34,val,26.789909,1.60
147,0,train,21.546257,0.22
147,1,train,27.599251,0.26
147,2,train,30.972490,0.31
147,3,train,27.560740,0.34
147,4,train,26.832933,0.40
147,5,train,27.246094,0.44
147,6,train,21.343657,0.48
147,7,train,30.282766,0.53
147,8,train,36.452015,0.57
147,9,train,27.925756,0.61
147,10,train,39.941757,0.65
147,11,train,30.586349,0.68
147,12,train,29.549452,0.72
147,0,val,56.447891,0.91
147,1,val,68.549873,0.93
147,2,val,57.078011,0.94
147,3,val,26.990032,0.95
147,4,val,48.449753,0.96
147,5,val,55.682072,0.97
147,6,val,29.760168,0.98
147,7,val,31.246464,0.98
147,8,val,51.591446,1.00
147,9,val,65.669418,1.01
147,10,val,19.255875,1.02
147,11,val,32.337929,1.04
147,12,val,35.319168,1.05
147,13,val,28.536404,1.06
147,14,val,25.647268,1.07
147,15,val,36.610382,1.08
147,16,val,34.820755,1.09
147,17,val,40.623631,1.10
147,18,val,54.105473,1.11
147,19,val,40.568897,1.12
147,20,val,24.766014,1.14
147,21,val,46.951797,1.15
147,22,val,52.078156,1.16
147,23,val,53.395832,1.18
147,24,val,41.033260,1.19
147,25,val,63.570374,1.20
147,26,val,36.805817,1.21
147,27,val,49.460861,1.22
147,28,val,18.998619,1.23
147,29,val,68.334663,1.24
147,30,val,38.702877,1.25
147,31,val,30.115847,1.25
147,32,val,58.741653,1.26
147,33,val,36.346138,1.27
147,34,val,26.556557,1.27
148,0,train,37.132248,0.18
148,1,train,29.344490,0.25
148,2,train,35.693489,0.28
148,3,train,26.586065,0.33
148,4,train,24.724617,0.38
148,5,train,27.462429,0.41
148,6,train,25.643122,0.46
148,7,train,33.209396,0.50
148,8,train,24.820217,0.54
148,9,train,28.526695,0.58
148,10,train,26.892918,0.61
148,11,train,30.434275,0.65
148,12,train,29.678518,0.69
148,0,val,49.393654,0.92
148,1,val,41.304085,0.95
148,2,val,54.435051,0.96
148,3,val,25.874161,0.97
148,4,val,46.823673,0.99
148,5,val,57.726662,1.00
148,6,val,33.036915,1.01
148,7,val,24.496830,1.02
148,8,val,53.486794,1.03
148,9,val,64.145523,1.05
148,10,val,16.530119,1.06
148,11,val,28.621880,1.07
148,12,val,37.384033,1.08
148,13,val,27.282534,1.09
148,14,val,24.205841,1.10
148,15,val,34.486900,1.11
148,16,val,35.410717,1.12
148,17,val,42.150047,1.13
148,18,val,61.391647,1.14
148,19,val,41.015251,1.16
148,20,val,24.000887,1.17
148,21,val,45.104530,1.19
148,22,val,56.233360,1.20
148,23,val,48.303993,1.21
148,24,val,40.894375,1.23
148,25,val,65.045616,1.24
148,26,val,36.340282,1.26
148,27,val,50.470074,1.28
148,28,val,15.433812,1.29
148,29,val,66.286621,1.30
148,30,val,41.501747,1.31
148,31,val,32.244640,1.31
148,32,val,57.518116,1.32
148,33,val,34.895016,1.32
148,34,val,25.238224,1.33
149,0,train,26.136284,0.23
149,1,train,24.477497,0.29
149,2,train,24.291035,0.35
149,3,train,28.882244,0.40
149,4,train,32.858128,0.44
149,5,train,20.669682,0.49
149,6,train,25.013828,0.54
149,7,train,29.669430,0.58
149,8,train,28.723192,0.62
149,9,train,26.963514,0.66
149,10,train,28.850960,0.70
149,11,train,32.588127,0.73
149,12,train,33.151672,0.77
149,0,val,47.781876,0.91
149,1,val,39.138847,0.92
149,2,val,54.816528,0.92
149,3,val,24.543840,0.94
149,4,val,45.357403,0.95
149,5,val,58.643642,0.96
149,6,val,30.186203,0.96
149,7,val,27.527300,0.97
149,8,val,54.857224,0.98
149,9,val,62.510708,0.99
149,10,val,23.372488,0.99
149,11,val,32.500954,1.00
149,12,val,35.372959,1.01
149,13,val,26.679718,1.01
149,14,val,26.225704,1.02
149,15,val,33.516441,1.03
149,16,val,35.831131,1.04
149,17,val,39.533440,1.05
149,18,val,55.960758,1.05
149,19,val,42.222862,1.06
149,20,val,21.910606,1.07
149,21,val,46.945095,1.07
149,22,val,51.682083,1.08
149,23,val,52.111713,1.09
149,24,val,40.727295,1.10
149,25,val,62.590076,1.11
149,26,val,36.141308,1.12
149,27,val,52.890530,1.13
149,28,val,18.851873,1.14
149,29,val,64.858147,1.15
149,30,val,36.960873,1.16
149,31,val,28.979607,1.16
149,32,val,59.159344,1.17
149,33,val,38.287361,1.17
149,34,val,25.716591,1.18
150,0,train,32.225899,0.20
150,1,train,31.880911,0.24
150,2,train,27.526411,0.28
150,3,train,37.268639,0.33
150,4,train,33.688660,0.38
150,5,train,25.604765,0.43
150,6,train,29.162073,0.47
150,7,train,22.690470,0.51
150,8,train,28.194649,0.55
150,9,train,29.528715,0.58
150,10,train,27.685345,0.62
150,11,train,33.832085,0.66
150,12,train,33.819855,0.69
150,0,val,49.017685,0.83
150,1,val,46.240005,0.84
150,2,val,55.975666,0.85
150,3,val,25.943762,0.86
150,4,val,46.564991,0.87
150,5,val,54.404015,0.88
150,6,val,31.073248,0.89
150,7,val,25.035713,0.89
150,8,val,54.363693,0.90
150,9,val,61.485443,0.91
150,10,val,16.989574,0.92
150,11,val,30.419310,0.92
150,12,val,36.999474,0.93
150,13,val,28.633623,0.94
150,14,val,23.805157,0.94
150,15,val,37.371052,0.95
150,16,val,36.457104,0.96
150,17,val,46.096375,0.97
150,18,val,54.839531,0.98
150,19,val,42.300865,0.98
150,20,val,26.800591,0.99
150,21,val,45.550018,1.00
150,22,val,62.273727,1.00
150,23,val,47.981628,1.01
150,24,val,40.041710,1.02
150,25,val,62.210144,1.03
150,26,val,35.050953,1.03
150,27,val,50.626709,1.04
150,28,val,18.879196,1.05
150,29,val,72.332703,1.05
150,30,val,44.838123,1.06
150,31,val,30.425175,1.07
150,32,val,57.755459,1.07
150,33,val,41.444912,1.08
150,34,val,26.138988,1.08
151,0,train,29.308840,0.15
151,1,train,32.141968,0.19
151,2,train,29.165031,0.23
151,3,train,33.499390,0.26
151,4,train,29.320042,0.30
151,5,train,28.439608,0.34
151,6,train,36.131451,0.37
151,7,train,25.808527,0.41
151,8,train,32.470055,0.45
151,9,train,30.191359,0.48
151,10,train,34.300350,0.52
151,11,train,29.342876,0.55
151,12,train,33.462399,0.59
151,0,val,51.592918,0.73
151,1,val,39.260067,0.74
151,2,val,55.064026,0.75
151,3,val,25.294573,0.76
151,4,val,48.969868,0.77
151,5,val,51.862125,0.78
151,6,val,30.508673,0.78
151,7,val,25.145205,0.79
151,8,val,58.571167,0.80
151,9,val,61.505630,0.81
151,10,val,21.860310,0.81
151,11,val,28.199966,0.82
151,12,val,36.549858,0.83
151,13,val,31.695381,0.83
151,14,val,23.287479,0.84
151,15,val,32.931461,0.85
151,16,val,38.515430,0.86
151,17,val,39.005821,0.87
151,18,val,56.669254,0.87
151,19,val,40.168114,0.88
151,20,val,20.940680,0.89
151,21,val,44.546234,0.90
151,22,val,53.775433,0.90
151,23,val,47.588215,0.91
151,24,val,42.381771,0.92
151,25,val,61.753574,0.92
151,26,val,36.314728,0.93
151,27,val,57.190571,0.94
151,28,val,16.218456,0.94
151,29,val,65.738533,0.95
151,30,val,38.608147,0.96
151,31,val,29.532469,0.97
151,32,val,60.277153,0.97
151,33,val,40.497383,0.98
151,34,val,27.570408,0.98
152,0,train,25.226551,0.16
152,1,train,24.032341,0.20
152,2,train,28.329622,0.24
152,3,train,36.386978,0.27
152,4,train,27.472973,0.31
152,5,train,33.443405,0.35
152,6,train,30.233093,0.38
152,7,train,26.155832,0.42
152,8,train,31.276855,0.46
152,9,train,36.150047,0.49
152,10,train,36.046787,0.53
152,11,train,35.266640,0.57
152,12,train,30.687019,0.60
152,0,val,48.623478,0.73
152,1,val,39.773674,0.74
152,2,val,56.299191,0.75
152,3,val,26.074991,0.76
152,4,val,46.059906,0.77
152,5,val,50.547268,0.78
152,6,val,29.230299,0.79
152,7,val,23.907101,0.80
152,8,val,50.667625,0.80
152,9,val,61.417103,0.81
152,10,val,16.003216,0.82
152,11,val,32.577908,0.83
152,12,val,35.873730,0.83
152,13,val,29.960558,0.84
152,14,val,33.239239,0.85
152,15,val,36.397366,0.86
152,16,val,35.549328,0.86
152,17,val,41.618690,0.87
152,18,val,55.003784,0.88
152,19,val,41.075264,0.89
152,20,val,22.741623,0.90
152,21,val,49.335693,0.90
152,22,val,52.188843,0.91
152,23,val,49.931583,0.92
152,24,val,41.172886,0.92
152,25,val,61.070717,0.93
152,26,val,36.646782,0.94
152,27,val,47.932083,0.95
152,28,val,20.128414,0.95
152,29,val,64.933334,0.96
152,30,val,39.058849,0.97
152,31,val,28.705828,0.98
152,32,val,58.234390,0.98
152,33,val,34.197296,0.99
152,34,val,24.433802,0.99
153,0,train,29.562897,0.20
153,1,train,24.997667,0.24
153,2,train,29.630817,0.28
153,3,train,33.105751,0.31
153,4,train,31.568518,0.36
153,5,train,28.805843,0.40
153,6,train,29.713821,0.43
153,7,train,28.158379,0.47
153,8,train,30.764402,0.51
153,9,train,22.868793,0.54
153,10,train,34.827335,0.65
153,11,train,29.310282,0.68
153,12,train,24.940956,0.72
153,0,val,49.179924,0.86
153,1,val,38.114437,0.87
153,2,val,61.743046,0.88
153,3,val,24.373629,0.89
153,4,val,44.519447,0.90
153,5,val,50.888760,0.91
153,6,val,31.543051,0.91
153,7,val,28.059208,0.92
153,8,val,50.107410,0.93
153,9,val,60.762802,0.93
153,10,val,16.257858,0.94
153,11,val,28.698956,0.95
153,12,val,41.081711,0.96
153,13,val,30.020550,0.96
153,14,val,28.774454,0.97
153,15,val,41.196701,0.98
153,16,val,34.980618,1.00
153,17,val,40.898903,1.00
153,18,val,54.318939,1.01
153,19,val,41.443035,1.02
153,20,val,21.867294,1.03
153,21,val,44.910774,1.03
153,22,val,50.305889,1.04
153,23,val,47.583431,1.05
153,24,val,39.356022,1.05
153,25,val,61.344620,1.06
153,26,val,35.555840,1.06
153,27,val,51.600998,1.07
153,28,val,15.158610,1.08
153,29,val,67.636948,1.09
153,30,val,38.314121,1.10
153,31,val,29.068537,1.10
153,32,val,57.505421,1.11
153,33,val,35.309933,1.11
153,34,val,24.751503,1.11
154,0,train,32.419582,0.18
154,1,train,23.628410,0.22
154,2,train,22.227480,0.26
154,3,train,21.836826,0.29
154,4,train,36.167454,0.34
154,5,train,23.970041,0.37
154,6,train,32.214081,0.41
154,7,train,22.627405,0.46
154,8,train,28.717337,0.50
154,9,train,26.731083,0.54
154,10,train,27.692173,0.57
154,11,train,25.059374,0.61
154,12,train,26.088036,0.64
154,0,val,55.317501,0.78
154,1,val,39.764542,0.79
154,2,val,52.993839,0.80
154,3,val,22.609901,0.81
154,4,val,46.050121,0.82
154,5,val,50.966972,0.83
154,6,val,30.682077,0.84
154,7,val,24.608854,0.85
154,8,val,49.923176,0.85
154,9,val,60.340794,0.86
154,10,val,16.291210,0.87
154,11,val,30.841993,0.88
154,12,val,34.895916,0.88
154,13,val,27.777632,0.89
154,14,val,26.444777,0.90
154,15,val,32.566238,0.91
154,16,val,41.761021,0.92
154,17,val,46.403206,0.93
154,18,val,53.958099,0.94
154,19,val,40.325111,0.94
154,20,val,21.399158,0.95
154,21,val,45.959957,0.96
154,22,val,51.661102,0.97
154,23,val,47.922379,0.97
154,24,val,39.029213,0.98
154,25,val,61.610004,0.99
154,26,val,37.638462,0.99
154,27,val,55.291199,1.00
154,28,val,18.335228,1.01
154,29,val,64.555634,1.02
154,30,val,36.421337,1.03
154,31,val,29.910181,1.04
154,32,val,62.693111,1.04
154,33,val,35.020882,1.04
154,34,val,25.258627,1.05
155,0,train,24.593754,0.17
155,1,train,30.258739,0.22
155,2,train,23.893944,0.25
155,3,train,28.703279,0.29
155,4,train,22.775974,0.33
155,5,train,28.148584,0.37
155,6,train,25.916119,0.40
155,7,train,21.706600,0.44
155,8,train,27.767944,0.48
155,9,train,24.398670,0.51
155,10,train,25.702356,0.55
155,11,train,25.556725,0.59
155,12,train,22.270267,0.62
155,0,val,50.254013,0.76
155,1,val,38.891804,0.77
155,2,val,53.416004,0.77
155,3,val,22.181030,0.79
155,4,val,44.834202,0.80
155,5,val,51.107307,0.80
155,6,val,36.955444,0.81
155,7,val,25.963150,0.82
155,8,val,56.857037,0.83
155,9,val,59.806614,0.83
155,10,val,17.031637,0.84
155,11,val,27.605448,0.85
155,12,val,35.558758,0.85
155,13,val,33.705555,0.86
155,14,val,23.413115,0.87
155,15,val,31.400812,0.88
155,16,val,42.995358,0.89
155,17,val,46.133026,0.90
155,18,val,56.494289,0.91
155,19,val,42.814667,0.92
155,20,val,21.454149,0.92
155,21,val,46.481586,0.93
155,22,val,52.824444,0.94
155,23,val,46.627945,0.94
155,24,val,43.855766,0.95
155,25,val,60.315426,0.96
155,26,val,39.163292,0.96
155,27,val,47.607727,0.97
155,28,val,16.061190,0.98
155,29,val,65.034676,0.99
155,30,val,39.518555,1.00
155,31,val,27.665924,1.00
155,32,val,56.582924,1.01
155,33,val,38.186825,1.01
155,34,val,28.639521,1.01
156,0,train,30.903858,0.21
156,1,train,26.060974,0.27
156,2,train,23.927116,0.30
156,3,train,31.481632,0.34
156,4,train,29.119442,0.40
156,5,train,28.236351,0.43
156,6,train,28.398510,0.47
156,7,train,26.779354,0.51
156,8,train,28.271528,0.54
156,9,train,25.818010,0.58
156,10,train,26.199261,0.61
156,11,train,27.324383,0.65
156,12,train,29.221582,0.69
156,0,val,46.895996,0.90
156,1,val,37.317360,0.92
156,2,val,53.706924,0.93
156,3,val,23.884632,0.93
156,4,val,45.107185,0.94
156,5,val,50.617947,0.95
156,6,val,32.601490,0.96
156,7,val,22.946672,0.97
156,8,val,49.865871,0.98
156,9,val,59.748207,0.99
156,10,val,15.810003,1.01
156,11,val,32.972069,1.02
156,12,val,34.944481,1.04
156,13,val,27.195940,1.05
156,14,val,24.221939,1.07
156,15,val,31.581314,1.07
156,16,val,34.207870,1.09
156,17,val,46.530701,1.10
156,18,val,54.042450,1.12
156,19,val,40.044422,1.14
156,20,val,21.817303,1.15
156,21,val,47.746616,1.16
156,22,val,50.519787,1.17
156,23,val,46.967499,1.18
156,24,val,40.430420,1.19
156,25,val,61.432514,1.19
156,26,val,37.811543,1.21
156,27,val,47.430019,1.22
156,28,val,15.759692,1.23
156,29,val,64.179146,1.25
156,30,val,43.210194,1.26
156,31,val,28.428082,1.27
156,32,val,57.147396,1.27
156,33,val,34.172985,1.28
156,34,val,31.352089,1.29
157,0,train,33.719223,0.24
157,1,train,29.754704,0.32
157,2,train,24.731091,0.37
157,3,train,27.192352,0.41
157,4,train,23.610592,0.46
157,5,train,25.808697,0.50
157,6,train,26.970356,0.55
157,7,train,25.989281,0.60
157,8,train,23.304951,0.64
157,9,train,26.981390,0.68
157,10,train,25.157475,0.72
157,11,train,25.464979,0.75
157,12,train,28.466963,0.79
157,0,val,46.330376,0.97
157,1,val,38.179905,1.01
157,2,val,57.793499,1.02
157,3,val,23.689545,1.03
157,4,val,45.756149,1.03
157,5,val,51.858276,1.04
157,6,val,30.390694,1.05
157,7,val,25.628878,1.06
157,8,val,49.507641,1.07
157,9,val,63.115345,1.09
157,10,val,17.953354,1.10
157,11,val,27.239096,1.11
157,12,val,42.133770,1.12
157,13,val,27.311964,1.13
157,14,val,26.056095,1.14
157,15,val,31.899889,1.15
157,16,val,34.451611,1.16
157,17,val,53.520477,1.17
157,18,val,54.342087,1.18
157,19,val,40.049530,1.19
157,20,val,21.645552,1.20
157,21,val,92.190758,1.21
157,22,val,50.286449,1.22
157,23,val,55.676781,1.23
157,24,val,39.574543,1.24
157,25,val,59.822063,1.25
157,26,val,38.140381,1.26
157,27,val,47.850792,1.27
157,28,val,15.515783,1.28
157,29,val,64.156006,1.30
157,30,val,36.547920,1.30
157,31,val,29.135685,1.31
157,32,val,57.239235,1.32
157,33,val,43.968033,1.32
157,34,val,26.165558,1.33
158,0,train,29.744411,0.22
158,1,train,30.815338,0.27
158,2,train,29.370020,0.31
158,3,train,29.312332,0.35
158,4,train,33.580292,0.40
158,5,train,24.674255,0.44
158,6,train,27.634991,0.49
158,7,train,20.320778,0.54
158,8,train,27.062279,0.58
158,9,train,26.283739,0.62
158,10,train,27.478550,0.66
158,11,train,29.494926,0.69
158,12,train,24.608379,0.73
158,0,val,49.216393,0.93
158,1,val,38.221596,0.95
158,2,val,62.395981,0.96
158,3,val,23.583324,0.97
158,4,val,44.713036,0.98
158,5,val,58.528625,0.99
158,6,val,29.761883,1.00
158,7,val,23.407290,1.01
158,8,val,49.943848,1.02
158,9,val,59.860622,1.03
158,10,val,15.485166,1.04
158,11,val,27.746101,1.06
158,12,val,35.325760,1.07
158,13,val,26.828787,1.08
158,14,val,30.672668,1.09
158,15,val,32.542709,1.10
158,16,val,34.508881,1.12
158,17,val,38.311989,1.14
158,18,val,52.672432,1.16
158,19,val,40.386395,1.17
158,20,val,31.762159,1.18
158,21,val,46.682312,1.19
158,22,val,50.413288,1.20
158,23,val,46.007812,1.21
158,24,val,38.550373,1.22
158,25,val,60.627960,1.23
158,26,val,35.767483,1.24
158,27,val,52.773392,1.25
158,28,val,19.683918,1.26
158,29,val,63.256996,1.27
158,30,val,37.207405,1.28
158,31,val,29.273581,1.29
158,32,val,59.607643,1.30
158,33,val,46.055702,1.30
158,34,val,25.153263,1.31
159,0,train,28.897245,0.19
159,1,train,26.977806,0.24
159,2,train,29.990259,0.29
159,3,train,25.213528,0.33
159,4,train,31.035336,0.38
159,5,train,24.328211,0.42
159,6,train,25.508148,0.47
159,7,train,27.415928,0.51
159,8,train,20.716448,0.56
159,9,train,24.857449,0.60
159,10,train,28.119667,0.64
159,11,train,30.372007,0.68
159,12,train,27.615593,0.72
159,0,val,46.141319,0.92
159,1,val,38.927876,0.95
159,2,val,53.594059,0.96
159,3,val,27.781055,0.97
159,4,val,44.061424,0.98
159,5,val,50.147038,0.99
159,6,val,31.003462,1.00
159,7,val,24.312927,1.01
159,8,val,53.250290,1.02
159,9,val,65.563316,1.04
159,10,val,19.901751,1.05
159,11,val,29.194929,1.06
159,12,val,34.259083,1.07
159,13,val,26.260031,1.08
159,14,val,24.677301,1.09
159,15,val,34.130226,1.11
159,16,val,33.802486,1.12
159,17,val,39.046650,1.13
159,18,val,53.185596,1.14
159,19,val,39.592449,1.16
159,20,val,21.214716,1.17
159,21,val,45.811275,1.18
159,22,val,58.340488,1.19
159,23,val,49.919388,1.20
159,24,val,40.810303,1.21
159,25,val,60.192989,1.22
159,26,val,34.662926,1.23
159,27,val,47.087440,1.24
159,28,val,15.963635,1.25
159,29,val,63.277863,1.26
159,30,val,40.985416,1.27
159,31,val,29.288609,1.28
159,32,val,58.964905,1.28
159,33,val,33.998325,1.29
159,34,val,27.450180,1.29
160,0,train,29.511253,0.22
160,1,train,30.320490,0.27
160,2,train,33.252651,0.31
160,3,train,31.094278,0.35
160,4,train,28.301012,0.40
160,5,train,25.555149,0.44
160,6,train,30.154800,0.48
160,7,train,30.441427,0.54
160,8,train,25.249063,0.58
160,9,train,24.925173,0.61
160,10,train,21.566734,0.65
160,11,train,23.597652,0.68
160,12,train,24.202057,0.72
160,0,val,47.957405,0.86
160,1,val,44.931412,0.87
160,2,val,54.033268,0.87
160,3,val,26.489927,0.89
160,4,val,44.002724,0.90
160,5,val,50.440491,0.90
160,6,val,35.359203,0.91
160,7,val,31.547857,0.92
160,8,val,49.365173,0.92
160,9,val,66.383392,0.93
160,10,val,16.279169,0.94
160,11,val,27.583513,0.94
160,12,val,34.889050,0.95
160,13,val,26.951338,0.96
160,14,val,23.412903,0.96
160,15,val,31.971891,0.97
160,16,val,34.844349,0.98
160,17,val,42.684662,0.99
160,18,val,52.426746,1.00
160,19,val,43.387688,1.00
160,20,val,21.367695,1.01
160,21,val,44.951942,1.02
160,22,val,50.324265,1.03
160,23,val,45.962337,1.03
160,24,val,44.923298,1.04
160,25,val,69.739929,1.05
160,26,val,44.329502,1.05
160,27,val,48.819492,1.06
160,28,val,15.236586,1.07
160,29,val,63.183807,1.08
160,30,val,35.596142,1.08
160,31,val,29.966532,1.09
160,32,val,58.029385,1.10
160,33,val,41.243855,1.10
160,34,val,34.314869,1.11
161,0,train,24.871559,0.15
161,1,train,29.812422,0.19
161,2,train,25.933388,0.23
161,3,train,34.254219,0.26
161,4,train,28.556602,0.31
161,5,train,27.227634,0.35
161,6,train,19.148630,0.38
161,7,train,30.598969,0.43
161,8,train,32.940731,0.47
161,9,train,29.202091,0.50
161,10,train,23.013256,0.54
161,11,train,26.447269,0.57
161,12,train,26.536776,0.61
161,0,val,47.981232,0.75
161,1,val,41.008575,0.75
161,2,val,53.552589,0.76
161,3,val,27.229107,0.78
161,4,val,48.156185,0.79
161,5,val,50.095055,0.80
161,6,val,30.814747,0.80
161,7,val,24.469036,0.81
161,8,val,49.506855,0.82
161,9,val,59.622459,0.83
161,10,val,16.780922,0.84
161,11,val,34.303833,0.84
161,12,val,33.569405,0.85
161,13,val,29.084307,0.86
161,14,val,23.877176,0.87
161,15,val,37.147644,0.88
161,16,val,34.446247,0.89
161,17,val,37.332031,0.89
161,18,val,52.895317,0.90
161,19,val,39.494873,0.91
161,20,val,20.115335,0.92
161,21,val,44.027462,0.92
161,22,val,50.286499,0.93
161,23,val,48.473686,0.94
161,24,val,47.953030,0.94
161,25,val,59.956997,0.95
161,26,val,35.481838,0.96
161,27,val,46.242119,0.97
161,28,val,16.901340,0.97
161,29,val,62.765633,0.98
161,30,val,35.777065,0.99
161,31,val,29.287647,1.00
161,32,val,57.175644,1.00
161,33,val,33.719742,1.01
161,34,val,28.489643,1.01
162,0,train,23.057007,0.16
162,1,train,29.269249,0.20
162,2,train,26.825474,0.24
162,3,train,25.821896,0.28
162,4,train,23.786139,0.32
162,5,train,32.442230,0.35
162,6,train,24.137722,0.39
162,7,train,26.759144,0.44
162,8,train,28.322857,0.47
162,9,train,27.808300,0.51
162,10,train,31.503309,0.55
162,11,train,28.550409,0.58
162,12,train,28.803856,0.61
162,0,val,47.293598,0.76
162,1,val,37.289776,0.76
162,2,val,52.047932,0.77
162,3,val,21.668367,0.80
162,4,val,46.908813,0.81
162,5,val,48.662857,0.82
162,6,val,31.355236,0.83
162,7,val,23.405483,0.84
162,8,val,48.556442,0.85
162,9,val,58.966915,0.86
162,10,val,18.655476,0.86
162,11,val,27.517540,0.87
162,12,val,35.192711,0.88
162,13,val,25.762333,0.89
162,14,val,25.143591,0.90
162,15,val,32.410324,0.91
162,16,val,34.971725,0.91
162,17,val,42.878399,0.92
162,18,val,55.923016,0.93
162,19,val,38.905781,0.93
162,20,val,25.416842,0.94
162,21,val,43.463600,0.95
162,22,val,49.599522,0.96
162,23,val,45.732227,0.96
162,24,val,38.988106,0.97
162,25,val,61.421589,0.98
162,26,val,34.504665,0.99
162,27,val,48.088711,1.00
162,28,val,24.058441,1.00
162,29,val,63.328064,1.01
162,30,val,36.026649,1.02
162,31,val,31.448118,1.02
162,32,val,56.901035,1.03
162,33,val,34.816582,1.03
162,34,val,27.145657,1.04
163,0,train,26.407293,0.21
163,1,train,31.137077,0.25
163,2,train,29.184845,0.28
163,3,train,29.342205,0.32
163,4,train,23.207340,0.36
163,5,train,24.803730,0.39
163,6,train,25.862349,0.43
163,7,train,29.568794,0.47
163,8,train,26.340717,0.50
163,9,train,26.923153,0.54
163,10,train,25.123020,0.58
163,11,train,26.191288,0.61
163,12,train,29.940407,0.64
163,0,val,54.425095,0.79
163,1,val,37.124752,0.80
163,2,val,55.840981,0.82
163,3,val,22.252401,0.83
163,4,val,51.090488,0.84
163,5,val,53.620132,0.85
163,6,val,28.767286,0.85
163,7,val,24.496023,0.86
163,8,val,48.331295,0.87
163,9,val,62.033932,0.88
163,10,val,16.006802,0.89
163,11,val,29.830500,0.89
163,12,val,32.788277,0.90
163,13,val,25.000181,0.91
163,14,val,31.609816,0.92
163,15,val,34.526489,0.93
163,16,val,35.984207,0.94
163,17,val,37.928768,0.95
163,18,val,57.046318,0.96
163,19,val,40.061176,0.97
163,20,val,22.038944,0.97
163,21,val,45.090801,0.98
163,22,val,58.888985,0.99
163,23,val,52.817757,1.00
163,24,val,38.670330,1.01
163,25,val,58.230164,1.01
163,26,val,33.708973,1.03
163,27,val,47.367317,1.03
163,28,val,23.521925,1.04
163,29,val,63.928082,1.05
163,30,val,41.381241,1.06
163,31,val,27.959566,1.06
163,32,val,57.542770,1.07
163,33,val,34.205257,1.07
163,34,val,25.014740,1.08
164,0,train,22.580242,0.14
164,1,train,22.111664,0.18
164,2,train,27.533768,0.22
164,3,train,28.409275,0.25
164,4,train,29.407455,0.30
164,5,train,31.234631,0.33
164,6,train,21.904285,0.37
164,7,train,21.057991,0.41
164,8,train,29.017080,0.45
164,9,train,30.592861,0.48
164,10,train,27.565767,0.52
164,11,train,24.732346,0.55
164,12,train,25.458729,0.59
164,0,val,45.572773,0.73
164,1,val,37.257271,0.74
164,2,val,54.311348,0.74
164,3,val,22.659178,0.76
164,4,val,48.705894,0.77
164,5,val,49.656635,0.77
164,6,val,29.444754,0.78
164,7,val,24.264126,0.79
164,8,val,58.092125,0.80
164,9,val,58.569286,0.80
164,10,val,15.872008,0.81
164,11,val,26.988304,0.82
164,12,val,33.121315,0.82
164,13,val,28.158047,0.83
164,14,val,23.174616,0.84
164,15,val,31.591454,0.85
164,16,val,35.225464,0.86
164,17,val,42.279434,0.86
164,18,val,52.442451,0.87
164,19,val,38.551842,0.88
164,20,val,20.872293,0.88
164,21,val,45.111042,0.89
164,22,val,52.245445,0.90
164,23,val,46.621788,0.91
164,24,val,38.623547,0.91
164,25,val,59.138313,0.92
164,26,val,33.517986,0.92
164,27,val,45.476860,0.93
164,28,val,15.700804,0.94
164,29,val,66.809410,0.94
164,30,val,34.603550,0.95
164,31,val,29.459255,0.96
164,32,val,63.807613,0.97
164,33,val,37.368198,0.97
164,34,val,28.435165,0.98
165,0,train,24.165852,0.18
165,1,train,24.969473,0.22
165,2,train,23.830284,0.25
165,3,train,24.529533,0.29
165,4,train,27.326283,0.33
165,5,train,22.670515,0.36
165,6,train,20.531910,0.40
165,7,train,28.007973,0.44
165,8,train,24.750343,0.48
165,9,train,24.516489,0.51
165,10,train,30.152090,0.55
165,11,train,28.426311,0.58
165,12,train,31.425667,0.61
165,0,val,45.562508,0.75
165,1,val,36.946644,0.76
165,2,val,55.628349,0.77
165,3,val,22.257057,0.77
165,4,val,43.539616,0.79
165,5,val,48.080711,0.80
165,6,val,30.828009,0.81
165,7,val,22.475065,0.82
165,8,val,47.957695,0.83
165,9,val,59.308529,0.84
165,10,val,15.297596,0.84
165,11,val,31.456842,0.85
165,12,val,35.980011,0.86
165,13,val,26.409206,0.87
165,14,val,22.867126,0.88
165,15,val,32.148170,0.89
165,16,val,34.845154,0.90
165,17,val,43.104279,0.91
165,18,val,52.201958,0.92
165,19,val,42.459675,0.92
165,20,val,25.466579,0.93
165,21,val,44.731049,0.94
165,22,val,48.628639,0.95
165,23,val,50.632454,0.96
165,24,val,41.664146,0.96
165,25,val,58.250530,0.97
165,26,val,33.035252,0.98
165,27,val,45.528313,0.99
165,28,val,15.617604,1.00
165,29,val,65.813789,1.01
165,30,val,35.943005,1.02
165,31,val,30.789249,1.02
165,32,val,56.674156,1.03
165,33,val,59.367374,1.03
165,34,val,30.254219,1.04
166,0,train,30.398899,0.15
166,1,train,28.193291,0.20
166,2,train,30.591806,0.23
166,3,train,27.116758,0.27
166,4,train,25.897846,0.31
166,5,train,23.074753,0.34
166,6,train,25.798279,0.38
166,7,train,27.411898,0.42
166,8,train,24.544300,0.46
166,9,train,25.369053,0.49
166,10,train,26.010864,0.53
166,11,train,30.788410,0.56
166,12,train,22.999166,0.59
166,0,val,45.385208,0.73
166,1,val,38.137028,0.74
166,2,val,52.056843,0.75
166,3,val,23.676146,0.75
166,4,val,43.827934,0.77
166,5,val,47.822266,0.78
166,6,val,28.698448,0.78
166,7,val,24.816292,0.79
166,8,val,48.071358,0.80
166,9,val,60.911930,0.80
166,10,val,16.218283,0.81
166,11,val,28.528585,0.82
166,12,val,34.601639,0.82
166,13,val,26.071793,0.83
166,14,val,24.532513,0.84
166,15,val,35.351837,0.85
166,16,val,34.540386,0.85
166,17,val,38.434879,0.86
166,18,val,52.209686,0.87
166,19,val,39.469810,0.88
166,20,val,26.143497,0.88
166,21,val,43.560959,0.89
166,22,val,49.124786,0.90
166,23,val,45.232738,0.90
166,24,val,40.054199,0.91
166,25,val,57.275723,0.91
166,26,val,33.734470,0.92
166,27,val,45.942936,0.93
166,28,val,16.130709,0.94
166,29,val,61.807308,0.94
166,30,val,36.431396,0.95
166,31,val,27.995836,0.95
166,32,val,58.861485,0.96
166,33,val,40.282810,0.96
166,34,val,25.733580,0.97
167,0,train,25.712961,0.22
167,1,train,25.435184,0.27
167,2,train,25.883190,0.31
167,3,train,33.546871,0.35
167,4,train,27.763634,0.39
167,5,train,23.696171,0.42
167,6,train,35.721020,0.46
167,7,train,25.850794,0.50
167,8,train,34.552666,0.53
167,9,train,28.837843,0.57
167,10,train,31.361271,0.61
167,11,train,36.531021,0.64
167,12,train,30.508858,0.67
167,0,val,45.720718,0.87
167,1,val,37.415516,0.88
167,2,val,51.618679,0.89
167,3,val,23.372810,0.91
167,4,val,44.738380,0.93
167,5,val,47.873920,0.94
167,6,val,31.852884,0.95
167,7,val,23.542978,0.96
167,8,val,47.199287,0.96
167,9,val,59.794872,0.97
167,10,val,15.597057,0.98
167,11,val,28.994175,0.99
167,12,val,33.324120,1.00
167,13,val,35.247406,1.00
167,14,val,24.684414,1.01
167,15,val,31.052927,1.02
167,16,val,40.842186,1.03
167,17,val,40.937347,1.04
167,18,val,58.546738,1.05
167,19,val,38.620789,1.07
167,20,val,20.216597,1.08
167,21,val,44.842266,1.11
167,22,val,48.529854,1.12
167,23,val,45.379501,1.14
167,24,val,40.201408,1.16
167,25,val,61.140785,1.17
167,26,val,34.218658,1.19
167,27,val,45.242855,1.20
167,28,val,15.322577,1.21
167,29,val,62.975803,1.24
167,30,val,38.922539,1.25
167,31,val,27.706865,1.26
167,32,val,54.240265,1.27
167,33,val,36.892899,1.28
167,34,val,28.042036,1.29
168,0,train,25.088428,0.15
168,1,train,23.347733,0.20
168,2,train,25.327976,0.25
168,3,train,23.524775,0.30
168,4,train,24.962978,0.33
168,5,train,26.736036,0.37
168,6,train,29.297155,0.41
168,7,train,28.064583,0.44
168,8,train,28.020847,0.47
168,9,train,26.164566,0.51
168,10,train,27.501526,0.55
168,11,train,23.910593,0.59
168,12,train,23.769014,0.63
168,0,val,46.732361,0.84
168,1,val,38.248489,0.86
168,2,val,51.671600,0.87
168,3,val,22.149429,0.89
168,4,val,43.027130,0.90
168,5,val,49.863762,0.91
168,6,val,29.401423,0.92
168,7,val,28.423016,0.93
168,8,val,47.393105,0.94
168,9,val,57.051960,0.96
168,10,val,19.096455,0.97
168,11,val,31.350790,0.98
168,12,val,32.919415,0.99
168,13,val,28.065895,1.00
168,14,val,24.144461,1.01
168,15,val,31.761572,1.01
168,16,val,33.789970,1.02
168,17,val,50.008709,1.03
168,18,val,50.628765,1.04
168,19,val,39.702255,1.05
168,20,val,20.437103,1.07
168,21,val,43.342117,1.08
168,22,val,49.259911,1.09
168,23,val,44.859875,1.10
168,24,val,38.918381,1.11
168,25,val,58.113361,1.12
168,26,val,33.723465,1.13
168,27,val,45.718513,1.14
168,28,val,15.109621,1.15
168,29,val,62.245415,1.16
168,30,val,34.896839,1.17
168,31,val,28.445423,1.18
168,32,val,54.682819,1.19
168,33,val,36.012878,1.20
168,34,val,27.897371,1.21
169,0,train,25.631746,0.27
169,1,train,29.295559,0.33
169,2,train,26.260506,0.45
169,3,train,27.144821,0.52
169,4,train,27.223251,0.56
169,5,train,25.794773,0.61
169,6,train,23.346336,0.66
169,7,train,31.070950,0.70
169,8,train,26.065067,0.75
169,9,train,27.486225,0.78
169,10,train,29.319679,0.82
169,11,train,25.944618,0.86
169,12,train,31.650124,0.90
169,0,val,45.303177,1.10
169,1,val,39.973209,1.13
169,2,val,59.134979,1.14
169,3,val,22.146500,1.15
169,4,val,42.671738,1.16
169,5,val,47.583549,1.18
169,6,val,28.357504,1.19
169,7,val,23.039276,1.21
169,8,val,47.230873,1.23
169,9,val,59.490528,1.24
169,10,val,23.329887,1.25
169,11,val,27.406403,1.26
169,12,val,37.598602,1.27
169,13,val,25.105856,1.28
169,14,val,24.661732,1.29
169,15,val,32.113750,1.30
169,16,val,35.191093,1.31
169,17,val,41.702705,1.33
169,18,val,54.903065,1.33
169,19,val,38.451260,1.34
169,20,val,20.597103,1.35
169,21,val,44.684971,1.36
169,22,val,51.311493,1.37
169,23,val,45.351955,1.38
169,24,val,37.800579,1.39
169,25,val,57.670708,1.40
169,26,val,33.426846,1.41
169,27,val,44.907948,1.43
169,28,val,19.489958,1.44
169,29,val,63.181458,1.45
169,30,val,35.741127,1.46
169,31,val,30.413046,1.47
169,32,val,54.728134,1.47
169,33,val,32.791965,1.48
169,34,val,25.271463,1.49
170,0,train,28.843527,0.21
170,1,train,33.333347,0.27
170,2,train,27.394039,0.35
170,3,train,23.787853,0.42
170,4,train,28.849350,0.46
170,5,train,28.603525,0.51
170,6,train,25.405485,0.56
170,7,train,23.892418,0.61
170,8,train,28.199741,0.67
170,9,train,27.135441,0.70
170,10,train,25.978384,0.73
170,11,train,33.257320,0.78
170,12,train,26.712740,0.81
170,0,val,46.720467,1.03
170,1,val,36.053894,1.06
170,2,val,50.896332,1.07
170,3,val,31.446266,1.08
170,4,val,41.853592,1.09
170,5,val,56.614319,1.10
170,6,val,29.839033,1.11
170,7,val,24.016428,1.12
170,8,val,47.040272,1.13
170,9,val,59.718681,1.13
170,10,val,15.465620,1.15
170,11,val,28.209919,1.16
170,12,val,33.233433,1.17
170,13,val,24.860674,1.18
170,14,val,25.996990,1.20
170,15,val,30.342026,1.21
170,16,val,41.934464,1.22
170,17,val,41.404251,1.23
170,18,val,50.871937,1.24
170,19,val,41.635628,1.25
170,20,val,29.134657,1.26
170,21,val,44.181881,1.27
170,22,val,49.223736,1.28
170,23,val,46.148426,1.29
170,24,val,38.002472,1.30
170,25,val,56.944405,1.31
170,26,val,32.978607,1.31
170,27,val,47.288731,1.32
170,28,val,14.361060,1.33
170,29,val,64.805885,1.34
170,30,val,33.969078,1.36
170,31,val,29.189123,1.37
170,32,val,56.056957,1.37
170,33,val,39.879730,1.38
170,34,val,29.697361,1.39
171,0,train,24.813263,0.25
171,1,train,27.370224,0.31
171,2,train,25.192448,0.35
171,3,train,22.576895,0.41
171,4,train,25.498985,0.44
171,5,train,28.207104,0.49
171,6,train,27.305016,0.54
171,7,train,26.210251,0.58
171,8,train,30.419720,0.61
171,9,train,28.577053,0.65
171,10,train,23.997253,0.68
171,11,train,23.454857,0.72
171,12,train,27.474730,0.76
171,0,val,45.282990,0.89
171,1,val,36.321896,0.89
171,2,val,50.706257,0.90
171,3,val,21.911430,0.91
171,4,val,44.550552,0.92
171,5,val,48.220253,0.93
171,6,val,29.792000,0.94
171,7,val,22.730906,0.95
171,8,val,46.773800,0.95
171,9,val,59.331985,0.96
171,10,val,20.825468,0.97
171,11,val,28.509169,0.97
171,12,val,33.942646,0.98
171,13,val,26.298101,0.99
171,14,val,23.027851,0.99
171,15,val,31.651880,1.00
171,16,val,37.264347,1.01
171,17,val,41.403320,1.02
171,18,val,55.054459,1.03
171,19,val,39.201637,1.03
171,20,val,20.982109,1.04
171,21,val,42.546619,1.05
171,22,val,50.842754,1.05
171,23,val,44.758301,1.06
171,24,val,39.299755,1.07
171,25,val,57.980854,1.07
171,26,val,33.154709,1.08
171,27,val,45.471298,1.09
171,28,val,17.283005,1.09
171,29,val,60.745377,1.10
171,30,val,35.264309,1.11
171,31,val,28.126987,1.11
171,32,val,55.040070,1.12
171,33,val,33.369232,1.13
171,34,val,26.175758,1.13
172,0,train,26.471773,0.24
172,1,train,23.023335,0.29
172,2,train,20.125652,0.32
172,3,train,23.732937,0.36
172,4,train,20.577188,0.40
172,5,train,30.445208,0.45
172,6,train,29.859579,0.48
172,7,train,33.216492,0.52
172,8,train,30.521549,0.56
172,9,train,25.356731,0.59
172,10,train,27.806742,0.63
172,11,train,28.646811,0.66
172,12,train,24.701681,0.70
172,0,val,46.153290,0.84
172,1,val,43.685272,0.85
172,2,val,51.452496,0.85
172,3,val,22.217182,0.87
172,4,val,42.150967,0.88
172,5,val,47.361141,0.88
172,6,val,30.598377,0.89
172,7,val,29.110683,0.90
172,8,val,46.128563,0.90
172,9,val,57.322678,0.91
172,10,val,17.580683,0.92
172,11,val,31.069929,0.93
172,12,val,34.231464,0.93
172,13,val,27.365595,0.94
172,14,val,23.558155,0.95
172,15,val,30.430710,0.95
172,16,val,37.293190,0.96
172,17,val,37.857239,0.97
172,18,val,54.313805,0.98
172,19,val,38.689873,0.99
172,20,val,20.189787,1.00
172,21,val,42.585014,1.00
172,22,val,50.013077,1.01
172,23,val,46.836357,1.02
172,24,val,37.412220,1.02
172,25,val,60.114780,1.03
172,26,val,32.563850,1.04
172,27,val,44.202084,1.04
172,28,val,14.528831,1.05
172,29,val,74.811470,1.06
172,30,val,34.707592,1.06
172,31,val,27.703800,1.07
172,32,val,55.717499,1.08
172,33,val,33.431694,1.08
172,34,val,38.639454,1.09
173,0,train,24.103512,0.15
173,1,train,25.910446,0.19
173,2,train,25.285810,0.23
173,3,train,22.925287,0.27
173,4,train,31.117218,0.31
173,5,train,25.691496,0.35
173,6,train,24.644526,0.38
173,7,train,28.560009,0.42
173,8,train,24.380136,0.46
173,9,train,29.592060,0.49
173,10,train,28.538822,0.53
173,11,train,21.714203,0.56
173,12,train,28.207352,0.60
173,0,val,47.119999,0.74
173,1,val,36.825710,0.75
173,2,val,49.823586,0.76
173,3,val,22.687061,0.77
173,4,val,42.623604,0.78
173,5,val,46.496628,0.78
173,6,val,28.719955,0.79
173,7,val,22.758818,0.80
173,8,val,47.136513,0.81
173,9,val,58.702297,0.81
173,10,val,14.823466,0.82
173,11,val,26.807671,0.83
173,12,val,32.694874,0.84
173,13,val,25.248993,0.84
173,14,val,23.387342,0.85
173,15,val,31.912121,0.86
173,16,val,36.963547,0.87
173,17,val,38.921768,0.88
173,18,val,49.986759,0.88
173,19,val,37.981228,0.89
173,20,val,20.772041,0.90
173,21,val,47.532028,0.91
173,22,val,49.909817,0.91
173,23,val,48.028522,0.92
173,24,val,37.040798,0.93
173,25,val,57.495285,0.93
173,26,val,34.805378,0.94
173,27,val,51.979485,0.95
173,28,val,15.685272,0.96
173,29,val,65.037689,0.97
173,30,val,34.701202,0.98
173,31,val,28.125765,0.98
173,32,val,54.389183,0.99
173,33,val,33.166824,0.99
173,34,val,27.125238,1.00
174,0,train,30.979870,0.16
174,1,train,23.081919,0.20
174,2,train,27.262592,0.24
174,3,train,27.802706,0.28
174,4,train,32.212227,0.31
174,5,train,31.432327,0.35
174,6,train,25.116285,0.39
174,7,train,28.318464,0.43
174,8,train,20.586548,0.47
174,9,train,24.620678,0.50
174,10,train,25.789785,0.54
174,11,train,27.164133,0.57
174,12,train,25.710697,0.61
174,0,val,44.080147,0.75
174,1,val,35.987564,0.76
174,2,val,52.453686,0.77
174,3,val,21.161367,0.78
174,4,val,41.139133,0.79
174,5,val,46.040470,0.80
174,6,val,31.117012,0.80
174,7,val,29.375710,0.81
174,8,val,47.572372,0.82
174,9,val,56.456993,0.82
174,10,val,16.991865,0.83
174,11,val,38.741035,0.84
174,12,val,32.589649,0.85
174,13,val,24.950598,0.85
174,14,val,23.909597,0.86
174,15,val,32.790726,0.87
174,16,val,35.168301,0.88
174,17,val,39.383224,0.89
174,18,val,51.339203,0.89
174,19,val,38.392166,0.90
174,20,val,23.514769,0.91
174,21,val,43.321495,0.92
174,22,val,48.370426,0.92
174,23,val,44.166183,0.93
174,24,val,47.115791,0.94
174,25,val,55.753220,0.94
174,26,val,33.088516,0.95
174,27,val,48.798283,0.96
174,28,val,14.988605,0.96
174,29,val,60.770611,0.98
174,30,val,38.987751,0.99
174,31,val,28.304449,0.99
174,32,val,56.411182,1.00
174,33,val,32.219410,1.01
174,34,val,24.629745,1.02
175,0,train,29.223095,0.14
175,1,train,27.660122,0.18
175,2,train,26.730312,0.22
175,3,train,25.929842,0.25
175,4,train,27.819695,0.29
175,5,train,28.037258,0.33
175,6,train,24.815332,0.36
175,7,train,26.623146,0.40
175,8,train,31.674213,0.44
175,9,train,18.436956,0.47
175,10,train,27.389977,0.51
175,11,train,23.926786,0.54
175,12,train,28.891829,0.58
175,0,val,45.344402,0.71
175,1,val,36.153225,0.71
175,2,val,49.845512,0.72
175,3,val,25.991110,0.73
175,4,val,41.238495,0.74
175,5,val,48.052620,0.75
175,6,val,40.399799,0.76
175,7,val,23.568253,0.76
175,8,val,55.978825,0.77
175,9,val,56.042892,0.78
175,10,val,17.017574,0.79
175,11,val,29.023502,0.79
175,12,val,32.103405,0.80
175,13,val,25.402437,0.81
175,14,val,23.507608,0.82
175,15,val,31.143055,0.82
175,16,val,33.263355,0.83
175,17,val,37.305561,0.84
175,18,val,60.337376,0.85
175,19,val,37.756836,0.86
175,20,val,19.911486,0.87
175,21,val,43.387497,0.87
175,22,val,50.642883,0.88
175,23,val,51.724842,0.89
175,24,val,38.185631,0.89
175,25,val,57.017826,0.90
175,26,val,35.981403,0.91
175,27,val,43.732525,0.91
175,28,val,14.479993,0.92
175,29,val,59.781292,0.93
175,30,val,33.494534,0.93
175,31,val,36.327091,0.95
175,32,val,56.513706,0.95
175,33,val,32.555622,0.96
175,34,val,24.121925,0.97
176,0,train,26.809723,0.14
176,1,train,25.443026,0.18
176,2,train,19.582813,0.21
176,3,train,26.490530,0.25
176,4,train,22.519474,0.29
176,5,train,26.574249,0.33
176,6,train,25.520718,0.36
176,7,train,28.928801,0.40
176,8,train,24.391872,0.44
176,9,train,24.894737,0.47
176,10,train,30.098507,0.51
176,11,train,19.918999,0.54
176,12,train,25.109669,0.58
176,0,val,45.016769,0.71
176,1,val,36.387051,0.72
176,2,val,55.018448,0.73
176,3,val,26.446936,0.74
176,4,val,42.111019,0.75
176,5,val,51.218990,0.76
176,6,val,28.230814,0.77
176,7,val,30.010801,0.77
176,8,val,46.530750,0.78
176,9,val,59.181084,0.79
176,10,val,15.341690,0.79
176,11,val,26.924812,0.80
176,12,val,33.004658,0.81
176,13,val,24.450699,0.82
176,14,val,25.865967,0.82
176,15,val,31.885437,0.83
176,16,val,32.893028,0.84
176,17,val,36.395050,0.85
176,18,val,49.961304,0.86
176,19,val,37.338490,0.87
176,20,val,21.370558,0.87
176,21,val,43.364433,0.88
176,22,val,47.287754,0.89
176,23,val,44.658993,0.89
176,24,val,37.049831,0.90
176,25,val,56.151962,0.91
176,26,val,34.651596,0.92
176,27,val,44.524460,0.92
176,28,val,14.890285,0.93
176,29,val,61.644699,0.94
176,30,val,34.041862,0.95
176,31,val,30.700933,0.95
176,32,val,53.982506,0.96
176,33,val,31.837111,0.97
176,34,val,24.307102,0.98
177,0,train,29.493475,0.16
177,1,train,26.059650,0.21
177,2,train,26.461678,0.24
177,3,train,26.645109,0.28
177,4,train,26.144135,0.32
177,5,train,32.935055,0.35
177,6,train,22.940784,0.39
177,7,train,24.529049,0.43
177,8,train,21.441692,0.46
177,9,train,23.425592,0.50
177,10,train,25.772587,0.54
177,11,train,22.226528,0.57
177,12,train,25.757500,0.60
177,0,val,44.618202,0.75
177,1,val,36.402287,0.77
177,2,val,50.478840,0.79
177,3,val,22.684772,0.79
177,4,val,42.375965,0.80
177,5,val,48.570114,0.81
177,6,val,29.544729,0.82
177,7,val,22.278301,0.82
177,8,val,46.350613,0.83
177,9,val,58.303646,0.84
177,10,val,18.001038,0.84
177,11,val,27.517200,0.85
177,12,val,31.754765,0.86
177,13,val,25.542513,0.87
177,14,val,23.019169,0.87
177,15,val,29.999016,0.88
177,16,val,39.228764,0.89
177,17,val,36.884529,0.90
177,18,val,55.320274,0.91
177,19,val,39.774158,0.92
177,20,val,20.405020,0.92
177,21,val,43.281284,0.93
177,22,val,48.899414,0.94
177,23,val,42.737469,0.95
177,24,val,39.100903,0.95
177,25,val,57.020760,0.96
177,26,val,33.219025,0.97
177,27,val,43.905918,0.97
177,28,val,14.605804,0.98
177,29,val,62.425323,0.99
177,30,val,33.962086,1.00
177,31,val,27.841993,1.00
177,32,val,53.576115,1.01
177,33,val,33.270481,1.01
177,34,val,24.011337,1.02
178,0,train,29.883348,0.16
178,1,train,27.154934,0.22
178,2,train,25.723476,0.28
178,3,train,26.580528,0.35
178,4,train,29.695312,0.40
178,5,train,25.288633,0.45
178,6,train,30.841431,0.50
178,7,train,23.312607,0.53
178,8,train,25.315752,0.57
178,9,train,20.645830,0.61
178,10,train,25.851456,0.65
178,11,train,29.554319,0.69
178,12,train,21.958818,0.73
178,0,val,44.892437,0.89
178,1,val,37.953979,0.91
178,2,val,49.941055,0.93
178,3,val,21.409605,0.95
178,4,val,47.182362,0.97
178,5,val,46.022701,0.99
178,6,val,30.656342,1.01
178,7,val,28.770000,1.02
178,8,val,51.720642,1.03
178,9,val,57.392830,1.04
178,10,val,20.130396,1.05
178,11,val,26.480724,1.05
178,12,val,32.210197,1.06
178,13,val,25.086355,1.07
178,14,val,23.182726,1.07
178,15,val,33.245220,1.09
178,16,val,37.355858,1.10
178,17,val,36.140701,1.10
178,18,val,51.637974,1.12
178,19,val,36.671757,1.14
178,20,val,19.404406,1.15
178,21,val,57.744591,1.15
178,22,val,46.981998,1.16
178,23,val,43.222183,1.17
178,24,val,38.654137,1.18
178,25,val,56.312881,1.19
178,26,val,38.388477,1.19
178,27,val,44.146408,1.20
178,28,val,15.980261,1.21
178,29,val,64.434906,1.22
178,30,val,36.905201,1.22
178,31,val,27.303497,1.23
178,32,val,53.687958,1.24
178,33,val,37.640522,1.24
178,34,val,38.681919,1.25
179,0,train,25.086691,0.16
179,1,train,28.131271,0.20
179,2,train,28.721777,0.24
179,3,train,24.110119,0.27
179,4,train,24.471645,0.31
179,5,train,26.834360,0.35
179,6,train,30.092030,0.38
179,7,train,25.394718,0.42
179,8,train,34.539551,0.47
179,9,train,29.385944,0.50
179,10,train,22.957270,0.55
179,11,train,26.397354,0.60
179,12,train,24.782181,0.63
179,0,val,44.647038,0.82
179,1,val,43.438206,0.84
179,2,val,49.259510,0.86
179,3,val,22.561022,0.87
179,4,val,42.990158,0.88
179,5,val,45.779575,0.90
179,6,val,34.879787,0.91
179,7,val,23.883652,0.92
179,8,val,46.271542,0.93
179,9,val,55.314617,0.94
179,10,val,15.242453,0.95
179,11,val,26.143957,0.96
179,12,val,34.233372,0.97
179,13,val,27.548252,0.98
179,14,val,22.275286,0.98
179,15,val,29.906687,0.99
179,16,val,32.219913,1.01
179,17,val,37.000195,1.02
179,18,val,50.820488,1.02
179,19,val,43.321316,1.03
179,20,val,25.232868,1.05
179,21,val,47.381100,1.06
179,22,val,48.054035,1.07
179,23,val,51.553829,1.08
179,24,val,35.651718,1.09
179,25,val,59.032845,1.10
179,26,val,34.737228,1.11
179,27,val,45.707733,1.12
179,28,val,14.355831,1.13
179,29,val,59.018929,1.14
179,30,val,43.310986,1.16
179,31,val,27.388878,1.17
179,32,val,52.630833,1.18
179,33,val,32.025284,1.18
179,34,val,24.703836,1.19
180,0,train,26.668877,0.20
180,1,train,29.133049,0.26
180,2,train,25.606853,0.32
180,3,train,26.409910,0.37
180,4,train,25.903957,0.45
180,5,train,21.401052,0.49
180,6,train,25.239340,0.54
180,7,train,25.562302,0.58
180,8,train,33.600479,0.63
180,9,train,22.440392,0.68
180,10,train,23.101755,0.71
180,11,train,26.581482,0.76
180,12,train,28.433994,0.79
180,0,val,48.270103,1.03
180,1,val,35.439716,1.05
180,2,val,49.527336,1.06
180,3,val,22.761456,1.07
180,4,val,41.796734,1.08
180,5,val,47.272129,1.09
180,6,val,31.387659,1.10
180,7,val,23.190336,1.11
180,8,val,50.438171,1.12
180,9,val,56.699158,1.13
180,10,val,21.060879,1.14
180,11,val,26.392347,1.15
180,12,val,40.417076,1.16
180,13,val,24.468315,1.17
180,14,val,22.462212,1.18
180,15,val,30.492815,1.19
180,16,val,39.755302,1.20
180,17,val,37.451832,1.21
180,18,val,52.365547,1.22
180,19,val,43.969933,1.23
180,20,val,20.835381,1.24
180,21,val,41.456524,1.26
180,22,val,48.313400,1.27
180,23,val,42.846901,1.28
180,24,val,36.183327,1.29
180,25,val,54.565266,1.30
180,26,val,32.356678,1.31
180,27,val,45.136230,1.32
180,28,val,17.058495,1.33
180,29,val,60.305771,1.34
180,30,val,33.157303,1.35
180,31,val,29.272118,1.36
180,32,val,58.266144,1.37
180,33,val,34.564423,1.38
180,34,val,23.444256,1.39
181,0,train,26.431400,0.17
181,1,train,25.253656,0.26
181,2,train,27.801325,0.31
181,3,train,24.079912,0.36
181,4,train,24.415325,0.41
181,5,train,27.292696,0.45
181,6,train,23.400307,0.50
181,7,train,24.250092,0.55
181,8,train,25.370777,0.59
181,9,train,31.623432,0.63
181,10,train,22.330364,0.67
181,11,train,22.290829,0.72
181,12,train,28.217157,0.76
181,0,val,44.073875,0.95
181,1,val,35.259724,0.98
181,2,val,49.713791,0.99
181,3,val,21.061775,1.00
181,4,val,42.475227,1.01
181,5,val,47.882622,1.01
181,6,val,28.474398,1.02
181,7,val,25.641069,1.03
181,8,val,44.878323,1.04
181,9,val,57.202698,1.05
181,10,val,18.154686,1.06
181,11,val,26.931593,1.07
181,12,val,31.322575,1.08
181,13,val,25.991154,1.09
181,14,val,23.309566,1.10
181,15,val,35.018250,1.11
181,16,val,40.023392,1.12
181,17,val,36.533737,1.13
181,18,val,51.673424,1.14
181,19,val,37.809937,1.15
181,20,val,23.414907,1.17
181,21,val,44.864609,1.19
181,22,val,49.307289,1.20
181,23,val,42.813671,1.21
181,24,val,36.109562,1.22
181,25,val,55.357689,1.23
181,26,val,32.033985,1.25
181,27,val,42.892311,1.26
181,28,val,14.636207,1.27
181,29,val,58.207077,1.28
181,30,val,34.193825,1.29
181,31,val,30.565451,1.30
181,32,val,62.476936,1.31
181,33,val,31.219397,1.31
181,34,val,24.020844,1.32
182,0,train,23.230846,0.24
182,1,train,21.587372,0.31
182,2,train,35.917168,0.35
182,3,train,27.084423,0.40
182,4,train,33.248634,0.44
182,5,train,23.917843,0.50
182,6,train,27.709728,0.55
182,7,train,20.532635,0.60
182,8,train,27.466417,0.66
182,9,train,25.057106,0.69
182,10,train,23.733673,0.73
182,11,train,28.267561,0.78
182,12,train,23.503067,0.81
182,0,val,45.054852,1.03
182,1,val,37.390316,1.06
182,2,val,49.120255,1.08
182,3,val,20.600430,1.09
182,4,val,42.283203,1.10
182,5,val,45.281204,1.12
182,6,val,30.553038,1.13
182,7,val,22.331264,1.14
182,8,val,45.804798,1.16
182,9,val,55.929817,1.17
182,10,val,15.541273,1.18
182,11,val,30.508736,1.19
182,12,val,32.990543,1.21
182,13,val,24.297804,1.21
182,14,val,23.272718,1.22
182,15,val,29.089945,1.23
182,16,val,37.914062,1.24
182,17,val,37.048977,1.25
182,18,val,50.810543,1.26
182,19,val,36.924183,1.27
182,20,val,20.692305,1.27
182,21,val,42.728157,1.28
182,22,val,47.537762,1.29
182,23,val,42.586830,1.29
182,24,val,41.208103,1.30
182,25,val,54.204758,1.31
182,26,val,32.089146,1.32
182,27,val,42.513012,1.32
182,28,val,16.958393,1.33
182,29,val,59.867275,1.34
182,30,val,33.576183,1.34
182,31,val,26.782385,1.35
182,32,val,52.414448,1.36
182,33,val,43.519814,1.37
182,34,val,24.068161,1.37
183,0,train,28.723728,0.21
183,1,train,24.415001,0.25
183,2,train,23.620619,0.29
183,3,train,25.522158,0.33
183,4,train,26.001474,0.37
183,5,train,24.964237,0.40
183,6,train,21.017586,0.44
183,7,train,30.842087,0.48
183,8,train,23.785431,0.51
183,9,train,30.231659,0.54
183,10,train,23.343239,0.58
183,11,train,28.463480,0.61
183,12,train,25.197741,0.65
183,0,val,43.725491,0.78
183,1,val,34.800793,0.79
183,2,val,50.164814,0.80
183,3,val,21.383553,0.82
183,4,val,41.372784,0.83
183,5,val,47.823818,0.83
183,6,val,35.128098,0.84
183,7,val,22.852514,0.85
183,8,val,45.387798,0.85
183,9,val,54.790596,0.86
183,10,val,15.917094,0.87
183,11,val,31.901037,0.87
183,12,val,31.842527,0.88
183,13,val,24.349754,0.89
183,14,val,24.012711,0.90
183,15,val,31.476343,0.90
183,16,val,32.196167,0.92
183,17,val,35.939377,0.92
183,18,val,50.797615,0.93
183,19,val,37.567635,0.94
183,20,val,19.144184,0.94
183,21,val,41.039810,0.95
183,22,val,47.124355,0.96
183,23,val,43.032917,0.97
183,24,val,37.095856,0.97
183,25,val,55.246689,0.98
183,26,val,32.335869,0.99
183,27,val,43.528179,0.99
183,28,val,15.136284,1.00
183,29,val,58.249653,1.01
183,30,val,33.885132,1.02
183,31,val,26.843138,1.03
183,32,val,52.842018,1.03
183,33,val,32.754276,1.04
183,34,val,26.160629,1.04
184,0,train,21.884489,0.15
184,1,train,24.348364,0.19
184,2,train,27.135700,0.23
184,3,train,25.364050,0.27
184,4,train,23.271072,0.31
184,5,train,23.044621,0.34
184,6,train,22.117567,0.38
184,7,train,28.707706,0.54
184,8,train,25.587843,0.58
184,9,train,29.939251,0.61
184,10,train,25.204014,0.66
184,11,train,28.760124,0.69
184,12,train,35.835300,0.73
184,0,val,46.282124,0.89
184,1,val,35.721523,0.90
184,2,val,48.184429,0.91
184,3,val,20.795336,0.94
184,4,val,41.957142,0.96
184,5,val,45.546215,0.97
184,6,val,34.659027,0.99
184,7,val,26.158737,1.01
184,8,val,43.529690,1.02
184,9,val,55.447880,1.03
184,10,val,18.717459,1.05
184,11,val,27.084976,1.06
184,12,val,35.675735,1.07
184,13,val,25.943634,1.08
184,14,val,22.017368,1.08
184,15,val,29.679995,1.09
184,16,val,46.125053,1.10
184,17,val,36.240490,1.11
184,18,val,49.743290,1.13
184,19,val,36.798347,1.15
184,20,val,18.759031,1.16
184,21,val,46.023449,1.16
184,22,val,46.754730,1.17
184,23,val,44.973736,1.18
184,24,val,36.002628,1.18
184,25,val,55.539940,1.19
184,26,val,31.397356,1.20
184,27,val,43.023418,1.21
184,28,val,14.483902,1.21
184,29,val,63.109135,1.22
184,30,val,32.816257,1.23
184,31,val,27.516600,1.23
184,32,val,52.188450,1.25
184,33,val,33.921398,1.26
184,34,val,24.333103,1.27
185,0,train,26.306705,0.18
185,1,train,24.427887,0.22
185,2,train,28.019402,0.25
185,3,train,23.082943,0.29
185,4,train,28.996689,0.35
185,5,train,27.788677,0.40
185,6,train,23.929504,0.45
185,7,train,26.171516,0.52
185,8,train,29.073721,0.56
185,9,train,24.351246,0.60
185,10,train,25.994116,0.63
185,11,train,25.283432,0.67
185,12,train,28.257664,0.70
185,0,val,44.484505,0.84
185,1,val,35.271400,0.85
185,2,val,49.978607,0.85
185,3,val,20.913630,0.87
185,4,val,53.913891,0.87
185,5,val,44.939083,0.88
185,6,val,28.060995,0.89
185,7,val,21.993670,0.90
185,8,val,46.797771,0.90
185,9,val,53.922016,0.91
185,10,val,18.688351,0.92
185,11,val,25.765676,0.92
185,12,val,40.544334,0.93
185,13,val,26.846397,0.94
185,14,val,22.461819,0.94
185,15,val,29.934584,0.95
185,16,val,33.690144,0.96
185,17,val,35.521160,0.97
185,18,val,48.908134,0.98
185,19,val,37.879883,0.99
185,20,val,23.892445,0.99
185,21,val,41.032124,1.00
185,22,val,49.094212,1.01
185,23,val,43.205441,1.01
185,24,val,35.707912,1.02
185,25,val,55.374687,1.03
185,26,val,39.407299,1.04
185,27,val,43.689747,1.04
185,28,val,17.278696,1.05
185,29,val,57.836735,1.06
185,30,val,32.536690,1.06
185,31,val,27.073465,1.07
185,32,val,54.005527,1.08
185,33,val,39.911247,1.08
185,34,val,23.967630,1.09
186,0,train,26.133038,0.14
186,1,train,17.705231,0.17
186,2,train,20.051165,0.21
186,3,train,25.560820,0.25
186,4,train,23.133850,0.29
186,5,train,28.109680,0.32
186,6,train,27.201082,0.36
186,7,train,22.324938,0.41
186,8,train,20.525684,0.45
186,9,train,29.741924,0.48
186,10,train,24.522377,0.52
186,11,train,22.202215,0.55
186,12,train,21.907673,0.59
186,0,val,47.919971,0.72
186,1,val,34.373562,0.73
186,2,val,48.268616,0.74
186,3,val,20.465282,0.74
186,4,val,40.098839,0.76
186,5,val,45.003437,0.77
186,6,val,30.777590,0.78
186,7,val,22.439278,0.78
186,8,val,43.613674,0.79
186,9,val,56.104839,0.80
186,10,val,15.721772,0.81
186,11,val,27.784573,0.81
186,12,val,34.583000,0.82
186,13,val,24.630638,0.83
186,14,val,23.063564,0.84
186,15,val,29.415365,0.85
186,16,val,35.707520,0.86
186,17,val,35.540699,0.87
186,18,val,51.667580,0.88
186,19,val,37.422523,0.88
186,20,val,19.570415,0.89
186,21,val,42.195572,0.90
186,22,val,79.992012,0.91
186,23,val,48.244747,0.91
186,24,val,42.257187,0.92
186,25,val,56.800156,0.93
186,26,val,32.921478,0.94
186,27,val,48.880947,0.94
186,28,val,16.179705,0.95
186,29,val,59.022060,0.96
186,30,val,34.004673,0.97
186,31,val,28.009289,0.97
186,32,val,51.513027,0.98
186,33,val,31.478350,0.98
186,34,val,22.886003,0.99
187,0,train,23.514057,0.14
187,1,train,25.224741,0.18
187,2,train,29.216011,0.22
187,3,train,26.510983,0.25
187,4,train,23.163631,0.29
187,5,train,27.870426,0.33
187,6,train,28.014744,0.36
187,7,train,27.623405,0.41
187,8,train,24.884346,0.45
187,9,train,19.533279,0.48
187,10,train,29.378878,0.52
187,11,train,28.804520,0.55
187,12,train,27.578747,0.59
187,0,val,43.387840,0.73
187,1,val,36.399090,0.74
187,2,val,49.117821,0.76
187,3,val,20.830059,0.77
187,4,val,39.828045,0.77
187,5,val,45.263893,0.78
187,6,val,28.051538,0.79
187,7,val,21.659868,0.80
187,8,val,46.513023,0.80
187,9,val,54.984745,0.81
187,10,val,15.471285,0.82
187,11,val,25.663015,0.82
187,12,val,33.776611,0.83
187,13,val,24.738300,0.84
187,14,val,23.746525,0.84
187,15,val,30.094189,0.86
187,16,val,33.532394,0.87
187,17,val,36.738094,0.87
187,18,val,54.757874,0.88
187,19,val,36.790192,0.89
187,20,val,21.745766,0.89
187,21,val,41.248066,0.90
187,22,val,47.669525,0.91
187,23,val,42.033192,0.92
187,24,val,39.879124,0.92
187,25,val,57.368340,0.93
187,26,val,34.362354,0.94
187,27,val,43.412914,0.94
187,28,val,15.947939,0.95
187,29,val,58.380394,0.96
187,30,val,34.555843,0.97
187,31,val,32.138069,0.97
187,32,val,51.795345,0.98
187,33,val,32.231583,0.98
187,34,val,23.489746,0.99
188,0,train,22.435429,0.21
188,1,train,27.581299,0.25
188,2,train,20.922230,0.28
188,3,train,21.732965,0.32
188,4,train,26.939522,0.36
188,5,train,23.726295,0.39
188,6,train,23.087692,0.43
188,7,train,28.842079,0.47
188,8,train,22.180597,0.50
188,9,train,25.888044,0.54
188,10,train,26.767246,0.57
188,11,train,23.546621,0.61
188,12,train,18.634983,0.64
188,0,val,45.207062,0.80
188,1,val,34.471901,0.81
188,2,val,50.303509,0.82
188,3,val,21.668470,0.83
188,4,val,41.619228,0.84
188,5,val,45.835468,0.85
188,6,val,31.870886,0.85
188,7,val,22.019865,0.86
188,8,val,44.238781,0.87
188,9,val,55.437630,0.88
188,10,val,15.283334,0.89
188,11,val,25.942484,0.89
188,12,val,31.115768,0.90
188,13,val,25.001732,0.91
188,14,val,23.685343,0.92
188,15,val,29.848448,0.93
188,16,val,34.374821,0.94
188,17,val,34.817257,0.94
188,18,val,50.060329,0.95
188,19,val,36.537552,0.96
188,20,val,31.862951,0.97
188,21,val,40.390697,0.97
188,22,val,45.742630,0.98
188,23,val,44.314552,0.99
188,24,val,38.233494,0.99
188,25,val,58.739845,1.00
188,26,val,33.757908,1.01
188,27,val,42.073318,1.02
188,28,val,14.329212,1.03
188,29,val,57.924889,1.03
188,30,val,33.221828,1.04
188,31,val,30.108459,1.05
188,32,val,53.311855,1.05
188,33,val,31.489584,1.05
188,34,val,23.863281,1.06
189,0,train,31.812759,0.18
189,1,train,21.866577,0.22
189,2,train,26.181177,0.26
189,3,train,29.445148,0.29
189,4,train,28.604523,0.33
189,5,train,29.745670,0.37
189,6,train,24.766563,0.40
189,7,train,21.123211,0.44
189,8,train,22.747669,0.48
189,9,train,26.501545,0.51
189,10,train,20.337467,0.55
189,11,train,27.428003,0.58
189,12,train,26.112114,0.62
189,0,val,43.303345,0.75
189,1,val,34.527679,0.76
189,2,val,47.442089,0.77
189,3,val,22.623215,0.79
189,4,val,39.704140,0.79
189,5,val,46.596989,0.80
189,6,val,29.716410,0.81
189,7,val,25.310390,0.82
189,8,val,45.495094,0.82
189,9,val,55.755589,0.83
189,10,val,16.993954,0.84
189,11,val,29.207392,0.84
189,12,val,39.703800,0.85
189,13,val,36.784668,0.86
189,14,val,26.208111,0.86
189,15,val,28.597746,0.87
189,16,val,31.376652,0.88
189,17,val,35.030674,0.89
189,18,val,48.518902,0.90
189,19,val,38.388294,0.90
189,20,val,23.805683,0.91
189,21,val,42.538666,0.92
189,22,val,46.379864,0.92
189,23,val,45.632732,0.93
189,24,val,35.442513,0.94
189,25,val,52.748795,0.94
189,26,val,34.042854,0.95
189,27,val,44.052509,0.96
189,28,val,24.266611,0.96
189,29,val,57.281521,0.97
189,30,val,33.433708,0.98
189,31,val,29.323269,0.99
189,32,val,51.592503,0.99
189,33,val,34.170029,1.00
189,34,val,23.190943,1.00
190,0,train,24.759260,0.15
190,1,train,22.005726,0.19
190,2,train,24.300476,0.23
190,3,train,26.451763,0.27
190,4,train,20.976093,0.31
190,5,train,23.431423,0.34
190,6,train,25.048271,0.38
190,7,train,21.150623,0.42
190,8,train,24.462719,0.45
190,9,train,26.944340,0.49
190,10,train,28.796375,0.53
190,11,train,19.120060,0.56
190,12,train,26.232416,0.60
190,0,val,43.643345,0.74
190,1,val,34.766499,0.75
190,2,val,50.247780,0.76
190,3,val,20.324951,0.77
190,4,val,42.989815,0.78
190,5,val,49.533634,0.79
190,6,val,28.284853,0.80
190,7,val,23.091227,0.80
190,8,val,43.285244,0.81
190,9,val,57.255169,0.83
190,10,val,15.920332,0.84
190,11,val,27.051525,0.85
190,12,val,34.206810,0.86
190,13,val,25.240231,0.88
190,14,val,22.425415,0.90
190,15,val,30.832602,0.91
190,16,val,32.207600,0.92
190,17,val,36.394447,0.94
190,18,val,49.519753,0.95
190,19,val,37.483727,0.96
190,20,val,19.503925,0.97
190,21,val,50.884445,0.99
190,22,val,46.063751,1.00
190,23,val,45.009182,1.01
190,24,val,46.861366,1.02
190,25,val,54.252110,1.03
190,26,val,31.596487,1.04
190,27,val,45.827530,1.05
190,28,val,19.071630,1.06
190,29,val,57.279041,1.07
190,30,val,33.453094,1.09
190,31,val,28.166842,1.09
190,32,val,51.356350,1.10
190,33,val,31.061434,1.11
190,34,val,24.136936,1.11
191,0,train,23.159420,0.23
191,1,train,24.952778,0.28
191,2,train,23.000534,0.32
191,3,train,26.299225,0.36
191,4,train,22.770128,0.40
191,5,train,21.747494,0.45
191,6,train,25.608147,0.48
191,7,train,25.185810,0.54
191,8,train,22.342190,0.57
191,9,train,24.347816,0.61
191,10,train,24.374893,0.65
191,11,train,23.596218,0.69
191,12,train,31.694723,0.72
191,0,val,43.010872,0.93
191,1,val,34.375408,0.95
191,2,val,50.810215,0.96
191,3,val,21.171701,0.97
191,4,val,40.494843,0.98
191,5,val,44.117432,0.99
191,6,val,28.895647,1.00
191,7,val,23.387564,1.01
191,8,val,44.875282,1.02
191,9,val,54.315533,1.03
191,10,val,16.316544,1.04
191,11,val,26.742140,1.06
191,12,val,37.240170,1.07
191,13,val,25.251358,1.08
191,14,val,23.226267,1.09
191,15,val,30.179119,1.10
191,16,val,36.537830,1.10
191,17,val,34.742561,1.11
191,18,val,48.620148,1.12
191,19,val,41.183094,1.13
191,20,val,19.982412,1.14
191,21,val,40.629280,1.16
191,22,val,47.563507,1.17
191,23,val,41.887562,1.18
191,24,val,35.608944,1.19
191,25,val,53.390930,1.20
191,26,val,30.784573,1.21
191,27,val,46.510506,1.22
191,28,val,16.731962,1.23
191,29,val,59.262127,1.24
191,30,val,33.110512,1.25
191,31,val,27.365013,1.26
191,32,val,58.892269,1.27
191,33,val,31.126705,1.27
191,34,val,23.140514,1.28
192,0,train,26.757540,0.26
192,1,train,26.913372,0.32
192,2,train,22.105309,0.37
192,3,train,23.135815,0.42
192,4,train,26.770573,0.47
192,5,train,22.154957,0.51
192,6,train,24.012733,0.57
192,7,train,27.812557,0.62
192,8,train,23.559746,0.66
192,9,train,28.672806,0.70
192,10,train,31.700113,0.73
192,11,train,20.215235,0.77
192,12,train,28.607182,0.81
192,0,val,43.406658,1.01
192,1,val,33.617138,1.03
192,2,val,47.531765,1.04
192,3,val,21.469316,1.05
192,4,val,40.930542,1.06
192,5,val,44.539051,1.07
192,6,val,27.930492,1.08
192,7,val,22.340605,1.09
192,8,val,43.962376,1.11
192,9,val,53.965679,1.12
192,10,val,14.821407,1.14
192,11,val,26.061754,1.15
192,12,val,42.743729,1.16
192,13,val,27.900850,1.17
192,14,val,25.347843,1.18
192,15,val,32.532333,1.20
192,16,val,31.564083,1.21
192,17,val,39.512104,1.21
192,18,val,49.422188,1.22
192,19,val,36.940796,1.24
192,20,val,20.730068,1.25
192,21,val,41.639477,1.26
192,22,val,45.595261,1.27
192,23,val,41.760956,1.28
192,24,val,35.405609,1.29
192,25,val,54.348694,1.30
192,26,val,31.960749,1.31
192,27,val,42.566395,1.32
192,28,val,14.963100,1.33
192,29,val,56.819248,1.34
192,30,val,32.405819,1.36
192,31,val,29.913450,1.36
192,32,val,55.637890,1.37
192,33,val,30.887793,1.37
192,34,val,24.084126,1.38
193,0,train,25.779686,0.32
193,1,train,26.753643,0.38
193,2,train,38.843075,0.46
193,3,train,23.261221,0.57
193,4,train,27.700758,0.63
193,5,train,22.494789,0.67
193,6,train,25.727892,0.73
193,7,train,27.690609,0.76
193,8,train,22.336197,0.81
193,9,train,27.580149,0.85
193,10,train,26.412157,0.89
193,11,train,23.783133,0.96
193,12,train,25.069361,1.02
193,0,val,43.005821,1.27
193,1,val,33.834423,1.33
193,2,val,49.736176,1.35
193,3,val,26.651430,1.37
193,4,val,39.462193,1.38
193,5,val,46.296322,1.41
193,6,val,27.836853,1.43
193,7,val,22.086977,1.44
193,8,val,43.452652,1.46
193,9,val,52.769951,1.48
193,10,val,15.384932,1.50
193,11,val,25.824268,1.52
193,12,val,36.793797,1.54
193,13,val,24.076479,1.57
193,14,val,26.191101,1.59
193,15,val,35.005100,1.61
193,16,val,34.172920,1.65
193,17,val,37.369835,1.67
193,18,val,49.362873,1.69
193,19,val,35.469013,1.70
193,20,val,19.498529,1.71
193,21,val,41.762947,1.73
193,22,val,45.688999,1.74
193,23,val,42.075008,1.76
193,24,val,47.487823,1.77
193,25,val,51.931034,1.79
193,26,val,30.882267,1.80
193,27,val,42.148277,1.82
193,28,val,16.675093,1.85
193,29,val,59.170490,1.88
193,30,val,32.648544,1.90
193,31,val,27.404200,1.91
193,32,val,54.206181,1.92
193,33,val,31.150206,1.93
193,34,val,35.075890,1.96
194,0,train,30.985798,0.20
194,1,train,22.750240,0.25
194,2,train,16.895630,0.29
194,3,train,20.716198,0.33
194,4,train,22.303024,0.37
194,5,train,21.457764,0.40
194,6,train,28.805796,0.44
194,7,train,26.639250,0.48
194,8,train,22.771828,0.51
194,9,train,24.739349,0.55
194,10,train,25.243793,0.59
194,11,train,25.357864,0.62
194,12,train,27.493439,0.66
194,0,val,43.350548,0.80
194,1,val,35.075756,0.81
194,2,val,46.399837,0.82
194,3,val,21.808184,0.83
194,4,val,39.343388,0.84
194,5,val,43.862617,0.85
194,6,val,28.585569,0.86
194,7,val,23.832989,0.86
194,8,val,44.142342,0.87
194,9,val,61.267014,0.88
194,10,val,15.593888,0.89
194,11,val,26.694134,0.89
194,12,val,30.364992,0.90
194,13,val,23.852669,0.91
194,14,val,29.253130,0.92
194,15,val,29.389233,0.92
194,16,val,34.160416,0.94
194,17,val,34.839863,0.94
194,18,val,48.156971,0.95
194,19,val,36.225048,0.96
194,20,val,22.005150,0.97
194,21,val,40.658905,0.97
194,22,val,45.158405,0.98
194,23,val,40.352585,0.99
194,24,val,36.597782,1.00
194,25,val,55.692471,1.00
194,26,val,29.761938,1.01
194,27,val,41.259323,1.03
194,28,val,17.920013,1.04
194,29,val,56.913998,1.05
194,30,val,33.786781,1.06
194,31,val,26.626286,1.06
194,32,val,52.066780,1.07
194,33,val,33.593048,1.07
194,34,val,24.021246,1.08
195,0,train,22.855206,0.18
195,1,train,21.067753,0.22
195,2,train,22.998459,0.26
195,3,train,18.792927,0.29
195,4,train,22.034857,0.33
195,5,train,23.719545,0.37
195,6,train,26.417768,0.40
195,7,train,22.222387,0.44
195,8,train,19.794418,0.48
195,9,train,22.541740,0.51
195,10,train,28.202446,0.55
195,11,train,19.009960,0.58
195,12,train,18.931124,0.62
195,0,val,43.833916,0.76
195,1,val,34.511700,0.77
195,2,val,47.156483,0.77
195,3,val,24.280376,0.79
195,4,val,43.836826,0.80
195,5,val,45.983192,0.80
195,6,val,27.416595,0.81
195,7,val,24.643354,0.82
195,8,val,42.868538,0.83
195,9,val,54.273842,0.83
195,10,val,16.869093,0.84
195,11,val,26.685093,0.85
195,12,val,31.842205,0.86
195,13,val,24.594849,0.86
195,14,val,27.381504,0.87
195,15,val,36.958141,0.88
195,16,val,32.135262,0.89
195,17,val,37.714130,0.90
195,18,val,47.166054,0.91
195,19,val,40.735085,0.91
195,20,val,20.566273,0.92
195,21,val,43.604713,0.93
195,22,val,55.367481,0.93
195,23,val,42.352123,0.94
195,24,val,35.556149,0.95
195,25,val,53.794426,0.95
195,26,val,30.214531,0.96
195,27,val,41.460613,0.97
195,28,val,14.118495,0.97
195,29,val,57.236599,0.98
195,30,val,32.066639,0.99
195,31,val,33.277634,1.00
195,32,val,52.163795,1.00
195,33,val,34.324249,1.01
195,34,val,24.486694,1.01
196,0,train,23.171928,0.14
196,1,train,23.797808,0.19
196,2,train,22.912281,0.23
196,3,train,25.158094,0.27
196,4,train,22.359283,0.31
196,5,train,25.743095,0.34
196,6,train,23.972624,0.38
196,7,train,23.496643,0.42
196,8,train,24.279495,0.45
196,9,train,22.867205,0.49
196,10,train,25.565586,0.53
196,11,train,22.969185,0.56
196,12,train,30.276686,0.60
196,0,val,42.684959,0.75
196,1,val,35.875984,0.76
196,2,val,46.772327,0.77
196,3,val,21.183130,0.78
196,4,val,38.902248,0.79
196,5,val,43.675869,0.80
196,6,val,27.837852,0.81
196,7,val,22.676146,0.81
196,8,val,43.194336,0.82
196,9,val,52.713734,0.83
196,10,val,17.675461,0.84
196,11,val,26.370369,0.84
196,12,val,31.540194,0.85
196,13,val,24.527924,0.86
196,14,val,21.856289,0.87
196,15,val,30.346954,0.88
196,16,val,32.493755,0.89
196,17,val,36.727451,0.90
196,18,val,49.301525,0.90
196,19,val,39.093559,0.91
196,20,val,20.646425,0.92
196,21,val,43.728760,0.93
196,22,val,44.558659,0.93
196,23,val,41.077183,0.94
196,24,val,36.789276,0.95
196,25,val,51.719795,0.95
196,26,val,30.196634,0.96
196,27,val,42.802837,0.97
196,28,val,14.692429,0.98
196,29,val,56.313316,0.99
196,30,val,32.260086,1.00
196,31,val,27.685366,1.00
196,32,val,51.159008,1.01
196,33,val,32.075222,1.01
196,34,val,38.347679,1.01
197,0,train,22.648521,0.17
197,1,train,24.261913,0.21
197,2,train,22.535177,0.25
197,3,train,28.658199,0.29
197,4,train,23.977673,0.34
197,5,train,23.707182,0.38
197,6,train,20.695467,0.41
197,7,train,23.070423,0.45
197,8,train,24.233231,0.49
197,9,train,21.031887,0.52
197,10,train,26.156845,0.56
197,11,train,23.280670,0.60
197,12,train,22.726593,0.63
197,0,val,42.133263,0.77
197,1,val,34.652473,0.78
197,2,val,46.923168,0.79
197,3,val,22.259359,0.81
197,4,val,38.797482,0.81
197,5,val,43.157276,0.82
197,6,val,30.396929,0.83
197,7,val,22.550158,0.83
197,8,val,45.493217,0.84
197,9,val,58.994869,0.85
197,10,val,14.506871,0.86
197,11,val,35.520462,0.87
197,12,val,35.804062,0.88
197,13,val,26.735909,0.89
197,14,val,22.367456,0.91
197,15,val,27.268234,0.91
197,16,val,31.843708,0.92
197,17,val,37.852890,0.93
197,18,val,47.399952,0.94
197,19,val,38.341820,0.94
197,20,val,20.519846,0.95
197,21,val,39.840408,0.96
197,22,val,45.701069,0.96
197,23,val,41.832829,0.97
197,24,val,40.077438,0.98
197,25,val,52.487167,0.98
197,26,val,30.535675,0.99
197,27,val,43.027973,1.00
197,28,val,15.715781,1.01
197,29,val,57.714382,1.02
197,30,val,32.691212,1.02
197,31,val,27.933321,1.03
197,32,val,94.210732,1.03
197,33,val,30.667816,1.04
197,34,val,23.644365,1.04
198,0,train,25.896269,0.14
198,1,train,25.168720,0.18
198,2,train,24.259127,0.22
198,3,train,26.917320,0.25
198,4,train,26.305996,0.30
198,5,train,27.611845,0.33
198,6,train,23.885849,0.37
198,7,train,26.704674,0.41
198,8,train,25.140354,0.44
198,9,train,24.114193,0.48
198,10,train,25.944279,0.52
198,11,train,18.760197,0.55
198,12,train,23.839012,0.59
198,0,val,44.236176,0.72
198,1,val,37.183399,0.73
198,2,val,46.984112,0.73
198,3,val,21.845999,0.74
198,4,val,42.500729,0.76
198,5,val,45.431187,0.77
198,6,val,28.621426,0.78
198,7,val,29.752934,0.78
198,8,val,48.697678,0.79
198,9,val,54.719246,0.80
198,10,val,19.059330,0.81
198,11,val,29.343988,0.82
198,12,val,30.578711,0.83
198,13,val,28.192642,0.84
198,14,val,22.576422,0.85
198,15,val,30.277096,0.86
198,16,val,35.211098,0.87
198,17,val,37.124416,0.88
198,18,val,47.888359,0.89
198,19,val,36.852894,0.89
198,20,val,24.798967,0.90
198,21,val,41.749714,0.91
198,22,val,49.558365,0.91
198,23,val,52.405006,0.92
198,24,val,35.441288,0.93
198,25,val,52.737396,0.93
198,26,val,34.762173,0.94
198,27,val,41.656174,0.95
198,28,val,19.727154,0.95
198,29,val,60.635303,0.97
198,30,val,34.006432,0.97
198,31,val,26.069580,0.98
198,32,val,51.396641,0.98
198,33,val,30.029829,0.99
198,34,val,23.535616,0.99
199,0,train,27.524063,0.14
199,1,train,25.176027,0.18
199,2,train,22.925541,0.22
199,3,train,22.943228,0.25
199,4,train,21.944263,0.29
199,5,train,28.814625,0.33
199,6,train,22.076986,0.36
199,7,train,26.194855,0.41
199,8,train,23.249405,0.45
199,9,train,26.237858,0.48
199,10,train,20.692688,0.52
199,11,train,29.656170,0.56
199,12,train,20.350559,0.67
199,0,val,47.223366,0.82
199,1,val,34.536022,0.83
199,2,val,48.574230,0.85
199,3,val,25.442560,0.86
199,4,val,38.978020,0.87
199,5,val,43.179085,0.88
199,6,val,26.667194,0.89
199,7,val,22.413105,0.89
199,8,val,42.043354,0.90
199,9,val,55.369411,0.91
199,10,val,16.582308,0.92
199,11,val,25.866690,0.92
199,12,val,29.910759,0.93
199,13,val,28.901192,0.94
199,14,val,22.707228,0.95
199,15,val,28.037537,0.96
199,16,val,33.055023,0.96
199,17,val,34.827469,0.97
199,18,val,49.241318,0.98
199,19,val,35.962994,0.98
199,20,val,18.940285,0.99
199,21,val,40.395947,1.00
199,22,val,44.601231,1.00
199,23,val,42.897152,1.01
199,24,val,34.751945,1.02
199,25,val,51.173332,1.03
199,26,val,30.582872,1.03
199,27,val,40.960632,1.04
199,28,val,14.274156,1.05
199,29,val,62.792740,1.06
199,30,val,33.502010,1.06
199,31,val,26.090544,1.07
199,32,val,51.460911,1.07
199,33,val,33.526318,1.08
199,34,val,22.833307,1.08
200,0,train,21.969254,0.14
200,1,train,28.898588,0.19
200,2,train,31.414948,0.22
200,3,train,22.910431,0.26
200,4,train,21.305775,0.30
200,5,train,24.108551,0.34
200,6,train,24.376575,0.37
200,7,train,27.740864,0.41
200,8,train,22.488014,0.45
200,9,train,23.483624,0.48
200,10,train,24.060036,0.52
200,11,train,22.533075,0.56
200,12,train,17.510651,0.59
200,0,val,47.731831,0.73
200,1,val,36.548412,0.74
200,2,val,46.275753,0.76
200,3,val,21.896666,0.76
200,4,val,38.961365,0.77
200,5,val,42.258301,0.78
200,6,val,33.161694,0.78
200,7,val,22.009850,0.79
200,8,val,42.110180,0.80
200,9,val,55.346901,0.81
200,10,val,16.641760,0.82
200,11,val,26.965187,0.82
200,12,val,31.730940,0.83
200,13,val,23.671391,0.84
200,14,val,25.607143,0.85
200,15,val,32.659924,0.86
200,16,val,32.028015,0.87
200,17,val,36.697350,0.87
200,18,val,47.975464,0.88
200,19,val,36.455906,0.89
200,20,val,18.754778,0.90
200,21,val,39.583790,0.90
200,22,val,44.987820,0.91
200,23,val,44.772789,0.92
200,24,val,50.692993,0.92
200,25,val,51.866001,0.93
200,26,val,36.735817,0.94
200,27,val,40.825371,0.94
200,28,val,22.958702,0.95
200,29,val,55.216923,0.96
200,30,val,32.146271,0.97
200,31,val,26.530043,0.98
200,32,val,54.187405,0.99
200,33,val,31.077492,1.00
200,34,val,22.865097,1.00
201,0,train,26.496048,0.14
201,1,train,23.849018,0.18
201,2,train,27.552753,0.22
201,3,train,22.866405,0.26
201,4,train,18.035110,0.30
201,5,train,26.455597,0.33
201,6,train,24.166073,0.37
201,7,train,23.625954,0.41
201,8,train,22.500219,0.44
201,9,train,28.950544,0.48
201,10,train,19.089565,0.52
201,11,train,27.092026,0.55
201,12,train,25.799616,0.58
201,0,val,43.047344,0.71
201,1,val,34.593723,0.72
201,2,val,46.857975,0.73
201,3,val,22.332331,0.73
201,4,val,37.576698,0.75
201,5,val,43.072594,0.76
201,6,val,27.161173,0.77
201,7,val,23.263182,0.77
201,8,val,42.032001,0.78
201,9,val,51.001743,0.79
201,10,val,15.530597,0.79
201,11,val,24.875858,0.80
201,12,val,34.348377,0.81
201,13,val,24.788916,0.82
201,14,val,27.868298,0.82
201,15,val,27.864840,0.83
201,16,val,32.714764,0.84
201,17,val,36.773148,0.85
201,18,val,51.844250,0.86
201,19,val,36.113235,0.86
201,20,val,24.308662,0.87
201,21,val,39.767738,0.88
201,22,val,51.293602,0.88
201,23,val,41.637421,0.89
201,24,val,35.378834,0.90
201,25,val,51.483696,0.91
201,26,val,29.692509,0.91
201,27,val,41.437454,0.92
201,28,val,14.503345,0.93
201,29,val,55.495827,0.93
201,30,val,33.387955,0.94
201,31,val,27.044348,0.95
201,32,val,50.320946,0.96
201,33,val,30.985113,0.97
201,34,val,24.427145,0.97
202,0,train,22.572018,0.23
202,1,train,21.435955,0.29
202,2,train,24.347904,0.35
202,3,train,20.257687,0.40
202,4,train,20.543192,0.46
202,5,train,22.375282,0.51
202,6,train,23.464664,0.56
202,7,train,29.185394,0.62
202,8,train,20.443720,0.67
202,9,train,20.000111,0.70
202,10,train,20.294849,0.74
202,11,train,20.482460,0.78
202,12,train,24.718132,0.81
202,0,val,41.839157,1.02
202,1,val,34.024174,1.04
202,2,val,55.967354,1.05
202,3,val,23.211113,1.06
202,4,val,38.116650,1.07
202,5,val,46.454323,1.08
202,6,val,27.786278,1.09
202,7,val,23.081934,1.10
202,8,val,47.141769,1.11
202,9,val,53.387142,1.12
202,10,val,15.558719,1.14
202,11,val,24.527872,1.15
202,12,val,31.348442,1.16
202,13,val,25.020403,1.17
202,14,val,22.820873,1.17
202,15,val,26.906281,1.18
202,16,val,30.912868,1.19
202,17,val,42.885643,1.20
202,18,val,47.079239,1.21
202,19,val,35.316536,1.22
202,20,val,20.616327,1.24
202,21,val,40.125225,1.25
202,22,val,44.148735,1.26
202,23,val,40.778545,1.27
202,24,val,39.692879,1.28
202,25,val,57.481155,1.29
202,26,val,30.529331,1.30
202,27,val,45.027729,1.31
202,28,val,15.277653,1.32
202,29,val,60.472034,1.33
202,30,val,31.623623,1.34
202,31,val,27.199631,1.35
202,32,val,50.450825,1.35
202,33,val,31.452471,1.36
202,34,val,24.610256,1.36
203,0,train,24.475836,0.20
203,1,train,23.930119,0.27
203,2,train,24.017776,0.31
203,3,train,20.752499,0.36
203,4,train,26.530638,0.41
203,5,train,24.698071,0.44
203,6,train,24.582466,0.49
203,7,train,27.226055,0.52
203,8,train,22.504322,0.57
203,9,train,22.328663,0.61
203,10,train,24.403271,0.65
203,11,train,23.946480,0.68
203,12,train,24.092749,0.72
203,0,val,44.310402,0.91
203,1,val,32.912636,0.95
203,2,val,47.030643,0.97
203,3,val,19.943382,0.98
203,4,val,39.242424,0.99
203,5,val,41.882118,1.00
203,6,val,28.941177,1.01
203,7,val,23.110914,1.02
203,8,val,42.148296,1.04
203,9,val,51.432110,1.05
203,10,val,17.801231,1.06
203,11,val,25.884562,1.07
203,12,val,39.825275,1.08
203,13,val,26.839540,1.09
203,14,val,24.945284,1.10
203,15,val,27.513367,1.11
203,16,val,33.053112,1.12
203,17,val,36.248768,1.13
203,18,val,55.566753,1.14
203,19,val,73.002846,1.15
203,20,val,19.888561,1.16
203,21,val,43.577496,1.17
203,22,val,45.317108,1.18
203,23,val,40.734650,1.19
203,24,val,35.314484,1.20
203,25,val,52.124783,1.21
203,26,val,29.284861,1.22
203,27,val,39.877815,1.23
203,28,val,14.413555,1.24
203,29,val,56.560669,1.25
203,30,val,30.506351,1.26
203,31,val,26.062897,1.27
203,32,val,54.360584,1.28
203,33,val,33.743462,1.28
203,34,val,22.724627,1.29
204,0,train,17.042311,0.19
204,1,train,23.432430,0.24
204,2,train,19.421257,0.29
204,3,train,21.896423,0.33
204,4,train,21.734819,0.38
204,5,train,22.617479,0.42
204,6,train,24.553881,0.46
204,7,train,25.220749,0.51
204,8,train,25.010021,0.56
204,9,train,22.958176,0.59
204,10,train,21.547295,0.63
204,11,train,23.771349,0.66
204,12,train,24.841448,0.70
204,0,val,42.092010,0.89
204,1,val,32.898792,0.92
204,2,val,46.376781,0.93
204,3,val,19.778173,0.94
204,4,val,38.930397,0.95
204,5,val,41.770878,0.96
204,6,val,27.899887,0.97
204,7,val,21.841295,0.98
204,8,val,41.305035,0.99
204,9,val,50.845997,1.01
204,10,val,15.904554,1.04
204,11,val,27.805923,1.05
204,12,val,34.506622,1.06
204,13,val,23.866310,1.07
204,14,val,24.484026,1.09
204,15,val,26.919258,1.10
204,16,val,32.068096,1.12
204,17,val,34.781822,1.13
204,18,val,47.053062,1.14
204,19,val,35.337646,1.14
204,20,val,18.373714,1.16
204,21,val,40.214222,1.16
204,22,val,48.761856,1.17
204,23,val,41.790897,1.18
204,24,val,38.833241,1.19
204,25,val,51.516972,1.20
204,26,val,30.900070,1.22
204,27,val,40.569862,1.23
204,28,val,15.759742,1.24
204,29,val,54.590393,1.25
204,30,val,33.186756,1.26
204,31,val,28.380684,1.27
204,32,val,53.795372,1.28
204,33,val,29.365248,1.29
204,34,val,22.603840,1.30
205,0,train,21.668497,0.24
205,1,train,23.176922,0.30
205,2,train,23.701504,0.35
205,3,train,26.899441,0.40
205,4,train,22.946079,0.46
205,5,train,17.269533,0.50
205,6,train,19.984928,0.55
205,7,train,23.954203,0.60
205,8,train,24.320404,0.66
205,9,train,27.430790,0.69
205,10,train,17.839157,0.73
205,11,train,20.831024,0.77
205,12,train,22.691589,0.81
205,0,val,41.969452,1.01
205,1,val,35.885857,1.03
205,2,val,45.999409,1.04
205,3,val,21.109081,1.05
205,4,val,37.977425,1.05
205,5,val,44.131081,1.06
205,6,val,28.608959,1.07
205,7,val,22.740665,1.08
205,8,val,45.022949,1.09
205,9,val,58.038738,1.09
205,10,val,16.682772,1.10
205,11,val,24.490103,1.11
205,12,val,30.645660,1.12
205,13,val,27.259075,1.13
205,14,val,22.184278,1.14
205,15,val,27.965410,1.15
205,16,val,33.942577,1.16
205,17,val,36.302395,1.16
205,18,val,47.233276,1.17
205,19,val,34.390575,1.18
205,20,val,30.151577,1.19
205,21,val,40.396645,1.19
205,22,val,43.454899,1.20
205,23,val,39.278389,1.21
205,24,val,37.810837,1.22
205,25,val,51.489258,1.22
205,26,val,29.809418,1.24
205,27,val,40.217079,1.24
205,28,val,15.253129,1.25
205,29,val,55.567051,1.26
205,30,val,30.656164,1.27
205,31,val,26.473309,1.27
205,32,val,49.721298,1.28
205,33,val,32.025482,1.28
205,34,val,23.666801,1.29
206,0,train,23.059139,0.24
206,1,train,26.748810,0.29
206,2,train,23.041471,0.32
206,3,train,24.435913,0.36
206,4,train,24.270039,0.40
206,5,train,23.079384,0.43
206,6,train,24.061375,0.47
206,7,train,20.402412,0.52
206,8,train,23.444065,0.55
206,9,train,21.805407,0.59
206,10,train,19.430271,0.62
206,11,train,25.820068,0.66
206,12,train,23.016407,0.69
206,0,val,40.735283,0.91
206,1,val,33.557072,0.94
206,2,val,52.875908,0.95
206,3,val,20.645126,0.95
206,4,val,37.734180,0.96
206,5,val,43.918449,0.97
206,6,val,26.792343,0.99
206,7,val,21.848293,0.99
206,8,val,43.592110,1.00
206,9,val,50.641956,1.01
206,10,val,17.599503,1.01
206,11,val,27.509422,1.02
206,12,val,31.340002,1.03
206,13,val,22.888290,1.04
206,14,val,27.292150,1.05
206,15,val,27.852932,1.05
206,16,val,31.599396,1.06
206,17,val,35.667595,1.07
206,18,val,46.631416,1.07
206,19,val,35.325878,1.08
206,20,val,20.556904,1.09
206,21,val,39.662426,1.10
206,22,val,46.643700,1.12
206,23,val,39.779335,1.13
206,24,val,34.410004,1.15
206,25,val,53.375443,1.17
206,26,val,31.447723,1.20
206,27,val,42.079121,1.23
206,28,val,15.012940,1.24
206,29,val,55.011375,1.26
206,30,val,30.075148,1.27
206,31,val,26.493639,1.28
206,32,val,49.700542,1.29
206,33,val,30.995811,1.31
206,34,val,23.772333,1.32
207,0,train,20.990631,0.15
207,1,train,19.220657,0.19
207,2,train,25.512028,0.23
207,3,train,24.033463,0.26
207,4,train,25.117800,0.30
207,5,train,28.628244,0.34
207,6,train,22.208199,0.38
207,7,train,24.172964,0.42
207,8,train,20.999483,0.46
207,9,train,24.402586,0.49
207,10,train,19.819817,0.53
207,11,train,26.285006,0.57
207,12,train,23.432014,0.60
207,0,val,42.034718,0.74
207,1,val,33.642868,0.75
207,2,val,44.818184,0.76
207,3,val,19.937477,0.77
207,4,val,37.438080,0.78
207,5,val,42.630257,0.79
207,6,val,44.658485,0.80
207,7,val,21.810299,0.80
207,8,val,44.056969,0.81
207,9,val,60.000969,0.82
207,10,val,17.062210,0.82
207,11,val,25.476362,0.83
207,12,val,30.613194,0.84
207,13,val,27.828554,0.85
207,14,val,27.075182,0.85
207,15,val,27.364986,0.86
207,16,val,31.903088,0.87
207,17,val,36.088085,0.88
207,18,val,48.958290,0.89
207,19,val,34.684135,0.90
207,20,val,19.036461,0.90
207,21,val,41.638836,0.91
207,22,val,43.850281,0.92
207,23,val,53.759998,0.92
207,24,val,35.514763,0.93
207,25,val,49.844048,0.94
207,26,val,30.024059,0.95
207,27,val,39.576729,0.95
207,28,val,14.811902,0.96
207,29,val,54.558796,0.97
207,30,val,31.596836,0.98
207,31,val,26.291498,0.99
207,32,val,48.943752,0.99
207,33,val,36.531796,1.00
207,34,val,23.702358,1.00
208,0,train,22.647032,0.14
208,1,train,24.904469,0.18
208,2,train,25.383087,0.22
208,3,train,21.747320,0.25
208,4,train,23.535156,0.29
208,5,train,29.103859,0.33
208,6,train,21.875557,0.36
208,7,train,23.085403,0.40
208,8,train,26.888481,0.44
208,9,train,24.295986,0.47
208,10,train,21.840569,0.51
208,11,train,27.207838,0.55
208,12,train,20.428413,0.58
208,0,val,42.792412,0.73
208,1,val,32.975410,0.74
208,2,val,45.564331,0.74
208,3,val,19.985857,0.76
208,4,val,37.216637,0.77
208,5,val,43.189762,0.77
208,6,val,27.625338,0.78
208,7,val,22.199852,0.79
208,8,val,41.145798,0.80
208,9,val,50.765896,0.80
208,10,val,14.512246,0.81
208,11,val,27.338486,0.82
208,12,val,29.296074,0.82
208,13,val,25.355427,0.83
208,14,val,21.809141,0.84
208,15,val,27.088175,0.84
208,16,val,31.351879,0.86
208,17,val,35.076965,0.86
208,18,val,46.253895,0.87
208,19,val,35.120182,0.88
208,20,val,24.773491,0.89
208,21,val,45.778076,0.89
208,22,val,44.337830,0.90
208,23,val,43.465225,0.91
208,24,val,36.119946,0.91
208,25,val,55.077217,0.92
208,26,val,30.306227,0.93
208,27,val,46.231037,0.93
208,28,val,14.093078,0.94
208,29,val,54.420895,0.95
208,30,val,41.731972,0.96
208,31,val,26.832819,0.96
208,32,val,54.527893,0.97
208,33,val,29.340017,0.97
208,34,val,27.725496,0.98
209,0,train,21.789700,0.15
209,1,train,25.400259,0.20
209,2,train,19.038307,0.23
209,3,train,20.623299,0.27
209,4,train,26.104050,0.31
209,5,train,21.690630,0.34
209,6,train,24.155006,0.38
209,7,train,18.200527,0.42
209,8,train,21.711226,0.45
209,9,train,20.186352,0.49
209,10,train,20.595602,0.53
209,11,train,23.381374,0.56
209,12,train,18.946770,0.60
209,0,val,41.486027,0.74
209,1,val,33.423454,0.74
209,2,val,47.400700,0.75
209,3,val,19.980261,0.77
209,4,val,40.212811,0.77
209,5,val,45.283962,0.78
209,6,val,28.046469,0.79
209,7,val,31.550140,0.79
209,8,val,43.499897,0.80
209,9,val,50.872169,0.81
209,10,val,15.254026,0.81
209,11,val,32.394939,0.82
209,12,val,29.751825,0.83
209,13,val,23.876884,0.84
209,14,val,21.639814,0.84
209,15,val,27.435772,0.85
209,16,val,37.457630,0.86
209,17,val,39.237446,0.87
209,18,val,46.993271,0.88
209,19,val,34.980221,0.88
209,20,val,18.971582,0.89
209,21,val,38.975121,0.90
209,22,val,49.738743,0.91
209,23,val,39.949692,0.91
209,24,val,37.611481,0.92
209,25,val,51.181820,0.93
209,26,val,29.034731,0.94
209,27,val,42.548840,0.94
209,28,val,13.916929,0.95
209,29,val,58.099304,0.96
209,30,val,42.104198,0.97
209,31,val,27.515324,0.97
209,32,val,48.521641,0.98
209,33,val,32.910240,0.98
209,34,val,22.264463,0.99
210,0,train,19.175476,0.15
210,1,train,20.307194,0.19
210,2,train,32.058121,0.23
210,3,train,21.695929,0.27
210,4,train,22.867447,0.32
210,5,train,22.587273,0.37
210,6,train,25.652706,0.40
210,7,train,22.275728,0.44
210,8,train,23.667877,0.47
210,9,train,24.226322,0.51
210,10,train,25.616249,0.55
210,11,train,25.468798,0.58
210,12,train,21.448507,0.61
210,0,val,42.025387,0.76
210,1,val,34.303158,0.76
210,2,val,48.307266,0.77
210,3,val,20.033260,0.79
210,4,val,36.735268,0.79
210,5,val,46.467091,0.80
210,6,val,29.509520,0.81
210,7,val,22.045210,0.81
210,8,val,41.715050,0.82
210,9,val,49.384670,0.83
210,10,val,15.649819,0.83
210,11,val,27.665079,0.84
210,12,val,34.577415,0.85
210,13,val,23.080996,0.86
210,14,val,29.382063,0.86
210,15,val,29.489374,0.87
210,16,val,31.580809,0.88
210,17,val,35.440392,0.89
210,18,val,46.596111,0.90
210,19,val,37.499859,0.90
210,20,val,25.824938,0.91
210,21,val,39.352196,0.92
210,22,val,43.078068,0.93
210,23,val,46.877769,0.93
210,24,val,34.939949,0.94
210,25,val,50.954842,0.95
210,26,val,28.671478,0.95
210,27,val,44.582569,0.96
210,28,val,17.402241,0.97
210,29,val,53.631657,0.97
210,30,val,36.342434,0.98
210,31,val,26.427826,0.99
210,32,val,48.957329,0.99
210,33,val,31.715780,1.00
210,34,val,23.545845,1.00
211,0,train,26.448709,0.14
211,1,train,21.950331,0.18
211,2,train,22.423237,0.22
211,3,train,24.003965,0.25
211,4,train,20.219757,0.29
211,5,train,23.050953,0.34
211,6,train,27.785564,0.37
211,7,train,20.928474,0.41
211,8,train,20.301502,0.44
211,9,train,22.476505,0.48
211,10,train,22.546362,0.52
211,11,train,18.360413,0.55
211,12,train,26.725666,0.58
211,0,val,40.817055,0.72
211,1,val,32.577801,0.73
211,2,val,45.232525,0.74
211,3,val,19.612787,0.76
211,4,val,37.203575,0.77
211,5,val,41.411938,0.78
211,6,val,26.709871,0.80
211,7,val,23.208815,0.81
211,8,val,43.796452,0.81
211,9,val,53.410320,0.82
211,10,val,14.506554,0.83
211,11,val,30.245865,0.83
211,12,val,29.023142,0.84
211,13,val,29.722279,0.85
211,14,val,26.002230,0.86
211,15,val,33.807182,0.87
211,16,val,31.503551,0.88
211,17,val,34.831558,0.88
211,18,val,47.108784,0.89
211,19,val,34.778244,0.90
211,20,val,19.327730,0.90
211,21,val,41.166199,0.91
211,22,val,42.647133,0.92
211,23,val,39.432888,0.92
211,24,val,34.641281,0.93
211,25,val,52.497952,0.94
211,26,val,28.935606,0.94
211,27,val,39.936882,0.96
211,28,val,17.705898,0.96
211,29,val,53.406845,0.97
211,30,val,36.624676,0.98
211,31,val,26.419807,0.98
211,32,val,49.018635,0.99
211,33,val,30.637728,0.99
211,34,val,22.445393,1.00
212,0,train,20.568623,0.15
212,1,train,23.444241,0.19
212,2,train,26.990746,0.23
212,3,train,22.014469,0.26
212,4,train,24.755775,0.30
212,5,train,25.292656,0.34
212,6,train,29.367188,0.38
212,7,train,24.091537,0.42
212,8,train,30.162964,0.46
212,9,train,19.542622,0.49
212,10,train,24.510000,0.53
212,11,train,22.491741,0.56
212,12,train,22.922340,0.60
212,0,val,40.257374,0.75
212,1,val,32.437401,0.75
212,2,val,44.770729,0.76
212,3,val,20.284941,0.77
212,4,val,44.892006,0.78
212,5,val,41.776871,0.79
212,6,val,26.404003,0.80
212,7,val,24.036852,0.81
212,8,val,42.518967,0.81
212,9,val,53.497997,0.82
212,10,val,14.487154,0.83
212,11,val,26.366699,0.83
212,12,val,30.166531,0.84
212,13,val,22.667236,0.85
212,14,val,21.938555,0.86
212,15,val,27.233093,0.87
212,16,val,32.451458,0.87
212,17,val,34.301483,0.89
212,18,val,46.583027,0.89
212,19,val,35.860672,0.90
212,20,val,19.197433,0.91
212,21,val,41.898857,0.91
212,22,val,42.441906,0.92
212,23,val,39.147148,0.93
212,24,val,35.038860,0.94
212,25,val,50.452724,0.95
212,26,val,30.561789,0.95
212,27,val,41.183193,0.96
212,28,val,13.301502,0.97
212,29,val,54.086224,0.97
212,30,val,30.910961,0.99
212,31,val,28.442024,0.99
212,32,val,48.692757,1.00
212,33,val,29.287781,1.00
212,34,val,30.090668,1.01
213,0,train,23.392399,0.19
213,1,train,27.810135,0.23
213,2,train,24.208307,0.27
213,3,train,17.983355,0.31
213,4,train,22.576471,0.35
213,5,train,16.159254,0.38
213,6,train,24.075829,0.42
213,7,train,21.320486,0.46
213,8,train,26.357401,0.49
213,9,train,16.522699,0.53
213,10,train,22.375149,0.57
213,11,train,21.674507,0.60
213,12,train,22.182787,0.63
213,0,val,43.792599,0.78
213,1,val,34.539581,0.79
213,2,val,45.549759,0.80
213,3,val,19.217649,0.81
213,4,val,36.335983,0.82
213,5,val,46.386688,0.83
213,6,val,28.025108,0.83
213,7,val,21.067020,0.84
213,8,val,40.010571,0.85
213,9,val,50.879368,0.86
213,10,val,14.943949,0.86
213,11,val,27.579334,0.87
213,12,val,30.626163,0.88
213,13,val,23.432615,0.89
213,14,val,21.151474,0.90
213,15,val,29.200373,0.92
213,16,val,31.002409,0.93
213,17,val,33.896053,0.94
213,18,val,46.018421,0.95
213,19,val,38.694412,0.96
213,20,val,17.981712,0.98
213,21,val,39.926308,0.99
213,22,val,44.470512,1.00
213,23,val,38.991333,1.01
213,24,val,33.644215,1.03
213,25,val,57.688038,1.04
213,26,val,28.927258,1.05
213,27,val,40.264599,1.06
213,28,val,19.563715,1.07
213,29,val,55.954453,1.08
213,30,val,32.216019,1.10
213,31,val,28.817814,1.10
213,32,val,57.166565,1.11
213,33,val,29.681124,1.12
213,34,val,25.645838,1.12
214,0,train,20.551964,0.19
214,1,train,25.361843,0.24
214,2,train,24.928837,0.29
214,3,train,23.028744,0.33
214,4,train,23.113340,0.37
214,5,train,26.417652,0.42
214,6,train,25.948021,0.46
214,7,train,23.646687,0.51
214,8,train,26.716862,0.55
214,9,train,25.490744,0.58
214,10,train,18.685799,0.62
214,11,train,24.271095,0.66
214,12,train,22.018049,0.70
214,0,val,41.072689,0.89
214,1,val,33.037926,0.91
214,2,val,43.897396,0.92
214,3,val,20.489565,0.93
214,4,val,37.243679,0.94
214,5,val,42.514923,0.95
214,6,val,26.624290,0.96
214,7,val,22.160353,0.97
214,8,val,40.584785,0.98
214,9,val,56.502903,0.99
214,10,val,14.696534,1.00
214,11,val,24.620201,1.01
214,12,val,29.916340,1.02
214,13,val,25.510618,1.03
214,14,val,26.883924,1.04
214,15,val,26.442106,1.05
214,16,val,41.212723,1.06
214,17,val,40.642063,1.07
214,18,val,45.743462,1.07
214,19,val,34.273026,1.08
214,20,val,21.452642,1.09
214,21,val,38.938221,1.10
214,22,val,44.054852,1.11
214,23,val,38.792664,1.12
214,24,val,34.669010,1.13
214,25,val,53.469330,1.14
214,26,val,33.357437,1.15
214,27,val,42.387234,1.16
214,28,val,13.557907,1.17
214,29,val,53.530231,1.18
214,30,val,35.050571,1.18
214,31,val,33.492882,1.19
214,32,val,48.498478,1.20
214,33,val,29.011892,1.20
214,34,val,21.492603,1.21
215,0,train,19.259890,0.18
215,1,train,19.893332,0.24
215,2,train,25.600716,0.28
215,3,train,21.389931,0.33
215,4,train,26.604218,0.46
215,5,train,22.522137,0.53
215,6,train,31.369511,0.58
215,7,train,25.871735,0.63
215,8,train,24.585421,0.67
215,9,train,23.820202,0.70
215,10,train,22.529726,0.75
215,11,train,27.816740,0.78
215,12,train,19.207958,0.84
215,0,val,40.586914,1.11
215,1,val,32.478722,1.13
215,2,val,45.322086,1.14
215,3,val,22.560963,1.15
215,4,val,35.945736,1.16
215,5,val,41.751945,1.17
215,6,val,36.508369,1.18
215,7,val,20.793846,1.19
215,8,val,40.042049,1.20
215,9,val,49.069550,1.22
215,10,val,13.704804,1.24
215,11,val,24.198654,1.25
215,12,val,28.687338,1.27
215,13,val,24.773998,1.28
215,14,val,25.060261,1.29
215,15,val,26.334047,1.30
215,16,val,31.981628,1.31
215,17,val,34.566090,1.33
215,18,val,51.493519,1.36
215,19,val,35.262421,1.39
215,20,val,21.414963,1.41
215,21,val,40.283577,1.43
215,22,val,45.996651,1.45
215,23,val,39.684635,1.48
215,24,val,41.593559,1.52
215,25,val,51.110161,1.55
215,26,val,30.624844,1.58
215,27,val,38.477737,1.61
215,28,val,16.247229,1.64
215,29,val,53.413319,1.65
215,30,val,31.506018,1.66
215,31,val,28.917999,1.69
215,32,val,48.182484,1.70
215,33,val,32.740818,1.72
215,34,val,36.910191,1.73
216,0,train,16.231476,0.32
216,1,train,15.900797,0.38
216,2,train,23.100685,0.45
216,3,train,26.853540,0.50
216,4,train,16.927395,0.54
216,5,train,19.597988,0.58
216,6,train,22.666473,0.64
216,7,train,22.280037,0.68
216,8,train,22.569073,0.72
216,9,train,18.825434,0.76
216,10,train,16.242014,0.81
216,11,train,20.052357,0.85
216,12,train,18.601185,0.89
216,0,val,44.096596,1.08
216,1,val,33.522778,1.11
216,2,val,44.357803,1.11
216,3,val,19.004091,1.12
216,4,val,37.049049,1.13
216,5,val,42.428707,1.14
216,6,val,26.097979,1.15
216,7,val,21.608942,1.16
216,8,val,42.268826,1.17
216,9,val,51.558147,1.18
216,10,val,14.272550,1.19
216,11,val,24.467752,1.21
216,12,val,29.319490,1.22
216,13,val,25.890968,1.23
216,14,val,23.660347,1.24
216,15,val,26.354313,1.25
216,16,val,30.849472,1.26
216,17,val,43.711723,1.27
216,18,val,48.798237,1.28
216,19,val,36.657188,1.29
216,20,val,22.147802,1.31
216,21,val,39.233959,1.32
216,22,val,96.132828,1.33
216,23,val,38.395725,1.35
216,24,val,33.717258,1.36
216,25,val,49.241554,1.36
216,26,val,38.223331,1.37
216,27,val,38.747494,1.38
216,28,val,15.624752,1.39
216,29,val,54.310291,1.40
216,30,val,34.559204,1.41
216,31,val,26.799282,1.42
216,32,val,51.745331,1.43
216,33,val,28.721621,1.43
216,34,val,24.611490,1.44
217,0,train,17.110163,0.19
217,1,train,26.207315,0.25
217,2,train,22.207468,0.29
217,3,train,22.500137,0.33
217,4,train,24.128929,0.40
217,5,train,26.808594,0.45
217,6,train,25.988869,0.49
217,7,train,21.978439,0.53
217,8,train,22.516182,0.57
217,9,train,23.429039,0.61
217,10,train,25.746918,0.65
217,11,train,21.588978,0.69
217,12,train,28.131969,0.75
217,0,val,42.216831,0.98
217,1,val,32.250206,1.01
217,2,val,45.008015,1.03
217,3,val,20.801088,1.04
217,4,val,38.059525,1.05
217,5,val,41.248344,1.06
217,6,val,28.352890,1.07
217,7,val,21.144613,1.08
217,8,val,39.885963,1.09
217,9,val,53.917397,1.10
217,10,val,16.725637,1.11
217,11,val,31.262276,1.12
217,12,val,29.372971,1.13
217,13,val,23.366528,1.14
217,14,val,23.605005,1.15
217,15,val,27.453604,1.16
217,16,val,30.840401,1.17
217,17,val,33.573902,1.18
217,18,val,48.890369,1.19
217,19,val,34.423866,1.20
217,20,val,19.640846,1.21
217,21,val,43.591190,1.22
217,22,val,42.532589,1.23
217,23,val,39.159393,1.24
217,24,val,39.291935,1.25
217,25,val,49.918438,1.26
217,26,val,38.309971,1.27
217,27,val,38.955761,1.28
217,28,val,13.699370,1.29
217,29,val,53.022655,1.30
217,30,val,31.712217,1.31
217,31,val,31.364872,1.32
217,32,val,49.641911,1.32
217,33,val,28.547775,1.33
217,34,val,22.930447,1.34
218,0,train,16.227837,0.20
218,1,train,18.450304,0.26
218,2,train,19.164379,0.31
218,3,train,22.715973,0.36
218,4,train,24.535755,0.41
218,5,train,25.775309,0.46
218,6,train,20.682926,0.50
218,7,train,19.299904,0.54
218,8,train,20.331318,0.59
218,9,train,15.712276,0.62
218,10,train,23.563999,0.65
218,11,train,18.395315,0.70
218,12,train,24.182301,0.74
218,0,val,41.536690,0.88
218,1,val,68.522270,0.89
218,2,val,48.228966,0.89
218,3,val,20.750637,0.91
218,4,val,39.894508,0.92
218,5,val,42.133621,0.93
218,6,val,26.612253,0.93
218,7,val,23.937860,0.94
218,8,val,39.936588,0.95
218,9,val,55.221134,0.95
218,10,val,15.507646,0.96
218,11,val,24.672043,0.97
218,12,val,28.733912,0.98
218,13,val,29.526957,0.99
218,14,val,23.259686,1.00
218,15,val,30.238771,1.02
218,16,val,30.328514,1.04
218,17,val,33.642235,1.05
218,18,val,45.644207,1.05
218,19,val,34.003391,1.06
218,20,val,19.641512,1.07
218,21,val,44.431713,1.08
218,22,val,42.576752,1.09
218,23,val,38.219883,1.10
218,24,val,33.551971,1.11
218,25,val,49.705486,1.12
218,26,val,30.810898,1.13
218,27,val,38.086117,1.14
218,28,val,13.941109,1.15
218,29,val,52.788300,1.15
218,30,val,35.110832,1.16
218,31,val,25.503086,1.17
218,32,val,49.004410,1.17
218,33,val,34.027164,1.17
218,34,val,23.786747,1.18
219,0,train,21.910805,0.17
219,1,train,23.363100,0.22
219,2,train,29.026861,0.25
219,3,train,18.919052,0.29
219,4,train,18.954914,0.33
219,5,train,23.968609,0.37
219,6,train,23.914562,0.41
219,7,train,19.480261,0.46
219,8,train,19.426001,0.50
219,9,train,21.536129,0.54
219,10,train,22.419893,0.57
219,11,train,19.527922,0.61
219,12,train,17.463665,0.64
219,0,val,42.538322,0.81
219,1,val,33.407173,0.82
219,2,val,45.016140,0.83
219,3,val,18.783529,0.84
219,4,val,39.890774,0.85
219,5,val,40.744938,0.86
219,6,val,28.424576,0.86
219,7,val,21.203184,0.87
219,8,val,42.802990,0.88
219,9,val,48.220215,0.88
219,10,val,13.993569,0.89
219,11,val,24.143288,0.91
219,12,val,28.214380,0.92
219,13,val,23.396065,0.93
219,14,val,24.781578,0.94
219,15,val,28.902338,0.95
219,16,val,34.590687,0.96
219,17,val,35.263313,0.96
219,18,val,46.676815,0.97
219,19,val,34.525509,0.98
219,20,val,25.330330,0.99
219,21,val,39.338490,1.00
219,22,val,43.343742,1.01
219,23,val,39.835625,1.01
219,24,val,34.215603,1.02
219,25,val,49.097820,1.03
219,26,val,32.554031,1.05
219,27,val,39.374607,1.05
219,28,val,15.608311,1.06
219,29,val,51.724201,1.07
219,30,val,32.062771,1.07
219,31,val,31.582693,1.08
219,32,val,47.943420,1.08
219,33,val,44.498066,1.09
219,34,val,22.913225,1.09
220,0,train,23.674898,0.16
220,1,train,19.043528,0.20
220,2,train,20.598454,0.23
220,3,train,21.674091,0.27
220,4,train,18.921223,0.31
220,5,train,19.764816,0.35
220,6,train,18.664276,0.39
220,7,train,24.058670,0.43
220,8,train,22.908741,0.47
220,9,train,20.377451,0.50
220,10,train,19.236774,0.55
220,11,train,23.736694,0.58
220,12,train,26.767067,0.61
220,0,val,41.379368,0.76
220,1,val,32.211105,0.77
220,2,val,48.928360,0.77
220,3,val,28.497313,0.79
220,4,val,37.503445,0.80
220,5,val,40.805859,0.80
220,6,val,27.075670,0.81
220,7,val,23.140863,0.82
220,8,val,39.111420,0.82
220,9,val,48.064453,0.83
220,10,val,20.253099,0.84
220,11,val,24.240871,0.85
220,12,val,30.336761,0.85
220,13,val,23.660498,0.86
220,14,val,20.975388,0.87
220,15,val,26.770254,0.87
220,16,val,30.882864,0.89
220,17,val,36.064743,0.89
220,18,val,45.573669,0.90
220,19,val,33.967224,0.91
220,20,val,19.875189,0.92
220,21,val,49.577209,0.92
220,22,val,42.812950,0.93
220,23,val,39.666298,0.94
220,24,val,39.913055,0.94
220,25,val,48.518135,0.95
220,26,val,32.399933,0.96
220,27,val,38.332733,0.96
220,28,val,14.860343,0.97
220,29,val,51.728313,0.98
220,30,val,31.746044,0.99
220,31,val,35.829823,1.00
220,32,val,49.425472,1.00
220,33,val,28.963232,1.01
220,34,val,21.531164,1.01
221,0,train,20.456722,0.15
221,1,train,24.286221,0.19
221,2,train,23.341248,0.23
221,3,train,21.133797,0.27
221,4,train,21.692089,0.31
221,5,train,18.571777,0.35
221,6,train,18.887953,0.39
221,7,train,24.797869,0.43
221,8,train,26.941916,0.46
221,9,train,19.331789,0.50
221,10,train,24.878424,0.54
221,11,train,29.382204,0.57
221,12,train,21.721973,0.60
221,0,val,84.004448,0.74
221,1,val,35.517246,0.75
221,2,val,48.930599,0.76
221,3,val,19.043974,0.77
221,4,val,37.040829,0.78
221,5,val,44.050251,0.79
221,6,val,26.700296,0.80
221,7,val,21.366865,0.80
221,8,val,40.017178,0.81
221,9,val,48.080261,0.82
221,10,val,22.146431,0.83
221,11,val,24.935631,0.83
221,12,val,31.076082,0.84
221,13,val,24.158377,0.85
221,14,val,21.790911,0.85
221,15,val,26.599710,0.86
221,16,val,32.308163,0.88
221,17,val,34.360218,0.88
221,18,val,46.779701,0.89
221,19,val,33.889462,0.90
221,20,val,19.844355,0.90
221,21,val,37.541466,0.91
221,22,val,49.901131,0.92
221,23,val,39.960419,0.93
221,24,val,33.898945,0.93
221,25,val,48.834618,0.94
221,26,val,36.315128,0.95
221,27,val,42.594925,0.95
221,28,val,14.702850,0.96
221,29,val,53.901905,0.97
221,30,val,30.693768,0.98
221,31,val,27.763634,0.99
221,32,val,50.097210,1.00
221,33,val,30.143665,1.00
221,34,val,22.524876,1.00
222,0,train,18.952946,0.16
222,1,train,25.007044,0.20
222,2,train,22.598118,0.24
222,3,train,22.668415,0.27
222,4,train,37.579987,0.31
222,5,train,20.075596,0.35
222,6,train,17.298428,0.38
222,7,train,24.108873,0.43
222,8,train,20.794453,0.46
222,9,train,19.926098,0.50
222,10,train,19.661579,0.53
222,11,train,25.399790,0.57
222,12,train,23.994930,0.60
222,0,val,42.464756,0.74
222,1,val,32.719398,0.75
222,2,val,43.933941,0.76
222,3,val,20.067398,0.77
222,4,val,35.186440,0.78
222,5,val,40.425198,0.79
222,6,val,28.333717,0.79
222,7,val,21.500307,0.80
222,8,val,42.669666,0.81
222,9,val,51.758724,0.81
222,10,val,22.636585,0.82
222,11,val,25.190100,0.83
222,12,val,30.096434,0.83
222,13,val,29.650631,0.84
222,14,val,23.523706,0.85
222,15,val,26.565414,0.86
222,16,val,31.181273,0.87
222,17,val,33.907490,0.88
222,18,val,55.406414,0.89
222,19,val,35.044617,0.89
222,20,val,19.515642,0.90
222,21,val,38.944046,0.91
222,22,val,48.060543,0.91
222,23,val,40.179882,0.92
222,24,val,33.623680,0.93
222,25,val,50.621853,0.93
222,26,val,32.378998,0.94
222,27,val,37.969578,0.95
222,28,val,15.059884,0.95
222,29,val,52.897007,0.96
222,30,val,31.201305,0.97
222,31,val,28.111652,0.98
222,32,val,49.326519,0.98
222,33,val,33.800064,0.99
222,34,val,21.234203,0.99
223,0,train,15.900404,0.16
223,1,train,25.296724,0.20
223,2,train,23.322628,0.24
223,3,train,21.264967,0.27
223,4,train,18.220276,0.31
223,5,train,25.858072,0.35
223,6,train,24.205273,0.38
223,7,train,22.260498,0.43
223,8,train,21.605377,0.46
223,9,train,17.508827,0.50
223,10,train,21.941940,0.53
223,11,train,14.106998,0.57
223,12,train,23.096844,0.60
223,0,val,40.524128,0.75
223,1,val,33.824047,0.75
223,2,val,45.706890,0.76
223,3,val,20.833036,0.78
223,4,val,37.091099,0.79
223,5,val,40.953300,0.79
223,6,val,27.388506,0.80
223,7,val,21.604782,0.81
223,8,val,41.124508,0.82
223,9,val,48.159363,0.83
223,10,val,14.373441,0.83
223,11,val,23.967121,0.84
223,12,val,27.984373,0.85
223,13,val,25.382822,0.86
223,14,val,22.733011,0.86
223,15,val,26.791576,0.88
223,16,val,29.741110,0.88
223,17,val,33.694977,0.89
223,18,val,47.586292,0.90
223,19,val,36.059647,0.90
223,20,val,23.462757,0.91
223,21,val,41.375637,0.92
223,22,val,43.623833,0.92
223,23,val,39.784233,0.93
223,24,val,32.589157,0.94
223,25,val,47.557419,0.94
223,26,val,34.558235,0.95
223,27,val,39.022530,0.96
223,28,val,15.232434,0.97
223,29,val,51.784611,0.98
223,30,val,29.820850,0.99
223,31,val,27.553019,1.00
223,32,val,48.442719,1.00
223,33,val,31.555231,1.01
223,34,val,26.870356,1.01
224,0,train,19.730471,0.16
224,1,train,16.775536,0.20
224,2,train,22.646305,0.24
224,3,train,20.427589,0.28
224,4,train,23.761166,0.32
224,5,train,26.056602,0.36
224,6,train,19.866543,0.40
224,7,train,19.772093,0.44
224,8,train,26.249418,0.48
224,9,train,23.296598,0.51
224,10,train,19.163414,0.55
224,11,train,22.972158,0.58
224,12,train,24.886646,0.62
224,0,val,43.390236,0.76
224,1,val,31.809235,0.77
224,2,val,65.843925,0.79
224,3,val,28.642479,0.80
224,4,val,37.578056,0.81
224,5,val,42.695133,0.82
224,6,val,30.109020,0.83
224,7,val,23.075289,0.83
224,8,val,39.625946,0.84
224,9,val,48.126648,0.85
224,10,val,20.881807,0.86
224,11,val,26.109606,0.87
224,12,val,42.726719,0.89
224,13,val,23.519287,0.90
224,14,val,23.796555,0.91
224,15,val,27.004286,0.92
224,16,val,31.103844,0.94
224,17,val,37.772697,0.94
224,18,val,44.681873,0.96
224,19,val,38.400043,0.97
224,20,val,18.494547,0.99
224,21,val,37.419102,1.00
224,22,val,49.350452,1.01
224,23,val,40.876678,1.03
224,24,val,32.370804,1.04
224,25,val,48.990654,1.04
224,26,val,27.941252,1.05
224,27,val,37.699661,1.06
224,28,val,13.225890,1.07
224,29,val,51.267071,1.08
224,30,val,30.354454,1.09
224,31,val,32.713348,1.10
224,32,val,48.825134,1.11
224,33,val,32.963104,1.11
224,34,val,21.513174,1.12
225,0,train,22.359989,0.21
225,1,train,23.498446,0.26
225,2,train,31.453236,0.30
225,3,train,21.560076,0.35
225,4,train,21.302181,0.39
225,5,train,18.283623,0.44
225,6,train,17.427713,0.48
225,7,train,20.832592,0.53
225,8,train,25.146235,0.57
225,9,train,23.764748,0.61
225,10,train,22.468121,0.65
225,11,train,19.812670,0.68
225,12,train,17.860115,0.72
225,0,val,48.061363,0.91
225,1,val,33.968792,0.94
225,2,val,42.588726,0.95
225,3,val,18.968044,0.96
225,4,val,43.581612,0.97
225,5,val,40.325245,0.98
225,6,val,26.988262,0.99
225,7,val,30.368893,1.00
225,8,val,38.622108,1.01
225,9,val,49.919506,1.03
225,10,val,14.471799,1.04
225,11,val,25.794935,1.06
225,12,val,29.846111,1.07
225,13,val,22.742393,1.07
225,14,val,26.725342,1.08
225,15,val,27.176504,1.09
225,16,val,30.197329,1.10
225,17,val,33.395702,1.11
225,18,val,46.225052,1.12
225,19,val,34.469677,1.13
225,20,val,20.740398,1.14
225,21,val,38.422531,1.15
225,22,val,42.764812,1.16
225,23,val,37.758347,1.17
225,24,val,38.186569,1.18
225,25,val,48.903893,1.19
225,26,val,27.811747,1.20
225,27,val,40.810501,1.21
225,28,val,13.702813,1.22
225,29,val,51.749641,1.24
225,30,val,28.930231,1.25
225,31,val,26.218712,1.26
225,32,val,50.481670,1.27
225,33,val,29.632751,1.27
225,34,val,35.024090,1.28
226,0,train,21.714428,0.22
226,1,train,24.485123,0.27
226,2,train,18.977695,0.32
226,3,train,19.579754,0.36
226,4,train,20.990656,0.42
226,5,train,26.442263,0.46
226,6,train,18.657936,0.49
226,7,train,18.193211,0.55
226,8,train,18.795120,0.58
226,9,train,16.990978,0.62
226,10,train,21.885271,0.66
226,11,train,20.880320,0.69
226,12,train,23.047390,0.73
226,0,val,41.402416,0.96
226,1,val,32.564747,0.98
226,2,val,43.765701,0.99
226,3,val,19.792957,1.00
226,4,val,36.222740,1.00
226,5,val,41.846134,1.01
226,6,val,33.335499,1.02
226,7,val,33.020187,1.03
226,8,val,40.237114,1.04
226,9,val,52.038479,1.05
226,10,val,14.375651,1.06
226,11,val,24.690378,1.08
226,12,val,28.215008,1.09
226,13,val,23.851023,1.10
226,14,val,22.770655,1.11
226,15,val,26.927826,1.12
226,16,val,31.125683,1.12
226,17,val,32.984425,1.13
226,18,val,46.238262,1.14
226,19,val,37.093166,1.15
226,20,val,18.968037,1.16
226,21,val,47.710701,1.18
226,22,val,43.882736,1.19
226,23,val,37.506824,1.20
226,24,val,32.998138,1.21
226,25,val,47.096863,1.23
226,26,val,27.434504,1.24
226,27,val,37.121532,1.25
226,28,val,14.401845,1.26
226,29,val,52.772285,1.27
226,30,val,31.398809,1.28
226,31,val,31.696043,1.29
226,32,val,47.462440,1.29
226,33,val,36.794106,1.30
226,34,val,23.817091,1.31
227,0,train,20.380272,0.23
227,1,train,24.797550,0.29
227,2,train,23.417467,0.33
227,3,train,19.345695,0.37
227,4,train,18.260281,0.43
227,5,train,21.117641,0.47
227,6,train,22.819653,0.52
227,7,train,21.220715,0.56
227,8,train,18.848143,0.59
227,9,train,19.988293,0.64
227,10,train,22.241436,0.67
227,11,train,21.770012,0.71
227,12,train,22.798107,0.75
227,0,val,41.887558,0.95
227,1,val,33.469250,0.98
227,2,val,50.034649,0.99
227,3,val,18.373564,1.00
227,4,val,37.832470,1.01
227,5,val,39.976345,1.02
227,6,val,26.461960,1.03
227,7,val,22.821455,1.05
227,8,val,38.575108,1.06
227,9,val,52.452145,1.08
227,10,val,14.923487,1.09
227,11,val,25.371830,1.10
227,12,val,30.949146,1.11
227,13,val,26.616320,1.13
227,14,val,25.046177,1.14
227,15,val,25.924671,1.15
227,16,val,32.599205,1.17
227,17,val,33.768787,1.18
227,18,val,43.571381,1.19
227,19,val,33.644321,1.20
227,20,val,18.803631,1.21
227,21,val,37.444149,1.22
227,22,val,41.825859,1.23
227,23,val,42.180515,1.24
227,24,val,31.459814,1.25
227,25,val,48.001930,1.26
227,26,val,36.932529,1.27
227,27,val,37.307503,1.28
227,28,val,13.830352,1.29
227,29,val,51.766148,1.31
227,30,val,29.106094,1.32
227,31,val,26.955843,1.32
227,32,val,47.608227,1.33
227,33,val,32.276703,1.33
227,34,val,21.944714,1.34
228,0,train,20.630016,0.30
228,1,train,22.468843,0.40
228,2,train,25.718946,0.46
228,3,train,20.972681,0.53
228,4,train,23.528538,0.59
228,5,train,20.219376,0.65
228,6,train,20.940613,0.72
228,7,train,17.356033,0.79
228,8,train,23.701902,0.86
228,9,train,18.382059,0.92
228,10,train,24.463322,0.96
228,11,train,18.291681,1.00
228,12,train,18.623367,1.03
228,0,val,40.525124,1.20
228,1,val,31.521906,1.21
228,2,val,45.132229,1.22
228,3,val,18.945219,1.23
228,4,val,36.942657,1.24
228,5,val,40.526779,1.24
228,6,val,27.651497,1.25
228,7,val,21.610338,1.26
228,8,val,39.327290,1.26
228,9,val,48.278446,1.27
228,10,val,15.511903,1.28
228,11,val,28.881147,1.28
228,12,val,28.556335,1.29
228,13,val,25.220116,1.30
228,14,val,21.957510,1.31
228,15,val,26.620745,1.32
228,16,val,33.801506,1.32
228,17,val,37.274208,1.33
228,18,val,43.537167,1.34
228,19,val,34.209988,1.34
228,20,val,20.023840,1.35
228,21,val,39.248665,1.36
228,22,val,40.979595,1.37
228,23,val,37.190971,1.37
228,24,val,31.985668,1.38
228,25,val,49.674744,1.39
228,26,val,28.198429,1.39
228,27,val,37.354992,1.40
228,28,val,13.999190,1.41
228,29,val,51.045967,1.42
228,30,val,30.966349,1.42
228,31,val,27.889402,1.43
228,32,val,47.523842,1.44
228,33,val,37.253304,1.45
228,34,val,22.921442,1.46
229,0,train,19.459652,0.15
229,1,train,16.523430,0.19
229,2,train,22.287231,0.23
229,3,train,21.920019,0.27
229,4,train,25.407116,0.31
229,5,train,19.494221,0.35
229,6,train,20.208616,0.38
229,7,train,19.516718,0.42
229,8,train,20.583164,0.46
229,9,train,20.423328,0.49
229,10,train,20.038151,0.53
229,11,train,23.710340,0.57
229,12,train,23.205006,0.60
229,0,val,39.708984,0.75
229,1,val,32.373997,0.76
229,2,val,43.468044,0.76
229,3,val,21.510649,0.78
229,4,val,34.432144,0.78
229,5,val,40.052811,0.79
229,6,val,26.094805,0.80
229,7,val,24.843493,0.81
229,8,val,42.440731,0.81
229,9,val,48.770184,0.82
229,10,val,15.128067,0.83
229,11,val,24.233551,0.83
229,12,val,29.831673,0.84
229,13,val,26.248627,0.85
229,14,val,20.911535,0.85
229,15,val,28.203707,0.86
229,16,val,29.978588,0.87
229,17,val,37.575718,0.88
229,18,val,49.445076,0.89
229,19,val,33.618866,0.90
229,20,val,19.527943,0.91
229,21,val,38.132484,0.91
229,22,val,43.030357,0.92
229,23,val,38.554901,0.93
229,24,val,32.559406,0.93
229,25,val,46.647606,0.94
229,26,val,28.887486,0.95
229,27,val,39.419182,0.96
229,28,val,14.828789,0.96
229,29,val,51.120243,0.97
229,30,val,29.254051,0.98
229,31,val,26.712561,0.99
229,32,val,50.879318,0.99
229,33,val,29.620317,1.00
229,34,val,25.570827,1.00
230,0,train,19.794395,0.14
230,1,train,19.934025,0.19
230,2,train,22.324459,0.22
230,3,train,22.305361,0.26
230,4,train,19.995087,0.30
230,5,train,22.383335,0.33
230,6,train,21.509693,0.37
230,7,train,18.263502,0.41
230,8,train,18.254343,0.46
230,9,train,21.990841,0.56
230,10,train,21.759163,0.60
230,11,train,19.580000,0.63
230,12,train,17.740097,0.66
230,0,val,42.067501,0.80
230,1,val,31.068499,0.80
230,2,val,43.678913,0.81
230,3,val,18.897633,0.82
230,4,val,40.037815,0.83
230,5,val,39.316929,0.84
230,6,val,26.329706,0.85
230,7,val,22.416630,0.85
230,8,val,39.441837,0.86
230,9,val,49.752472,0.87
230,10,val,16.208523,0.88
230,11,val,24.262806,0.88
230,12,val,28.588787,0.89
230,13,val,24.006363,0.90
230,14,val,21.409296,0.90
230,15,val,25.684050,0.91
230,16,val,51.300552,0.92
230,17,val,34.516273,0.93
230,18,val,45.056122,0.94
230,19,val,38.369427,0.94
230,20,val,17.956833,0.95
230,21,val,37.787453,0.96
230,22,val,41.895027,0.96
230,23,val,36.893646,0.97
230,24,val,35.703861,0.98
230,25,val,47.361694,0.98
230,26,val,30.737726,0.99
230,27,val,37.663162,1.00
230,28,val,14.562222,1.01
230,29,val,53.467110,1.01
230,30,val,30.000872,1.02
230,31,val,28.757732,1.03
230,32,val,48.227024,1.03
230,33,val,30.309122,1.04
230,34,val,28.181036,1.04
231,0,train,18.735962,0.15
231,1,train,23.787527,0.19
231,2,train,19.058857,0.23
231,3,train,19.770706,0.26
231,4,train,22.211649,0.30
231,5,train,20.874096,0.34
231,6,train,23.849274,0.37
231,7,train,19.663843,0.42
231,8,train,18.094944,0.45
231,9,train,20.562675,0.48
231,10,train,17.790041,0.52
231,11,train,21.953981,0.56
231,12,train,23.751637,0.59
231,0,val,40.596718,0.73
231,1,val,32.473370,0.73
231,2,val,42.391983,0.74
231,3,val,19.555372,0.75
231,4,val,35.297218,0.76
231,5,val,52.086010,0.77
231,6,val,25.437647,0.78
231,7,val,28.126364,0.79
231,8,val,38.828522,0.79
231,9,val,54.161423,0.80
231,10,val,16.190159,0.81
231,11,val,25.284496,0.81
231,12,val,33.128170,0.82
231,13,val,25.963146,0.83
231,14,val,21.866369,0.83
231,15,val,26.292439,0.84
231,16,val,29.964380,0.85
231,17,val,34.202053,0.86
231,18,val,44.370750,0.87
231,19,val,34.380688,0.88
231,20,val,19.312170,0.88
231,21,val,38.607552,0.89
231,22,val,41.303699,0.90
231,23,val,38.088623,0.91
231,24,val,32.688019,0.91
231,25,val,46.686329,0.92
231,26,val,33.734543,0.93
231,27,val,39.416801,0.93
231,28,val,17.744501,0.94
231,29,val,59.308498,0.95
231,30,val,29.607002,0.95
231,31,val,26.094738,0.96
231,32,val,47.763752,0.97
231,33,val,28.509733,0.98
231,34,val,28.151703,0.98
232,0,train,19.787436,0.13
232,1,train,21.325153,0.18
232,2,train,24.455967,0.21
232,3,train,17.186705,0.25
232,4,train,22.609718,0.29
232,5,train,20.721859,0.32
232,6,train,17.222900,0.36
232,7,train,20.929226,0.41
232,8,train,21.718922,0.44
232,9,train,23.428524,0.48
232,10,train,21.353832,0.51
232,11,train,21.579926,0.55
232,12,train,16.512669,0.58
232,0,val,44.823242,0.72
232,1,val,33.484051,0.72
232,2,val,44.460087,0.73
232,3,val,19.659595,0.74
232,4,val,35.298641,0.75
232,5,val,39.702507,0.76
232,6,val,25.985260,0.77
232,7,val,21.044363,0.77
232,8,val,37.990261,0.78
232,9,val,47.524864,0.79
232,10,val,13.814024,0.79
232,11,val,31.266895,0.80
232,12,val,28.880678,0.81
232,13,val,23.538776,0.82
232,14,val,22.118858,0.82
232,15,val,25.947514,0.83
232,16,val,33.367138,0.84
232,17,val,33.491959,0.85
232,18,val,43.657448,0.86
232,19,val,33.212029,0.86
232,20,val,18.203373,0.87
232,21,val,38.525784,0.88
232,22,val,41.107986,0.88
232,23,val,37.429802,0.89
232,24,val,33.701164,0.90
232,25,val,49.770309,0.91
232,26,val,27.206900,0.91
232,27,val,37.589016,0.92
232,28,val,16.935377,0.93
232,29,val,59.206203,0.93
232,30,val,28.862000,0.94
232,31,val,26.158325,0.95
232,32,val,47.299156,0.95
232,33,val,29.328606,0.96
232,34,val,22.483301,0.96
233,0,train,20.959978,0.18
233,1,train,13.451765,0.22
233,2,train,22.128567,0.26
233,3,train,20.321335,0.29
233,4,train,19.356728,0.34
233,5,train,24.410614,0.37
233,6,train,19.935169,0.41
233,7,train,20.884068,0.45
233,8,train,19.636692,0.49
233,9,train,25.340355,0.52
233,10,train,24.721794,0.56
233,11,train,18.027506,0.60
233,12,train,22.266945,0.63
233,0,val,41.881466,0.77
233,1,val,31.520365,0.78
233,2,val,42.247696,0.79
233,3,val,21.136333,0.80
233,4,val,37.812103,0.81
233,5,val,44.882145,0.81
233,6,val,28.110703,0.82
233,7,val,20.650957,0.83
233,8,val,40.217995,0.84
233,9,val,49.192089,0.84
233,10,val,14.252303,0.85
233,11,val,26.061916,0.86
233,12,val,28.982176,0.86
233,13,val,22.798656,0.87
233,14,val,25.543213,0.88
233,15,val,25.306519,0.89
233,16,val,30.664906,0.90
233,17,val,33.262066,0.90
233,18,val,43.349472,0.91
233,19,val,35.464878,0.92
233,20,val,18.708467,0.93
233,21,val,38.676643,0.93
233,22,val,41.474495,0.94
233,23,val,39.753250,0.95
233,24,val,34.126102,0.95
233,25,val,47.748524,0.96
233,26,val,27.691038,0.97
233,27,val,38.830753,0.98
233,28,val,18.239912,0.99
233,29,val,51.467590,1.00
233,30,val,28.559473,1.01
233,31,val,27.371483,1.01
233,32,val,48.318707,1.02
233,33,val,27.827719,1.02
233,34,val,22.230894,1.03
234,0,train,22.300570,0.17
234,1,train,23.978832,0.21
234,2,train,19.829340,0.24
234,3,train,22.837582,0.28
234,4,train,25.320471,0.32
234,5,train,20.444324,0.35
234,6,train,20.566023,0.39
234,7,train,19.704243,0.43
234,8,train,21.719547,0.47
234,9,train,20.868357,0.50
234,10,train,24.749535,0.54
234,11,train,21.236895,0.57
234,12,train,16.909084,0.61
234,0,val,44.510574,0.75
234,1,val,31.248196,0.76
234,2,val,44.553474,0.77
234,3,val,21.385786,0.79
234,4,val,36.490353,0.79
234,5,val,41.025856,0.80
234,6,val,30.020008,0.81
234,7,val,24.810419,0.81
234,8,val,38.914158,0.82
234,9,val,55.112938,0.83
234,10,val,14.116817,0.84
234,11,val,23.871201,0.84
234,12,val,27.709852,0.85
234,13,val,25.479599,0.86
234,14,val,21.156466,0.86
234,15,val,26.925562,0.87
234,16,val,32.525658,0.88
234,17,val,32.060471,0.89
234,18,val,45.513042,0.90
234,19,val,33.577785,0.90
234,20,val,18.643347,0.91
234,21,val,37.372192,0.92
234,22,val,44.391899,0.92
234,23,val,37.444626,0.93
234,24,val,32.254219,0.94
234,25,val,46.165112,0.94
234,26,val,27.304430,0.95
234,27,val,37.348137,0.96
234,28,val,13.811485,0.96
234,29,val,50.771774,0.97
234,30,val,31.074562,0.98
234,31,val,27.588816,0.99
234,32,val,49.100510,0.99
234,33,val,30.862171,0.99
234,34,val,23.476303,1.00
235,0,train,19.755907,0.17
235,1,train,21.039398,0.21
235,2,train,19.342339,0.25
235,3,train,18.777546,0.28
235,4,train,17.085651,0.32
235,5,train,17.119389,0.36
235,6,train,17.191006,0.39
235,7,train,22.195549,0.43
235,8,train,18.847200,0.47
235,9,train,22.291451,0.50
235,10,train,19.998306,0.54
235,11,train,17.802029,0.57
235,12,train,21.753178,0.61
235,0,val,39.193245,0.75
235,1,val,39.841831,0.76
235,2,val,42.362793,0.77
235,3,val,22.347570,0.78
235,4,val,34.838047,0.79
235,5,val,40.014591,0.80
235,6,val,26.469942,0.80
235,7,val,20.771606,0.81
235,8,val,37.558929,0.82
235,9,val,45.961269,0.84
235,10,val,14.130534,0.85
235,11,val,28.989460,0.87
235,12,val,28.204376,0.89
235,13,val,25.161757,0.90
235,14,val,28.212229,0.91
235,15,val,25.556038,0.92
235,16,val,29.825735,0.93
235,17,val,34.860931,0.94
235,18,val,43.347794,0.95
235,19,val,33.492863,0.95
235,20,val,21.056646,0.96
235,21,val,36.632172,0.97
235,22,val,42.155918,0.99
235,23,val,36.367760,1.00
235,24,val,31.695957,1.01
235,25,val,47.002789,1.01
235,26,val,27.089418,1.02
235,27,val,41.595440,1.03
235,28,val,18.738031,1.04
235,29,val,54.007076,1.05
235,30,val,29.839094,1.06
235,31,val,27.144285,1.07
235,32,val,46.922268,1.07
235,33,val,28.457771,1.08
235,34,val,33.511791,1.09
236,0,train,18.612057,0.15
236,1,train,19.781483,0.19
236,2,train,18.794449,0.23
236,3,train,17.332008,0.26
236,4,train,20.963737,0.31
236,5,train,24.746735,0.34
236,6,train,21.706310,0.38
236,7,train,18.107693,0.43
236,8,train,19.922354,0.47
236,9,train,22.036476,0.51
236,10,train,24.211071,0.55
236,11,train,17.000950,0.59
236,12,train,17.028980,0.62
236,0,val,42.354488,0.77
236,1,val,30.521338,0.78
236,2,val,43.638409,0.81
236,3,val,18.564043,0.82
236,4,val,35.553940,0.84
236,5,val,39.486313,0.85
236,6,val,26.603683,0.86
236,7,val,29.626112,0.88
236,8,val,38.444141,0.89
236,9,val,47.046780,0.91
236,10,val,13.973130,0.92
236,11,val,23.443106,0.94
236,12,val,32.184025,0.95
236,13,val,25.559265,0.96
236,14,val,24.361485,0.98
236,15,val,25.875448,0.99
236,16,val,30.865204,1.00
236,17,val,34.785851,1.01
236,18,val,48.480644,1.03
236,19,val,33.910412,1.04
236,20,val,27.562639,1.05
236,21,val,39.984440,1.07
236,22,val,43.967793,1.08
236,23,val,36.675053,1.09
236,24,val,31.362329,1.10
236,25,val,51.666702,1.12
236,26,val,27.261740,1.13
236,27,val,36.059242,1.14
236,28,val,18.590195,1.15
236,29,val,50.015709,1.17
236,30,val,32.170280,1.18
236,31,val,29.402538,1.20
236,32,val,52.206814,1.21
236,33,val,32.084850,1.25
236,34,val,21.184643,1.25
237,0,train,21.517838,0.16
237,1,train,22.599737,0.24
237,2,train,20.760899,0.28
237,3,train,19.499662,0.33
237,4,train,27.930212,0.37
237,5,train,21.070980,0.41
237,6,train,23.357985,0.46
237,7,train,17.383801,0.51
237,8,train,21.516672,0.55
237,9,train,20.594492,0.59
237,10,train,21.461689,0.62
237,11,train,20.635624,0.66
237,12,train,21.206617,0.70
237,0,val,39.286686,0.92
237,1,val,33.129059,0.94
237,2,val,45.513859,0.95
237,3,val,18.985388,0.96
237,4,val,38.477577,0.97
237,5,val,38.505257,0.98
237,6,val,26.174433,0.99
237,7,val,20.643393,1.00
237,8,val,38.431896,1.01
237,9,val,47.849045,1.02
237,10,val,18.186390,1.03
237,11,val,31.814220,1.04
237,12,val,27.666840,1.06
237,13,val,22.412251,1.06
237,14,val,25.004456,1.07
237,15,val,25.096161,1.08
237,16,val,36.110966,1.09
237,17,val,33.835663,1.10
237,18,val,44.536049,1.11
237,19,val,32.594540,1.12
237,20,val,18.040443,1.13
237,21,val,39.852039,1.14
237,22,val,44.332623,1.16
237,23,val,37.714733,1.17
237,24,val,34.975086,1.18
237,25,val,47.421944,1.19
237,26,val,26.596941,1.20
237,27,val,38.776642,1.21
237,28,val,15.844214,1.22
237,29,val,50.234818,1.23
237,30,val,28.948875,1.24
237,31,val,25.932180,1.25
237,32,val,47.526104,1.25
237,33,val,29.803051,1.26
237,34,val,23.216612,1.26
238,0,train,18.055023,0.16
238,1,train,16.965874,0.24
238,2,train,19.910931,0.28
238,3,train,27.218884,0.33
238,4,train,25.644106,0.37
238,5,train,27.340492,0.41
238,6,train,20.800098,0.46
238,7,train,21.239109,0.50
238,8,train,22.049864,0.54
238,9,train,20.632454,0.59
238,10,train,20.501106,0.63
238,11,train,19.971344,0.66
238,12,train,20.210453,0.71
238,0,val,41.553146,0.99
238,1,val,31.876116,1.02
238,2,val,42.138069,1.04
238,3,val,19.501616,1.06
238,4,val,34.851059,1.08
238,5,val,38.128323,1.09
238,6,val,26.396406,1.12
238,7,val,27.844645,1.14
238,8,val,38.712456,1.15
238,9,val,47.587955,1.16
238,10,val,14.131524,1.17
238,11,val,26.214701,1.18
238,12,val,28.383562,1.19
238,13,val,23.928999,1.20
238,14,val,22.297745,1.22
238,15,val,25.590261,1.24
238,16,val,29.767672,1.25
238,17,val,32.911655,1.27
238,18,val,43.761845,1.29
238,19,val,36.218334,1.30
238,20,val,18.723078,1.32
238,21,val,38.485229,1.34
238,22,val,45.014702,1.36
238,23,val,37.033611,1.37
238,24,val,38.378857,1.39
238,25,val,47.097023,1.41
238,26,val,28.893766,1.43
238,27,val,36.838795,1.44
238,28,val,18.943834,1.46
238,29,val,51.071625,1.47
238,30,val,27.792770,1.49
238,31,val,40.572712,1.50
238,32,val,46.700802,1.51
238,33,val,28.638098,1.52
238,34,val,21.205927,1.54
239,0,train,18.515379,0.15
239,1,train,29.184277,0.20
239,2,train,22.247753,0.25
239,3,train,21.362759,0.29
239,4,train,27.711845,0.33
239,5,train,19.592381,0.37
239,6,train,19.409290,0.41
239,7,train,20.666664,0.45
239,8,train,27.363186,0.49
239,9,train,18.951397,0.52
239,10,train,20.740297,0.56
239,11,train,20.869652,0.59
239,12,train,24.628082,0.63
239,0,val,39.829880,0.80
239,1,val,32.445999,0.82
239,2,val,46.512169,0.82
239,3,val,23.625683,0.83
239,4,val,34.988434,0.84
239,5,val,47.500725,0.85
239,6,val,27.051857,0.86
239,7,val,21.297052,0.87
239,8,val,37.980179,0.88
239,9,val,45.356953,0.89
239,10,val,20.501394,0.89
239,11,val,23.587053,0.90
239,12,val,27.179352,0.92
239,13,val,22.166784,0.93
239,14,val,21.757200,0.94
239,15,val,27.630674,0.95
239,16,val,30.827923,0.96
239,17,val,44.700493,0.98
239,18,val,43.973854,0.99
239,19,val,53.002972,1.00
239,20,val,19.277563,1.01
239,21,val,37.687931,1.02
239,22,val,41.513885,1.04
239,23,val,36.634045,1.05
239,24,val,31.449474,1.06
239,25,val,46.043163,1.06
239,26,val,26.726534,1.07
239,27,val,36.888443,1.08
239,28,val,14.037303,1.10
239,29,val,50.264851,1.11
239,30,val,28.491379,1.11
239,31,val,29.611984,1.13
239,32,val,52.617687,1.14
239,33,val,27.710030,1.14
239,34,val,21.152798,1.15
240,0,train,18.825304,0.16
240,1,train,25.965965,0.21
240,2,train,17.635792,0.26
240,3,train,20.732214,0.31
240,4,train,18.725531,0.35
240,5,train,20.682442,0.39
240,6,train,18.680861,0.43
240,7,train,18.592028,0.48
240,8,train,20.779232,0.52
240,9,train,21.228188,0.56
240,10,train,19.299541,0.59
240,11,train,24.530262,0.63
240,12,train,17.503853,0.67
240,0,val,50.592022,0.82
240,1,val,30.989464,0.83
240,2,val,42.577644,0.84
240,3,val,20.217228,0.86
240,4,val,34.367653,0.87
240,5,val,39.310173,0.88
240,6,val,28.180294,0.88
240,7,val,20.860697,0.89
240,8,val,36.952972,0.90
240,9,val,47.273506,0.91
240,10,val,15.250716,0.92
240,11,val,24.064871,0.93
240,12,val,28.649502,0.94
240,13,val,24.826910,0.95
240,14,val,21.908188,0.96
240,15,val,25.021084,0.97
240,16,val,29.415373,0.98
240,17,val,39.200485,0.99
240,18,val,44.145142,0.99
240,19,val,33.014324,1.00
240,20,val,19.057594,1.01
240,21,val,37.315350,1.02
240,22,val,41.511322,1.03
240,23,val,37.250271,1.03
240,24,val,32.584614,1.04
240,25,val,45.904549,1.05
240,26,val,26.502193,1.06
240,27,val,38.558754,1.07
240,28,val,19.548031,1.07
240,29,val,49.186047,1.08
240,30,val,29.599653,1.09
240,31,val,26.612274,1.09
240,32,val,47.264729,1.10
240,33,val,28.382143,1.10
240,34,val,23.519142,1.10
241,0,train,20.569988,0.15
241,1,train,17.101974,0.20
241,2,train,21.888723,0.23
241,3,train,24.759506,0.27
241,4,train,18.733418,0.31
241,5,train,17.057478,0.35
241,6,train,18.603609,0.39
241,7,train,20.398403,0.44
241,8,train,19.218170,0.48
241,9,train,19.171297,0.51
241,10,train,21.003220,0.55
241,11,train,20.786495,0.58
241,12,train,24.799046,0.62
241,0,val,42.769600,0.76
241,1,val,31.249178,0.77
241,2,val,52.520500,0.77
241,3,val,23.104847,0.79
241,4,val,33.851852,0.80
241,5,val,38.748055,0.81
241,6,val,31.880999,0.82
241,7,val,20.572557,0.83
241,8,val,37.743748,0.83
241,9,val,52.840736,0.84
241,10,val,14.084438,0.85
241,11,val,30.183489,0.85
241,12,val,29.452372,0.86
241,13,val,21.917532,0.87
241,14,val,23.749697,0.87
241,15,val,25.130085,0.89
241,16,val,31.457920,0.90
241,17,val,32.108051,0.90
241,18,val,47.111580,0.91
241,19,val,33.722881,0.92
241,20,val,18.875044,0.93
241,21,val,36.474094,0.93
241,22,val,41.111618,0.94
241,23,val,43.887920,0.95
241,24,val,32.089550,0.95
241,25,val,48.391384,0.96
241,26,val,28.035341,0.97
241,27,val,36.463352,0.98
241,28,val,17.309643,0.99
241,29,val,50.365494,0.99
241,30,val,28.600431,1.00
241,31,val,25.629539,1.00
241,32,val,49.897663,1.01
241,33,val,30.629477,1.01
241,34,val,23.148031,1.02
242,0,train,18.968035,0.14
242,1,train,17.879927,0.18
242,2,train,18.583452,0.22
242,3,train,17.136765,0.25
242,4,train,15.759304,0.29
242,5,train,21.624413,0.33
242,6,train,17.122908,0.36
242,7,train,21.612968,0.42
242,8,train,20.953491,0.45
242,9,train,28.570335,0.48
242,10,train,22.376974,0.52
242,11,train,20.456839,0.55
242,12,train,17.298882,0.59
242,0,val,38.545586,0.72
242,1,val,30.550337,0.73
242,2,val,42.457630,0.74
242,3,val,19.730268,0.74
242,4,val,34.084152,0.76
242,5,val,40.245998,0.77
242,6,val,26.375513,0.77
242,7,val,21.245661,0.79
242,8,val,38.595863,0.80
242,9,val,46.643345,0.81
242,10,val,14.471968,0.81
242,11,val,23.624695,0.82
242,12,val,28.029882,0.83
242,13,val,31.732599,0.84
242,14,val,21.483809,0.84
242,15,val,25.628191,0.85
242,16,val,29.944342,0.87
242,17,val,32.810036,0.87
242,18,val,44.288673,0.88
242,19,val,32.947079,0.89
242,20,val,27.710705,0.90
242,21,val,39.764561,0.90
242,22,val,40.643555,0.91
242,23,val,37.330463,0.92
242,24,val,31.689947,0.92
242,25,val,46.645424,0.93
242,26,val,27.226841,0.94
242,27,val,36.258133,0.94
242,28,val,13.515919,0.95
242,29,val,49.500721,0.96
242,30,val,28.495224,0.97
242,31,val,25.798540,0.97
242,32,val,49.364216,0.98
242,33,val,28.379108,0.98
242,34,val,22.895519,0.99
243,0,train,21.769615,0.19
243,1,train,18.848049,0.23
243,2,train,17.974380,0.26
243,3,train,17.733442,0.30
243,4,train,17.096392,0.34
243,5,train,23.383835,0.37
243,6,train,17.695042,0.41
243,7,train,18.614723,0.45
243,8,train,21.366323,0.48
243,9,train,20.780304,0.52
243,10,train,19.841274,0.56
243,11,train,15.893389,0.59
243,12,train,14.352946,0.62
243,0,val,39.763378,0.76
243,1,val,39.096138,0.77
243,2,val,43.035683,0.78
243,3,val,24.699669,0.79
243,4,val,35.737106,0.80
243,5,val,38.476601,0.81
243,6,val,30.010427,0.82
243,7,val,24.268896,0.82
243,8,val,36.932545,0.83
243,9,val,54.440361,0.84
243,10,val,13.733952,0.84
243,11,val,23.795830,0.85
243,12,val,28.467735,0.86
243,13,val,21.744051,0.87
243,14,val,21.847578,0.87
243,15,val,24.932201,0.88
243,16,val,29.755640,0.89
243,17,val,31.656418,0.90
243,18,val,52.356445,0.91
243,19,val,32.595024,0.92
243,20,val,22.623482,0.92
243,21,val,43.056107,0.93
243,22,val,42.274464,0.94
243,23,val,35.556152,0.94
243,24,val,86.930229,0.95
243,25,val,45.427628,0.96
243,26,val,33.955601,0.96
243,27,val,37.794769,0.97
243,28,val,14.578901,0.98
243,29,val,50.525257,0.98
243,30,val,29.086628,0.99
243,31,val,26.438313,1.00
243,32,val,47.306877,1.00
243,33,val,29.264927,1.01
243,34,val,23.639252,1.01
244,0,train,22.683201,0.16
244,1,train,23.589256,0.20
244,2,train,16.158451,0.24
244,3,train,22.686214,0.27
244,4,train,23.387215,0.31
244,5,train,17.738743,0.35
244,6,train,20.600582,0.38
244,7,train,19.936077,0.42
244,8,train,14.410065,0.46
244,9,train,19.627949,0.49
244,10,train,22.438877,0.53
244,11,train,19.397190,0.56
244,12,train,20.004948,0.60
244,0,val,46.913307,0.74
244,1,val,30.949785,0.75
244,2,val,44.994789,0.75
244,3,val,20.114483,0.77
244,4,val,35.931454,0.78
244,5,val,38.935066,0.78
244,6,val,26.598242,0.79
244,7,val,21.403063,0.80
244,8,val,36.275169,0.80
244,9,val,46.717754,0.81
244,10,val,14.011070,0.82
244,11,val,24.176409,0.82
244,12,val,41.670254,0.83
244,13,val,21.933104,0.84
244,14,val,22.530830,0.85
244,15,val,26.307785,0.85
244,16,val,30.689056,0.86
244,17,val,39.857166,0.88
244,18,val,42.268345,0.88
244,19,val,34.220421,0.89
244,20,val,22.365862,0.90
244,21,val,38.972347,0.91
244,22,val,41.108425,0.91
244,23,val,40.706211,0.92
244,24,val,31.808424,0.93
244,25,val,46.415310,0.93
244,26,val,29.203566,0.94
244,27,val,36.441418,0.95
244,28,val,15.554506,0.95
244,29,val,49.032597,0.96
244,30,val,29.973129,0.97
244,31,val,26.039049,0.98
244,32,val,47.659687,0.98
244,33,val,28.186029,0.98
244,34,val,22.112997,0.99
245,0,train,21.458458,0.16
245,1,train,23.577480,0.21
245,2,train,21.621906,0.24
245,3,train,18.079315,0.28
245,4,train,16.826904,0.32
245,5,train,23.167568,0.35
245,6,train,19.751995,0.39
245,7,train,21.216461,0.43
245,8,train,20.650654,0.46
245,9,train,22.391077,0.50
245,10,train,20.810913,0.53
245,11,train,24.034849,0.57
245,12,train,18.295076,0.60
245,0,val,40.044743,0.81
245,1,val,33.804565,0.83
245,2,val,41.615410,0.84
245,3,val,20.600901,0.85
245,4,val,36.811821,0.86
245,5,val,40.559849,0.87
245,6,val,25.486679,0.88
245,7,val,22.031591,0.89
245,8,val,36.535370,0.90
245,9,val,52.317257,0.91
245,10,val,15.162087,0.92
245,11,val,22.965170,0.93
245,12,val,27.511553,0.94
245,13,val,22.429615,0.95
245,14,val,22.583773,0.96
245,15,val,26.034525,0.97
245,16,val,31.006077,0.98
245,17,val,31.616877,0.99
245,18,val,42.465488,1.00
245,19,val,37.877918,1.01
245,20,val,25.697620,1.03
245,21,val,37.073307,1.04
245,22,val,40.667171,1.05
245,23,val,37.256298,1.06
245,24,val,31.537746,1.07
245,25,val,46.903839,1.08
245,26,val,26.379850,1.09
245,27,val,45.979958,1.10
245,28,val,14.706431,1.11
245,29,val,55.897892,1.12
245,30,val,27.799795,1.13
245,31,val,26.136389,1.14
245,32,val,46.714005,1.15
245,33,val,27.860317,1.16
245,34,val,20.489407,1.16
246,0,train,18.355305,0.26
246,1,train,19.853344,0.41
246,2,train,18.210758,0.51
246,3,train,19.105923,0.57
246,4,train,24.093134,0.63
246,5,train,20.562468,0.68
246,6,train,16.684589,0.75
246,7,train,21.332521,0.79
246,8,train,16.960068,0.86
246,9,train,18.876942,0.90
246,10,train,20.016418,0.95
246,11,train,18.042585,0.99
246,12,train,21.299530,1.03
246,0,val,38.303036,1.40
246,1,val,44.506683,1.42
246,2,val,45.146229,1.43
246,3,val,21.839710,1.44
246,4,val,33.982552,1.45
246,5,val,41.148754,1.46
246,6,val,25.618227,1.47
246,7,val,21.942152,1.48
246,8,val,37.340752,1.49
246,9,val,46.203209,1.51
246,10,val,13.602425,1.52
246,11,val,25.228760,1.53
246,12,val,28.220860,1.55
246,13,val,25.197460,1.56
246,14,val,24.558809,1.57
246,15,val,24.795176,1.58
246,16,val,33.901817,1.59
246,17,val,34.396709,1.59
246,18,val,42.500431,1.60
246,19,val,34.058224,1.61
246,20,val,18.341492,1.63
246,21,val,37.914753,1.64
246,22,val,40.070866,1.65
246,23,val,35.908897,1.66
246,24,val,30.982296,1.67
246,25,val,44.964806,1.68
246,26,val,27.157095,1.68
246,27,val,36.821091,1.69
246,28,val,15.316141,1.70
246,29,val,49.504082,1.71
246,30,val,28.449081,1.72
246,31,val,31.450443,1.73
246,32,val,46.809322,1.73
246,33,val,27.239754,1.74
246,34,val,34.991207,1.75
247,0,train,18.904251,0.21
247,1,train,15.709192,0.26
247,2,train,20.613239,0.31
247,3,train,24.604134,0.36
247,4,train,21.335613,0.41
247,5,train,21.972191,0.45
247,6,train,21.741920,0.50
247,7,train,19.920668,0.55
247,8,train,23.945961,0.59
247,9,train,20.278776,0.63
247,10,train,20.067894,0.67
247,11,train,25.641689,0.70
247,12,train,28.335855,0.74
247,0,val,39.912754,0.96
247,1,val,32.129028,0.99
247,2,val,46.274990,0.99
247,3,val,19.206144,1.00
247,4,val,32.709785,1.01
247,5,val,38.956066,1.02
247,6,val,29.227468,1.03
247,7,val,24.093765,1.04
247,8,val,38.845047,1.05
247,9,val,46.527744,1.06
247,10,val,18.964380,1.07
247,11,val,24.263060,1.09
247,12,val,28.252108,1.11
247,13,val,22.163311,1.12
247,14,val,23.276861,1.13
247,15,val,24.698229,1.14
247,16,val,29.651047,1.16
247,17,val,33.899181,1.17
247,18,val,42.894581,1.19
247,19,val,33.223869,1.21
247,20,val,21.359173,1.23
247,21,val,41.642208,1.25
247,22,val,40.134548,1.26
247,23,val,36.382839,1.27
247,24,val,38.520584,1.28
247,25,val,47.875648,1.30
247,26,val,29.647505,1.33
247,27,val,36.374229,1.35
247,28,val,18.001921,1.37
247,29,val,53.886772,1.39
247,30,val,29.069107,1.41
247,31,val,27.494190,1.42
247,32,val,46.625740,1.44
247,33,val,28.084602,1.46
247,34,val,22.119921,1.47
248,0,train,20.138008,0.16
248,1,train,19.363522,0.21
248,2,train,24.411453,0.26
248,3,train,21.688068,0.32
248,4,train,14.851892,0.36
248,5,train,20.621689,0.41
248,6,train,24.480560,0.45
248,7,train,17.282738,0.49
248,8,train,21.117599,0.53
248,9,train,17.384541,0.56
248,10,train,20.501225,0.60
248,11,train,16.971878,0.63
248,12,train,20.166656,0.67
248,0,val,39.325745,0.86
248,1,val,32.086124,0.89
248,2,val,43.383537,0.90
248,3,val,22.244675,0.91
248,4,val,36.674149,0.92
248,5,val,39.125446,0.93
248,6,val,25.012238,0.94
248,7,val,25.403542,0.95
248,8,val,36.750397,0.96
248,9,val,47.436329,0.96
248,10,val,16.402361,0.99
248,11,val,23.854204,1.00
248,12,val,27.481539,1.00
248,13,val,23.508091,1.01
248,14,val,21.271687,1.02
248,15,val,24.712082,1.03
248,16,val,29.551113,1.04
248,17,val,33.479019,1.05
248,18,val,46.772282,1.06
248,19,val,35.656826,1.07
248,20,val,18.340418,1.09
248,21,val,40.969368,1.10
248,22,val,40.827538,1.11
248,23,val,77.261543,1.12
248,24,val,30.571484,1.13
248,25,val,48.570610,1.14
248,26,val,27.100712,1.15
248,27,val,35.641113,1.16
248,28,val,16.252146,1.17
248,29,val,52.988667,1.18
248,30,val,38.048019,1.20
248,31,val,26.081894,1.21
248,32,val,46.032578,1.22
248,33,val,27.433311,1.22
248,34,val,27.370319,1.23
249,0,train,22.397831,0.18
249,1,train,18.451778,0.23
249,2,train,19.347813,0.28
249,3,train,20.001625,0.33
249,4,train,20.176863,0.37
249,5,train,16.476471,0.41
249,6,train,18.866096,0.44
249,7,train,16.166780,0.48
249,8,train,16.088947,0.52
249,9,train,16.688660,0.55
249,10,train,17.496853,0.59
249,11,train,22.506720,0.63
249,12,train,22.163177,0.66
249,0,val,40.593071,0.81
249,1,val,30.876245,0.82
249,2,val,41.917843,0.82
249,3,val,19.304369,0.84
249,4,val,32.871895,0.86
249,5,val,38.478962,0.87
249,6,val,26.961901,0.89
249,7,val,21.585434,0.90
249,8,val,35.956799,0.91
249,9,val,54.250484,0.92
249,10,val,13.729634,0.93
249,11,val,23.065235,0.94
249,12,val,26.342665,0.95
249,13,val,21.131670,0.95
249,14,val,24.948248,0.97
249,15,val,29.974773,0.98
249,16,val,28.794474,0.99
249,17,val,32.558285,0.99
249,18,val,45.607540,1.00
249,19,val,33.449688,1.01
249,20,val,18.358294,1.02
249,21,val,36.696701,1.03
249,22,val,40.816006,1.04
249,23,val,37.219185,1.05
249,24,val,30.040035,1.06
249,25,val,48.084599,1.06
249,26,val,29.273556,1.07
249,27,val,36.755524,1.08
249,28,val,12.728465,1.08
249,29,val,55.078575,1.09
249,30,val,30.022261,1.10
249,31,val,25.638103,1.10
249,32,val,46.075214,1.11
249,33,val,27.153028,1.11
249,34,val,21.572199,1.12
250,0,train,18.832682,0.15
250,1,train,22.364773,0.18
250,2,train,18.799200,0.23
250,3,train,15.549721,0.26
250,4,train,17.912796,0.30
250,5,train,20.293129,0.34
250,6,train,24.433281,0.38
250,7,train,19.903578,0.42
250,8,train,16.683769,0.45
250,9,train,23.162010,0.49
250,10,train,20.564604,0.52
250,11,train,17.461906,0.56
250,12,train,17.966461,0.59
250,0,val,38.413212,0.73
250,1,val,34.766613,0.73
250,2,val,43.703262,0.74
250,3,val,23.286777,0.76
250,4,val,39.819920,0.76
250,5,val,37.523315,0.77
250,6,val,26.759243,0.78
250,7,val,21.097660,0.79
250,8,val,35.632973,0.80
250,9,val,45.121559,0.80
250,10,val,14.581754,0.81
250,11,val,50.656303,0.82
250,12,val,29.047071,0.83
250,13,val,21.821899,0.83
250,14,val,21.454527,0.84
250,15,val,23.954208,0.85
250,16,val,31.910904,0.86
250,17,val,31.359955,0.87
250,18,val,42.332378,0.88
250,19,val,33.941631,0.89
250,20,val,19.853004,0.89
250,21,val,36.824368,0.90
250,22,val,50.257153,0.91
250,23,val,36.553410,0.91
250,24,val,31.945816,0.92
250,25,val,44.957775,0.93
250,26,val,26.274487,0.93
250,27,val,38.131512,0.94
250,28,val,13.606484,0.95
250,29,val,57.733593,0.96
250,30,val,28.710171,0.97
250,31,val,26.587729,0.97
250,32,val,45.356174,0.97
250,33,val,28.169325,0.98
250,34,val,21.520243,0.98
251,0,train,23.042572,0.13
251,1,train,20.073650,0.17
251,2,train,19.897011,0.21
251,3,train,20.029785,0.24
251,4,train,26.948111,0.28
251,5,train,21.045519,0.32
251,6,train,19.691132,0.36
251,7,train,18.066273,0.39
251,8,train,17.934351,0.43
251,9,train,16.766800,0.46
251,10,train,19.668430,0.50
251,11,train,19.857244,0.54
251,12,train,21.738358,0.57
251,0,val,43.528328,0.71
251,1,val,32.589321,0.71
251,2,val,93.726852,0.72
251,3,val,18.271473,0.74
251,4,val,33.415974,0.74
251,5,val,38.391243,0.75
251,6,val,30.053585,0.76
251,7,val,20.640165,0.76
251,8,val,37.920547,0.77
251,9,val,45.430710,0.78
251,10,val,13.960448,0.78
251,11,val,23.952530,0.79
251,12,val,27.515675,0.80
251,13,val,21.601952,0.80
251,14,val,21.347858,0.81
251,15,val,24.974669,0.82
251,16,val,29.285982,0.82
251,17,val,32.021931,0.84
251,18,val,44.994507,0.85
251,19,val,32.425556,0.86
251,20,val,21.023272,0.86
251,21,val,38.695225,0.87
251,22,val,40.592728,0.88
251,23,val,36.730743,0.89
251,24,val,31.375023,0.89
251,25,val,44.936085,0.90
251,26,val,28.076813,0.90
251,27,val,37.516186,0.91
251,28,val,15.281221,0.92
251,29,val,54.202728,0.93
251,30,val,28.257977,0.94
251,31,val,26.474096,0.94
251,32,val,49.803753,0.95
251,33,val,28.960115,0.95
251,34,val,21.023394,0.96
252,0,train,25.418888,0.14
252,1,train,18.192421,0.18
252,2,train,20.720516,0.22
252,3,train,21.679585,0.25
252,4,train,21.570274,0.30
252,5,train,18.132298,0.33
252,6,train,20.855495,0.37
252,7,train,20.378666,0.41
252,8,train,16.368948,0.44
252,9,train,18.657661,0.48
252,10,train,20.109692,0.51
252,11,train,22.392067,0.55
252,12,train,20.860428,0.58
252,0,val,40.356190,0.72
252,1,val,39.011745,0.73
252,2,val,41.864643,0.73
252,3,val,17.579668,0.74
252,4,val,34.517647,0.76
252,5,val,37.206196,0.77
252,6,val,25.261112,0.78
252,7,val,21.892742,0.78
252,8,val,36.710438,0.79
252,9,val,45.061897,0.80
252,10,val,13.552902,0.80
252,11,val,25.234642,0.81
252,12,val,28.097429,0.82
252,13,val,21.982307,0.82
252,14,val,21.175869,0.83
252,15,val,24.706343,0.84
252,16,val,28.326124,0.85
252,17,val,32.302643,0.86
252,18,val,43.889736,0.87
252,19,val,35.100872,0.88
252,20,val,17.823673,0.88
252,21,val,37.558716,0.89
252,22,val,41.056278,0.90
252,23,val,35.288139,0.90
252,24,val,33.814507,0.91
252,25,val,47.640236,0.92
252,26,val,26.616753,0.92
252,27,val,36.116405,0.93
252,28,val,13.826018,0.94
252,29,val,50.392609,0.94
252,30,val,28.280088,0.95
252,31,val,29.287390,0.96
252,32,val,46.961834,0.97
252,33,val,29.511581,0.97
252,34,val,22.142076,0.98
253,0,train,17.608704,0.20
253,1,train,18.809673,0.24
253,2,train,15.668484,0.28
253,3,train,23.232616,0.32
253,4,train,16.813190,0.36
253,5,train,19.145920,0.39
253,6,train,20.572033,0.43
253,7,train,16.450958,0.47
253,8,train,15.271642,0.51
253,9,train,19.158829,0.54
253,10,train,18.216188,0.58
253,11,train,19.447515,0.62
253,12,train,17.822781,0.65
253,0,val,38.132992,0.80
253,1,val,31.601549,0.80
253,2,val,42.072849,0.81
253,3,val,18.743958,0.83
253,4,val,33.357971,0.83
253,5,val,38.202557,0.84
253,6,val,26.984900,0.85
253,7,val,22.442999,0.86
253,8,val,35.592545,0.86
253,9,val,44.768143,0.87
253,10,val,19.041656,0.88
253,11,val,32.725658,0.89
253,12,val,26.963987,0.89
253,13,val,25.865976,0.90
253,14,val,21.206739,0.91
253,15,val,25.201235,0.92
253,16,val,28.817589,0.93
253,17,val,31.304018,0.94
253,18,val,42.037743,0.95
253,19,val,31.467957,0.95
253,20,val,17.616337,0.96
253,21,val,36.314709,0.97
253,22,val,42.751793,0.97
253,23,val,35.866043,0.98
253,24,val,31.193834,0.99
253,25,val,55.235775,1.00
253,26,val,31.063616,1.00
253,27,val,35.861839,1.01
253,28,val,13.199837,1.02
253,29,val,48.562061,1.03
253,30,val,27.439507,1.04
253,31,val,25.482256,1.04
253,32,val,45.903320,1.05
253,33,val,28.124067,1.05
253,34,val,22.581171,1.06
254,0,train,19.204998,0.16
254,1,train,17.889881,0.21
254,2,train,22.638056,0.24
254,3,train,18.813944,0.28
254,4,train,18.308809,0.34
254,5,train,18.233601,0.38
254,6,train,18.014894,0.42
254,7,train,18.966122,0.49
254,8,train,23.389986,0.53
254,9,train,22.264603,0.57
254,10,train,19.773647,0.60
254,11,train,19.034578,0.64
254,12,train,22.368233,0.69
254,0,val,38.449574,0.90
254,1,val,36.513786,0.93
254,2,val,40.848515,0.94
254,3,val,18.429018,0.94
254,4,val,32.433407,0.95
254,5,val,38.258076,0.96
254,6,val,41.204079,0.97
254,7,val,20.126781,0.98
254,8,val,37.775372,0.99
254,9,val,47.838837,1.00
254,10,val,19.567598,1.01
254,11,val,22.318302,1.02
254,12,val,26.884087,1.04
254,13,val,22.430119,1.05
254,14,val,23.267162,1.06
254,15,val,24.474447,1.07
254,16,val,29.687550,1.08
254,17,val,31.998682,1.08
254,18,val,43.601238,1.09
254,19,val,37.133572,1.11
254,20,val,18.308058,1.12
254,21,val,42.620483,1.13
254,22,val,40.008476,1.15
254,23,val,35.537762,1.16
254,24,val,31.355839,1.17
254,25,val,43.914257,1.18
254,26,val,25.899120,1.19
254,27,val,36.213989,1.21
254,28,val,13.354651,1.22
254,29,val,48.314354,1.24
254,30,val,27.773726,1.25
254,31,val,26.188774,1.26
254,32,val,45.791851,1.27
254,33,val,29.057217,1.28
254,34,val,29.705318,1.29
255,0,train,18.876808,0.24
255,1,train,22.045761,0.29
255,2,train,17.952936,0.34
255,3,train,19.570698,0.41
255,4,train,22.875452,0.47
255,5,train,18.557220,0.56
255,6,train,20.120359,0.63
255,7,train,19.646646,0.74
255,8,train,21.226540,0.79
255,9,train,16.115841,0.86
255,10,train,16.029919,0.91
255,11,train,19.446198,0.96
255,12,train,18.452030,0.99
255,0,val,38.660545,1.27
255,1,val,30.530304,1.29
255,2,val,41.309219,1.31
255,3,val,20.427589,1.32
255,4,val,31.887098,1.33
255,5,val,37.990421,1.34
255,6,val,25.368891,1.35
255,7,val,21.811428,1.36
255,8,val,36.641598,1.37
255,9,val,44.030907,1.38
255,10,val,16.155485,1.39
255,11,val,32.682495,1.40
255,12,val,26.472198,1.41
255,13,val,21.517626,1.42
255,14,val,21.000158,1.43
255,15,val,25.944588,1.45
255,16,val,29.602674,1.45
255,17,val,32.239693,1.46
255,18,val,42.447010,1.47
255,19,val,31.471222,1.48
255,20,val,18.351488,1.50
255,21,val,36.107777,1.51
255,22,val,40.176540,1.52
255,23,val,36.704315,1.53
255,24,val,32.727966,1.54
255,25,val,46.452511,1.55
255,26,val,32.338776,1.57
255,27,val,36.757595,1.58
255,28,val,13.565014,1.59
255,29,val,47.567772,1.60
255,30,val,30.284281,1.61
255,31,val,25.484531,1.62
255,32,val,47.001190,1.63
255,33,val,26.361248,1.63
255,34,val,24.457390,1.64
256,0,train,19.401461,0.27
256,1,train,21.237381,0.33
256,2,train,22.395779,0.38
256,3,train,16.180050,0.43
256,4,train,20.649054,0.47
256,5,train,20.890076,0.51
256,6,train,25.505394,0.56
256,7,train,21.644478,0.60
256,8,train,18.142937,0.64
256,9,train,18.907211,0.68
256,10,train,18.328569,0.71
256,11,train,20.278015,0.75
256,12,train,19.781437,0.79
256,0,val,38.707802,1.02
256,1,val,31.904322,1.04
256,2,val,41.445713,1.06
256,3,val,20.135517,1.07
256,4,val,33.786613,1.08
256,5,val,38.651344,1.09
256,6,val,27.335222,1.10
256,7,val,21.856327,1.11
256,8,val,43.260227,1.12
256,9,val,50.149357,1.13
256,10,val,17.010246,1.15
256,11,val,22.814959,1.17
256,12,val,26.461702,1.18
256,13,val,21.757030,1.19
256,14,val,23.293877,1.20
256,15,val,25.801567,1.21
256,16,val,28.572725,1.22
256,17,val,39.691109,1.24
256,18,val,41.826206,1.25
256,19,val,31.355387,1.27
256,20,val,18.090309,1.27
256,21,val,39.318859,1.28
256,22,val,50.294014,1.29
256,23,val,43.139252,1.30
256,24,val,32.776440,1.31
256,25,val,46.368904,1.32
256,26,val,27.700493,1.34
256,27,val,36.232594,1.35
256,28,val,14.030224,1.36
256,29,val,54.785549,1.37
256,30,val,28.790245,1.38
256,31,val,27.976233,1.39
256,32,val,45.857357,1.39
256,33,val,28.542465,1.40
256,34,val,22.288002,1.41
257,0,train,15.792843,0.23
257,1,train,21.003309,0.28
257,2,train,23.481289,0.32
257,3,train,20.345753,0.36
257,4,train,17.385788,0.41
257,5,train,15.636782,0.45
257,6,train,20.230490,0.50
257,7,train,18.602682,0.55
257,8,train,15.153042,0.61
257,9,train,18.534639,0.65
257,10,train,17.496826,0.69
257,11,train,17.026382,0.73
257,12,train,13.723133,0.76
257,0,val,40.610466,0.96
257,1,val,29.762428,0.98
257,2,val,40.412704,0.99
257,3,val,18.442684,1.00
257,4,val,31.861193,1.01
257,5,val,40.400665,1.02
257,6,val,26.084909,1.03
257,7,val,20.649841,1.04
257,8,val,37.318981,1.05
257,9,val,49.274719,1.06
257,10,val,17.122997,1.08
257,11,val,22.877131,1.09
257,12,val,25.725189,1.10
257,13,val,26.035051,1.11
257,14,val,22.513271,1.12
257,15,val,24.904182,1.13
257,16,val,33.302349,1.15
257,17,val,37.061584,1.16
257,18,val,44.962158,1.17
257,19,val,32.041523,1.19
257,20,val,24.804453,1.20
257,21,val,36.410133,1.22
257,22,val,39.225895,1.23
257,23,val,37.352535,1.23
257,24,val,30.070560,1.24
257,25,val,44.869495,1.25
257,26,val,25.377207,1.26
257,27,val,36.331432,1.27
257,28,val,15.337687,1.28
257,29,val,47.465557,1.29
257,30,val,28.618261,1.29
257,31,val,25.638721,1.30
257,32,val,46.396069,1.30
257,33,val,27.178175,1.31
257,34,val,25.473219,1.31
258,0,train,18.820217,0.14
258,1,train,22.652937,0.18
258,2,train,16.347221,0.22
258,3,train,17.520491,0.25
258,4,train,22.673565,0.31
258,5,train,17.696123,0.34
258,6,train,22.097763,0.38
258,7,train,20.571762,0.42
258,8,train,22.484005,0.46
258,9,train,19.463562,0.49
258,10,train,19.489912,0.53
258,11,train,19.735252,0.57
258,12,train,19.800304,0.60
258,0,val,39.963646,0.74
258,1,val,31.028154,0.75
258,2,val,40.868828,0.76
258,3,val,19.224619,0.77
258,4,val,35.208099,0.78
258,5,val,39.585403,0.79
258,6,val,26.283644,0.79
258,7,val,21.685490,0.80
258,8,val,36.374966,0.81
258,9,val,45.409248,0.81
258,10,val,13.927830,0.82
258,11,val,25.133125,0.83
258,12,val,28.401554,0.84
258,13,val,22.902651,0.84
258,14,val,21.526899,0.85
258,15,val,28.855925,0.86
258,16,val,35.739143,0.87
258,17,val,38.576168,0.88
258,18,val,42.674309,0.88
258,19,val,31.568563,0.89
258,20,val,19.678476,0.90
258,21,val,37.825397,0.90
258,22,val,39.290146,0.91
258,23,val,35.568546,0.92
258,24,val,30.383919,0.93
258,25,val,45.852516,0.93
258,26,val,25.344454,0.94
258,27,val,40.633694,0.95
258,28,val,13.969021,0.95
258,29,val,48.186306,0.96
258,30,val,29.809923,0.97
258,31,val,28.516150,0.98
258,32,val,46.046246,0.98
258,33,val,26.081764,0.99
258,34,val,21.064426,0.99
259,0,train,17.407703,0.15
259,1,train,21.190784,0.19
259,2,train,22.968729,0.23
259,3,train,18.661167,0.26
259,4,train,25.170238,0.31
259,5,train,17.364786,0.35
259,6,train,14.148405,0.38
259,7,train,26.070305,0.43
259,8,train,21.124014,0.46
259,9,train,14.974813,0.50
259,10,train,20.557600,0.54
259,11,train,20.604124,0.57
259,12,train,18.894321,0.61
259,0,val,38.128925,0.76
259,1,val,42.901161,0.76
259,2,val,42.653389,0.78
259,3,val,18.010620,0.79
259,4,val,32.599174,0.80
259,5,val,38.395462,0.80
259,6,val,30.658836,0.81
259,7,val,22.893259,0.82
259,8,val,36.522678,0.82
259,9,val,43.826431,0.83
259,10,val,19.487587,0.84
259,11,val,28.966734,0.85
259,12,val,30.636059,0.86
259,13,val,23.577173,0.86
259,14,val,20.773357,0.87
259,15,val,25.473898,0.89
259,16,val,29.596867,0.89
259,17,val,31.282042,0.90
259,18,val,42.085949,0.91
259,19,val,30.910393,0.91
259,20,val,18.278915,0.92
259,21,val,37.020882,0.93
259,22,val,44.484913,0.93
259,23,val,34.715424,0.94
259,24,val,36.663086,0.95
259,25,val,46.471474,0.95
259,26,val,31.768515,0.96
259,27,val,34.946449,0.97
259,28,val,14.839964,0.97
259,29,val,58.153477,0.99
259,30,val,28.962120,0.99
259,31,val,28.662086,1.00
259,32,val,45.198013,1.00
259,33,val,32.058334,1.01
259,34,val,24.511627,1.01
260,0,train,24.968426,0.16
260,1,train,18.753544,0.21
260,2,train,19.935032,0.24
260,3,train,23.489132,0.29
260,4,train,20.292625,0.34
260,5,train,17.531555,0.37
260,6,train,22.544855,0.41
260,7,train,17.852751,0.44
260,8,train,16.495644,0.48
260,9,train,12.840674,0.52
260,10,train,19.579014,0.55
260,11,train,18.561552,0.59
260,12,train,18.357977,0.62
260,0,val,39.247765,0.78
260,1,val,30.593971,0.80
260,2,val,41.110897,0.81
260,3,val,23.107956,0.81
260,4,val,32.908886,0.82
260,5,val,37.367538,0.83
260,6,val,27.413420,0.83
260,7,val,24.467693,0.84
260,8,val,39.123894,0.85
260,9,val,43.597702,0.85
260,10,val,14.200401,0.86
260,11,val,24.067432,0.87
260,12,val,28.882566,0.87
260,13,val,22.512110,0.88
260,14,val,21.412371,0.89
260,15,val,24.636465,0.90
260,16,val,29.033587,0.91
260,17,val,31.624552,0.92
260,18,val,41.944988,0.93
260,19,val,32.658672,0.93
260,20,val,17.624084,0.94
260,21,val,35.960083,0.95
260,22,val,40.648476,0.96
260,23,val,35.286137,0.96
260,24,val,30.174049,0.97
260,25,val,58.982121,0.98
260,26,val,25.804796,0.98
260,27,val,34.621506,0.99
260,28,val,14.955654,1.01
260,29,val,52.084053,1.01
260,30,val,27.418207,1.02
260,31,val,25.690649,1.02
260,32,val,45.906914,1.03
260,33,val,27.390108,1.04
260,34,val,21.198347,1.04
261,0,train,16.272903,0.15
261,1,train,17.954851,0.19
261,2,train,18.769888,0.22
261,3,train,24.423969,0.26
261,4,train,21.784481,0.30
261,5,train,21.611898,0.34
261,6,train,16.777657,0.45
261,7,train,12.697702,0.49
261,8,train,16.868473,0.53
261,9,train,18.557411,0.56
261,10,train,20.607765,0.60
261,11,train,17.091362,0.64
261,12,train,23.189365,0.67
261,0,val,38.424259,0.82
261,1,val,30.708662,0.83
261,2,val,40.191277,0.84
261,3,val,18.666174,0.85
261,4,val,33.783897,0.86
261,5,val,39.281185,0.86
261,6,val,25.855408,0.87
261,7,val,21.468966,0.88
261,8,val,35.713150,0.88
261,9,val,43.926796,0.89
261,10,val,13.134019,0.90
261,11,val,23.919111,0.91
261,12,val,26.092995,0.91
261,13,val,21.301888,0.92
261,14,val,20.670097,0.93
261,15,val,25.934700,0.94
261,16,val,28.738195,0.95
261,17,val,37.966877,0.96
261,18,val,41.324875,0.96
261,19,val,32.073009,0.97
261,20,val,18.315731,0.98
261,21,val,38.299854,0.99
261,22,val,38.759068,1.01
261,23,val,36.094688,1.01
261,24,val,30.341164,1.02
261,25,val,43.683338,1.03
261,26,val,26.051065,1.04
261,27,val,34.306988,1.05
261,28,val,15.055759,1.06
261,29,val,47.509258,1.07
261,30,val,27.056934,1.07
261,31,val,27.893633,1.08
261,32,val,46.277691,1.09
261,33,val,34.554138,1.09
261,34,val,20.929268,1.10
262,0,train,21.982346,0.16
262,1,train,24.090778,0.21
262,2,train,22.125147,0.24
262,3,train,20.509460,0.28
262,4,train,20.590513,0.32
262,5,train,20.118340,0.36
262,6,train,16.614157,0.39
262,7,train,21.968554,0.43
262,8,train,18.176035,0.47
262,9,train,21.538357,0.50
262,10,train,17.037895,0.54
262,11,train,17.733501,0.58
262,12,train,16.775608,0.61
262,0,val,38.563110,0.76
262,1,val,37.990215,0.76
262,2,val,45.802967,0.77
262,3,val,18.006859,0.78
262,4,val,33.417576,0.79
262,5,val,39.434769,0.80
262,6,val,25.373819,0.81
262,7,val,23.093546,0.81
262,8,val,38.585854,0.82
262,9,val,44.075024,0.83
262,10,val,14.532658,0.83
262,11,val,24.080444,0.84
262,12,val,31.358261,0.85
262,13,val,21.842091,0.85
262,14,val,24.141146,0.86
262,15,val,24.415928,0.87
262,16,val,30.842377,0.88
262,17,val,32.107220,0.89
262,18,val,40.907246,0.90
262,19,val,31.544203,0.90
262,20,val,17.862967,0.91
262,21,val,36.130981,0.92
262,22,val,40.929092,0.92
262,23,val,35.265358,0.93
262,24,val,33.934124,0.94
262,25,val,44.018673,0.94
262,26,val,28.447796,0.95
262,27,val,34.792664,0.96
262,28,val,14.106104,0.97
262,29,val,48.134834,0.97
262,30,val,29.960363,0.98
262,31,val,25.337070,0.99
262,32,val,45.694317,1.00
262,33,val,28.346241,1.00
262,34,val,21.152586,1.01
263,0,train,19.127050,0.14
263,1,train,18.186188,0.19
263,2,train,16.258162,0.22
263,3,train,17.083952,0.26
263,4,train,17.609264,0.30
263,5,train,20.480793,0.33
263,6,train,20.070774,0.37
263,7,train,16.963202,0.41
263,8,train,17.818363,0.45
263,9,train,14.370041,0.48
263,10,train,21.179251,0.52
263,11,train,19.338799,0.56
263,12,train,19.945934,0.59
263,0,val,42.210155,0.74
263,1,val,31.243603,0.75
263,2,val,41.906483,0.77
263,3,val,17.528255,0.78
263,4,val,32.263329,0.79
263,5,val,36.613918,0.80
263,6,val,26.339127,0.80
263,7,val,20.320889,0.81
263,8,val,35.453911,0.82
263,9,val,48.624130,0.82
263,10,val,14.817000,0.83
263,11,val,27.302271,0.84
263,12,val,27.144638,0.84
263,13,val,30.500105,0.85
263,14,val,20.498419,0.86
263,15,val,24.671133,0.87
263,16,val,33.909286,0.88
263,17,val,32.075161,0.88
263,18,val,41.505764,0.89
263,19,val,38.403233,0.90
263,20,val,20.414024,0.90
263,21,val,36.816406,0.91
263,22,val,47.243004,0.92
263,23,val,34.959171,0.93
263,24,val,34.852585,0.93
263,25,val,44.790848,0.94
263,26,val,29.899166,0.95
263,27,val,35.258484,0.95
263,28,val,16.969370,0.96
263,29,val,47.039940,0.97
263,30,val,27.599102,0.98
263,31,val,26.077667,0.98
263,32,val,44.138653,0.99
263,33,val,27.640764,0.99
263,34,val,25.949623,1.00
264,0,train,19.284912,0.15
264,1,train,19.683022,0.19
264,2,train,17.484938,0.22
264,3,train,16.229803,0.26
264,4,train,17.419865,0.31
264,5,train,25.500151,0.34
264,6,train,18.501884,0.38
264,7,train,20.327145,0.42
264,8,train,16.379463,0.45
264,9,train,22.534044,0.49
264,10,train,18.331360,0.53
264,11,train,21.312090,0.57
264,12,train,21.651457,0.60
264,0,val,40.172539,0.75
264,1,val,30.823410,0.76
264,2,val,40.586666,0.77
264,3,val,19.659716,0.78
264,4,val,40.991730,0.79
264,5,val,37.367626,0.80
264,6,val,25.836847,0.81
264,7,val,22.969366,0.81
264,8,val,35.336784,0.82
264,9,val,42.496517,0.83
264,10,val,13.884371,0.83
264,11,val,22.454519,0.84
264,12,val,27.996832,0.85
264,13,val,30.361515,0.86
264,14,val,24.264626,0.86
264,15,val,24.042385,0.87
264,16,val,28.313408,0.88
264,17,val,33.456341,0.89
264,18,val,40.799461,0.90
264,19,val,32.205658,0.90
264,20,val,17.385637,0.91
264,21,val,36.291035,0.92
264,22,val,40.999294,0.92
264,23,val,35.486446,0.93
264,24,val,29.905001,0.94
264,25,val,46.219624,0.94
264,26,val,31.266478,0.95
264,27,val,36.530869,0.96
264,28,val,14.541747,0.96
264,29,val,50.700092,0.97
264,30,val,28.082394,0.98
264,31,val,25.538008,0.99
264,32,val,43.663029,0.99
264,33,val,27.145212,1.00
264,34,val,20.546394,1.00
265,0,train,20.554596,0.14
265,1,train,20.823383,0.18
265,2,train,21.395489,0.22
265,3,train,17.768780,0.25
265,4,train,23.028561,0.29
265,5,train,22.104700,0.33
265,6,train,21.741112,0.37
265,7,train,17.965780,0.40
265,8,train,15.119690,0.44
265,9,train,17.412640,0.47
265,10,train,17.195831,0.51
265,11,train,14.928133,0.55
265,12,train,18.815525,0.58
265,0,val,41.156242,0.72
265,1,val,29.292131,0.73
265,2,val,39.746223,0.74
265,3,val,21.638502,0.75
265,4,val,33.430382,0.76
265,5,val,82.645508,0.77
265,6,val,26.163391,0.78
265,7,val,21.180042,0.78
265,8,val,37.668163,0.79
265,9,val,43.387421,0.80
265,10,val,13.566490,0.81
265,11,val,24.494375,0.81
265,12,val,27.295080,0.82
265,13,val,22.637648,0.83
265,14,val,21.902578,0.84
265,15,val,27.877863,0.84
265,16,val,30.203226,0.85
265,17,val,61.778244,0.86
265,18,val,40.558281,0.87
265,19,val,30.751106,0.88
265,20,val,23.872160,0.88
265,21,val,35.027733,0.89
265,22,val,38.356266,0.90
265,23,val,35.847446,0.90
265,24,val,34.899113,0.91
265,25,val,45.134743,0.92
265,26,val,26.902451,0.93
265,27,val,33.796150,0.93
265,28,val,16.065439,0.94
265,29,val,47.659939,0.95
265,30,val,34.929218,0.96
265,31,val,26.905533,0.96
265,32,val,49.628201,0.97
265,33,val,26.630449,0.97
265,34,val,21.938540,0.98
266,0,train,23.157866,0.14
266,1,train,18.453266,0.19
266,2,train,16.849224,0.23
266,3,train,16.235630,0.26
266,4,train,21.519894,0.30
266,5,train,16.548134,0.34
266,6,train,22.686596,0.37
266,7,train,16.784206,0.41
266,8,train,16.126293,0.45
266,9,train,18.659351,0.48
266,10,train,19.928253,0.52
266,11,train,19.544117,0.56
266,12,train,17.596283,0.59
266,0,val,39.676636,0.74
266,1,val,37.072762,0.74
266,2,val,40.948441,0.76
266,3,val,18.271372,0.78
266,4,val,31.735641,0.81
266,5,val,37.443054,0.82
266,6,val,26.425964,0.84
266,7,val,25.756102,0.87
266,8,val,34.560085,0.89
266,9,val,45.092594,0.91
266,10,val,17.331034,0.92
266,11,val,22.588560,0.93
266,12,val,26.840797,0.95
266,13,val,21.037512,0.96
266,14,val,21.088093,0.98
266,15,val,24.408012,1.01
266,16,val,31.258251,1.02
266,17,val,31.349894,1.03
266,18,val,43.582714,1.04
266,19,val,30.866116,1.06
266,20,val,18.014414,1.07
266,21,val,36.170097,1.08
266,22,val,39.279373,1.09
266,23,val,34.277138,1.10
266,24,val,30.673269,1.12
266,25,val,46.141853,1.13
266,26,val,26.297050,1.14
266,27,val,34.325100,1.15
266,28,val,22.771032,1.16
266,29,val,49.893818,1.17
266,30,val,30.568132,1.18
266,31,val,26.205730,1.18
266,32,val,43.837696,1.19
266,33,val,29.675220,1.20
266,34,val,20.650845,1.21
267,0,train,17.910830,0.32
267,1,train,16.451714,0.42
267,2,train,14.843132,0.50
267,3,train,19.980871,0.57
267,4,train,21.264122,0.62
267,5,train,15.045879,0.72
267,6,train,17.770065,0.78
267,7,train,22.469120,0.83
267,8,train,16.153233,0.87
267,9,train,17.768284,0.90
267,10,train,17.084858,0.94
267,11,train,19.474205,0.98
267,12,train,15.258642,1.01
267,0,val,37.590931,1.24
267,1,val,34.991005,1.26
267,2,val,40.107506,1.27
267,3,val,19.703373,1.28
267,4,val,31.825617,1.29
267,5,val,36.186901,1.30
267,6,val,25.252256,1.31
267,7,val,28.152483,1.32
267,8,val,34.349026,1.33
267,9,val,59.661613,1.34
267,10,val,19.391117,1.36
267,11,val,33.884594,1.37
267,12,val,27.680851,1.38
267,13,val,21.945381,1.39
267,14,val,21.231117,1.40
267,15,val,23.284559,1.41
267,16,val,30.198660,1.42
267,17,val,31.047337,1.43
267,18,val,40.522530,1.44
267,19,val,31.772970,1.45
267,20,val,17.110714,1.46
267,21,val,44.055019,1.47
267,22,val,45.437283,1.48
267,23,val,35.217216,1.50
267,24,val,30.392849,1.51
267,25,val,45.561867,1.52
267,26,val,31.959242,1.53
267,27,val,36.318386,1.54
267,28,val,17.129164,1.55
267,29,val,51.109970,1.56
267,30,val,30.426632,1.58
267,31,val,30.205372,1.58
267,32,val,44.389637,1.59
267,33,val,30.678205,1.60
267,34,val,21.066399,1.60
268,0,train,14.550630,0.23
268,1,train,19.561852,0.29
268,2,train,19.401852,0.34
268,3,train,18.578510,0.39
268,4,train,17.058815,0.43
268,5,train,16.399630,0.48
268,6,train,20.310268,0.53
268,7,train,20.030090,0.58
268,8,train,18.582010,0.62
268,9,train,19.096786,0.66
268,10,train,17.603354,0.70
268,11,train,20.224806,0.74
268,12,train,16.364485,0.81
268,0,val,37.885731,1.12
268,1,val,30.256798,1.16
268,2,val,39.939461,1.18
268,3,val,27.327312,1.20
268,4,val,32.256115,1.22
268,5,val,39.674984,1.25
268,6,val,24.499308,1.27
268,7,val,19.738047,1.28
268,8,val,34.459564,1.30
268,9,val,42.464329,1.32
268,10,val,19.013872,1.33
268,11,val,22.836279,1.36
268,12,val,28.392817,1.38
268,13,val,21.465075,1.40
268,14,val,20.731581,1.42
268,15,val,28.548132,1.43
268,16,val,29.759420,1.45
268,17,val,32.352886,1.48
268,18,val,40.789677,1.50
268,19,val,31.817705,1.52
268,20,val,17.183475,1.53
268,21,val,35.765793,1.55
268,22,val,97.071625,1.58
268,23,val,35.968300,1.60
268,24,val,31.884048,1.62
268,25,val,44.460102,1.63
268,26,val,35.616623,1.65
268,27,val,35.121620,1.67
268,28,val,14.412793,1.69
268,29,val,48.361454,1.71
268,30,val,28.396858,1.73
268,31,val,31.885441,1.74
268,32,val,49.402069,1.75
268,33,val,32.704334,1.76
268,34,val,27.718830,1.78
269,0,train,20.809166,0.16
269,1,train,22.950226,0.21
269,2,train,17.969662,0.26
269,3,train,19.336441,0.32
269,4,train,16.561131,0.37
269,5,train,12.982584,0.41
269,6,train,19.682899,0.44
269,7,train,18.020123,0.48
269,8,train,18.708204,0.52
269,9,train,17.904274,0.55
269,10,train,20.106567,0.59
269,11,train,19.400726,0.63
269,12,train,19.063137,0.66
269,0,val,38.390537,0.86
269,1,val,30.431301,0.87
269,2,val,46.600224,0.88
269,3,val,26.609184,0.89
269,4,val,30.980682,0.90
269,5,val,38.494488,0.91
269,6,val,24.332649,0.92
269,7,val,22.174490,0.93
269,8,val,35.169968,0.94
269,9,val,44.834003,0.95
269,10,val,13.661069,0.96
269,11,val,24.063696,0.97
269,12,val,27.017977,0.98
269,13,val,24.781311,0.99
269,14,val,20.854872,1.00
269,15,val,24.071529,1.01
269,16,val,31.525656,1.02
269,17,val,30.776056,1.03
269,18,val,40.353386,1.04
269,19,val,33.012169,1.05
269,20,val,17.433182,1.06
269,21,val,36.128323,1.08
269,22,val,39.352932,1.09
269,23,val,37.455097,1.10
269,24,val,29.677944,1.11
269,25,val,43.358021,1.12
269,26,val,24.842867,1.13
269,27,val,34.689770,1.14
269,28,val,24.242947,1.15
269,29,val,46.110451,1.16
269,30,val,28.452143,1.17
269,31,val,27.099777,1.18
269,32,val,48.639565,1.19
269,33,val,26.868938,1.19
269,34,val,20.655321,1.20
270,0,train,17.083706,0.17
270,1,train,18.496307,0.22
270,2,train,16.974739,0.27
270,3,train,16.512949,0.32
270,4,train,20.367830,0.36
270,5,train,16.851503,0.40
270,6,train,18.481445,0.45
270,7,train,19.075209,0.48
270,8,train,22.309265,0.52
270,9,train,17.901453,0.56
270,10,train,18.223572,0.59
270,11,train,16.320820,0.63
270,12,train,17.803299,0.71
270,0,val,38.465076,0.87
270,1,val,29.575811,0.88
270,2,val,39.578571,0.90
270,3,val,18.776346,0.91
270,4,val,32.976433,0.92
270,5,val,40.046772,0.93
270,6,val,28.069035,0.93
270,7,val,22.978933,0.94
270,8,val,34.561962,0.95
270,9,val,42.350491,0.96
270,10,val,13.085945,0.97
270,11,val,33.490402,0.98
270,12,val,27.857012,1.00
270,13,val,23.295481,1.01
270,14,val,22.627378,1.01
270,15,val,24.142866,1.02
270,16,val,28.613163,1.03
270,17,val,30.992754,1.04
270,18,val,41.201916,1.04
270,19,val,31.122355,1.05
270,20,val,17.573269,1.06
270,21,val,39.402954,1.06
270,22,val,39.563171,1.07
270,23,val,34.873226,1.08
270,24,val,29.653671,1.09
270,25,val,42.536358,1.10
270,26,val,31.190380,1.11
270,27,val,35.366222,1.12
270,28,val,13.392835,1.13
270,29,val,46.727657,1.14
270,30,val,27.645393,1.15
270,31,val,26.627888,1.16
270,32,val,44.253494,1.16
270,33,val,26.245018,1.17
270,34,val,24.599726,1.18
271,0,train,22.516771,0.17
271,1,train,16.967632,0.21
271,2,train,15.557573,0.25
271,3,train,17.212776,0.29
271,4,train,20.743670,0.33
271,5,train,19.309990,0.37
271,6,train,22.833139,0.41
271,7,train,19.297554,0.45
271,8,train,21.563709,0.48
271,9,train,17.161348,0.51
271,10,train,20.081625,0.55
271,11,train,19.411638,0.59
271,12,train,17.024940,0.62
271,0,val,47.071579,0.76
271,1,val,28.852175,0.76
271,2,val,39.608448,0.77
271,3,val,16.862038,0.79
271,4,val,33.149220,0.79
271,5,val,36.297699,0.80
271,6,val,24.928650,0.81
271,7,val,19.699734,0.81
271,8,val,35.411575,0.82
271,9,val,43.523697,0.83
271,10,val,19.063381,0.83
271,11,val,23.232754,0.84
271,12,val,27.055962,0.85
271,13,val,20.815489,0.85
271,14,val,20.156050,0.86
271,15,val,26.600571,0.87
271,16,val,28.833876,0.88
271,17,val,31.805071,0.89
271,18,val,48.686722,0.90
271,19,val,31.996702,0.91
271,20,val,18.412598,0.91
271,21,val,39.711250,0.92
271,22,val,41.025860,0.93
271,23,val,35.327744,0.93
271,24,val,29.231346,0.94
271,25,val,44.225266,0.95
271,26,val,25.639658,0.96
271,27,val,33.033276,0.96
271,28,val,14.858642,0.97
271,29,val,47.194843,0.98
271,30,val,28.091726,0.99
271,31,val,26.064789,1.00
271,32,val,43.704178,1.00
271,33,val,30.955173,1.01
271,34,val,24.035900,1.01
272,0,train,16.167368,0.16
272,1,train,20.180691,0.20
272,2,train,18.285336,0.24
272,3,train,14.034001,0.28
272,4,train,19.920700,0.32
272,5,train,16.951088,0.35
272,6,train,16.127184,0.39
272,7,train,15.590178,0.43
272,8,train,22.244211,0.46
272,9,train,15.587875,0.50
272,10,train,17.673992,0.54
272,11,train,19.675980,0.57
272,12,train,16.604179,0.61
272,0,val,39.558571,0.75
272,1,val,30.209974,0.75
272,2,val,41.911201,0.76
272,3,val,20.671288,0.77
272,4,val,32.073261,0.78
272,5,val,38.243412,0.79
272,6,val,25.079504,0.80
272,7,val,28.451675,0.81
272,8,val,33.976215,0.82
272,9,val,42.106987,0.82
272,10,val,13.222681,0.83
272,11,val,23.242956,0.84
272,12,val,26.970879,0.84
272,13,val,21.393805,0.85
272,14,val,20.066055,0.86
272,15,val,25.897448,0.87
272,16,val,28.461805,0.88
272,17,val,32.231586,0.89
272,18,val,41.488972,0.89
272,19,val,31.338120,0.90
272,20,val,17.806679,0.91
272,21,val,35.015697,0.92
272,22,val,48.999256,0.92
272,23,val,35.168385,0.93
272,24,val,29.769991,0.94
272,25,val,43.693966,0.94
272,26,val,26.402857,0.95
272,27,val,34.359787,0.96
272,28,val,13.014674,0.97
272,29,val,47.067070,0.97
272,30,val,26.905731,0.98
272,31,val,27.450136,0.99
272,32,val,44.225086,1.00
272,33,val,25.982906,1.00
272,34,val,20.820934,1.01
273,0,train,18.714798,0.19
273,1,train,19.353863,0.23
273,2,train,16.095730,0.27
273,3,train,18.185993,0.30
273,4,train,18.675568,0.34
273,5,train,19.650589,0.38
273,6,train,17.920181,0.41
273,7,train,16.348694,0.46
273,8,train,14.886512,0.50
273,9,train,16.921272,0.53
273,10,train,16.545141,0.57
273,11,train,18.698761,0.60
273,12,train,14.070023,0.63
273,0,val,45.122433,0.79
273,1,val,29.694452,0.80
273,2,val,40.760639,0.82
273,3,val,18.131639,0.83
273,4,val,35.210945,0.84
273,5,val,36.236259,0.85
273,6,val,29.866032,0.86
273,7,val,21.355379,0.87
273,8,val,35.330750,0.88
273,9,val,46.341358,0.89
273,10,val,19.897131,0.90
273,11,val,23.968410,0.91
273,12,val,26.085350,0.92
273,13,val,21.279385,0.93
273,14,val,21.565086,0.94
273,15,val,23.290052,0.94
273,16,val,28.129232,0.95
273,17,val,30.299135,0.96
273,18,val,45.815334,0.96
273,19,val,31.201494,0.97
273,20,val,17.126596,0.98
273,21,val,35.102829,0.98
273,22,val,40.805847,0.99
273,23,val,38.438190,1.00
273,24,val,29.376209,1.01
273,25,val,43.410343,1.02
273,26,val,25.310249,1.03
273,27,val,33.655796,1.04
273,28,val,14.640997,1.04
273,29,val,47.338886,1.05
273,30,val,33.599110,1.06
273,31,val,24.333757,1.06
273,32,val,48.776367,1.06
273,33,val,27.528698,1.07
273,34,val,26.653942,1.07
274,0,train,15.449764,0.15
274,1,train,18.729717,0.19
274,2,train,15.782980,0.22
274,3,train,20.203465,0.26
274,4,train,17.839954,0.30
274,5,train,19.570589,0.34
274,6,train,17.103436,0.37
274,7,train,16.357521,0.41
274,8,train,21.228233,0.44
274,9,train,14.448755,0.48
274,10,train,19.066475,0.52
274,11,train,16.093077,0.55
274,12,train,18.544790,0.59
274,0,val,37.866589,0.73
274,1,val,31.374767,0.74
274,2,val,39.344570,0.74
274,3,val,20.837101,0.76
274,4,val,30.865599,0.77
274,5,val,36.388893,0.78
274,6,val,24.717892,0.79
274,7,val,23.436649,0.80
274,8,val,33.604359,0.81
274,9,val,44.328438,0.82
274,10,val,15.587707,0.82
274,11,val,23.261614,0.83
274,12,val,26.137381,0.84
274,13,val,21.222178,0.85
274,14,val,23.397900,0.86
274,15,val,23.535707,0.87
274,16,val,28.974792,0.87
274,17,val,31.028351,0.88
274,18,val,40.941341,0.89
274,19,val,31.229122,0.90
274,20,val,17.174456,0.90
274,21,val,34.370224,0.91
274,22,val,40.080032,0.92
274,23,val,33.883747,0.92
274,24,val,30.178452,0.93
274,25,val,42.213356,0.94
274,26,val,26.303858,0.94
274,27,val,33.287540,0.95
274,28,val,13.550597,0.96
274,29,val,45.323311,0.97
274,30,val,33.765022,0.98
274,31,val,24.999670,0.98
274,32,val,45.267052,0.99
274,33,val,29.717716,0.99
274,34,val,22.149616,1.00
275,0,train,22.414093,0.27
275,1,train,15.187269,0.32
275,2,train,20.635464,0.37
275,3,train,24.467251,0.41
275,4,train,20.654945,0.47
275,5,train,23.229115,0.52
275,6,train,17.250616,0.57
275,7,train,20.538719,0.63
275,8,train,17.781330,0.70
275,9,train,16.277222,0.76
275,10,train,20.997444,0.82
275,11,train,18.167683,0.85
275,12,train,15.059305,0.88
275,0,val,38.040920,1.11
275,1,val,30.690474,1.21
275,2,val,45.758533,1.24
275,3,val,18.673992,1.28
275,4,val,31.371624,1.29
275,5,val,38.641758,1.30
275,6,val,26.426371,1.31
275,7,val,20.773788,1.33
275,8,val,33.382820,1.34
275,9,val,41.363522,1.37
275,10,val,13.222505,1.38
275,11,val,24.589687,1.39
275,12,val,26.529970,1.40
275,13,val,20.694510,1.41
275,14,val,26.283493,1.43
275,15,val,24.292921,1.44
275,16,val,34.738308,1.45
275,17,val,32.038780,1.47
275,18,val,40.963772,1.48
275,19,val,38.933563,1.50
275,20,val,18.770990,1.51
275,21,val,35.186871,1.52
275,22,val,40.120956,1.53
275,23,val,35.372616,1.54
275,24,val,33.501179,1.55
275,25,val,43.835258,1.56
275,26,val,24.833246,1.59
275,27,val,34.332951,1.60
275,28,val,24.218981,1.62
275,29,val,49.354885,1.63
275,30,val,28.711391,1.65
275,31,val,25.916817,1.66
275,32,val,44.179699,1.67
275,33,val,25.945587,1.69
275,34,val,21.005646,1.71
276,0,train,15.649467,0.30
276,1,train,24.624317,0.34
276,2,train,16.267384,0.39
276,3,train,19.555950,0.43
276,4,train,21.176975,0.48
276,5,train,18.653183,0.52
276,6,train,15.891811,0.57
276,7,train,19.574657,0.63
276,8,train,21.682606,0.67
276,9,train,20.129717,0.70
276,10,train,16.932556,0.74
276,11,train,18.372969,0.86
276,12,train,20.914757,0.92
276,0,val,38.725765,1.13
276,1,val,29.168127,1.16
276,2,val,39.663692,1.17
276,3,val,16.512833,1.18
276,4,val,30.812468,1.19
276,5,val,40.606209,1.20
276,6,val,24.122253,1.21
276,7,val,24.278000,1.22
276,8,val,35.280430,1.23
276,9,val,42.374569,1.25
276,10,val,13.055686,1.27
276,11,val,23.605661,1.27
276,12,val,25.521080,1.29
276,13,val,27.820290,1.30
276,14,val,22.962177,1.31
276,15,val,23.105589,1.32
276,16,val,30.127960,1.33
276,17,val,33.212719,1.34
276,18,val,41.076527,1.36
276,19,val,33.169762,1.37
276,20,val,18.357563,1.38
276,21,val,34.625412,1.38
276,22,val,39.578770,1.39
276,23,val,34.547253,1.40
276,24,val,28.800852,1.41
276,25,val,44.020912,1.42
276,26,val,25.255709,1.43
276,27,val,34.115471,1.44
276,28,val,20.128820,1.46
276,29,val,49.696350,1.47
276,30,val,27.178234,1.48
276,31,val,24.334177,1.49
276,32,val,44.006424,1.49
276,33,val,25.981995,1.50
276,34,val,25.144028,1.50
277,0,train,21.552187,0.22
277,1,train,16.502251,0.28
277,2,train,25.308453,0.33
277,3,train,15.261895,0.37
277,4,train,18.067539,0.43
277,5,train,14.840129,0.48
277,6,train,14.747925,0.52
277,7,train,18.196400,0.57
277,8,train,17.704500,0.62
277,9,train,21.128235,0.66
277,10,train,18.249168,0.69
277,11,train,14.381041,0.73
277,12,train,20.347054,0.78
277,0,val,37.963737,0.99
277,1,val,29.069620,1.02
277,2,val,43.303173,1.03
277,3,val,17.216845,1.04
277,4,val,30.647835,1.05
277,5,val,36.111237,1.06
277,6,val,24.349443,1.07
277,7,val,21.285612,1.09
277,8,val,39.646538,1.10
277,9,val,51.138023,1.12
277,10,val,13.801732,1.13
277,11,val,26.174170,1.14
277,12,val,27.340168,1.15
277,13,val,24.775869,1.16
277,14,val,21.283232,1.17
277,15,val,24.163610,1.18
277,16,val,29.239603,1.19
277,17,val,31.263721,1.20
277,18,val,45.142159,1.22
277,19,val,33.405685,1.23
277,20,val,17.603600,1.24
277,21,val,35.294357,1.25
277,22,val,38.444023,1.26
277,23,val,35.071365,1.27
277,24,val,28.820160,1.27
277,25,val,42.514725,1.28
277,26,val,30.215597,1.30
277,27,val,34.095135,1.31
277,28,val,14.387270,1.32
277,29,val,45.988956,1.33
277,30,val,29.334101,1.34
277,31,val,25.598648,1.35
277,32,val,43.436234,1.35
277,33,val,28.320881,1.36
277,34,val,21.255144,1.36
278,0,train,14.630560,0.24
278,1,train,18.017754,0.30
278,2,train,15.151583,0.34
278,3,train,19.343857,0.38
278,4,train,15.874319,0.43
278,5,train,17.105911,0.47
278,6,train,16.148207,0.52
278,7,train,16.425091,0.57
278,8,train,15.449604,0.61
278,9,train,18.938702,0.65
278,10,train,18.349522,0.69
278,11,train,18.712994,0.73
278,12,train,18.331137,0.76
278,0,val,38.433563,0.91
278,1,val,30.133017,0.92
278,2,val,42.585270,0.94
278,3,val,16.506945,0.95
278,4,val,30.682638,0.96
278,5,val,37.456131,0.96
278,6,val,25.050816,0.97
278,7,val,22.225697,0.99
278,8,val,35.318386,1.00
278,9,val,41.537838,1.01
278,10,val,14.007347,1.02
278,11,val,23.452490,1.04
278,12,val,26.151833,1.05
278,13,val,44.163830,1.06
278,14,val,20.413704,1.07
278,15,val,25.491571,1.08
278,16,val,28.216726,1.09
278,17,val,34.115993,1.10
278,18,val,42.025028,1.11
278,19,val,32.049156,1.12
278,20,val,18.020502,1.12
278,21,val,34.867771,1.14
278,22,val,39.164387,1.16
278,23,val,35.630566,1.16
278,24,val,30.922625,1.18
278,25,val,53.074604,1.19
278,26,val,25.914511,1.22
278,27,val,36.273827,1.23
278,28,val,14.073519,1.24
278,29,val,47.279354,1.26
278,30,val,27.226913,1.27
278,31,val,28.124302,1.27
278,32,val,47.877563,1.28
278,33,val,31.624044,1.29
278,34,val,20.215054,1.29
279,0,train,19.680149,0.19
279,1,train,19.632082,0.24
279,2,train,17.797989,0.29
279,3,train,20.066868,0.35
279,4,train,17.447779,0.39
279,5,train,19.323856,0.43
279,6,train,17.523451,0.47
279,7,train,19.117575,0.50
279,8,train,16.129480,0.54
279,9,train,22.446581,0.58
279,10,train,17.221149,0.61
279,11,train,20.003557,0.65
279,12,train,17.810192,0.68
279,0,val,38.697445,0.86
279,1,val,29.382023,0.88
279,2,val,39.384567,0.90
279,3,val,17.416723,0.91
279,4,val,32.005962,0.92
279,5,val,37.073456,0.93
279,6,val,25.016817,0.94
279,7,val,20.241339,0.95
279,8,val,34.964405,0.96
279,9,val,42.109749,0.97
279,10,val,15.538790,0.99
279,11,val,23.094685,1.00
279,12,val,29.999516,1.01
279,13,val,24.168930,1.02
279,14,val,21.298740,1.03
279,15,val,32.409531,1.04
279,16,val,29.956514,1.05
279,17,val,30.234152,1.06
279,18,val,40.751720,1.07
279,19,val,30.996523,1.10
279,20,val,17.893726,1.11
279,21,val,35.269684,1.12
279,22,val,40.011253,1.13
279,23,val,34.163639,1.14
279,24,val,32.601746,1.15
279,25,val,44.952194,1.17
279,26,val,25.501974,1.18
279,27,val,38.731533,1.20
279,28,val,13.241035,1.21
279,29,val,44.573418,1.22
279,30,val,26.417770,1.23
279,31,val,25.432312,1.24
279,32,val,43.888145,1.25
279,33,val,25.959269,1.25
279,34,val,21.743433,1.26
280,0,train,20.050068,0.16
280,1,train,20.899540,0.23
280,2,train,18.922756,0.28
280,3,train,18.407785,0.33
280,4,train,17.004648,0.36
280,5,train,17.805723,0.41
280,6,train,16.422459,0.45
280,7,train,16.797174,0.48
280,8,train,19.222841,0.52
280,9,train,14.475999,0.56
280,10,train,20.368128,0.60
280,11,train,21.903515,0.63
280,12,train,18.575850,0.67
280,0,val,38.972481,0.83
280,1,val,35.815739,0.85
280,2,val,39.816433,0.86
280,3,val,16.926350,0.87
280,4,val,30.394310,0.87
280,5,val,37.599224,0.88
280,6,val,25.431973,0.89
280,7,val,21.334656,0.90
280,8,val,34.560329,0.91
280,9,val,44.088612,0.92
280,10,val,15.340405,0.93
280,11,val,24.596933,0.94
280,12,val,25.970850,0.95
280,13,val,20.371983,0.96
280,14,val,21.141821,0.97
280,15,val,22.755816,0.97
280,16,val,28.131014,0.98
280,17,val,33.774433,0.99
280,18,val,41.417366,1.00
280,19,val,33.134483,1.00
280,20,val,18.470196,1.01
280,21,val,42.399467,1.02
280,22,val,37.934551,1.03
280,23,val,38.159473,1.04
280,24,val,30.027508,1.06
280,25,val,47.583004,1.07
280,26,val,27.140900,1.08
280,27,val,38.300812,1.09
280,28,val,14.523196,1.10
280,29,val,45.288666,1.10
280,30,val,28.061525,1.11
280,31,val,30.454126,1.12
280,32,val,43.577587,1.12
280,33,val,25.906038,1.13
280,34,val,21.687943,1.13
281,0,train,14.978609,0.15
281,1,train,17.603067,0.20
281,2,train,16.765335,0.24
281,3,train,17.340332,0.28
281,4,train,16.776375,0.32
281,5,train,18.054279,0.35
281,6,train,18.050856,0.39
281,7,train,19.617340,0.43
281,8,train,15.295712,0.47
281,9,train,19.008278,0.50
281,10,train,18.166149,0.54
281,11,train,19.321501,0.58
281,12,train,17.020172,0.61
281,0,val,39.776253,0.76
281,1,val,28.316355,0.77
281,2,val,39.192089,0.78
281,3,val,20.241257,0.80
281,4,val,30.343199,0.81
281,5,val,37.426849,0.81
281,6,val,26.659552,0.82
281,7,val,21.246027,0.83
281,8,val,35.623684,0.84
281,9,val,40.957470,0.85
281,10,val,14.496524,0.86
281,11,val,25.448790,0.86
281,12,val,25.279894,0.87
281,13,val,20.652172,0.88
281,14,val,20.751858,0.89
281,15,val,23.534019,0.90
281,16,val,28.226889,0.91
281,17,val,30.482161,0.91
281,18,val,41.831173,0.92
281,19,val,31.841364,0.93
281,20,val,22.357050,0.94
281,21,val,35.527008,0.95
281,22,val,37.604168,0.95
281,23,val,33.845020,0.96
281,24,val,40.014774,0.97
281,25,val,41.989574,0.97
281,26,val,24.385384,0.99
281,27,val,33.406891,0.99
281,28,val,19.600054,1.00
281,29,val,45.299530,1.01
281,30,val,31.061586,1.02
281,31,val,25.504257,1.02
281,32,val,43.540451,1.03
281,33,val,27.177553,1.03
281,34,val,21.072090,1.04
282,0,train,15.073210,0.15
282,1,train,15.454603,0.19
282,2,train,18.380421,0.22
282,3,train,17.368938,0.26
282,4,train,14.422575,0.30
282,5,train,18.404049,0.34
282,6,train,20.273167,0.37
282,7,train,17.167889,0.41
282,8,train,19.307199,0.45
282,9,train,16.524189,0.48
282,10,train,18.322588,0.52
282,11,train,16.100216,0.55
282,12,train,19.130493,0.59
282,0,val,37.738396,0.73
282,1,val,33.966366,0.74
282,2,val,40.079323,0.76
282,3,val,17.065649,0.77
282,4,val,30.744635,0.78
282,5,val,34.921642,0.78
282,6,val,26.619619,0.79
282,7,val,27.215748,0.80
282,8,val,32.918732,0.81
282,9,val,41.746017,0.81
282,10,val,13.689854,0.82
282,11,val,22.257010,0.83
282,12,val,26.006994,0.83
282,13,val,21.247690,0.84
282,14,val,19.902109,0.85
282,15,val,22.183825,0.86
282,16,val,35.317513,0.87
282,17,val,33.427849,0.88
282,18,val,40.059418,0.89
282,19,val,48.680313,0.89
282,20,val,18.940136,0.90
282,21,val,35.166458,0.91
282,22,val,39.381733,0.92
282,23,val,38.953369,0.92
282,24,val,32.660633,0.93
282,25,val,42.547680,0.94
282,26,val,25.032166,0.95
282,27,val,35.936241,0.95
282,28,val,13.292196,0.97
282,29,val,49.229237,0.98
282,30,val,27.999134,0.99
282,31,val,25.653318,1.00
282,32,val,43.801716,1.01
282,33,val,26.827461,1.02
282,34,val,27.716288,1.03
283,0,train,21.089657,0.15
283,1,train,20.974648,0.20
283,2,train,21.321758,0.23
283,3,train,14.326765,0.27
283,4,train,18.624056,0.31
283,5,train,14.966891,0.35
283,6,train,19.741188,0.38
283,7,train,19.510744,0.42
283,8,train,17.981792,0.46
283,9,train,16.873817,0.49
283,10,train,16.400917,0.53
283,11,train,15.050360,0.57
283,12,train,18.197918,0.61
283,0,val,38.021957,0.77
283,1,val,28.409708,0.78
283,2,val,38.197388,0.79
283,3,val,17.846216,0.81
283,4,val,30.563004,0.81
283,5,val,35.336823,0.82
283,6,val,25.319935,0.83
283,7,val,20.177053,0.84
283,8,val,34.103626,0.84
283,9,val,40.911488,0.85
283,10,val,13.940812,0.86
283,11,val,23.584196,0.87
283,12,val,34.657154,0.87
283,13,val,21.433620,0.88
283,14,val,22.100126,0.89
283,15,val,23.540554,0.90
283,16,val,36.966625,0.90
283,17,val,30.436399,0.92
283,18,val,42.281307,0.92
283,19,val,33.185345,0.93
283,20,val,18.157480,0.94
283,21,val,35.924007,0.95
283,22,val,38.202427,0.96
283,23,val,33.182362,0.97
283,24,val,31.911278,0.98
283,25,val,43.828171,0.99
283,26,val,28.159918,1.00
283,27,val,35.213539,1.01
283,28,val,15.192206,1.02
283,29,val,45.172840,1.03
283,30,val,29.929672,1.03
283,31,val,28.664446,1.04
283,32,val,42.679272,1.04
283,33,val,26.573908,1.05
283,34,val,20.346914,1.05
284,0,train,15.525122,0.21
284,1,train,18.657751,0.27
284,2,train,22.092962,0.31
284,3,train,16.819942,0.36
284,4,train,18.228077,0.41
284,5,train,17.901691,0.45
284,6,train,16.536991,0.50
284,7,train,17.533623,0.54
284,8,train,16.084009,0.60
284,9,train,20.954578,0.64
284,10,train,17.973606,0.67
284,11,train,16.687813,0.71
284,12,train,13.611946,0.75
284,0,val,37.772667,0.99
284,1,val,30.511242,1.01
284,2,val,42.252804,1.02
284,3,val,18.022821,1.03
284,4,val,30.525656,1.05
284,5,val,36.686329,1.06
284,6,val,29.300060,1.07
284,7,val,21.171074,1.08
284,8,val,34.854427,1.09
284,9,val,41.380917,1.11
284,10,val,13.416813,1.12
284,11,val,23.312582,1.13
284,12,val,27.684864,1.14
284,13,val,24.285175,1.15
284,14,val,20.295528,1.16
284,15,val,34.996464,1.17
284,16,val,28.218180,1.18
284,17,val,30.894642,1.19
284,18,val,45.992561,1.20
284,19,val,30.734690,1.21
284,20,val,19.807158,1.23
284,21,val,34.835106,1.24
284,22,val,38.300526,1.24
284,23,val,44.793343,1.25
284,24,val,30.048311,1.26
284,25,val,44.854111,1.27
284,26,val,32.424950,1.28
284,27,val,34.666222,1.29
284,28,val,15.639699,1.30
284,29,val,45.557514,1.32
284,30,val,28.475588,1.33
284,31,val,27.931637,1.34
284,32,val,74.694054,1.34
284,33,val,30.558933,1.35
284,34,val,20.805149,1.35
285,0,train,17.817703,0.17
285,1,train,21.215012,0.26
285,2,train,19.023830,0.29
285,3,train,17.214455,0.34
285,4,train,15.851467,0.39
285,5,train,20.137211,0.43
285,6,train,18.585646,0.48
285,7,train,20.891714,0.53
285,8,train,16.200890,0.57
285,9,train,17.129482,0.62
285,10,train,19.892200,0.66
285,11,train,17.548447,0.69
285,12,train,17.149801,0.73
285,0,val,37.812534,0.95
285,1,val,28.563416,0.97
285,2,val,39.431007,0.99
285,3,val,19.931007,1.00
285,4,val,31.121138,1.01
285,5,val,35.442017,1.02
285,6,val,25.374237,1.03
285,7,val,21.344707,1.04
285,8,val,34.887341,1.05
285,9,val,41.517345,1.08
285,10,val,14.889991,1.09
285,11,val,22.731529,1.10
285,12,val,33.179108,1.11
285,13,val,26.550150,1.12
285,14,val,21.910089,1.13
285,15,val,25.789610,1.14
285,16,val,31.239147,1.15
285,17,val,37.374508,1.16
285,18,val,40.467804,1.18
285,19,val,31.382448,1.19
285,20,val,25.432056,1.20
285,21,val,35.061718,1.21
285,22,val,37.800755,1.22
285,23,val,36.377876,1.23
285,24,val,31.828007,1.25
285,25,val,42.940254,1.26
285,26,val,25.412498,1.27
285,27,val,32.571911,1.29
285,28,val,13.831955,1.30
285,29,val,48.077087,1.31
285,30,val,26.900970,1.32
285,31,val,30.551971,1.33
285,32,val,42.422920,1.34
285,33,val,26.348711,1.34
285,34,val,21.647333,1.35
286,0,train,20.102108,0.25
286,1,train,14.618780,0.31
286,2,train,15.401131,0.35
286,3,train,18.042370,0.40
286,4,train,14.742008,0.44
286,5,train,17.999828,0.49
286,6,train,21.446938,0.53
286,7,train,15.992123,0.58
286,8,train,17.878147,0.62
286,9,train,17.931404,0.65
286,10,train,18.633045,0.69
286,11,train,19.481426,0.73
286,12,train,16.738316,0.76
286,0,val,40.085709,0.95
286,1,val,31.526503,0.99
286,2,val,41.098434,1.00
286,3,val,17.830395,1.01
286,4,val,34.482594,1.02
286,5,val,35.063740,1.03
286,6,val,25.510605,1.04
286,7,val,21.004219,1.05
286,8,val,33.860012,1.07
286,9,val,47.321663,1.09
286,10,val,19.534296,1.10
286,11,val,31.341434,1.11
286,12,val,26.317970,1.13
286,13,val,24.264767,1.14
286,14,val,20.585354,1.15
286,15,val,25.814253,1.16
286,16,val,31.861454,1.18
286,17,val,32.842091,1.19
286,18,val,39.551983,1.20
286,19,val,30.198488,1.21
286,20,val,17.370394,1.22
286,21,val,35.246132,1.23
286,22,val,42.768673,1.24
286,23,val,33.694786,1.25
286,24,val,37.703869,1.26
286,25,val,42.678108,1.28
286,26,val,24.471771,1.30
286,27,val,32.451160,1.31
286,28,val,14.637734,1.33
286,29,val,46.768440,1.34
286,30,val,27.045198,1.35
286,31,val,25.759150,1.35
286,32,val,45.931450,1.36
286,33,val,31.524525,1.37
286,34,val,23.178865,1.38
287,0,train,16.575277,0.21
287,1,train,18.129555,0.27
287,2,train,15.943713,0.32
287,3,train,18.333273,0.37
287,4,train,18.275959,0.42
287,5,train,15.357372,0.46
287,6,train,24.658176,0.51
287,7,train,19.091892,0.54
287,8,train,19.857113,0.58
287,9,train,16.727888,0.62
287,10,train,14.605043,0.66
287,11,train,16.162842,0.69
287,12,train,15.716847,0.74
287,0,val,39.509014,1.03
287,1,val,29.357710,1.06
287,2,val,38.722042,1.07
287,3,val,16.813684,1.09
287,4,val,31.697971,1.10
287,5,val,35.294254,1.11
287,6,val,27.492516,1.12
287,7,val,21.725592,1.13
287,8,val,37.915531,1.15
287,9,val,43.757881,1.16
287,10,val,15.473695,1.18
287,11,val,26.310265,1.19
287,12,val,24.985655,1.20
287,13,val,20.838787,1.21
287,14,val,19.779755,1.22
287,15,val,22.258728,1.23
287,16,val,28.010502,1.24
287,17,val,30.439455,1.26
287,18,val,40.498905,1.27
287,19,val,29.927851,1.28
287,20,val,19.390577,1.29
287,21,val,34.652225,1.30
287,22,val,37.602245,1.31
287,23,val,35.461258,1.32
287,24,val,29.088011,1.34
287,25,val,42.918865,1.35
287,26,val,28.883251,1.37
287,27,val,35.253349,1.38
287,28,val,13.425478,1.39
287,29,val,50.411854,1.40
287,30,val,26.187950,1.41
287,31,val,26.229053,1.42
287,32,val,42.397102,1.42
287,33,val,25.464270,1.43
287,34,val,20.560905,1.43
288,0,train,17.365177,0.24
288,1,train,16.425488,0.28
288,2,train,13.808509,0.32
288,3,train,18.917061,0.36
288,4,train,18.287315,0.42
288,5,train,13.990292,0.47
288,6,train,16.750740,0.53
288,7,train,18.956245,0.57
288,8,train,19.826733,0.61
288,9,train,17.073944,0.64
288,10,train,18.683245,0.68
288,11,train,18.044462,0.71
288,12,train,23.145214,0.75
288,0,val,37.185837,0.89
288,1,val,29.360973,0.90
288,2,val,41.314827,0.91
288,3,val,23.345568,0.92
288,4,val,31.065868,0.93
288,5,val,34.463718,0.94
288,6,val,28.170067,0.95
288,7,val,23.411198,0.96
288,8,val,33.337170,0.96
288,9,val,41.034336,0.97
288,10,val,19.039753,0.98
288,11,val,28.529381,0.98
288,12,val,31.678293,0.99
288,13,val,23.725517,1.00
288,14,val,20.963547,1.00
288,15,val,22.449085,1.01
288,16,val,27.506124,1.03
288,17,val,32.261509,1.03
288,18,val,39.010750,1.04
288,19,val,30.994450,1.05
288,20,val,17.440363,1.06
288,21,val,36.166195,1.06
288,22,val,38.367443,1.07
288,23,val,34.284180,1.08
288,24,val,28.783302,1.09
288,25,val,41.005890,1.09
288,26,val,26.896715,1.10
288,27,val,32.511456,1.11
288,28,val,13.391750,1.11
288,29,val,49.672428,1.13
288,30,val,25.624542,1.13
288,31,val,24.923235,1.14
288,32,val,43.707272,1.14
288,33,val,26.530815,1.15
288,34,val,21.739571,1.15
289,0,train,18.806820,0.17
289,1,train,17.316607,0.21
289,2,train,17.434757,0.24
289,3,train,18.078743,0.28
289,4,train,19.749187,0.32
289,5,train,16.789776,0.36
289,6,train,18.021191,0.40
289,7,train,16.619362,0.44
289,8,train,17.821857,0.47
289,9,train,15.886825,0.51
289,10,train,16.859922,0.55
289,11,train,14.082639,0.58
289,12,train,16.777504,0.62
289,0,val,39.911327,0.76
289,1,val,28.643211,0.76
289,2,val,40.579929,0.77
289,3,val,16.767040,0.78
289,4,val,29.791491,0.79
289,5,val,34.734505,0.80
289,6,val,26.203403,0.81
289,7,val,19.888002,0.82
289,8,val,36.992435,0.83
289,9,val,41.742168,0.83
289,10,val,14.952415,0.84
289,11,val,24.354309,0.85
289,12,val,26.975698,0.86
289,13,val,22.293413,0.86
289,14,val,20.065430,0.87
289,15,val,25.009478,0.88
289,16,val,27.318533,0.88
289,17,val,35.443150,0.90
289,18,val,39.588341,0.90
289,19,val,30.227554,0.91
289,20,val,17.575323,0.92
289,21,val,36.347336,0.92
289,22,val,37.243774,0.93
289,23,val,33.955700,0.94
289,24,val,30.384661,0.94
289,25,val,41.206345,0.95
289,26,val,25.434078,0.96
289,27,val,33.003933,0.96
289,28,val,13.365101,0.97
289,29,val,45.758610,0.98
289,30,val,27.036411,0.98
289,31,val,31.549257,0.99
289,32,val,44.422749,1.00
289,33,val,26.210701,1.00
289,34,val,21.968073,1.01
290,0,train,18.120035,0.14
290,1,train,19.198776,0.19
290,2,train,18.095915,0.23
290,3,train,18.078619,0.26
290,4,train,17.041971,0.30
290,5,train,14.436153,0.34
290,6,train,18.205929,0.37
290,7,train,17.628363,0.42
290,8,train,14.682291,0.45
290,9,train,17.756126,0.48
290,10,train,19.402271,0.53
290,11,train,19.579250,0.56
290,12,train,19.238121,0.60
290,0,val,37.327579,0.74
290,1,val,30.365435,0.76
290,2,val,45.290272,0.77
290,3,val,18.455791,0.77
290,4,val,33.548161,0.78
290,5,val,35.665619,0.79
290,6,val,25.069315,0.80
290,7,val,19.632463,0.81
290,8,val,34.122547,0.82
290,9,val,45.100624,0.83
290,10,val,14.505800,0.84
290,11,val,22.391535,0.85
290,12,val,26.212164,0.86
290,13,val,28.388098,0.87
290,14,val,19.840385,0.88
290,15,val,23.195063,0.89
290,16,val,27.622547,0.90
290,17,val,31.182470,0.90
290,18,val,40.623341,0.91
290,19,val,30.723528,0.92
290,20,val,18.440578,0.93
290,21,val,38.399094,0.93
290,22,val,39.071957,0.94
290,23,val,38.223839,0.95
290,24,val,28.534952,0.96
290,25,val,43.332928,0.97
290,26,val,27.293062,0.98
290,27,val,31.965290,0.99
290,28,val,13.542553,1.00
290,29,val,43.704483,1.00
290,30,val,25.530891,1.01
290,31,val,27.092300,1.02
290,32,val,49.853615,1.02
290,33,val,28.276075,1.03
290,34,val,21.201927,1.03
291,0,train,20.602493,0.14
291,1,train,19.746819,0.19
291,2,train,16.876198,0.23
291,3,train,21.725872,0.26
291,4,train,16.737514,0.31
291,5,train,17.401573,0.34
291,6,train,17.953623,0.38
291,7,train,18.340866,0.42
291,8,train,18.073673,0.45
291,9,train,20.001976,0.49
291,10,train,19.431335,0.53
291,11,train,13.643031,0.56
291,12,train,16.496714,0.60
291,0,val,38.847767,0.74
291,1,val,30.075699,0.75
291,2,val,41.867298,0.75
291,3,val,19.021137,0.77
291,4,val,30.551857,0.78
291,5,val,34.617317,0.78
291,6,val,25.404531,0.79
291,7,val,22.373503,0.80
291,8,val,39.933365,0.81
291,9,val,40.936306,0.82
291,10,val,13.625514,0.83
291,11,val,22.772907,0.83
291,12,val,41.744823,0.84
291,13,val,20.224892,0.85
291,14,val,22.497803,0.85
291,15,val,29.058147,0.86
291,16,val,29.115200,0.87
291,17,val,35.360271,0.89
291,18,val,42.685299,0.89
291,19,val,30.336395,0.90
291,20,val,18.528927,0.91
291,21,val,36.333714,0.92
291,22,val,38.124092,0.92
291,23,val,34.997025,0.93
291,24,val,32.933723,0.94
291,25,val,41.783913,0.94
291,26,val,25.047386,0.95
291,27,val,32.381893,0.96
291,28,val,14.664566,0.96
291,29,val,45.791454,0.98
291,30,val,29.435184,0.98
291,31,val,25.016129,0.99
291,32,val,43.432755,0.99
291,33,val,31.478054,1.00
291,34,val,22.205214,1.00
292,0,train,19.515619,0.15
292,1,train,21.381565,0.20
292,2,train,16.678463,0.23
292,3,train,16.889023,0.34
292,4,train,16.332266,0.38
292,5,train,20.249681,0.42
292,6,train,18.901817,0.45
292,7,train,17.864195,0.50
292,8,train,15.558147,0.53
292,9,train,14.868811,0.57
292,10,train,17.278728,0.60
292,11,train,20.599579,0.64
292,12,train,19.322392,0.67
292,0,val,38.196453,0.82
292,1,val,29.506081,0.83
292,2,val,40.284348,0.85
292,3,val,17.326502,0.86
292,4,val,32.136818,0.87
292,5,val,35.037079,0.87
292,6,val,32.467575,0.88
292,7,val,19.549288,0.89
292,8,val,33.174816,0.89
292,9,val,42.171288,0.90
292,10,val,14.645401,0.91
292,11,val,22.878008,0.92
292,12,val,25.026009,0.92
292,13,val,22.431307,0.93
292,14,val,20.537584,0.94
292,15,val,22.415592,0.95
292,16,val,28.023287,0.96
292,17,val,33.835552,0.96
292,18,val,46.518078,0.97
292,19,val,33.546490,0.98
292,20,val,18.099234,0.99
292,21,val,35.018753,0.99
292,22,val,37.920364,1.00
292,23,val,34.191677,1.01
292,24,val,31.050276,1.01
292,25,val,42.779999,1.02
292,26,val,30.142948,1.03
292,27,val,32.415436,1.03
292,28,val,13.263229,1.04
292,29,val,44.469181,1.05
292,30,val,28.380894,1.06
292,31,val,27.073549,1.07
292,32,val,47.320629,1.07
292,33,val,26.929573,1.08
292,34,val,32.546783,1.08
293,0,train,14.541883,0.16
293,1,train,15.224204,0.21
293,2,train,17.308792,0.24
293,3,train,21.788408,0.28
293,4,train,17.134722,0.32
293,5,train,14.324917,0.36
293,6,train,18.213520,0.39
293,7,train,16.261971,0.43
293,8,train,16.477709,0.47
293,9,train,16.879484,0.50
293,10,train,18.325916,0.54
293,11,train,15.394140,0.57
293,12,train,16.612701,0.61
293,0,val,36.670017,0.75
293,1,val,30.530479,0.76
293,2,val,39.638123,0.78
293,3,val,17.945751,0.79
293,4,val,30.656754,0.80
293,5,val,36.423306,0.80
293,6,val,24.485764,0.81
293,7,val,24.896498,0.82
293,8,val,35.798534,0.83
293,9,val,40.158424,0.83
293,10,val,15.314365,0.84
293,11,val,23.709751,0.85
293,12,val,26.744293,0.85
293,13,val,23.489206,0.86
293,14,val,21.771219,0.87
293,15,val,24.138012,0.88
293,16,val,28.285332,0.89
293,17,val,32.319546,0.90
293,18,val,40.457344,0.90
293,19,val,29.485346,0.91
293,20,val,19.805851,0.92
293,21,val,35.603340,0.93
293,22,val,39.236355,0.93
293,23,val,40.233494,0.94
293,24,val,29.080448,0.95
293,25,val,44.385242,0.96
293,26,val,25.537720,0.96
293,27,val,32.537315,0.98
293,28,val,13.238647,0.99
293,29,val,44.796604,0.99
293,30,val,27.409367,1.00
293,31,val,26.663128,1.01
293,32,val,41.765205,1.01
293,33,val,30.639688,1.01
293,34,val,20.228519,1.02
294,0,train,17.941700,0.16
294,1,train,14.196917,0.20
294,2,train,15.660029,0.24
294,3,train,16.011810,0.28
294,4,train,17.199291,0.32
294,5,train,16.964361,0.35
294,6,train,18.073875,0.39
294,7,train,20.291662,0.43
294,8,train,15.017735,0.46
294,9,train,18.402153,0.50
294,10,train,15.757854,0.53
294,11,train,17.002327,0.57
294,12,train,16.735861,0.60
294,0,val,37.394119,0.75
294,1,val,29.103966,0.75
294,2,val,43.807838,0.76
294,3,val,17.450796,0.78
294,4,val,33.411736,0.78
294,5,val,35.278275,0.79
294,6,val,26.444540,0.80
294,7,val,18.987698,0.80
294,8,val,36.490307,0.81
294,9,val,41.763199,0.82
294,10,val,16.670292,0.83
294,11,val,22.739298,0.84
294,12,val,25.662113,0.84
294,13,val,23.063988,0.85
294,14,val,19.910872,0.86
294,15,val,22.517046,0.86
294,16,val,28.969038,0.87
294,17,val,35.956879,0.88
294,18,val,39.252136,0.89
294,19,val,30.470087,0.90
294,20,val,26.519915,0.90
294,21,val,37.991737,0.91
294,22,val,38.556744,0.92
294,23,val,35.178764,0.93
294,24,val,30.253017,0.93
294,25,val,40.642464,0.94
294,26,val,24.931978,0.95
294,27,val,32.775993,0.95
294,28,val,13.638556,0.96
294,29,val,46.206661,0.97
294,30,val,30.267508,0.98
294,31,val,39.739410,0.98
294,32,val,42.784718,0.99
294,33,val,25.818987,0.99
294,34,val,20.445658,1.00
295,0,train,14.520559,0.16
295,1,train,21.137112,0.21
295,2,train,20.871162,0.25
295,3,train,18.578979,0.28
295,4,train,16.540611,0.32
295,5,train,19.367073,0.36
295,6,train,17.706755,0.39
295,7,train,15.663694,0.43
295,8,train,17.332373,0.47
295,9,train,16.624584,0.51
295,10,train,23.920725,0.55
295,11,train,15.746045,0.59
295,12,train,16.979126,0.62
295,0,val,37.514431,0.77
295,1,val,28.387276,0.78
295,2,val,39.826462,0.79
295,3,val,17.351883,0.80
295,4,val,29.900526,0.81
295,5,val,36.532394,0.82
295,6,val,25.052038,0.83
295,7,val,35.295856,0.83
295,8,val,32.235359,0.84
295,9,val,117.848434,0.85
295,10,val,12.871697,0.85
295,11,val,23.560261,0.86
295,12,val,25.815292,0.87
295,13,val,22.284386,0.88
295,14,val,20.496380,0.90
295,15,val,22.426640,0.91
295,16,val,28.290821,0.92
295,17,val,30.835192,0.92
295,18,val,38.959160,0.93
295,19,val,30.848871,0.94
295,20,val,19.528471,0.95
295,21,val,38.827187,0.96
295,22,val,38.580315,0.96
295,23,val,32.354691,0.97
295,24,val,28.777531,0.98
295,25,val,40.950043,0.99
295,26,val,26.154629,1.00
295,27,val,34.229771,1.02
295,28,val,13.433766,1.04
295,29,val,44.232151,1.06
295,30,val,25.368170,1.07
295,31,val,29.661842,1.08
295,32,val,42.330734,1.09
295,33,val,27.328157,1.10
295,34,val,30.400112,1.12
296,0,train,15.177307,0.39
296,1,train,16.125139,0.52
296,2,train,14.471771,0.61
296,3,train,13.437521,0.68
296,4,train,17.155464,0.78
296,5,train,15.020799,0.87
296,6,train,12.998617,0.96
296,7,train,17.767738,1.02
296,8,train,16.478106,1.12
296,9,train,14.680393,1.17
296,10,train,13.727997,1.25
296,11,train,17.140001,1.29
296,12,train,18.897375,1.37
296,0,val,36.544739,1.62
296,1,val,29.047335,1.66
296,2,val,37.873291,1.68
296,3,val,16.569851,1.69
296,4,val,33.051098,1.71
296,5,val,37.383095,1.73
296,6,val,24.017172,1.74
296,7,val,20.114328,1.76
296,8,val,35.162148,1.77
296,9,val,40.810928,1.78
296,10,val,16.110807,1.79
296,11,val,21.872698,1.80
296,12,val,24.998806,1.81
296,13,val,20.036610,1.82
296,14,val,21.209301,1.84
296,15,val,22.492207,1.86
296,16,val,27.259565,1.88
296,17,val,35.059196,1.89
296,18,val,38.770420,1.90
296,19,val,30.222727,1.91
296,20,val,17.984465,1.93
296,21,val,34.522427,1.94
296,22,val,41.606834,1.97
296,23,val,33.927597,1.98
296,24,val,34.940914,1.99
296,25,val,40.262817,2.00
296,26,val,24.912642,2.01
296,27,val,34.083385,2.02
296,28,val,15.375998,2.03
296,29,val,44.461433,2.04
296,30,val,26.651823,2.05
296,31,val,26.230671,2.06
296,32,val,44.430965,2.06
296,33,val,25.628784,2.07
296,34,val,21.330912,2.08
297,0,train,17.517525,0.21
297,1,train,18.911816,0.25
297,2,train,17.394314,0.29
297,3,train,15.219337,0.32
297,4,train,17.247383,0.37
297,5,train,16.430222,0.40
297,6,train,14.816263,0.44
297,7,train,14.328102,0.48
297,8,train,20.579243,0.52
297,9,train,13.835623,0.55
297,10,train,19.676697,0.59
297,11,train,17.363878,0.62
297,12,train,16.995234,0.66
297,0,val,45.231133,0.83
297,1,val,29.505415,0.83
297,2,val,39.773472,0.85
297,3,val,16.352465,0.86
297,4,val,31.405416,0.87
297,5,val,36.773834,0.88
297,6,val,24.595503,0.89
297,7,val,20.252987,0.90
297,8,val,33.734470,0.91
297,9,val,44.889774,0.92
297,10,val,13.276633,0.92
297,11,val,23.565617,0.93
297,12,val,43.492695,0.94
297,13,val,33.779446,0.95
297,14,val,20.763517,0.96
297,15,val,29.242361,0.97
297,16,val,27.877481,0.97
297,17,val,34.519165,0.98
297,18,val,39.092087,0.99
297,19,val,29.874178,0.99
297,20,val,16.578875,1.00
297,21,val,38.021828,1.01
297,22,val,36.441795,1.01
297,23,val,34.607647,1.02
297,24,val,29.923399,1.03
297,25,val,41.881760,1.03
297,26,val,23.889673,1.04
297,27,val,37.727436,1.05
297,28,val,13.164397,1.06
297,29,val,45.224678,1.07
297,30,val,30.506971,1.07
297,31,val,25.710072,1.08
297,32,val,43.633617,1.08
297,33,val,26.133757,1.09
297,34,val,20.954414,1.09
298,0,train,15.224490,0.14
298,1,train,15.166542,0.18
298,2,train,16.836447,0.21
298,3,train,19.088249,0.25
298,4,train,16.579880,0.29
298,5,train,18.123306,0.32
298,6,train,18.478117,0.36
298,7,train,16.480556,0.40
298,8,train,14.606514,0.44
298,9,train,18.509804,0.47
298,10,train,15.928129,0.51
298,11,train,15.497998,0.54
298,12,train,19.881439,0.58
298,0,val,44.129139,0.72
298,1,val,28.460808,0.73
298,2,val,41.412483,0.73
298,3,val,25.922390,0.75
298,4,val,29.713535,0.76
298,5,val,43.572525,0.78
298,6,val,25.123972,0.79
298,7,val,19.289789,0.80
298,8,val,46.603168,0.81
298,9,val,42.015896,0.81
298,10,val,13.047855,0.82
298,11,val,22.453938,0.83
298,12,val,30.270636,0.84
298,13,val,20.243675,0.85
298,14,val,20.431993,0.85
298,15,val,22.292582,0.86
298,16,val,32.586876,0.87
298,17,val,31.685310,0.88
298,18,val,39.371872,0.88
298,19,val,31.886915,0.89
298,20,val,19.631748,0.90
298,21,val,33.327728,0.90
298,22,val,37.545750,0.91
298,23,val,33.022285,0.92
298,24,val,38.948231,0.92
298,25,val,40.940701,0.93
298,26,val,25.598337,0.94
298,27,val,33.139599,0.95
298,28,val,14.022442,0.96
298,29,val,45.026474,0.96
298,30,val,25.437290,0.97
298,31,val,26.478659,0.98
298,32,val,42.843807,0.98
298,33,val,25.209713,0.98
298,34,val,21.408487,0.99
299,0,train,18.772224,0.14
299,1,train,19.545155,0.18
299,2,train,19.101826,0.22
299,3,train,20.115446,0.25
299,4,train,16.292223,0.30
299,5,train,11.587520,0.33
299,6,train,15.378067,0.37
299,7,train,14.765455,0.41
299,8,train,16.679543,0.45
299,9,train,18.250721,0.48
299,10,train,16.575092,0.52
299,11,train,19.592260,0.55
299,12,train,19.346189,0.59
299,0,val,38.232235,0.74
299,1,val,27.825890,0.75
299,2,val,43.986759,0.75
299,3,val,17.351313,0.77
299,4,val,30.467852,0.79
299,5,val,35.002720,0.80
299,6,val,24.930822,0.81
299,7,val,22.826153,0.82
299,8,val,34.781078,0.82
299,9,val,43.252674,0.83
299,10,val,22.329523,0.84
299,11,val,22.530643,0.85
299,12,val,30.760073,0.85
299,13,val,28.989864,0.87
299,14,val,20.927254,0.88
299,15,val,22.984266,0.88
299,16,val,27.957857,0.89
299,17,val,31.035227,0.90
299,18,val,39.299606,0.90
299,19,val,30.529112,0.91
299,20,val,16.944351,0.92
299,21,val,35.092922,0.92
299,22,val,37.324726,0.93
299,23,val,33.371937,0.94
299,24,val,28.928707,0.94
299,25,val,48.076862,0.95
299,26,val,27.438917,0.96
299,27,val,34.419903,0.97
299,28,val,14.855540,0.98
299,29,val,47.820564,0.98
299,30,val,25.571104,0.99
299,31,val,25.114576,1.00
299,32,val,42.723385,1.00
299,33,val,30.623058,1.01
299,34,val,20.929873,1.01
