epoch,batch_idx,data_type,loss,run_time
0,0,train,69.330055,1.24
0,1,train,114.180054,1.27
0,2,train,87.675316,1.30
0,3,train,73.300911,1.33
0,4,train,46.576019,1.36
0,5,train,71.481171,1.40
0,6,train,43.966541,1.43
0,7,train,91.227303,1.45
0,8,train,109.447983,1.48
0,9,train,45.714268,1.51
0,10,train,94.388138,1.54
0,11,train,64.495399,1.56
0,12,train,80.218124,1.59
0,13,train,48.987045,1.62
0,14,train,69.710106,1.65
0,15,train,92.895576,1.67
0,16,train,46.053917,1.70
0,17,train,92.916061,1.72
0,18,train,44.282421,1.75
0,19,train,78.960632,1.77
0,20,train,85.659729,1.80
0,21,train,102.390419,1.82
0,22,train,81.302345,1.85
0,23,train,80.803085,1.87
0,24,train,44.497719,1.90
0,25,train,84.266670,1.93
0,26,train,61.994877,1.95
0,27,train,74.570312,1.97
0,28,train,88.116264,2.00
0,29,train,41.728989,2.02
0,0,val,39.143089,2.17
0,1,val,35.761436,2.18
0,2,val,34.315468,2.19
0,3,val,27.562353,2.20
0,4,val,37.376778,2.20
0,5,val,43.259369,2.21
0,6,val,33.259892,2.22
0,7,val,56.906662,2.22
0,8,val,136.896637,2.23
0,9,val,91.907455,2.24
0,10,val,211.091782,2.24
0,11,val,60.486969,2.25
0,12,val,39.662151,2.25
0,13,val,41.268478,2.26
0,14,val,33.552639,2.27
0,15,val,32.644081,2.27
0,16,val,35.761448,2.28
0,17,val,281.472900,2.29
0,18,val,27.510319,2.30
0,19,val,43.495064,2.30
0,20,val,44.029121,2.31
0,21,val,33.499119,2.32
0,22,val,41.833721,2.32
0,23,val,52.701611,2.33
0,24,val,150.395050,2.34
0,25,val,57.174660,2.34
0,26,val,27.916290,2.35
0,27,val,34.728714,2.36
0,28,val,25.315392,2.36
0,29,val,29.607117,2.37
0,30,val,20.229010,2.38
0,31,val,41.932816,2.39
0,32,val,32.936363,2.39
0,33,val,27.137838,2.40
0,34,val,28.782780,2.41
0,35,val,47.639446,2.42
0,36,val,62.530708,2.42
0,37,val,55.057323,2.44
0,38,val,37.692726,2.45
0,39,val,153.448410,2.45
0,40,val,50.945862,2.46
0,41,val,39.593102,2.47
0,42,val,63.500656,2.47
0,43,val,40.453678,2.48
0,44,val,189.046234,2.49
0,45,val,129.850555,2.50
0,46,val,282.538513,2.51
0,47,val,39.928951,2.51
0,48,val,120.854698,2.52
0,49,val,25.304810,2.53
0,50,val,37.251114,2.54
0,51,val,27.451157,2.54
0,52,val,34.814537,2.55
0,53,val,29.685112,2.56
0,54,val,27.335897,2.56
0,55,val,26.280760,2.57
0,56,val,29.392027,2.58
0,57,val,32.890446,2.58
0,58,val,37.120621,2.59
0,59,val,29.145435,2.60
0,60,val,87.171295,2.60
0,61,val,53.554749,2.61
0,62,val,33.399170,2.62
0,63,val,50.440346,2.62
0,64,val,20.240749,2.63
0,65,val,194.742966,2.64
0,66,val,43.218224,2.64
0,67,val,29.631546,2.65
0,68,val,147.982529,2.66
0,69,val,28.217251,2.66
0,70,val,184.682709,2.67
0,71,val,207.678894,2.68
0,72,val,32.761723,2.68
0,73,val,28.873821,2.69
0,74,val,79.834953,2.70
0,75,val,60.603096,2.71
0,76,val,36.669846,2.71
0,77,val,27.379555,2.71
0,78,val,43.362114,2.72
0,79,val,75.798950,2.72
1,0,train,42.481033,0.11
1,1,train,54.741150,0.15
1,2,train,58.505795,0.17
1,3,train,54.362350,0.20
1,4,train,44.796089,0.23
1,5,train,69.492989,0.26
1,6,train,98.630875,0.29
1,7,train,52.634193,0.31
1,8,train,102.779610,0.34
1,9,train,73.423576,0.37
1,10,train,68.593575,0.40
1,11,train,52.600815,0.43
1,12,train,52.990044,0.46
1,13,train,88.278412,0.49
1,14,train,57.658607,0.52
1,15,train,52.900932,0.54
1,16,train,48.921768,0.57
1,17,train,56.023712,0.59
1,18,train,72.164520,0.62
1,19,train,45.746422,0.64
1,20,train,38.783508,0.67
1,21,train,78.276016,0.70
1,22,train,45.771782,0.72
1,23,train,48.898094,0.75
1,24,train,75.688675,0.77
1,25,train,37.789757,0.80
1,26,train,63.831673,0.82
1,27,train,50.429379,0.84
1,28,train,97.027649,0.86
1,29,train,69.727547,0.89
1,0,val,32.352890,1.01
1,1,val,34.856850,1.01
1,2,val,32.510418,1.02
1,3,val,26.778160,1.03
1,4,val,36.379646,1.03
1,5,val,44.320595,1.04
1,6,val,34.286983,1.05
1,7,val,55.005211,1.06
1,8,val,129.577972,1.07
1,9,val,99.833824,1.07
1,10,val,205.531921,1.08
1,11,val,65.463860,1.09
1,12,val,24.207617,1.09
1,13,val,43.831848,1.10
1,14,val,29.473318,1.11
1,15,val,34.238743,1.11
1,16,val,36.100471,1.12
1,17,val,280.314575,1.12
1,18,val,26.420042,1.13
1,19,val,41.874004,1.14
1,20,val,71.220917,1.14
1,21,val,27.853363,1.15
1,22,val,38.557949,1.16
1,23,val,51.373322,1.17
1,24,val,148.391052,1.17
1,25,val,55.364128,1.18
1,26,val,28.629440,1.19
1,27,val,32.902740,1.19
1,28,val,25.478397,1.20
1,29,val,27.085720,1.21
1,30,val,17.099895,1.21
1,31,val,48.921631,1.22
1,32,val,30.697973,1.22
1,33,val,26.284237,1.23
1,34,val,28.940704,1.24
1,35,val,44.816315,1.24
1,36,val,61.303921,1.25
1,37,val,31.462830,1.26
1,38,val,29.352087,1.27
1,39,val,126.518753,1.28
1,40,val,46.861889,1.28
1,41,val,36.446915,1.29
1,42,val,40.622875,1.30
1,43,val,39.830750,1.30
1,44,val,183.632233,1.31
1,45,val,127.650208,1.32
1,46,val,276.947479,1.33
1,47,val,49.369858,1.33
1,48,val,117.787811,1.34
1,49,val,24.407421,1.35
1,50,val,33.842770,1.35
1,51,val,25.671141,1.36
1,52,val,30.434788,1.37
1,53,val,27.689270,1.38
1,54,val,26.823492,1.38
1,55,val,25.034451,1.39
1,56,val,26.642197,1.40
1,57,val,39.317699,1.40
1,58,val,36.752197,1.41
1,59,val,26.371883,1.41
1,60,val,84.099594,1.42
1,61,val,54.039192,1.43
1,62,val,30.976841,1.43
1,63,val,78.619186,1.44
1,64,val,19.969772,1.45
1,65,val,191.594223,1.46
1,66,val,65.191185,1.47
1,67,val,28.359806,1.48
1,68,val,144.755753,1.49
1,69,val,29.430716,1.50
1,70,val,178.592010,1.51
1,71,val,211.626328,1.51
1,72,val,50.938274,1.52
1,73,val,26.845449,1.53
1,74,val,74.552193,1.53
1,75,val,57.648479,1.54
1,76,val,34.101997,1.54
1,77,val,27.570293,1.55
1,78,val,43.387112,1.55
1,79,val,73.485268,1.56
2,0,train,43.594990,0.19
2,1,train,94.528076,0.23
2,2,train,59.625290,0.27
2,3,train,91.570587,0.30
2,4,train,73.847252,0.34
2,5,train,55.150902,0.38
2,6,train,39.932976,0.41
2,7,train,76.522095,0.45
2,8,train,89.178787,0.48
2,9,train,68.102921,0.51
2,10,train,40.596016,0.55
2,11,train,46.363899,0.58
2,12,train,77.860550,0.62
2,13,train,75.846611,0.66
2,14,train,64.914040,0.69
2,15,train,72.148277,0.72
2,16,train,45.042385,0.76
2,17,train,69.806984,0.79
2,18,train,61.829514,0.82
2,19,train,67.372635,0.85
2,20,train,49.392315,0.89
2,21,train,55.723808,0.92
2,22,train,41.975075,0.95
2,23,train,41.264935,0.99
2,24,train,82.213394,1.02
2,25,train,49.828304,1.05
2,26,train,68.133316,1.08
2,27,train,40.107746,1.11
2,28,train,77.307304,1.14
2,29,train,96.104683,1.17
2,0,val,28.262808,1.35
2,1,val,37.432785,1.37
2,2,val,32.008911,1.37
2,3,val,26.878668,1.38
2,4,val,41.523033,1.39
2,5,val,46.017193,1.40
2,6,val,27.422897,1.41
2,7,val,53.419521,1.41
2,8,val,126.025597,1.42
2,9,val,86.093346,1.43
2,10,val,202.303741,1.44
2,11,val,56.486427,1.45
2,12,val,21.978710,1.46
2,13,val,36.025867,1.47
2,14,val,27.500952,1.48
2,15,val,27.310240,1.48
2,16,val,38.731033,1.49
2,17,val,271.583435,1.50
2,18,val,25.253103,1.51
2,19,val,44.959824,1.52
2,20,val,40.421139,1.53
2,21,val,26.239475,1.53
2,22,val,36.379303,1.54
2,23,val,48.636196,1.55
2,24,val,143.212433,1.56
2,25,val,54.582443,1.57
2,26,val,28.199820,1.58
2,27,val,32.241226,1.59
2,28,val,24.330725,1.60
2,29,val,26.864218,1.62
2,30,val,16.106407,1.62
2,31,val,39.360168,1.63
2,32,val,29.036352,1.64
2,33,val,24.071157,1.65
2,34,val,25.727604,1.66
2,35,val,43.201126,1.67
2,36,val,61.747154,1.68
2,37,val,27.070286,1.69
2,38,val,27.766640,1.70
2,39,val,121.160172,1.71
2,40,val,45.643394,1.72
2,41,val,35.794456,1.73
2,42,val,40.086563,1.74
2,43,val,45.179241,1.75
2,44,val,179.386871,1.76
2,45,val,125.008362,1.77
2,46,val,270.351349,1.78
2,47,val,38.588585,1.79
2,48,val,115.203964,1.80
2,49,val,21.317661,1.81
2,50,val,46.994331,1.81
2,51,val,24.391380,1.82
2,52,val,29.599270,1.83
2,53,val,25.540289,1.84
2,54,val,34.705696,1.85
2,55,val,23.794050,1.85
2,56,val,25.292542,1.86
2,57,val,30.745735,1.87
2,58,val,38.840786,1.88
2,59,val,34.329296,1.89
2,60,val,95.332321,1.90
2,61,val,50.657829,1.90
2,62,val,58.706997,1.91
2,63,val,47.922726,1.92
2,64,val,17.491776,1.93
2,65,val,187.842331,1.94
2,66,val,34.426098,1.95
2,67,val,27.541115,1.96
2,68,val,142.780670,1.96
2,69,val,26.511112,1.97
2,70,val,185.972412,1.98
2,71,val,202.439804,1.99
2,72,val,29.408165,2.00
2,73,val,25.792202,2.01
2,74,val,82.762054,2.02
2,75,val,62.871624,2.03
2,76,val,41.131775,2.03
2,77,val,25.934311,2.04
2,78,val,41.657864,2.04
2,79,val,70.833260,2.05
3,0,train,59.021183,0.22
3,1,train,29.369118,0.27
3,2,train,64.866104,0.31
3,3,train,67.369400,0.36
3,4,train,55.727554,0.41
3,5,train,45.682991,0.44
3,6,train,40.571762,0.48
3,7,train,61.337708,0.52
3,8,train,61.415543,0.55
3,9,train,87.573074,0.58
3,10,train,58.932636,0.62
3,11,train,86.083649,0.65
3,12,train,82.429794,0.69
3,13,train,66.315445,0.73
3,14,train,50.858315,0.76
3,15,train,71.532410,0.79
3,16,train,55.078140,0.84
3,17,train,57.180092,0.87
3,18,train,41.269016,0.90
3,19,train,58.660583,0.94
3,20,train,76.531151,0.97
3,21,train,69.512596,1.00
3,22,train,36.348038,1.03
3,23,train,56.296890,1.07
3,24,train,39.252983,1.10
3,25,train,91.352821,1.13
3,26,train,74.852432,1.16
3,27,train,66.482651,1.20
3,28,train,57.400879,1.23
3,29,train,62.238483,1.26
3,0,val,27.530613,1.43
3,1,val,34.699089,1.45
3,2,val,34.683498,1.46
3,3,val,24.906937,1.47
3,4,val,33.159542,1.47
3,5,val,38.656902,1.48
3,6,val,28.158049,1.49
3,7,val,50.252899,1.50
3,8,val,128.260605,1.50
3,9,val,89.934494,1.51
3,10,val,196.851227,1.52
3,11,val,54.587139,1.53
3,12,val,21.231180,1.54
3,13,val,35.971272,1.55
3,14,val,31.268673,1.56
3,15,val,25.334028,1.57
3,16,val,44.903915,1.57
3,17,val,277.110107,1.58
3,18,val,24.375408,1.59
3,19,val,39.359123,1.60
3,20,val,39.494064,1.61
3,21,val,28.099796,1.61
3,22,val,38.528889,1.62
3,23,val,52.746918,1.63
3,24,val,147.506943,1.64
3,25,val,52.346054,1.65
3,26,val,24.557615,1.66
3,27,val,35.701035,1.67
3,28,val,22.311478,1.68
3,29,val,27.062513,1.69
3,30,val,17.718428,1.69
3,31,val,38.241768,1.70
3,32,val,27.646536,1.71
3,33,val,27.380951,1.72
3,34,val,23.589809,1.73
3,35,val,41.431961,1.74
3,36,val,56.129440,1.75
3,37,val,26.371796,1.76
3,38,val,33.539871,1.77
3,39,val,119.732933,1.78
3,40,val,45.477173,1.79
3,41,val,33.518089,1.80
3,42,val,39.723335,1.81
3,43,val,35.451271,1.82
3,44,val,175.338348,1.83
3,45,val,120.779922,1.85
3,46,val,267.979919,1.86
3,47,val,34.530388,1.87
3,48,val,116.406700,1.88
3,49,val,21.974812,1.89
3,50,val,29.837612,1.90
3,51,val,29.833227,1.92
3,52,val,28.343542,1.92
3,53,val,24.705734,1.93
3,54,val,24.086620,1.94
3,55,val,29.572582,1.95
3,56,val,26.518520,1.97
3,57,val,33.921700,1.98
3,58,val,35.515625,1.99
3,59,val,28.234480,2.00
3,60,val,79.326447,2.01
3,61,val,65.493973,2.02
3,62,val,27.321760,2.03
3,63,val,68.340675,2.04
3,64,val,18.489302,2.05
3,65,val,185.347107,2.06
3,66,val,32.743698,2.07
3,67,val,49.123810,2.08
3,68,val,140.107391,2.09
3,69,val,37.985268,2.10
3,70,val,172.597275,2.11
3,71,val,198.755798,2.11
3,72,val,28.985836,2.12
3,73,val,25.018307,2.13
3,74,val,74.959213,2.14
3,75,val,54.987572,2.15
3,76,val,32.155968,2.16
3,77,val,24.963348,2.17
3,78,val,37.447342,2.17
3,79,val,98.274696,2.18
4,0,train,65.103989,0.14
4,1,train,124.527542,0.17
4,2,train,35.631248,0.20
4,3,train,39.454010,0.22
4,4,train,48.649418,0.25
4,5,train,52.753326,0.28
4,6,train,76.380585,0.30
4,7,train,123.477562,0.33
4,8,train,45.740589,0.35
4,9,train,75.258545,0.38
4,10,train,73.915100,0.41
4,11,train,52.526257,0.43
4,12,train,73.235992,0.46
4,13,train,74.170265,0.48
4,14,train,41.074821,0.51
4,15,train,92.524292,0.53
4,16,train,44.397545,0.56
4,17,train,41.113438,0.59
4,18,train,75.968864,0.61
4,19,train,126.559875,0.63
4,20,train,61.925926,0.66
4,21,train,88.755844,0.68
4,22,train,39.316074,0.71
4,23,train,75.301407,0.73
4,24,train,36.221626,0.76
4,25,train,35.816193,0.78
4,26,train,32.281845,0.81
4,27,train,80.949158,0.83
4,28,train,50.179886,0.86
4,29,train,91.993378,0.89
4,0,val,25.575933,1.01
4,1,val,32.173492,1.01
4,2,val,31.423576,1.02
4,3,val,22.918667,1.03
4,4,val,31.420284,1.03
4,5,val,38.419571,1.04
4,6,val,44.129238,1.05
4,7,val,49.645287,1.06
4,8,val,120.236847,1.07
4,9,val,82.383362,1.07
4,10,val,192.085388,1.08
4,11,val,51.626312,1.09
4,12,val,33.993690,1.09
4,13,val,34.225124,1.10
4,14,val,29.278534,1.10
4,15,val,25.342545,1.11
4,16,val,33.400578,1.12
4,17,val,260.761932,1.12
4,18,val,28.309683,1.13
4,19,val,42.609371,1.14
4,20,val,38.586403,1.14
4,21,val,27.190613,1.15
4,22,val,35.066921,1.16
4,23,val,68.702400,1.17
4,24,val,137.115799,1.17
4,25,val,53.669640,1.18
4,26,val,24.000198,1.19
4,27,val,35.272133,1.19
4,28,val,22.281593,1.20
4,29,val,24.553528,1.20
4,30,val,20.923342,1.21
4,31,val,39.249161,1.22
4,32,val,29.625671,1.22
4,33,val,23.588135,1.23
4,34,val,35.056568,1.23
4,35,val,41.310307,1.24
4,36,val,56.448730,1.25
4,37,val,25.259064,1.26
4,38,val,28.016518,1.26
4,39,val,128.188263,1.27
4,40,val,45.616821,1.28
4,41,val,32.509838,1.28
4,42,val,42.104549,1.29
4,43,val,38.295273,1.30
4,44,val,171.543793,1.30
4,45,val,119.198486,1.31
4,46,val,260.678345,1.32
4,47,val,32.800674,1.32
4,48,val,113.546806,1.33
4,49,val,21.015285,1.34
4,50,val,29.048315,1.35
4,51,val,22.516232,1.35
4,52,val,27.605717,1.36
4,53,val,24.000748,1.37
4,54,val,23.502432,1.38
4,55,val,21.232889,1.38
4,56,val,25.093849,1.39
4,57,val,29.147614,1.40
4,58,val,32.414772,1.40
4,59,val,29.384161,1.41
4,60,val,82.895874,1.42
4,61,val,59.448437,1.42
4,62,val,30.260710,1.43
4,63,val,45.796898,1.44
4,64,val,18.861406,1.44
4,65,val,187.608124,1.45
4,66,val,36.781891,1.46
4,67,val,25.834690,1.47
4,68,val,138.766174,1.47
4,69,val,30.225376,1.48
4,70,val,167.122803,1.49
4,71,val,194.553757,1.49
4,72,val,24.206924,1.50
4,73,val,24.191626,1.51
4,74,val,75.084976,1.51
4,75,val,53.845192,1.52
4,76,val,30.577345,1.53
4,77,val,28.544193,1.53
4,78,val,36.656136,1.53
4,79,val,65.821915,1.54
5,0,train,74.013725,0.13
5,1,train,83.565643,0.16
5,2,train,51.720974,0.19
5,3,train,35.316154,0.22
5,4,train,40.393314,0.25
5,5,train,41.376076,0.28
5,6,train,59.599464,0.30
5,7,train,43.182663,0.33
5,8,train,65.441643,0.36
5,9,train,80.763474,0.39
5,10,train,35.809624,0.41
5,11,train,81.488350,0.44
5,12,train,49.524681,0.46
5,13,train,72.634933,0.49
5,14,train,40.352009,0.52
5,15,train,82.099213,0.54
5,16,train,31.293995,0.57
5,17,train,38.107670,0.59
5,18,train,49.422371,0.62
5,19,train,30.551188,0.64
5,20,train,51.708565,0.67
5,21,train,38.310112,0.70
5,22,train,29.318769,0.73
5,23,train,35.639168,0.75
5,24,train,35.284012,0.78
5,25,train,57.639591,0.81
5,26,train,67.066971,0.84
5,27,train,59.716087,0.86
5,28,train,57.829544,0.88
5,29,train,44.184940,0.91
5,0,val,37.441082,1.02
5,1,val,30.925941,1.03
5,2,val,30.254042,1.04
5,3,val,23.391958,1.04
5,4,val,33.986233,1.05
5,5,val,37.367699,1.06
5,6,val,24.697567,1.07
5,7,val,47.843597,1.07
5,8,val,117.480240,1.08
5,9,val,81.864990,1.09
5,10,val,188.652283,1.09
5,11,val,81.186516,1.10
5,12,val,19.457291,1.11
5,13,val,32.899185,1.11
5,14,val,26.737967,1.12
5,15,val,24.972816,1.12
5,16,val,33.912529,1.13
5,17,val,257.037323,1.14
5,18,val,22.263443,1.14
5,19,val,39.878002,1.15
5,20,val,51.800255,1.16
5,21,val,22.990889,1.17
5,22,val,34.224239,1.18
5,23,val,46.869762,1.18
5,24,val,150.550323,1.19
5,25,val,51.848106,1.19
5,26,val,22.840649,1.20
5,27,val,29.593298,1.21
5,28,val,22.230862,1.21
5,29,val,26.652390,1.22
5,30,val,17.183823,1.23
5,31,val,36.288235,1.23
5,32,val,30.856640,1.24
5,33,val,22.488003,1.25
5,34,val,21.419134,1.25
5,35,val,42.574059,1.26
5,36,val,54.768707,1.27
5,37,val,25.086502,1.28
5,38,val,27.091070,1.29
5,39,val,117.534515,1.29
5,40,val,42.216698,1.30
5,41,val,33.311607,1.31
5,42,val,37.619621,1.31
5,43,val,34.630081,1.32
5,44,val,176.868576,1.33
5,45,val,116.704277,1.33
5,46,val,256.319397,1.34
5,47,val,32.748253,1.35
5,48,val,108.366325,1.35
5,49,val,20.093740,1.36
5,50,val,28.501913,1.37
5,51,val,24.041725,1.38
5,52,val,28.550674,1.38
5,53,val,22.089422,1.39
5,54,val,22.283293,1.40
5,55,val,19.735016,1.40
5,56,val,26.020382,1.41
5,57,val,30.494854,1.42
5,58,val,41.086651,1.42
5,59,val,23.309906,1.43
5,60,val,76.254692,1.44
5,61,val,46.948914,1.44
5,62,val,26.385921,1.45
5,63,val,45.467049,1.46
5,64,val,15.926387,1.47
5,65,val,177.571930,1.47
5,66,val,32.213036,1.48
5,67,val,55.321178,1.49
5,68,val,138.196182,1.50
5,69,val,26.502583,1.50
5,70,val,189.351913,1.51
5,71,val,191.979462,1.52
5,72,val,23.415388,1.52
5,73,val,22.339239,1.53
5,74,val,69.461510,1.54
5,75,val,52.008141,1.54
5,76,val,30.170361,1.55
5,77,val,27.267097,1.55
5,78,val,36.087349,1.56
5,79,val,66.774620,1.56
6,0,train,43.196217,0.11
6,1,train,53.284889,0.15
6,2,train,34.854305,0.18
6,3,train,54.829174,0.21
6,4,train,93.811821,0.24
6,5,train,75.445389,0.27
6,6,train,46.145302,0.30
6,7,train,80.485565,0.33
6,8,train,52.075077,0.36
6,9,train,35.880276,0.39
6,10,train,44.631714,0.42
6,11,train,63.967571,0.45
6,12,train,46.857174,0.48
6,13,train,42.636719,0.51
6,14,train,56.176521,0.54
6,15,train,41.918324,0.56
6,16,train,40.115150,0.59
6,17,train,70.537933,0.62
6,18,train,49.902576,0.65
6,19,train,43.202847,0.87
6,20,train,101.344971,0.91
6,21,train,83.816727,0.94
6,22,train,97.219543,0.97
6,23,train,54.617317,0.99
6,24,train,58.655437,1.02
6,25,train,52.202423,1.06
6,26,train,39.418461,1.08
6,27,train,70.975937,1.11
6,28,train,62.213448,1.13
6,29,train,53.025135,1.15
6,0,val,24.187698,1.27
6,1,val,31.025654,1.28
6,2,val,45.637421,1.28
6,3,val,21.992168,1.29
6,4,val,36.119820,1.30
6,5,val,35.759083,1.31
6,6,val,24.923527,1.31
6,7,val,46.215645,1.32
6,8,val,114.816452,1.33
6,9,val,77.740356,1.34
6,10,val,185.860931,1.34
6,11,val,49.187347,1.35
6,12,val,24.352840,1.36
6,13,val,32.833420,1.36
6,14,val,24.999187,1.37
6,15,val,24.953541,1.38
6,16,val,31.225311,1.38
6,17,val,252.694321,1.39
6,18,val,22.561539,1.40
6,19,val,37.329685,1.41
6,20,val,38.882610,1.41
6,21,val,22.685043,1.42
6,22,val,34.876591,1.43
6,23,val,45.469353,1.43
6,24,val,134.200714,1.44
6,25,val,50.190609,1.45
6,26,val,22.824905,1.45
6,27,val,30.310675,1.46
6,28,val,20.847231,1.47
6,29,val,54.362713,1.47
6,30,val,13.657467,1.48
6,31,val,36.198524,1.48
6,32,val,25.503490,1.49
6,33,val,22.254768,1.50
6,34,val,20.844486,1.51
6,35,val,40.240158,1.52
6,36,val,56.180176,1.52
6,37,val,24.253780,1.53
6,38,val,24.859549,1.53
6,39,val,113.703537,1.54
6,40,val,69.072510,1.55
6,41,val,32.481689,1.55
6,42,val,38.082745,1.56
6,43,val,32.866707,1.57
6,44,val,167.208359,1.57
6,45,val,117.400452,1.58
6,46,val,253.380341,1.58
6,47,val,44.352005,1.59
6,48,val,113.115074,1.60
6,49,val,20.568327,1.60
6,50,val,26.550186,1.61
6,51,val,28.925659,1.62
6,52,val,29.266399,1.63
6,53,val,22.013578,1.63
6,54,val,24.079807,1.64
6,55,val,19.584160,1.65
6,56,val,25.614996,1.65
6,57,val,30.190746,1.66
6,58,val,32.433098,1.66
6,59,val,24.633986,1.67
6,60,val,74.938560,1.68
6,61,val,49.290184,1.68
6,62,val,27.492249,1.69
6,63,val,45.682781,1.70
6,64,val,16.863190,1.70
6,65,val,176.188354,1.71
6,66,val,32.899471,1.72
6,67,val,24.733343,1.72
6,68,val,132.094482,1.73
6,69,val,25.450848,1.74
6,70,val,159.645706,1.74
6,71,val,189.318146,1.75
6,72,val,23.483618,1.76
6,73,val,40.288036,1.76
6,74,val,67.553490,1.77
6,75,val,52.633858,1.78
6,76,val,29.195232,1.78
6,77,val,29.675282,1.79
6,78,val,34.392334,1.79
6,79,val,63.951675,1.80
7,0,train,70.455338,0.13
7,1,train,55.930515,0.16
7,2,train,69.713257,0.19
7,3,train,110.313202,0.22
7,4,train,65.601089,0.24
7,5,train,60.690044,0.27
7,6,train,41.304962,0.30
7,7,train,60.188667,0.32
7,8,train,47.581272,0.35
7,9,train,55.608765,0.38
7,10,train,44.813614,0.40
7,11,train,87.171936,0.43
7,12,train,52.370499,0.45
7,13,train,36.722130,0.48
7,14,train,59.531063,0.51
7,15,train,56.695122,0.53
7,16,train,76.327538,0.56
7,17,train,88.916443,0.58
7,18,train,63.113560,0.61
7,19,train,44.136803,0.63
7,20,train,98.287529,0.66
7,21,train,36.764652,0.69
7,22,train,55.342197,0.71
7,23,train,85.648422,0.74
7,24,train,58.914650,0.76
7,25,train,62.210091,0.79
7,26,train,38.854546,0.81
7,27,train,60.127419,0.84
7,28,train,45.935921,0.86
7,29,train,47.303875,0.89
7,0,val,25.855947,1.03
7,1,val,32.986271,1.04
7,2,val,28.614325,1.05
7,3,val,20.593651,1.07
7,4,val,35.563900,1.07
7,5,val,35.198364,1.08
7,6,val,25.952902,1.09
7,7,val,45.164970,1.09
7,8,val,112.450607,1.10
7,9,val,84.903641,1.11
7,10,val,193.894867,1.12
7,11,val,49.523041,1.13
7,12,val,20.564018,1.13
7,13,val,31.938873,1.14
7,14,val,23.995468,1.14
7,15,val,24.890854,1.15
7,16,val,36.262905,1.16
7,17,val,245.896408,1.17
7,18,val,21.704494,1.17
7,19,val,35.895184,1.18
7,20,val,36.438885,1.19
7,21,val,31.833153,1.19
7,22,val,33.652176,1.20
7,23,val,48.338192,1.21
7,24,val,129.996521,1.22
7,25,val,52.087524,1.22
7,26,val,21.828358,1.23
7,27,val,67.000763,1.24
7,28,val,22.065781,1.24
7,29,val,22.766865,1.25
7,30,val,14.702304,1.26
7,31,val,61.639202,1.27
7,32,val,27.487717,1.27
7,33,val,21.396358,1.28
7,34,val,21.508190,1.29
7,35,val,45.152020,1.29
7,36,val,53.639999,1.30
7,37,val,45.562172,1.31
7,38,val,24.981434,1.31
7,39,val,108.471436,1.32
7,40,val,39.513382,1.33
7,41,val,30.459019,1.33
7,42,val,36.332150,1.34
7,43,val,34.374249,1.35
7,44,val,163.417511,1.35
7,45,val,111.843628,1.36
7,46,val,249.588608,1.37
7,47,val,31.427212,1.38
7,48,val,104.608414,1.38
7,49,val,19.049953,1.39
7,50,val,27.318396,1.40
7,51,val,23.507872,1.40
7,52,val,29.763519,1.41
7,53,val,21.137888,1.42
7,54,val,21.028881,1.42
7,55,val,20.136993,1.43
7,56,val,22.514492,1.44
7,57,val,30.771938,1.44
7,58,val,33.877701,1.45
7,59,val,23.551771,1.46
7,60,val,72.567680,1.47
7,61,val,45.516277,1.48
7,62,val,25.787991,1.48
7,63,val,45.032150,1.49
7,64,val,16.886642,1.49
7,65,val,248.931396,1.50
7,66,val,31.517612,1.51
7,67,val,25.773037,1.51
7,68,val,130.118301,1.52
7,69,val,24.652227,1.53
7,70,val,171.784393,1.53
7,71,val,185.609680,1.54
7,72,val,25.027496,1.55
7,73,val,21.546532,1.55
7,74,val,66.201385,1.56
7,75,val,49.119259,1.57
7,76,val,28.859983,1.57
7,77,val,22.682081,1.58
7,78,val,34.937622,1.58
7,79,val,63.738594,1.59
8,0,train,58.843941,0.11
8,1,train,63.321800,0.14
8,2,train,66.464958,0.17
8,3,train,40.906914,0.19
8,4,train,129.112183,0.22
8,5,train,57.186069,0.25
8,6,train,46.329231,0.28
8,7,train,65.160988,0.31
8,8,train,59.417316,0.33
8,9,train,47.336739,0.36
8,10,train,71.438766,0.39
8,11,train,41.939857,0.41
8,12,train,28.651266,0.45
8,13,train,54.596703,0.49
8,14,train,52.045380,0.51
8,15,train,62.436142,0.54
8,16,train,55.979782,0.56
8,17,train,58.327888,0.59
8,18,train,38.235451,0.61
8,19,train,28.581486,0.64
8,20,train,40.401382,0.67
8,21,train,60.711826,0.70
8,22,train,37.008774,0.73
8,23,train,50.638035,0.75
8,24,train,83.105057,0.78
8,25,train,41.225327,0.81
8,26,train,62.501366,0.84
8,27,train,101.662132,0.86
8,28,train,43.176552,0.88
8,29,train,45.620842,0.91
8,0,val,24.351654,1.03
8,1,val,29.928070,1.03
8,2,val,27.086227,1.04
8,3,val,21.604650,1.05
8,4,val,28.769224,1.06
8,5,val,37.409866,1.07
8,6,val,27.771231,1.08
8,7,val,44.304810,1.09
8,8,val,131.440613,1.09
8,9,val,76.983780,1.10
8,10,val,177.526154,1.11
8,11,val,48.398849,1.11
8,12,val,18.268471,1.12
8,13,val,42.594734,1.13
8,14,val,29.152493,1.13
8,15,val,39.389725,1.14
8,16,val,44.706615,1.15
8,17,val,242.595642,1.16
8,18,val,21.442825,1.17
8,19,val,37.351357,1.17
8,20,val,34.792919,1.18
8,21,val,22.721306,1.19
8,22,val,44.297405,1.19
8,23,val,44.827332,1.20
8,24,val,126.798950,1.21
8,25,val,48.521770,1.21
8,26,val,22.469177,1.22
8,27,val,29.354429,1.23
8,28,val,19.832886,1.23
8,29,val,22.186966,1.24
8,30,val,13.223560,1.24
8,31,val,53.706955,1.25
8,32,val,25.466536,1.26
8,33,val,22.460012,1.27
8,34,val,19.424295,1.27
8,35,val,38.266525,1.28
8,36,val,53.660339,1.29
8,37,val,23.945858,1.29
8,38,val,25.638271,1.30
8,39,val,106.625504,1.31
8,40,val,52.511444,1.31
8,41,val,29.492188,1.32
8,42,val,37.353348,1.33
8,43,val,31.778265,1.33
8,44,val,160.771103,1.34
8,45,val,122.776482,1.35
8,46,val,241.607544,1.35
8,47,val,41.032673,1.36
8,48,val,110.932205,1.37
8,49,val,24.253204,1.38
8,50,val,26.815262,1.39
8,51,val,20.069229,1.39
8,52,val,25.229477,1.40
8,53,val,30.439491,1.41
8,54,val,20.333021,1.41
8,55,val,33.893856,1.42
8,56,val,25.435934,1.43
8,57,val,28.854687,1.43
8,58,val,32.440269,1.44
8,59,val,21.732222,1.45
8,60,val,77.683861,1.46
8,61,val,44.802521,1.46
8,62,val,23.794331,1.48
8,63,val,44.420269,1.49
8,64,val,14.671404,1.50
8,65,val,168.851868,1.50
8,66,val,28.681210,1.51
8,67,val,53.275833,1.52
8,68,val,126.389465,1.52
8,69,val,22.237846,1.53
8,70,val,155.990921,1.54
8,71,val,184.829834,1.54
8,72,val,45.938915,1.55
8,73,val,21.406301,1.56
8,74,val,64.126472,1.56
8,75,val,50.293896,1.57
8,76,val,27.415390,1.58
8,77,val,29.164953,1.59
8,78,val,33.125687,1.59
8,79,val,64.962044,1.59
9,0,train,73.090729,0.17
9,1,train,37.801727,0.23
9,2,train,45.164970,0.27
9,3,train,66.650421,0.30
9,4,train,44.133240,0.34
9,5,train,29.778122,0.38
9,6,train,65.523018,0.41
9,7,train,39.623322,0.44
9,8,train,58.038033,0.48
9,9,train,89.709412,0.51
9,10,train,53.231346,0.54
9,11,train,32.603645,0.58
9,12,train,30.964272,0.61
9,13,train,36.988327,0.65
9,14,train,39.254704,0.69
9,15,train,31.169212,0.72
9,16,train,34.625557,0.76
9,17,train,45.330574,0.79
9,18,train,67.975159,0.82
9,19,train,76.079865,0.86
9,20,train,59.626621,0.90
9,21,train,59.585152,0.93
9,22,train,42.544708,0.96
9,23,train,37.979641,1.00
9,24,train,40.466507,1.03
9,25,train,86.277107,1.06
9,26,train,63.438087,1.10
9,27,train,37.622551,1.12
9,28,train,66.332283,1.15
9,29,train,73.394363,1.18
9,0,val,23.762672,1.35
9,1,val,30.961315,1.38
9,2,val,28.347393,1.39
9,3,val,20.996906,1.40
9,4,val,27.983557,1.41
9,5,val,41.378540,1.42
9,6,val,29.009583,1.43
9,7,val,43.009285,1.44
9,8,val,109.095337,1.44
9,9,val,72.003105,1.45
9,10,val,176.219116,1.46
9,11,val,46.497208,1.47
9,12,val,18.107647,1.48
9,13,val,32.316517,1.48
9,14,val,27.698902,1.50
9,15,val,21.923401,1.50
9,16,val,30.060986,1.51
9,17,val,240.099182,1.52
9,18,val,21.845160,1.53
9,19,val,35.227036,1.53
9,20,val,35.060486,1.54
9,21,val,21.373077,1.55
9,22,val,30.912771,1.56
9,23,val,45.532494,1.56
9,24,val,124.796165,1.57
9,25,val,51.094368,1.58
9,26,val,27.234951,1.59
9,27,val,28.202536,1.60
9,28,val,20.650478,1.61
9,29,val,21.787802,1.61
9,30,val,12.266138,1.62
9,31,val,33.338112,1.63
9,32,val,25.220032,1.64
9,33,val,21.677114,1.65
9,34,val,19.651543,1.65
9,35,val,37.114079,1.66
9,36,val,52.216515,1.67
9,37,val,22.567589,1.68
9,38,val,22.823669,1.69
9,39,val,105.816986,1.70
9,40,val,37.539543,1.71
9,41,val,64.465286,1.72
9,42,val,34.749138,1.73
9,43,val,32.290955,1.74
9,44,val,158.180420,1.75
9,45,val,107.359856,1.76
9,46,val,243.198608,1.77
9,47,val,31.788872,1.78
9,48,val,106.120361,1.78
9,49,val,21.618343,1.80
9,50,val,25.511642,1.81
9,51,val,20.330233,1.82
9,52,val,24.698162,1.83
9,53,val,19.488667,1.84
9,54,val,20.094952,1.85
9,55,val,18.478325,1.86
9,56,val,36.735970,1.87
9,57,val,26.745323,1.87
9,58,val,33.802238,1.88
9,59,val,21.536938,1.89
9,60,val,70.951965,1.90
9,61,val,43.683197,1.91
9,62,val,22.889324,1.93
9,63,val,68.414230,1.93
9,64,val,16.842665,1.94
9,65,val,166.113770,1.95
9,66,val,28.997364,1.96
9,67,val,22.726706,1.97
9,68,val,123.316765,1.98
9,69,val,21.712078,1.99
9,70,val,153.247574,1.99
9,71,val,181.204514,2.00
9,72,val,21.614231,2.01
9,73,val,21.563787,2.02
9,74,val,61.749840,2.03
9,75,val,47.563698,2.04
9,76,val,26.447195,2.04
9,77,val,21.930405,2.05
9,78,val,36.665688,2.05
9,79,val,60.404366,2.06
10,0,train,57.557182,0.17
10,1,train,43.884560,0.21
10,2,train,83.220955,0.25
10,3,train,41.977547,0.28
10,4,train,54.004990,0.32
10,5,train,43.694656,0.36
10,6,train,38.727627,0.39
10,7,train,52.202698,0.43
10,8,train,49.652466,0.46
10,9,train,35.935669,0.49
10,10,train,36.363361,0.53
10,11,train,49.791100,0.56
10,12,train,43.061111,0.60
10,13,train,39.862499,0.63
10,14,train,61.921585,0.67
10,15,train,78.059021,0.70
10,16,train,33.762833,0.74
10,17,train,47.925240,0.78
10,18,train,50.671192,0.81
10,19,train,43.134800,0.86
10,20,train,42.718727,0.89
10,21,train,32.205963,0.92
10,22,train,64.965729,0.95
10,23,train,60.588585,0.98
10,24,train,63.169064,1.02
10,25,train,41.944458,1.05
10,26,train,44.081879,1.08
10,27,train,48.448395,1.11
10,28,train,92.646202,1.14
10,29,train,50.478481,1.17
10,0,val,22.551352,1.35
10,1,val,29.805975,1.37
10,2,val,36.631329,1.38
10,3,val,22.526077,1.39
10,4,val,27.785416,1.40
10,5,val,33.636002,1.41
10,6,val,23.289436,1.42
10,7,val,42.067970,1.43
10,8,val,108.426384,1.44
10,9,val,74.398491,1.44
10,10,val,171.014511,1.45
10,11,val,45.433723,1.46
10,12,val,41.504951,1.47
10,13,val,32.367542,1.48
10,14,val,28.676064,1.49
10,15,val,21.280190,1.50
10,16,val,29.745419,1.51
10,17,val,241.540222,1.51
10,18,val,20.868610,1.52
10,19,val,34.941719,1.53
10,20,val,33.988747,1.54
10,21,val,19.796055,1.55
10,22,val,30.305822,1.55
10,23,val,42.363319,1.56
10,24,val,122.324341,1.57
10,25,val,48.317253,1.58
10,26,val,20.879026,1.59
10,27,val,27.422176,1.60
10,28,val,18.554136,1.61
10,29,val,24.451193,1.62
10,30,val,12.036525,1.63
10,31,val,33.252769,1.65
10,32,val,24.403774,1.67
10,33,val,20.414160,1.70
10,34,val,23.453621,1.72
10,35,val,38.566238,1.73
10,36,val,49.307549,1.74
10,37,val,36.033852,1.75
10,38,val,23.622091,1.76
10,39,val,102.078094,1.77
10,40,val,38.466122,1.78
10,41,val,37.575165,1.79
10,42,val,33.958649,1.80
10,43,val,31.360266,1.81
10,44,val,162.994049,1.82
10,45,val,104.946098,1.83
10,46,val,233.063660,1.84
10,47,val,30.185802,1.85
10,48,val,101.207489,1.86
10,49,val,18.649029,1.87
10,50,val,25.216122,1.88
10,51,val,19.342598,1.90
10,52,val,58.122234,1.91
10,53,val,18.893673,1.92
10,54,val,19.515209,1.93
10,55,val,20.691729,1.94
10,56,val,33.790417,1.95
10,57,val,26.496435,1.96
10,58,val,41.382259,1.97
10,59,val,21.873953,1.97
10,60,val,77.697952,1.98
10,61,val,42.661736,1.99
10,62,val,23.233191,2.00
10,63,val,44.985771,2.01
10,64,val,27.079542,2.03
10,65,val,163.490128,2.04
10,66,val,29.502699,2.05
10,67,val,22.575720,2.06
10,68,val,122.424759,2.06
10,69,val,20.963392,2.07
10,70,val,148.586411,2.08
10,71,val,178.503601,2.08
10,72,val,22.080700,2.09
10,73,val,21.009682,2.10
10,74,val,60.743767,2.10
10,75,val,49.684856,2.11
10,76,val,42.660645,2.12
10,77,val,22.519796,2.12
10,78,val,31.347855,2.13
10,79,val,61.049385,2.13
11,0,train,64.232574,0.12
11,1,train,27.794697,0.16
11,2,train,34.228477,0.19
11,3,train,40.997299,0.21
11,4,train,53.594498,0.24
11,5,train,33.732651,0.27
11,6,train,85.563850,0.30
11,7,train,36.621201,0.33
11,8,train,57.580490,0.36
11,9,train,59.646111,0.39
11,10,train,51.869537,0.41
11,11,train,38.603386,0.44
11,12,train,58.498940,0.47
11,13,train,40.356308,0.51
11,14,train,75.847588,0.54
11,15,train,40.625107,0.57
11,16,train,52.911011,0.60
11,17,train,42.913948,0.62
11,18,train,42.802944,0.65
11,19,train,66.286827,0.68
11,20,train,52.951641,0.70
11,21,train,78.005188,0.73
11,22,train,78.685577,0.76
11,23,train,33.989079,0.78
11,24,train,43.491676,0.81
11,25,train,32.075508,0.84
11,26,train,40.145370,0.86
11,27,train,33.229538,0.88
11,28,train,77.671532,0.91
11,29,train,42.159832,0.93
11,0,val,21.930477,1.05
11,1,val,29.743902,1.06
11,2,val,25.256912,1.06
11,3,val,19.387144,1.07
11,4,val,27.355755,1.08
11,5,val,36.477097,1.09
11,6,val,22.375954,1.10
11,7,val,59.432571,1.10
11,8,val,104.242363,1.11
11,9,val,70.435249,1.11
11,10,val,168.413513,1.12
11,11,val,47.939816,1.13
11,12,val,17.263607,1.13
11,13,val,31.029661,1.14
11,14,val,27.563940,1.15
11,15,val,21.318731,1.15
11,16,val,32.337563,1.16
11,17,val,229.531342,1.17
11,18,val,20.446144,1.17
11,19,val,34.221565,1.18
11,20,val,34.231915,1.19
11,21,val,20.156204,1.20
11,22,val,29.592537,1.20
11,23,val,42.315727,1.21
11,24,val,127.570175,1.22
11,25,val,49.862061,1.22
11,26,val,19.994665,1.23
11,27,val,26.808102,1.23
11,28,val,19.769773,1.24
11,29,val,21.042965,1.25
11,30,val,11.569713,1.25
11,31,val,32.691921,1.26
11,32,val,26.625988,1.27
11,33,val,19.914106,1.27
11,34,val,19.321735,1.28
11,35,val,37.761383,1.29
11,36,val,49.036816,1.30
11,37,val,30.607283,1.31
11,38,val,23.437811,1.31
11,39,val,99.978973,1.32
11,40,val,36.986599,1.33
11,41,val,26.892904,1.33
11,42,val,33.962051,1.34
11,43,val,30.426687,1.35
11,44,val,153.870117,1.35
11,45,val,104.165794,1.36
11,46,val,231.936005,1.36
11,47,val,31.081810,1.37
11,48,val,99.485703,1.38
11,49,val,49.157379,1.38
11,50,val,25.980864,1.39
11,51,val,19.796631,1.40
11,52,val,24.057425,1.41
11,53,val,18.701685,1.42
11,54,val,19.184734,1.42
11,55,val,18.867409,1.43
11,56,val,43.072693,1.44
11,57,val,26.842169,1.44
11,58,val,36.056648,1.45
11,59,val,20.267380,1.45
11,60,val,69.360596,1.46
11,61,val,43.150543,1.47
11,62,val,21.670813,1.47
11,63,val,41.040108,1.48
11,64,val,13.772278,1.49
11,65,val,159.494324,1.49
11,66,val,47.014214,1.50
11,67,val,22.516724,1.51
11,68,val,118.618774,1.52
11,69,val,21.485435,1.53
11,70,val,145.418594,1.54
11,71,val,174.755188,1.55
11,72,val,22.090527,1.55
11,73,val,19.801483,1.56
11,74,val,59.690826,1.57
11,75,val,47.424995,1.57
11,76,val,32.491329,1.58
11,77,val,21.800589,1.58
11,78,val,30.867758,1.58
11,79,val,60.744949,1.59
12,0,train,41.840973,0.14
12,1,train,29.974340,0.17
12,2,train,58.662651,0.20
12,3,train,34.697395,0.23
12,4,train,73.801056,0.25
12,5,train,55.779518,0.29
12,6,train,55.802071,0.31
12,7,train,48.711960,0.34
12,8,train,55.561855,0.37
12,9,train,42.038788,0.40
12,10,train,42.808861,0.43
12,11,train,38.706291,0.46
12,12,train,60.420071,0.49
12,13,train,51.029293,0.52
12,14,train,48.103737,0.55
12,15,train,49.309898,0.57
12,16,train,85.989487,0.60
12,17,train,31.231258,0.62
12,18,train,63.923828,0.65
12,19,train,48.119408,0.68
12,20,train,77.515305,0.71
12,21,train,33.667137,0.73
12,22,train,71.503021,0.76
12,23,train,48.085129,0.79
12,24,train,34.208973,0.81
12,25,train,60.999161,0.85
12,26,train,41.199417,0.87
12,27,train,40.407619,0.89
12,28,train,34.148758,0.91
12,29,train,92.966644,0.94
12,0,val,51.516632,1.06
12,1,val,28.427570,1.07
12,2,val,25.459854,1.07
12,3,val,19.099937,1.08
12,4,val,26.936211,1.09
12,5,val,32.674866,1.09
12,6,val,21.650778,1.11
12,7,val,47.578369,1.11
12,8,val,101.676941,1.12
12,9,val,68.561539,1.13
12,10,val,169.146179,1.13
12,11,val,47.866425,1.14
12,12,val,16.253782,1.15
12,13,val,30.694141,1.15
12,14,val,21.832685,1.16
12,15,val,21.640060,1.17
12,16,val,28.879848,1.17
12,17,val,225.791016,1.18
12,18,val,20.369509,1.19
12,19,val,33.941448,1.19
12,20,val,33.978184,1.20
12,21,val,20.039278,1.21
12,22,val,27.723822,1.22
12,23,val,43.416161,1.22
12,24,val,117.901085,1.23
12,25,val,46.219017,1.24
12,26,val,33.712906,1.24
12,27,val,27.289999,1.25
12,28,val,18.309029,1.26
12,29,val,23.751904,1.26
12,30,val,11.816775,1.27
12,31,val,32.373116,1.27
12,32,val,34.588924,1.28
12,33,val,20.343954,1.29
12,34,val,18.342979,1.29
12,35,val,38.252579,1.30
12,36,val,81.608322,1.31
12,37,val,21.511221,1.32
12,38,val,22.680653,1.32
12,39,val,99.546654,1.33
12,40,val,38.969765,1.34
12,41,val,29.552147,1.34
12,42,val,32.906273,1.35
12,43,val,31.451925,1.36
12,44,val,154.086258,1.36
12,45,val,102.182632,1.37
12,46,val,228.527939,1.38
12,47,val,28.326735,1.39
12,48,val,99.538574,1.39
12,49,val,26.705715,1.40
12,50,val,24.641302,1.41
12,51,val,19.366203,1.42
12,52,val,23.397865,1.42
12,53,val,18.739956,1.43
12,54,val,18.958935,1.44
12,55,val,17.800879,1.45
12,56,val,22.440571,1.45
12,57,val,27.906303,1.46
12,58,val,29.407406,1.47
12,59,val,22.503902,1.47
12,60,val,65.310242,1.48
12,61,val,43.618130,1.49
12,62,val,23.812691,1.50
12,63,val,41.346146,1.50
12,64,val,13.828239,1.51
12,65,val,157.916229,1.52
12,66,val,27.884115,1.53
12,67,val,20.908524,1.53
12,68,val,119.652496,1.54
12,69,val,21.490850,1.55
12,70,val,143.787430,1.55
12,71,val,171.248535,1.56
12,72,val,22.793646,1.57
12,73,val,21.168783,1.57
12,74,val,58.329617,1.58
12,75,val,62.981930,1.59
12,76,val,25.089859,1.59
12,77,val,21.124504,1.60
12,78,val,32.588379,1.60
12,79,val,58.321526,1.60
13,0,train,49.315399,0.14
13,1,train,28.835171,0.18
13,2,train,39.260880,0.20
13,3,train,59.047234,0.23
13,4,train,85.234848,0.25
13,5,train,73.364349,0.28
13,6,train,103.625610,0.31
13,7,train,44.990208,0.33
13,8,train,67.641838,0.36
13,9,train,44.303745,0.45
13,10,train,51.266853,0.48
13,11,train,58.699924,0.51
13,12,train,38.106934,0.53
13,13,train,39.060898,0.56
13,14,train,35.055664,0.59
13,15,train,94.143066,0.61
13,16,train,42.897141,0.64
13,17,train,76.302330,0.67
13,18,train,38.945854,0.69
13,19,train,77.448265,0.72
13,20,train,54.519531,0.75
13,21,train,94.484344,0.78
13,22,train,48.868889,0.81
13,23,train,33.634518,0.86
13,24,train,47.741913,0.89
13,25,train,67.798447,0.92
13,26,train,55.482964,0.95
13,27,train,28.207893,0.99
13,28,train,61.703457,1.02
13,29,train,56.562962,1.06
13,0,val,21.015209,1.18
13,1,val,29.188614,1.19
13,2,val,25.516495,1.20
13,3,val,19.099476,1.21
13,4,val,27.845352,1.22
13,5,val,32.789455,1.23
13,6,val,21.000154,1.24
13,7,val,41.583031,1.24
13,8,val,99.750298,1.25
13,9,val,66.357658,1.26
13,10,val,160.874359,1.27
13,11,val,43.133373,1.27
13,12,val,16.980385,1.28
13,13,val,28.989605,1.29
13,14,val,27.459074,1.29
13,15,val,21.217712,1.30
13,16,val,29.067226,1.31
13,17,val,222.165817,1.32
13,18,val,21.802963,1.32
13,19,val,41.903000,1.33
13,20,val,32.358032,1.34
13,21,val,18.894285,1.34
13,22,val,28.312923,1.35
13,23,val,40.095085,1.36
13,24,val,118.098473,1.36
13,25,val,44.589470,1.37
13,26,val,21.662258,1.38
13,27,val,39.541321,1.38
13,28,val,27.040356,1.39
13,29,val,19.954485,1.39
13,30,val,11.973629,1.40
13,31,val,31.959824,1.41
13,32,val,27.848906,1.41
13,33,val,18.717787,1.42
13,34,val,18.341434,1.43
13,35,val,35.334412,1.44
13,36,val,48.197247,1.45
13,37,val,21.076107,1.45
13,38,val,22.391541,1.46
13,39,val,116.716393,1.47
13,40,val,35.858513,1.47
13,41,val,29.832663,1.48
13,42,val,33.050949,1.48
13,43,val,28.765379,1.49
13,44,val,150.179977,1.50
13,45,val,100.052048,1.50
13,46,val,257.100189,1.51
13,47,val,30.010641,1.52
13,48,val,97.223877,1.53
13,49,val,17.021614,1.53
13,50,val,23.203278,1.54
13,51,val,18.613625,1.55
13,52,val,24.722408,1.55
13,53,val,17.666819,1.56
13,54,val,18.032543,1.57
13,55,val,26.359686,1.58
13,56,val,19.893776,1.58
13,57,val,26.005375,1.59
13,58,val,28.374754,1.60
13,59,val,20.790579,1.60
13,60,val,63.660545,1.61
13,61,val,44.339123,1.62
13,62,val,20.755272,1.62
13,63,val,40.442688,1.63
13,64,val,14.198680,1.64
13,65,val,154.245026,1.65
13,66,val,27.109509,1.65
13,67,val,20.699141,1.66
13,68,val,118.602371,1.67
13,69,val,21.428152,1.67
13,70,val,143.041382,1.68
13,71,val,168.390533,1.69
13,72,val,25.014387,1.69
13,73,val,19.176867,1.70
13,74,val,57.514595,1.70
13,75,val,44.558617,1.71
13,76,val,24.777746,1.72
13,77,val,44.254410,1.73
13,78,val,29.687717,1.74
13,79,val,57.404861,1.74
14,0,train,53.191444,0.13
14,1,train,26.748844,0.17
14,2,train,64.706284,0.19
14,3,train,53.709133,0.22
14,4,train,49.547676,0.25
14,5,train,107.909058,0.28
14,6,train,35.122902,0.31
14,7,train,62.645199,0.34
14,8,train,57.246510,0.36
14,9,train,60.883812,0.40
14,10,train,87.237442,0.44
14,11,train,33.644974,0.48
14,12,train,31.847828,0.52
14,13,train,40.698593,0.57
14,14,train,48.653954,0.61
14,15,train,36.608482,0.64
14,16,train,39.430153,0.66
14,17,train,39.704651,0.69
14,18,train,52.363258,0.71
14,19,train,68.154266,0.74
14,20,train,68.170776,0.77
14,21,train,28.211792,0.81
14,22,train,34.297134,0.83
14,23,train,48.512604,0.87
14,24,train,48.360870,0.90
14,25,train,50.930542,0.92
14,26,train,34.940727,0.95
14,27,train,62.966232,0.98
14,28,train,66.192337,1.00
14,29,train,36.730854,1.02
14,0,val,27.325064,1.16
14,1,val,27.703800,1.17
14,2,val,26.059040,1.19
14,3,val,18.231197,1.20
14,4,val,54.555859,1.21
14,5,val,30.760092,1.22
14,6,val,20.436872,1.23
14,7,val,40.433922,1.24
14,8,val,98.906548,1.25
14,9,val,65.073303,1.26
14,10,val,155.795212,1.27
14,11,val,51.810478,1.28
14,12,val,15.902016,1.29
14,13,val,30.069759,1.29
14,14,val,20.218412,1.30
14,15,val,23.383022,1.31
14,16,val,28.901779,1.31
14,17,val,217.168243,1.32
14,18,val,21.106819,1.33
14,19,val,33.754604,1.33
14,20,val,31.140890,1.34
14,21,val,18.104980,1.34
14,22,val,27.648428,1.35
14,23,val,42.702919,1.36
14,24,val,114.177185,1.36
14,25,val,45.774765,1.37
14,26,val,20.952827,1.38
14,27,val,25.778311,1.39
14,28,val,32.276291,1.40
14,29,val,20.750111,1.40
14,30,val,11.670986,1.41
14,31,val,29.698217,1.41
14,32,val,24.046925,1.42
14,33,val,18.035122,1.43
14,34,val,37.386436,1.43
14,35,val,33.386421,1.44
14,36,val,66.239899,1.45
14,37,val,20.822439,1.45
14,38,val,22.966080,1.46
14,39,val,108.060120,1.47
14,40,val,40.880520,1.47
14,41,val,29.564617,1.48
14,42,val,35.991432,1.49
14,43,val,28.186874,1.50
14,44,val,144.694931,1.50
14,45,val,97.189507,1.51
14,46,val,217.141357,1.52
14,47,val,27.152029,1.52
14,48,val,96.054688,1.53
14,49,val,16.798100,1.54
14,50,val,23.758749,1.54
14,51,val,17.850931,1.55
14,52,val,22.448689,1.55
14,53,val,21.397327,1.56
14,54,val,18.643600,1.57
14,55,val,19.191208,1.57
14,56,val,21.084593,1.58
14,57,val,27.842350,1.59
14,58,val,26.414856,1.60
14,59,val,20.521240,1.60
14,60,val,63.917721,1.61
14,61,val,42.701874,1.62
14,62,val,21.423401,1.62
14,63,val,43.384537,1.63
14,64,val,15.635363,1.64
14,65,val,150.343933,1.64
14,66,val,27.284866,1.65
14,67,val,20.113110,1.65
14,68,val,112.383392,1.66
14,69,val,19.495495,1.67
14,70,val,140.276947,1.67
14,71,val,165.075134,1.68
14,72,val,21.629416,1.69
14,73,val,18.625677,1.69
14,74,val,56.185936,1.70
14,75,val,43.485180,1.71
14,76,val,24.665440,1.71
14,77,val,22.066925,1.72
14,78,val,28.898291,1.72
14,79,val,57.553291,1.73
15,0,train,48.586414,0.14
15,1,train,65.189430,0.17
15,2,train,39.608547,0.20
15,3,train,56.072121,0.22
15,4,train,55.554520,0.25
15,5,train,27.454205,0.28
15,6,train,55.111908,0.31
15,7,train,44.112923,0.34
15,8,train,64.137756,0.36
15,9,train,70.338165,0.39
15,10,train,86.692947,0.42
15,11,train,41.997715,0.44
15,12,train,28.843914,0.47
15,13,train,68.966293,0.50
15,14,train,107.199867,0.52
15,15,train,43.166420,0.55
15,16,train,35.004967,0.57
15,17,train,29.361092,0.60
15,18,train,33.914581,0.63
15,19,train,36.141510,0.65
15,20,train,49.707996,0.68
15,21,train,57.647461,0.70
15,22,train,33.915192,0.73
15,23,train,28.134060,0.75
15,24,train,41.610191,0.78
15,25,train,43.374084,0.81
15,26,train,43.806126,0.84
15,27,train,98.637505,0.86
15,28,train,50.085701,0.89
15,29,train,61.226906,0.91
15,0,val,48.951897,1.03
15,1,val,27.124180,1.04
15,2,val,27.822186,1.04
15,3,val,17.924850,1.05
15,4,val,26.924202,1.06
15,5,val,31.029171,1.07
15,6,val,23.356796,1.08
15,7,val,40.975788,1.08
15,8,val,95.901733,1.09
15,9,val,74.904663,1.10
15,10,val,153.414673,1.10
15,11,val,42.736092,1.11
15,12,val,20.554438,1.12
15,13,val,31.162628,1.12
15,14,val,20.565102,1.13
15,15,val,25.706207,1.13
15,16,val,27.998592,1.14
15,17,val,212.893723,1.15
15,18,val,19.683681,1.15
15,19,val,32.786446,1.16
15,20,val,54.074211,1.17
15,21,val,17.401840,1.18
15,22,val,26.754429,1.18
15,23,val,40.183792,1.19
15,24,val,110.011429,1.20
15,25,val,51.023663,1.20
15,26,val,18.517759,1.21
15,27,val,24.275848,1.22
15,28,val,17.095684,1.22
15,29,val,21.027184,1.23
15,30,val,12.260052,1.23
15,31,val,30.485785,1.24
15,32,val,22.266745,1.25
15,33,val,20.695557,1.25
15,34,val,15.933653,1.26
15,35,val,34.321815,1.27
15,36,val,54.830353,1.28
15,37,val,20.447456,1.28
15,38,val,21.719711,1.29
15,39,val,92.026703,1.30
15,40,val,57.655514,1.30
15,41,val,25.515518,1.31
15,42,val,34.162827,1.32
15,43,val,27.817539,1.32
15,44,val,148.540741,1.33
15,45,val,93.898460,1.34
15,46,val,218.804749,1.34
15,47,val,27.070908,1.35
15,48,val,93.713654,1.35
15,49,val,16.696167,1.36
15,50,val,23.769690,1.37
15,51,val,18.159832,1.38
15,52,val,22.651917,1.38
15,53,val,17.195740,1.39
15,54,val,17.317362,1.40
15,55,val,18.007195,1.41
15,56,val,42.442863,1.41
15,57,val,27.166471,1.42
15,58,val,32.442009,1.42
15,59,val,19.067564,1.43
15,60,val,60.577217,1.44
15,61,val,40.880859,1.44
15,62,val,20.078537,1.45
15,63,val,39.206474,1.46
15,64,val,12.685593,1.46
15,65,val,149.996124,1.47
15,66,val,26.075523,1.48
15,67,val,24.224838,1.49
15,68,val,116.474045,1.49
15,69,val,29.333138,1.50
15,70,val,131.944458,1.51
15,71,val,167.049149,1.51
15,72,val,20.916630,1.52
15,73,val,18.834309,1.53
15,74,val,54.706005,1.53
15,75,val,42.482155,1.54
15,76,val,24.675808,1.54
15,77,val,18.661968,1.55
15,78,val,29.502697,1.55
15,79,val,55.764664,1.56
16,0,train,70.264847,0.17
16,1,train,27.322914,0.22
16,2,train,31.584215,0.25
16,3,train,53.042332,0.29
16,4,train,28.524319,0.33
16,5,train,48.627190,0.36
16,6,train,39.621490,0.40
16,7,train,32.939556,0.44
16,8,train,38.430496,0.47
16,9,train,29.129087,0.51
16,10,train,42.742439,0.54
16,11,train,59.636894,0.58
16,12,train,42.284164,0.61
16,13,train,65.049202,0.65
16,14,train,39.678947,0.68
16,15,train,47.205490,0.71
16,16,train,48.362862,0.74
16,17,train,33.923439,0.78
16,18,train,30.468042,0.81
16,19,train,26.917313,0.84
16,20,train,50.238613,0.87
16,21,train,43.532387,0.91
16,22,train,83.926285,0.94
16,23,train,28.156874,0.97
16,24,train,30.573851,1.02
16,25,train,36.366638,1.05
16,26,train,32.243256,1.08
16,27,train,66.350754,1.11
16,28,train,41.790096,1.14
16,29,train,95.834236,1.16
16,0,val,20.172976,1.33
16,1,val,27.803289,1.35
16,2,val,24.105499,1.36
16,3,val,20.467939,1.37
16,4,val,26.195387,1.38
16,5,val,29.456808,1.39
16,6,val,20.647182,1.39
16,7,val,39.839352,1.40
16,8,val,92.966248,1.41
16,9,val,63.823742,1.42
16,10,val,150.917206,1.43
16,11,val,40.810680,1.44
16,12,val,15.122645,1.44
16,13,val,29.610945,1.45
16,14,val,22.482748,1.46
16,15,val,19.301477,1.47
16,16,val,62.301296,1.48
16,17,val,210.951096,1.49
16,18,val,20.229969,1.50
16,19,val,31.793844,1.50
16,20,val,30.863165,1.51
16,21,val,17.776396,1.52
16,22,val,26.388851,1.53
16,23,val,39.873993,1.54
16,24,val,107.577209,1.55
16,25,val,44.997498,1.57
16,26,val,27.243780,1.58
16,27,val,24.466085,1.59
16,28,val,18.775429,1.59
16,29,val,27.198553,1.60
16,30,val,10.797342,1.61
16,31,val,29.785564,1.62
16,32,val,34.802029,1.63
16,33,val,22.041029,1.64
16,34,val,18.093393,1.64
16,35,val,38.634445,1.65
16,36,val,46.647675,1.66
16,37,val,38.243511,1.67
16,38,val,23.909618,1.68
16,39,val,89.360161,1.69
16,40,val,34.441513,1.69
16,41,val,25.977936,1.70
16,42,val,33.241867,1.71
16,43,val,28.623730,1.72
16,44,val,153.569183,1.72
16,45,val,93.145134,1.73
16,46,val,211.884644,1.74
16,47,val,27.270325,1.75
16,48,val,92.694885,1.76
16,49,val,20.677511,1.76
16,50,val,22.665012,1.78
16,51,val,18.455290,1.78
16,52,val,22.811821,1.79
16,53,val,16.629414,1.80
16,54,val,17.486256,1.81
16,55,val,17.279676,1.82
16,56,val,21.087727,1.83
16,57,val,24.146175,1.83
16,58,val,27.869284,1.84
16,59,val,18.561865,1.85
16,60,val,59.688652,1.86
16,61,val,41.171478,1.86
16,62,val,46.717094,1.88
16,63,val,39.892509,1.89
16,64,val,14.047867,1.89
16,65,val,145.984360,1.90
16,66,val,25.528137,1.91
16,67,val,19.497133,1.92
16,68,val,107.926315,1.93
16,69,val,28.487463,1.93
16,70,val,129.749695,1.94
16,71,val,160.331787,1.95
16,72,val,19.076649,1.96
16,73,val,18.871853,1.97
16,74,val,60.205452,1.98
16,75,val,42.680031,1.99
16,76,val,25.908659,1.99
16,77,val,19.492147,2.00
16,78,val,28.392910,2.01
16,79,val,56.899380,2.01
17,0,train,72.094185,0.20
17,1,train,44.658669,0.24
17,2,train,36.100403,0.27
17,3,train,44.182732,0.30
17,4,train,55.854588,0.34
17,5,train,64.543015,0.38
17,6,train,37.627632,0.41
17,7,train,64.125259,0.45
17,8,train,41.534492,0.49
17,9,train,57.258511,0.53
17,10,train,33.208153,0.57
17,11,train,41.394924,0.61
17,12,train,35.186153,0.64
17,13,train,36.612812,0.68
17,14,train,47.461361,0.72
17,15,train,36.978905,0.76
17,16,train,78.127243,0.80
17,17,train,37.093529,0.85
17,18,train,56.039742,0.88
17,19,train,38.664272,0.91
17,20,train,40.595299,0.95
17,21,train,37.912128,0.98
17,22,train,58.493202,1.01
17,23,train,55.772587,1.04
17,24,train,69.275757,1.08
17,25,train,47.581295,1.11
17,26,train,53.022629,1.14
17,27,train,32.429932,1.17
17,28,train,50.490170,1.20
17,29,train,53.181747,1.22
17,0,val,22.110540,1.39
17,1,val,27.612270,1.41
17,2,val,22.961849,1.42
17,3,val,17.029121,1.43
17,4,val,24.416508,1.43
17,5,val,31.309891,1.44
17,6,val,19.763420,1.45
17,7,val,38.336868,1.46
17,8,val,91.247208,1.47
17,9,val,61.960960,1.48
17,10,val,154.433929,1.48
17,11,val,38.829300,1.50
17,12,val,15.460365,1.51
17,13,val,40.389034,1.52
17,14,val,20.792303,1.52
17,15,val,20.273659,1.53
17,16,val,28.545731,1.54
17,17,val,207.574768,1.55
17,18,val,19.777020,1.56
17,19,val,34.425205,1.56
17,20,val,31.507572,1.57
17,21,val,22.021606,1.58
17,22,val,27.915897,1.59
17,23,val,38.814320,1.60
17,24,val,106.760880,1.61
17,25,val,49.892235,1.62
17,26,val,17.692368,1.63
17,27,val,23.842850,1.64
17,28,val,16.895365,1.65
17,29,val,19.208904,1.66
17,30,val,17.152472,1.67
17,31,val,29.645794,1.68
17,32,val,22.902571,1.69
17,33,val,19.296822,1.70
17,34,val,16.142685,1.71
17,35,val,36.900715,1.72
17,36,val,45.861847,1.73
17,37,val,20.417606,1.75
17,38,val,21.136034,1.75
17,39,val,86.914474,1.76
17,40,val,33.853111,1.77
17,41,val,33.954910,1.78
17,42,val,31.646902,1.79
17,43,val,27.933193,1.80
17,44,val,139.375610,1.81
17,45,val,90.546227,1.82
17,46,val,204.245575,1.83
17,47,val,31.735243,1.84
17,48,val,91.204185,1.85
17,49,val,15.161379,1.86
17,50,val,21.817358,1.87
17,51,val,18.621887,1.87
17,52,val,21.079618,1.88
17,53,val,16.485464,1.89
17,54,val,21.189789,1.90
17,55,val,15.874807,1.91
17,56,val,42.778488,1.92
17,57,val,26.065735,1.93
17,58,val,28.154980,1.94
17,59,val,20.053299,1.95
17,60,val,59.369232,1.95
17,61,val,42.006248,1.96
17,62,val,20.395971,1.97
17,63,val,38.827805,1.98
17,64,val,14.573629,1.99
17,65,val,142.500580,2.00
17,66,val,24.229391,2.00
17,67,val,19.624327,2.01
17,68,val,106.460266,2.02
17,69,val,18.758324,2.03
17,70,val,129.902100,2.04
17,71,val,157.831848,2.05
17,72,val,19.938534,2.06
17,73,val,18.864620,2.06
17,74,val,53.261208,2.07
17,75,val,42.638714,2.08
17,76,val,23.150269,2.09
17,77,val,17.877485,2.09
17,78,val,29.280891,2.10
17,79,val,54.359505,2.10
18,0,train,26.930479,0.14
18,1,train,52.915016,0.17
18,2,train,49.110092,0.20
18,3,train,60.114918,0.23
18,4,train,28.699184,0.26
18,5,train,52.175606,0.29
18,6,train,35.780720,0.31
18,7,train,39.533646,0.34
18,8,train,51.886993,0.36
18,9,train,22.089081,0.39
18,10,train,32.412960,0.42
18,11,train,75.780495,0.45
18,12,train,75.894691,0.47
18,13,train,91.781296,0.50
18,14,train,86.174744,0.53
18,15,train,40.877174,0.55
18,16,train,37.599842,0.58
18,17,train,56.455978,0.61
18,18,train,49.769604,0.63
18,19,train,58.632038,0.66
18,20,train,49.554878,0.68
18,21,train,28.573689,0.71
18,22,train,54.414356,0.73
18,23,train,36.521545,0.76
18,24,train,30.186363,0.78
18,25,train,51.300697,0.81
18,26,train,49.569138,0.83
18,27,train,24.651497,0.86
18,28,train,62.775993,0.88
18,29,train,47.564384,0.90
18,0,val,24.727665,1.02
18,1,val,29.605480,1.02
18,2,val,24.618109,1.03
18,3,val,34.211685,1.04
18,4,val,24.762848,1.04
18,5,val,29.613453,1.05
18,6,val,19.176229,1.06
18,7,val,35.835266,1.07
18,8,val,89.273422,1.07
18,9,val,60.500408,1.08
18,10,val,146.126343,1.09
18,11,val,39.265713,1.09
18,12,val,15.511169,1.10
18,13,val,28.721752,1.11
18,14,val,22.811359,1.11
18,15,val,19.461275,1.12
18,16,val,28.917690,1.13
18,17,val,203.717743,1.13
18,18,val,33.552872,1.14
18,19,val,32.955166,1.15
18,20,val,32.017456,1.15
18,21,val,18.516075,1.16
18,22,val,28.943829,1.17
18,23,val,38.548447,1.17
18,24,val,103.855888,1.18
18,25,val,42.723961,1.19
18,26,val,41.186440,1.19
18,27,val,23.405361,1.20
18,28,val,23.460945,1.21
18,29,val,18.962891,1.21
18,30,val,12.551924,1.22
18,31,val,31.382536,1.23
18,32,val,22.720440,1.23
18,33,val,18.111521,1.24
18,34,val,15.696388,1.25
18,35,val,33.092896,1.25
18,36,val,44.541725,1.26
18,37,val,20.500214,1.27
18,38,val,20.353615,1.28
18,39,val,86.453003,1.29
18,40,val,36.577415,1.29
18,41,val,30.950829,1.30
18,42,val,30.233276,1.31
18,43,val,26.684586,1.31
18,44,val,138.312531,1.32
18,45,val,88.659424,1.33
18,46,val,203.878204,1.33
18,47,val,26.292908,1.34
18,48,val,95.784546,1.35
18,49,val,16.685246,1.35
18,50,val,21.493454,1.36
18,51,val,19.045921,1.37
18,52,val,20.351460,1.37
18,53,val,16.087866,1.38
18,54,val,17.072395,1.39
18,55,val,15.254847,1.39
18,56,val,19.413668,1.40
18,57,val,23.020916,1.41
18,58,val,52.648331,1.41
18,59,val,19.671740,1.42
18,60,val,57.612724,1.43
18,61,val,38.452908,1.44
18,62,val,19.522659,1.45
18,63,val,38.500957,1.45
18,64,val,46.285416,1.47
18,65,val,140.512329,1.47
18,66,val,27.987707,1.48
18,67,val,19.048161,1.49
18,68,val,105.398193,1.49
18,69,val,18.107094,1.50
18,70,val,125.421104,1.51
18,71,val,161.583130,1.51
18,72,val,18.599377,1.52
18,73,val,21.618637,1.53
18,74,val,54.589931,1.53
18,75,val,45.229095,1.54
18,76,val,23.145157,1.55
18,77,val,18.911339,1.55
18,78,val,28.298721,1.55
18,79,val,54.063995,1.56
19,0,train,41.753517,0.11
19,1,train,39.554779,0.14
19,2,train,50.041016,0.17
19,3,train,63.343666,0.19
19,4,train,39.594193,0.22
19,5,train,78.846390,0.25
19,6,train,39.831917,0.27
19,7,train,68.251762,0.30
19,8,train,60.854549,0.33
19,9,train,53.969971,0.35
19,10,train,71.167854,0.38
19,11,train,32.811737,0.40
19,12,train,29.229311,0.43
19,13,train,59.088963,0.46
19,14,train,54.648003,0.48
19,15,train,28.900148,0.51
19,16,train,48.679073,0.53
19,17,train,56.710739,0.56
19,18,train,36.335411,0.59
19,19,train,72.401337,0.61
19,20,train,51.015503,0.64
19,21,train,43.210873,0.68
19,22,train,45.347900,0.71
19,23,train,27.753866,0.73
19,24,train,29.983299,0.76
19,25,train,25.220297,0.79
19,26,train,37.390419,0.82
19,27,train,42.107986,0.84
19,28,train,30.174870,0.86
19,29,train,53.452694,0.97
19,0,val,22.978573,1.09
19,1,val,26.066730,1.10
19,2,val,22.848419,1.11
19,3,val,20.430861,1.11
19,4,val,26.117590,1.12
19,5,val,28.962919,1.13
19,6,val,20.283047,1.14
19,7,val,36.767227,1.15
19,8,val,87.643791,1.15
19,9,val,59.445534,1.16
19,10,val,142.588074,1.16
19,11,val,39.477516,1.17
19,12,val,14.370701,1.18
19,13,val,28.754189,1.18
19,14,val,19.688261,1.19
19,15,val,20.435268,1.20
19,16,val,27.529644,1.20
19,17,val,198.543808,1.21
19,18,val,22.787878,1.22
19,19,val,31.462254,1.22
19,20,val,28.696692,1.23
19,21,val,16.185978,1.24
19,22,val,28.487942,1.24
19,23,val,37.730915,1.25
19,24,val,101.934929,1.26
19,25,val,44.857998,1.26
19,26,val,16.441010,1.27
19,27,val,24.083464,1.28
19,28,val,15.551124,1.28
19,29,val,18.479263,1.29
19,30,val,10.030353,1.30
19,31,val,30.234381,1.30
19,32,val,22.273741,1.31
19,33,val,18.505711,1.32
19,34,val,14.588565,1.32
19,35,val,49.475235,1.33
19,36,val,60.210533,1.34
19,37,val,22.302641,1.35
19,38,val,21.639736,1.35
19,39,val,83.693382,1.36
19,40,val,34.892250,1.37
19,41,val,34.003654,1.37
19,42,val,30.157522,1.38
19,43,val,29.471176,1.39
19,44,val,135.596619,1.39
19,45,val,87.613663,1.40
19,46,val,196.640686,1.41
19,47,val,28.485481,1.41
19,48,val,88.389427,1.42
19,49,val,29.761703,1.43
19,50,val,31.730179,1.44
19,51,val,42.386726,1.45
19,52,val,21.235189,1.45
19,53,val,17.017029,1.46
19,54,val,20.014359,1.47
19,55,val,14.636955,1.48
19,56,val,19.209558,1.48
19,57,val,25.303383,1.49
19,58,val,27.540009,1.50
19,59,val,17.690853,1.50
19,60,val,76.823349,1.51
19,61,val,39.862167,1.52
19,62,val,20.659887,1.52
19,63,val,38.495998,1.53
19,64,val,13.745310,1.54
19,65,val,139.952209,1.55
19,66,val,24.284849,1.55
19,67,val,19.345449,1.56
19,68,val,103.790344,1.56
19,69,val,18.174610,1.57
19,70,val,121.606743,1.58
19,71,val,152.363892,1.58
19,72,val,17.830334,1.59
19,73,val,19.013039,1.60
19,74,val,51.761696,1.60
19,75,val,40.424561,1.61
19,76,val,22.492916,1.62
19,77,val,19.330872,1.62
19,78,val,26.843170,1.62
19,79,val,53.045181,1.63
20,0,train,40.322620,0.11
20,1,train,33.827221,0.14
20,2,train,27.055054,0.17
20,3,train,54.137234,0.20
20,4,train,27.936649,0.23
20,5,train,30.855742,0.26
20,6,train,24.853645,0.29
20,7,train,57.658607,0.31
20,8,train,76.381042,0.34
20,9,train,44.512447,0.37
20,10,train,34.803795,0.40
20,11,train,46.238014,0.42
20,12,train,40.720345,0.46
20,13,train,30.243607,0.49
20,14,train,36.965431,0.52
20,15,train,31.273987,0.55
20,16,train,37.249279,0.57
20,17,train,26.110374,0.60
20,18,train,26.799976,0.63
20,19,train,65.968658,0.65
20,20,train,40.969761,0.68
20,21,train,22.464581,0.71
20,22,train,52.816723,0.74
20,23,train,41.208755,0.76
20,24,train,24.695990,0.79
20,25,train,34.805946,0.82
20,26,train,28.761398,0.84
20,27,train,40.240845,0.87
20,28,train,28.131907,0.89
20,29,train,25.463079,0.92
20,0,val,19.388353,1.04
20,1,val,26.277988,1.04
20,2,val,23.660656,1.05
20,3,val,22.762966,1.06
20,4,val,23.071997,1.07
20,5,val,29.030300,1.08
20,6,val,20.149975,1.09
20,7,val,34.375999,1.09
20,8,val,86.163910,1.10
20,9,val,59.100624,1.11
20,10,val,143.166565,1.11
20,11,val,38.637684,1.12
20,12,val,14.104126,1.13
20,13,val,27.585852,1.13
20,14,val,20.354704,1.14
20,15,val,24.296051,1.15
20,16,val,37.307297,1.15
20,17,val,196.206360,1.16
20,18,val,18.022877,1.17
20,19,val,30.686682,1.18
20,20,val,28.542480,1.19
20,21,val,16.222149,1.19
20,22,val,23.345943,1.20
20,23,val,36.477871,1.21
20,24,val,105.037003,1.22
20,25,val,42.428192,1.24
20,26,val,16.641157,1.24
20,27,val,23.172361,1.25
20,28,val,17.239227,1.26
20,29,val,17.723587,1.26
20,30,val,9.168638,1.27
20,31,val,30.144934,1.28
20,32,val,29.735245,1.29
20,33,val,16.395737,1.30
20,34,val,14.258670,1.30
20,35,val,34.593891,1.31
20,36,val,48.301300,1.32
20,37,val,22.277588,1.32
20,38,val,23.644478,1.33
20,39,val,84.673622,1.34
20,40,val,33.779953,1.34
20,41,val,23.493038,1.35
20,42,val,31.058514,1.35
20,43,val,26.377539,1.36
20,44,val,136.598663,1.37
20,45,val,103.298973,1.37
20,46,val,194.409058,1.38
20,47,val,26.071012,1.39
20,48,val,88.216965,1.40
20,49,val,17.719872,1.41
20,50,val,23.209393,1.41
20,51,val,16.966034,1.42
20,52,val,20.665073,1.43
20,53,val,15.338882,1.43
20,54,val,17.197874,1.44
20,55,val,14.820190,1.45
20,56,val,26.931074,1.45
20,57,val,24.141516,1.46
20,58,val,24.753658,1.47
20,59,val,17.816214,1.48
20,60,val,57.962860,1.49
20,61,val,38.557152,1.50
20,62,val,22.845074,1.51
20,63,val,40.853588,1.52
20,64,val,19.450975,1.53
20,65,val,138.469955,1.53
20,66,val,24.630447,1.54
20,67,val,27.915363,1.55
20,68,val,102.804230,1.55
20,69,val,18.830744,1.56
20,70,val,120.895042,1.57
20,71,val,152.776047,1.57
20,72,val,20.517181,1.58
20,73,val,18.247627,1.59
20,74,val,53.937481,1.60
20,75,val,43.022270,1.60
20,76,val,24.804867,1.61
20,77,val,17.734211,1.61
20,78,val,26.212433,1.62
20,79,val,52.476948,1.62
21,0,train,44.070210,0.11
21,1,train,67.783249,0.15
21,2,train,38.988155,0.18
21,3,train,62.198563,0.20
21,4,train,33.528233,0.23
21,5,train,59.786240,0.27
21,6,train,55.049110,0.31
21,7,train,25.946083,0.35
21,8,train,58.820396,0.39
21,9,train,37.118958,0.42
21,10,train,38.597336,0.46
21,11,train,57.838844,0.51
21,12,train,28.941263,0.54
21,13,train,50.664566,0.59
21,14,train,50.338207,0.64
21,15,train,31.611210,0.67
21,16,train,41.947426,0.71
21,17,train,44.629879,0.75
21,18,train,44.020542,0.78
21,19,train,27.449871,0.82
21,20,train,33.694382,0.85
21,21,train,32.954144,0.87
21,22,train,37.026859,0.90
21,23,train,39.717079,0.92
21,24,train,32.146805,0.95
21,25,train,56.435966,0.98
21,26,train,59.104904,1.00
21,27,train,41.155991,1.02
21,28,train,54.514626,1.05
21,29,train,61.019585,1.07
21,0,val,20.644632,1.19
21,1,val,25.202581,1.19
21,2,val,21.964020,1.20
21,3,val,21.660192,1.21
21,4,val,25.282911,1.21
21,5,val,27.673370,1.23
21,6,val,18.810976,1.23
21,7,val,33.862225,1.24
21,8,val,85.786705,1.25
21,9,val,59.278297,1.25
21,10,val,137.408386,1.26
21,11,val,37.943703,1.27
21,12,val,14.078711,1.27
21,13,val,27.622519,1.28
21,14,val,17.725779,1.29
21,15,val,18.360569,1.29
21,16,val,31.620667,1.30
21,17,val,194.023132,1.31
21,18,val,17.198454,1.31
21,19,val,31.723761,1.32
21,20,val,29.883787,1.33
21,21,val,14.525434,1.33
21,22,val,24.667049,1.34
21,23,val,38.020485,1.35
21,24,val,108.753052,1.35
21,25,val,62.906273,1.36
21,26,val,16.958616,1.37
21,27,val,23.956656,1.37
21,28,val,19.489092,1.38
21,29,val,29.889835,1.39
21,30,val,10.308338,1.39
21,31,val,28.406780,1.40
21,32,val,53.542263,1.41
21,33,val,17.343718,1.41
21,34,val,14.546370,1.42
21,35,val,30.682976,1.42
21,36,val,43.040874,1.43
21,37,val,19.828741,1.44
21,38,val,20.469730,1.45
21,39,val,82.746826,1.46
21,40,val,33.374176,1.46
21,41,val,22.221096,1.47
21,42,val,37.295437,1.47
21,43,val,29.356070,1.48
21,44,val,139.913269,1.49
21,45,val,84.529472,1.49
21,46,val,195.779968,1.50
21,47,val,26.467566,1.51
21,48,val,87.155518,1.51
21,49,val,14.444118,1.52
21,50,val,21.892454,1.52
21,51,val,18.262554,1.54
21,52,val,21.655905,1.54
21,53,val,32.476940,1.55
21,54,val,19.171476,1.56
21,55,val,18.115360,1.56
21,56,val,19.463280,1.57
21,57,val,23.686783,1.58
21,58,val,24.655834,1.58
21,59,val,17.069004,1.59
21,60,val,81.455643,1.60
21,61,val,39.288074,1.61
21,62,val,17.944687,1.62
21,63,val,36.929790,1.62
21,64,val,11.008965,1.63
21,65,val,139.466873,1.65
21,66,val,23.662628,1.66
21,67,val,18.559471,1.66
21,68,val,99.812866,1.67
21,69,val,19.488319,1.67
21,70,val,117.278564,1.68
21,71,val,150.830475,1.69
21,72,val,19.546057,1.69
21,73,val,17.189413,1.70
21,74,val,49.404690,1.71
21,75,val,43.088924,1.71
21,76,val,22.812454,1.72
21,77,val,17.300446,1.72
21,78,val,26.244345,1.73
21,79,val,54.797230,1.73
22,0,train,43.942287,0.11
22,1,train,23.847393,0.14
22,2,train,38.219032,0.17
22,3,train,53.550747,0.20
22,4,train,25.406952,0.22
22,5,train,29.251671,0.25
22,6,train,25.063253,0.28
22,7,train,47.837612,0.30
22,8,train,51.410603,0.33
22,9,train,27.680643,0.36
22,10,train,38.414341,0.39
22,11,train,38.943756,0.41
22,12,train,57.137939,0.44
22,13,train,89.043716,0.47
22,14,train,31.610455,0.49
22,15,train,50.086266,0.52
22,16,train,58.924515,0.54
22,17,train,28.776516,0.57
22,18,train,43.495068,0.60
22,19,train,39.403652,0.62
22,20,train,29.911743,0.65
22,21,train,24.502016,0.68
22,22,train,20.081326,0.70
22,23,train,23.446270,0.73
22,24,train,27.688528,0.75
22,25,train,79.149162,0.78
22,26,train,48.772045,0.80
22,27,train,36.654388,0.83
22,28,train,37.604309,0.85
22,29,train,59.454182,0.87
22,0,val,17.917036,1.01
22,1,val,25.227812,1.01
22,2,val,21.219212,1.02
22,3,val,16.812546,1.03
22,4,val,24.570744,1.03
22,5,val,27.918224,1.05
22,6,val,19.046612,1.05
22,7,val,34.508095,1.06
22,8,val,84.917007,1.07
22,9,val,60.968151,1.07
22,10,val,147.601959,1.08
22,11,val,41.485722,1.08
22,12,val,16.232231,1.09
22,13,val,26.995995,1.10
22,14,val,23.468786,1.10
22,15,val,23.855587,1.11
22,16,val,26.721066,1.12
22,17,val,209.743530,1.12
22,18,val,21.051815,1.13
22,19,val,59.951103,1.13
22,20,val,28.160385,1.14
22,21,val,15.701757,1.15
22,22,val,30.380016,1.16
22,23,val,35.455521,1.16
22,24,val,105.060112,1.17
22,25,val,42.513058,1.17
22,26,val,22.121023,1.18
22,27,val,22.107367,1.19
22,28,val,21.664551,1.20
22,29,val,18.840599,1.20
22,30,val,9.011756,1.21
22,31,val,28.890484,1.22
22,32,val,22.227642,1.22
22,33,val,17.421875,1.23
22,34,val,14.115397,1.23
22,35,val,35.320576,1.24
22,36,val,42.668133,1.25
22,37,val,19.868324,1.26
22,38,val,20.067650,1.26
22,39,val,84.613686,1.27
22,40,val,35.310406,1.27
22,41,val,22.734024,1.28
22,42,val,30.190521,1.29
22,43,val,39.438911,1.29
22,44,val,131.181839,1.30
22,45,val,84.394424,1.31
22,46,val,190.587708,1.31
22,47,val,26.174343,1.32
22,48,val,103.366196,1.33
22,49,val,14.803812,1.33
22,50,val,22.020412,1.34
22,51,val,16.050438,1.34
22,52,val,19.807835,1.35
22,53,val,15.271439,1.36
22,54,val,16.054375,1.37
22,55,val,14.692233,1.37
22,56,val,23.107239,1.38
22,57,val,22.719765,1.39
22,58,val,26.192467,1.39
22,59,val,18.091614,1.40
22,60,val,53.611206,1.40
22,61,val,37.470345,1.41
22,62,val,18.637962,1.42
22,63,val,51.675346,1.42
22,64,val,10.903700,1.43
22,65,val,134.204437,1.44
22,66,val,25.398125,1.44
22,67,val,17.503979,1.45
22,68,val,99.261032,1.46
22,69,val,17.587833,1.46
22,70,val,118.017479,1.47
22,71,val,148.370071,1.48
22,72,val,18.372753,1.48
22,73,val,38.530144,1.49
22,74,val,48.944366,1.50
22,75,val,39.942741,1.50
22,76,val,21.565008,1.51
22,77,val,17.277042,1.51
22,78,val,25.379574,1.52
22,79,val,56.264824,1.52
23,0,train,61.765171,0.15
23,1,train,49.832146,0.18
23,2,train,38.439850,0.21
23,3,train,53.392368,0.23
23,4,train,35.193321,0.26
23,5,train,43.988667,0.30
23,6,train,78.866745,0.34
23,7,train,43.058853,0.37
23,8,train,29.831337,0.42
23,9,train,36.143623,0.45
23,10,train,53.408974,0.49
23,11,train,21.614529,0.54
23,12,train,41.573513,0.57
23,13,train,63.622215,0.61
23,14,train,20.849831,0.65
23,15,train,41.409889,0.68
23,16,train,68.873230,0.71
23,17,train,34.753342,0.76
23,18,train,29.867708,0.79
23,19,train,39.014023,0.82
23,20,train,80.896881,0.86
23,21,train,32.556190,0.89
23,22,train,46.188370,0.92
23,23,train,42.181244,0.96
23,24,train,27.079569,0.99
23,25,train,34.288895,1.02
23,26,train,41.011219,1.06
23,27,train,37.177551,1.11
23,28,train,35.615540,1.16
23,29,train,83.339600,1.20
23,0,val,22.958286,1.39
23,1,val,30.452808,1.43
23,2,val,21.244987,1.44
23,3,val,20.360998,1.45
23,4,val,27.364681,1.46
23,5,val,29.797539,1.47
23,6,val,44.714653,1.48
23,7,val,34.716286,1.49
23,8,val,81.757309,1.50
23,9,val,56.493752,1.50
23,10,val,140.128174,1.51
23,11,val,37.170372,1.52
23,12,val,15.921568,1.53
23,13,val,26.496761,1.54
23,14,val,18.342657,1.55
23,15,val,19.401836,1.56
23,16,val,28.027830,1.57
23,17,val,186.151764,1.58
23,18,val,18.091877,1.59
23,19,val,30.657888,1.60
23,20,val,41.635880,1.61
23,21,val,17.041260,1.61
23,22,val,22.473433,1.62
23,23,val,35.815586,1.63
23,24,val,96.092041,1.64
23,25,val,41.376385,1.65
23,26,val,16.867317,1.66
23,27,val,29.457703,1.67
23,28,val,15.822406,1.67
23,29,val,16.936409,1.68
23,30,val,12.575686,1.69
23,31,val,28.151541,1.70
23,32,val,21.240685,1.71
23,33,val,15.787010,1.71
23,34,val,14.545452,1.72
23,35,val,31.396053,1.73
23,36,val,44.042488,1.74
23,37,val,29.546543,1.75
23,38,val,19.996387,1.76
23,39,val,78.604614,1.77
23,40,val,32.780193,1.77
23,41,val,22.949295,1.78
23,42,val,28.620605,1.80
23,43,val,26.694641,1.81
23,44,val,134.796021,1.83
23,45,val,81.086639,1.84
23,46,val,189.517273,1.86
23,47,val,26.261627,1.88
23,48,val,86.159241,1.90
23,49,val,15.590370,1.92
23,50,val,20.230858,1.93
23,51,val,29.793488,1.95
23,52,val,19.572748,1.96
23,53,val,14.925911,1.97
23,54,val,19.396168,1.98
23,55,val,17.749771,1.99
23,56,val,18.109447,1.99
23,57,val,24.531988,2.01
23,58,val,25.525068,2.03
23,59,val,16.871548,2.04
23,60,val,55.475597,2.05
23,61,val,37.245316,2.06
23,62,val,17.411207,2.07
23,63,val,38.729046,2.08
23,64,val,22.347256,2.09
23,65,val,131.209503,2.10
23,66,val,22.747040,2.10
23,67,val,17.199081,2.11
23,68,val,96.319489,2.12
23,69,val,19.583710,2.13
23,70,val,112.868622,2.14
23,71,val,146.686417,2.15
23,72,val,23.903748,2.16
23,73,val,16.485945,2.17
23,74,val,50.280502,2.18
23,75,val,53.441875,2.19
23,76,val,35.129383,2.19
23,77,val,17.200127,2.20
23,78,val,25.100216,2.20
23,79,val,50.598972,2.21
24,0,train,23.458134,0.20
24,1,train,56.389446,0.25
24,2,train,75.414963,0.29
24,3,train,24.529652,0.32
24,4,train,22.567799,0.36
24,5,train,57.371979,0.40
24,6,train,36.068810,0.43
24,7,train,34.358109,0.46
24,8,train,51.587151,0.50
24,9,train,42.388756,0.54
24,10,train,61.974503,0.58
24,11,train,26.990623,0.61
24,12,train,36.610390,0.64
24,13,train,37.693192,0.70
24,14,train,44.763344,0.72
24,15,train,37.327671,0.76
24,16,train,53.963142,0.79
24,17,train,51.022694,0.82
24,18,train,22.077602,0.85
24,19,train,49.623581,0.89
24,20,train,49.414795,0.92
24,21,train,74.470757,0.95
24,22,train,50.312637,0.98
24,23,train,40.160030,1.02
24,24,train,65.834671,1.07
24,25,train,27.408497,1.11
24,26,train,28.499554,1.14
24,27,train,45.917240,1.17
24,28,train,35.253532,1.20
24,29,train,40.007370,1.23
24,0,val,19.676117,1.39
24,1,val,25.497078,1.41
24,2,val,21.190918,1.42
24,3,val,15.269405,1.43
24,4,val,24.173977,1.44
24,5,val,29.452421,1.44
24,6,val,24.567434,1.45
24,7,val,33.189354,1.46
24,8,val,83.762627,1.47
24,9,val,72.884384,1.48
24,10,val,132.793182,1.49
24,11,val,38.585815,1.49
24,12,val,14.520432,1.50
24,13,val,28.835506,1.51
24,14,val,17.520855,1.52
24,15,val,26.536926,1.53
24,16,val,26.193365,1.54
24,17,val,184.175110,1.55
24,18,val,17.928490,1.56
24,19,val,29.905706,1.57
24,20,val,27.929092,1.57
24,21,val,13.753950,1.58
24,22,val,24.486275,1.59
24,23,val,36.650913,1.60
24,24,val,95.540131,1.61
24,25,val,41.352062,1.62
24,26,val,22.832579,1.63
24,27,val,21.147091,1.63
24,28,val,32.822430,1.64
24,29,val,16.504181,1.65
24,30,val,14.655636,1.66
24,31,val,45.483055,1.67
24,32,val,20.636923,1.67
24,33,val,15.833755,1.68
24,34,val,13.826773,1.69
24,35,val,33.561447,1.70
24,36,val,42.365414,1.71
24,37,val,18.140697,1.73
24,38,val,19.670391,1.74
24,39,val,77.040894,1.75
24,40,val,32.575005,1.77
24,41,val,21.652832,1.78
24,42,val,29.023861,1.79
24,43,val,24.523458,1.80
24,44,val,128.160416,1.81
24,45,val,88.753510,1.82
24,46,val,183.716553,1.83
24,47,val,24.020920,1.84
24,48,val,134.939133,1.85
24,49,val,14.172893,1.86
24,50,val,20.157486,1.86
24,51,val,15.534864,1.87
24,52,val,51.106712,1.88
24,53,val,14.875771,1.89
24,54,val,15.325909,1.90
24,55,val,28.578550,1.91
24,56,val,17.664900,1.91
24,57,val,25.261215,1.92
24,58,val,23.987156,1.93
24,59,val,16.458767,1.94
24,60,val,52.433327,1.95
24,61,val,36.852112,1.96
24,62,val,18.163660,1.97
24,63,val,36.414917,1.98
24,64,val,40.891354,1.98
24,65,val,129.281769,1.99
24,66,val,22.499043,2.00
24,67,val,17.385666,2.01
24,68,val,94.257645,2.02
24,69,val,17.697958,2.03
24,70,val,111.795746,2.04
24,71,val,143.695786,2.05
24,72,val,18.890961,2.06
24,73,val,16.195503,2.07
24,74,val,47.576790,2.07
24,75,val,37.213844,2.08
24,76,val,22.176735,2.09
24,77,val,16.786980,2.09
24,78,val,26.612820,2.10
24,79,val,50.775608,2.10
25,0,train,35.793045,0.16
25,1,train,51.913727,0.20
25,2,train,38.409241,0.23
25,3,train,72.306618,0.27
25,4,train,53.652637,0.30
25,5,train,32.041389,0.33
25,6,train,49.900063,0.36
25,7,train,49.123306,0.39
25,8,train,52.849792,0.43
25,9,train,34.983078,0.46
25,10,train,30.520018,0.50
25,11,train,21.732054,0.55
25,12,train,39.774345,0.59
25,13,train,38.805801,0.63
25,14,train,25.228176,0.67
25,15,train,34.904110,0.71
25,16,train,48.630016,0.74
25,17,train,40.175735,0.78
25,18,train,50.777176,0.82
25,19,train,38.446701,0.86
25,20,train,32.927162,0.89
25,21,train,33.085670,0.91
25,22,train,25.669941,0.94
25,23,train,38.279179,0.97
25,24,train,35.509773,1.00
25,25,train,31.312716,1.03
25,26,train,36.044853,1.05
25,27,train,34.001320,1.07
25,28,train,21.431005,1.10
25,29,train,59.589390,1.12
25,0,val,17.480854,1.24
25,1,val,26.898314,1.25
25,2,val,53.492870,1.26
25,3,val,44.594620,1.27
25,4,val,31.577198,1.27
25,5,val,26.622971,1.28
25,6,val,20.387487,1.29
25,7,val,32.385239,1.30
25,8,val,78.749771,1.30
25,9,val,90.229965,1.31
25,10,val,129.594269,1.32
25,11,val,35.165054,1.32
25,12,val,13.355499,1.33
25,13,val,26.755978,1.33
25,14,val,16.830933,1.34
25,15,val,22.294067,1.35
25,16,val,26.445023,1.35
25,17,val,181.119324,1.36
25,18,val,20.712311,1.37
25,19,val,34.089710,1.37
25,20,val,28.764013,1.38
25,21,val,19.765320,1.39
25,22,val,21.470917,1.40
25,23,val,42.066383,1.40
25,24,val,93.477501,1.41
25,25,val,40.068798,1.42
25,26,val,15.775948,1.42
25,27,val,22.651127,1.43
25,28,val,14.623495,1.44
25,29,val,17.649780,1.44
25,30,val,11.621315,1.45
25,31,val,28.469265,1.46
25,32,val,22.034809,1.46
25,33,val,15.964282,1.47
25,34,val,15.530869,1.48
25,35,val,30.472580,1.49
25,36,val,41.476547,1.49
25,37,val,18.077398,1.50
25,38,val,18.849689,1.51
25,39,val,75.133667,1.51
25,40,val,41.192879,1.52
25,41,val,66.974693,1.53
25,42,val,29.214705,1.53
25,43,val,24.719580,1.54
25,44,val,127.287766,1.55
25,45,val,79.121849,1.55
25,46,val,179.481506,1.56
25,47,val,24.588409,1.57
25,48,val,85.064331,1.57
25,49,val,17.785309,1.58
25,50,val,19.777357,1.59
25,51,val,18.656904,1.60
25,52,val,20.410509,1.60
25,53,val,16.515781,1.61
25,54,val,14.806570,1.62
25,55,val,14.704986,1.62
25,56,val,17.473196,1.63
25,57,val,26.833233,1.64
25,58,val,33.328564,1.65
25,59,val,18.127995,1.65
25,60,val,54.363937,1.66
25,61,val,37.369141,1.67
25,62,val,17.204227,1.67
25,63,val,38.601318,1.68
25,64,val,10.098742,1.70
25,65,val,135.350586,1.71
25,66,val,23.211029,1.72
25,67,val,19.699326,1.72
25,68,val,93.707664,1.73
25,69,val,21.235249,1.74
25,70,val,108.963547,1.75
25,71,val,143.541382,1.75
25,72,val,17.094990,1.76
25,73,val,16.099575,1.77
25,74,val,48.305813,1.77
25,75,val,36.700714,1.78
25,76,val,20.705658,1.78
25,77,val,22.433765,1.79
25,78,val,24.074974,1.80
25,79,val,55.903492,1.80
26,0,train,29.171547,0.14
26,1,train,70.764854,0.17
26,2,train,51.982655,0.20
26,3,train,44.470474,0.22
26,4,train,40.969414,0.25
26,5,train,52.991516,0.28
26,6,train,52.556747,0.30
26,7,train,33.119286,0.33
26,8,train,30.124269,0.35
26,9,train,28.672802,0.38
26,10,train,39.725929,0.41
26,11,train,54.733891,0.44
26,12,train,48.297829,0.46
26,13,train,23.625429,0.49
26,14,train,30.280083,0.52
26,15,train,32.140053,0.55
26,16,train,72.082230,0.57
26,17,train,28.999769,0.60
26,18,train,38.374580,0.63
26,19,train,33.842812,0.74
26,20,train,39.511997,0.77
26,21,train,39.060577,0.80
26,22,train,34.350414,0.82
26,23,train,34.406651,0.85
26,24,train,42.955498,0.87
26,25,train,42.940765,0.90
26,26,train,34.367065,0.92
26,27,train,60.758286,0.95
26,28,train,39.530422,0.97
26,29,train,37.786198,1.00
26,0,val,17.499828,1.11
26,1,val,26.072357,1.12
26,2,val,22.432318,1.13
26,3,val,15.642482,1.14
26,4,val,21.327377,1.14
26,5,val,29.122871,1.15
26,6,val,21.400030,1.16
26,7,val,32.511211,1.17
26,8,val,79.090599,1.18
26,9,val,54.204056,1.18
26,10,val,126.604538,1.19
26,11,val,36.618858,1.20
26,12,val,13.239021,1.20
26,13,val,29.774246,1.21
26,14,val,17.034822,1.22
26,15,val,18.550674,1.22
26,16,val,31.440611,1.23
26,17,val,180.403168,1.24
26,18,val,17.144505,1.24
26,19,val,28.840729,1.25
26,20,val,26.413031,1.26
26,21,val,12.976593,1.27
26,22,val,23.012884,1.27
26,23,val,34.119926,1.28
26,24,val,92.069878,1.29
26,25,val,41.723686,1.29
26,26,val,14.958866,1.30
26,27,val,24.935194,1.31
26,28,val,14.548083,1.31
26,29,val,18.299217,1.32
26,30,val,11.599485,1.33
26,31,val,30.701633,1.33
26,32,val,25.943062,1.34
26,33,val,19.391312,1.35
26,34,val,13.319560,1.36
26,35,val,30.354048,1.36
26,36,val,41.572632,1.37
26,37,val,18.986645,1.38
26,38,val,19.776756,1.39
26,39,val,73.703613,1.39
26,40,val,33.687241,1.40
26,41,val,25.905907,1.41
26,42,val,28.488995,1.41
26,43,val,26.009481,1.42
26,44,val,124.674286,1.43
26,45,val,77.528404,1.43
26,46,val,176.436768,1.44
26,47,val,23.732281,1.45
26,48,val,83.370171,1.46
26,49,val,14.344088,1.46
26,50,val,21.103281,1.47
26,51,val,15.457682,1.48
26,52,val,18.401028,1.48
26,53,val,14.456646,1.49
26,54,val,44.639137,1.50
26,55,val,13.655798,1.50
26,56,val,15.601394,1.51
26,57,val,28.267765,1.52
26,58,val,22.661961,1.52
26,59,val,16.245083,1.53
26,60,val,54.864548,1.54
26,61,val,36.444393,1.54
26,62,val,17.445116,1.55
26,63,val,37.050030,1.56
26,64,val,14.036051,1.56
26,65,val,127.305038,1.57
26,66,val,22.595869,1.58
26,67,val,23.422918,1.58
26,68,val,93.037582,1.59
26,69,val,19.284542,1.60
26,70,val,107.821747,1.60
26,71,val,140.502304,1.61
26,72,val,16.550835,1.62
26,73,val,16.681210,1.62
26,74,val,48.227753,1.63
26,75,val,36.182770,1.64
26,76,val,20.659307,1.64
26,77,val,17.056499,1.65
26,78,val,24.419647,1.66
26,79,val,49.899067,1.67
27,0,train,28.005474,0.13
27,1,train,36.213982,0.16
27,2,train,39.808594,0.19
27,3,train,39.132683,0.21
27,4,train,72.514458,0.24
27,5,train,66.605072,0.27
27,6,train,42.186378,0.29
27,7,train,27.247419,0.32
27,8,train,26.582483,0.34
27,9,train,48.772358,0.37
27,10,train,46.372620,0.40
27,11,train,36.191792,0.42
27,12,train,60.914654,0.45
27,13,train,28.857967,0.48
27,14,train,27.118473,0.50
27,15,train,28.958698,0.53
27,16,train,35.490814,0.55
27,17,train,38.577980,0.58
27,18,train,29.223351,0.61
27,19,train,49.299774,0.63
27,20,train,32.111092,0.65
27,21,train,60.022449,0.68
27,22,train,47.906334,0.71
27,23,train,25.300194,0.73
27,24,train,32.299858,0.77
27,25,train,23.042200,0.80
27,26,train,33.083504,0.82
27,27,train,74.344833,0.85
27,28,train,51.950188,0.87
27,29,train,58.739212,0.89
27,0,val,17.465004,1.03
27,1,val,25.633734,1.03
27,2,val,29.103127,1.04
27,3,val,16.909126,1.05
27,4,val,24.189108,1.06
27,5,val,26.974218,1.07
27,6,val,26.168976,1.08
27,7,val,34.225861,1.08
27,8,val,83.585136,1.09
27,9,val,57.495621,1.10
27,10,val,125.779663,1.11
27,11,val,34.956203,1.11
27,12,val,12.402212,1.12
27,13,val,28.238653,1.13
27,14,val,18.088791,1.13
27,15,val,18.907639,1.14
27,16,val,25.797729,1.15
27,17,val,175.573883,1.16
27,18,val,20.876896,1.17
27,19,val,30.747610,1.18
27,20,val,27.337912,1.19
27,21,val,14.942161,1.20
27,22,val,20.542799,1.20
27,23,val,34.263725,1.21
27,24,val,98.583771,1.22
27,25,val,58.210003,1.23
27,26,val,16.935974,1.23
27,27,val,20.828150,1.24
27,28,val,14.206810,1.25
27,29,val,15.915774,1.25
27,30,val,18.920864,1.26
27,31,val,26.686802,1.27
27,32,val,22.623709,1.28
27,33,val,30.290859,1.28
27,34,val,15.407443,1.29
27,35,val,29.395918,1.30
27,36,val,42.984894,1.30
27,37,val,20.854221,1.31
27,38,val,20.548220,1.32
27,39,val,72.985352,1.32
27,40,val,33.658821,1.33
27,41,val,20.984512,1.34
27,42,val,28.410542,1.34
27,43,val,23.935379,1.35
27,44,val,123.104797,1.35
27,45,val,76.712639,1.36
27,46,val,175.296661,1.37
27,47,val,25.789022,1.38
27,48,val,85.464050,1.39
27,49,val,14.346268,1.39
27,50,val,21.115026,1.40
27,51,val,17.501316,1.40
27,52,val,18.281469,1.41
27,53,val,34.876152,1.42
27,54,val,15.041965,1.42
27,55,val,19.862732,1.43
27,56,val,19.054649,1.43
27,57,val,21.728529,1.44
27,58,val,22.843292,1.45
27,59,val,15.467586,1.45
27,60,val,52.765762,1.46
27,61,val,34.927109,1.47
27,62,val,17.068407,1.48
27,63,val,35.388348,1.48
27,64,val,10.324131,1.49
27,65,val,125.017784,1.50
27,66,val,22.023212,1.50
27,67,val,17.587418,1.51
27,68,val,91.807640,1.51
27,69,val,16.813501,1.52
27,70,val,137.742767,1.53
27,71,val,138.886444,1.53
27,72,val,20.298695,1.54
27,73,val,35.065300,1.55
27,74,val,48.694534,1.55
27,75,val,35.882355,1.56
27,76,val,20.058973,1.57
27,77,val,15.935001,1.57
27,78,val,23.665915,1.58
27,79,val,53.674892,1.59
28,0,train,36.432991,0.11
28,1,train,42.005245,0.14
28,2,train,57.485962,0.18
28,3,train,27.314711,0.21
28,4,train,23.707758,0.24
28,5,train,34.412731,0.27
28,6,train,46.857914,0.29
28,7,train,39.963474,0.32
28,8,train,39.283966,0.35
28,9,train,50.269234,0.37
28,10,train,39.612854,0.40
28,11,train,35.370235,0.42
28,12,train,34.279148,0.45
28,13,train,42.840561,0.47
28,14,train,53.302086,0.50
28,15,train,34.451828,0.52
28,16,train,33.981281,0.55
28,17,train,35.959213,0.58
28,18,train,37.308079,0.60
28,19,train,44.971962,0.63
28,20,train,31.274929,0.66
28,21,train,52.759491,0.68
28,22,train,62.289658,0.70
28,23,train,32.954536,0.73
28,24,train,27.317184,0.75
28,25,train,33.673714,0.78
28,26,train,49.273411,0.80
28,27,train,32.625660,0.82
28,28,train,49.471237,0.85
28,29,train,36.726460,0.87
28,0,val,17.124578,0.99
28,1,val,27.052731,0.99
28,2,val,23.261387,1.00
28,3,val,18.079998,1.01
28,4,val,21.255440,1.01
28,5,val,27.439407,1.02
28,6,val,19.413116,1.03
28,7,val,30.419609,1.04
28,8,val,79.611984,1.04
28,9,val,53.335781,1.05
28,10,val,123.921310,1.06
28,11,val,34.371078,1.06
28,12,val,14.028922,1.07
28,13,val,25.702076,1.07
28,14,val,17.689407,1.08
28,15,val,16.841072,1.09
28,16,val,27.495604,1.09
28,17,val,171.695984,1.10
28,18,val,19.200726,1.11
28,19,val,28.682667,1.11
28,20,val,26.128101,1.12
28,21,val,13.106205,1.13
28,22,val,28.412100,1.14
28,23,val,33.847771,1.14
28,24,val,88.463226,1.15
28,25,val,40.475418,1.16
28,26,val,15.681463,1.16
28,27,val,21.454365,1.17
28,28,val,16.755482,1.18
28,29,val,17.172604,1.18
28,30,val,9.117803,1.19
28,31,val,25.908138,1.20
28,32,val,23.631729,1.21
28,33,val,16.783848,1.21
28,34,val,12.698810,1.22
28,35,val,28.857899,1.23
28,36,val,40.975983,1.24
28,37,val,17.492928,1.25
28,38,val,18.751709,1.25
28,39,val,71.680069,1.26
28,40,val,42.617165,1.27
28,41,val,20.221037,1.27
28,42,val,27.459423,1.28
28,43,val,22.898598,1.29
28,44,val,124.248001,1.29
28,45,val,94.690514,1.30
28,46,val,173.603134,1.30
28,47,val,24.529312,1.31
28,48,val,93.411926,1.32
28,49,val,44.473457,1.32
28,50,val,18.600803,1.33
28,51,val,16.845497,1.34
28,52,val,24.419159,1.34
28,53,val,13.725535,1.35
28,54,val,21.302402,1.36
28,55,val,13.770798,1.36
28,56,val,15.924683,1.37
28,57,val,22.807571,1.38
28,58,val,23.075104,1.38
28,59,val,15.417129,1.39
28,60,val,50.773308,1.40
28,61,val,35.682034,1.40
28,62,val,16.457405,1.41
28,63,val,36.287804,1.41
28,64,val,9.713939,1.42
28,65,val,147.840485,1.43
28,66,val,22.528412,1.43
28,67,val,18.383665,1.44
28,68,val,91.038193,1.45
28,69,val,16.406967,1.45
28,70,val,104.650375,1.46
28,71,val,137.255737,1.47
28,72,val,22.154526,1.47
28,73,val,15.383394,1.48
28,74,val,48.779533,1.48
28,75,val,35.721203,1.49
28,76,val,20.164055,1.50
28,77,val,20.831999,1.50
28,78,val,24.338634,1.50
28,79,val,49.962391,1.51
29,0,train,54.230907,0.14
29,1,train,35.562405,0.17
29,2,train,60.543533,0.19
29,3,train,46.251499,0.22
29,4,train,28.076788,0.24
29,5,train,28.262863,0.27
29,6,train,25.157269,0.30
29,7,train,58.321411,0.32
29,8,train,48.990448,0.34
29,9,train,47.738239,0.38
29,10,train,28.589428,0.40
29,11,train,36.435131,0.43
29,12,train,39.093521,0.46
29,13,train,23.382473,0.49
29,14,train,43.403858,0.52
29,15,train,26.553389,0.54
29,16,train,23.590271,0.57
29,17,train,23.676043,0.60
29,18,train,33.036827,0.62
29,19,train,36.098316,0.65
29,20,train,26.082973,0.67
29,21,train,24.890972,0.70
29,22,train,31.661789,0.73
29,23,train,45.453133,0.75
29,24,train,37.694050,0.78
29,25,train,51.731743,0.81
29,26,train,43.868080,0.83
29,27,train,33.430553,0.85
29,28,train,30.526514,0.88
29,29,train,25.965960,0.90
29,0,val,16.970118,1.02
29,1,val,53.766968,1.03
29,2,val,19.311890,1.03
29,3,val,14.940268,1.04
29,4,val,23.268372,1.05
29,5,val,26.104748,1.06
29,6,val,18.771814,1.06
29,7,val,31.316757,1.07
29,8,val,74.230171,1.08
29,9,val,53.420303,1.08
29,10,val,123.420189,1.09
29,11,val,33.436790,1.10
29,12,val,50.773632,1.10
29,13,val,26.214993,1.11
29,14,val,16.111542,1.12
29,15,val,31.904722,1.12
29,16,val,28.825521,1.13
29,17,val,169.220383,1.13
29,18,val,15.827948,1.14
29,19,val,27.966856,1.15
29,20,val,26.500561,1.16
29,21,val,13.133342,1.16
29,22,val,19.533781,1.17
29,23,val,32.729950,1.18
29,24,val,86.865997,1.18
29,25,val,40.280094,1.19
29,26,val,27.975424,1.20
29,27,val,22.479950,1.20
29,28,val,14.358606,1.21
29,29,val,15.605526,1.21
29,30,val,9.302160,1.22
29,31,val,25.954136,1.23
29,32,val,20.075966,1.23
29,33,val,15.155804,1.24
29,34,val,12.946765,1.25
29,35,val,28.038107,1.25
29,36,val,42.081646,1.26
29,37,val,17.219353,1.27
29,38,val,19.285786,1.28
29,39,val,70.648865,1.28
29,40,val,31.600067,1.29
29,41,val,24.418676,1.30
29,42,val,27.461243,1.30
29,43,val,24.397114,1.31
29,44,val,121.292076,1.32
29,45,val,73.678276,1.32
29,46,val,177.310043,1.33
29,47,val,28.822765,1.34
29,48,val,82.709007,1.34
29,49,val,14.747699,1.35
29,50,val,19.242414,1.35
29,51,val,33.550262,1.36
29,52,val,18.650303,1.37
29,53,val,13.830578,1.38
29,54,val,36.620377,1.38
29,55,val,14.556133,1.39
29,56,val,15.980995,1.40
29,57,val,21.289803,1.40
29,58,val,22.614166,1.41
29,59,val,14.900351,1.42
29,60,val,49.417267,1.42
29,61,val,34.604103,1.43
29,62,val,16.622662,1.44
29,63,val,34.761467,1.44
29,64,val,9.939182,1.45
29,65,val,134.728302,1.46
29,66,val,23.872860,1.47
29,67,val,16.534388,1.48
29,68,val,90.082878,1.49
29,69,val,19.673969,1.50
29,70,val,101.070938,1.51
29,71,val,137.324432,1.52
29,72,val,16.268448,1.53
29,73,val,14.882754,1.53
29,74,val,46.598816,1.54
29,75,val,35.249252,1.55
29,76,val,20.326660,1.55
29,77,val,15.514915,1.56
29,78,val,29.195770,1.56
29,79,val,49.054916,1.57
30,0,train,25.243387,0.12
30,1,train,32.021618,0.15
30,2,train,37.774963,0.18
30,3,train,20.130512,0.21
30,4,train,34.780224,0.23
30,5,train,19.101109,0.27
30,6,train,51.166191,0.30
30,7,train,29.869938,0.33
30,8,train,34.431953,0.36
30,9,train,50.479877,0.38
30,10,train,36.488537,0.41
30,11,train,39.161674,0.44
30,12,train,36.269672,0.46
30,13,train,54.215492,0.49
30,14,train,59.386772,0.51
30,15,train,33.335838,0.54
30,16,train,30.909914,0.56
30,17,train,44.978615,0.59
30,18,train,42.862675,0.62
30,19,train,20.197155,0.64
30,20,train,45.488079,0.67
30,21,train,28.919044,0.71
30,22,train,46.186775,0.75
30,23,train,46.399696,0.78
30,24,train,24.475012,0.83
30,25,train,45.921417,0.86
30,26,train,20.106737,0.90
30,27,train,48.703472,0.93
30,28,train,55.481480,0.96
30,29,train,27.736246,0.98
30,0,val,20.793049,1.16
30,1,val,24.183920,1.18
30,2,val,44.187019,1.19
30,3,val,13.470587,1.19
30,4,val,22.448776,1.20
30,5,val,27.103703,1.21
30,6,val,16.727768,1.22
30,7,val,32.567944,1.23
30,8,val,79.734184,1.24
30,9,val,52.862637,1.24
30,10,val,120.708908,1.25
30,11,val,39.519882,1.26
30,12,val,18.842991,1.27
30,13,val,26.631750,1.28
30,14,val,15.798445,1.29
30,15,val,18.611549,1.30
30,16,val,26.804211,1.31
30,17,val,167.364288,1.31
30,18,val,15.859413,1.32
30,19,val,27.849972,1.33
30,20,val,30.057331,1.34
30,21,val,14.150740,1.35
30,22,val,19.600365,1.35
30,23,val,35.015987,1.36
30,24,val,86.796593,1.37
30,25,val,39.583229,1.38
30,26,val,14.141912,1.39
30,27,val,19.906395,1.40
30,28,val,33.052502,1.41
30,29,val,16.923971,1.42
30,30,val,8.063255,1.42
30,31,val,29.532141,1.43
30,32,val,21.267950,1.44
30,33,val,15.529913,1.45
30,34,val,14.637768,1.45
30,35,val,29.485985,1.46
30,36,val,39.703957,1.47
30,37,val,18.091896,1.48
30,38,val,19.983175,1.49
30,39,val,68.391586,1.50
30,40,val,32.125847,1.51
30,41,val,22.423958,1.51
30,42,val,27.761898,1.52
30,43,val,25.957016,1.53
30,44,val,120.464317,1.54
30,45,val,71.896408,1.55
30,46,val,165.247223,1.55
30,47,val,23.933647,1.56
30,48,val,82.138977,1.57
30,49,val,13.247530,1.58
30,50,val,19.984016,1.58
30,51,val,15.848881,1.60
30,52,val,18.442713,1.60
30,53,val,13.992958,1.61
30,54,val,14.463345,1.62
30,55,val,12.544558,1.63
30,56,val,17.373632,1.63
30,57,val,21.625435,1.64
30,58,val,25.332878,1.65
30,59,val,16.845627,1.66
30,60,val,49.402935,1.67
30,61,val,34.860832,1.67
30,62,val,15.364906,1.68
30,63,val,35.471565,1.69
30,64,val,10.112741,1.70
30,65,val,119.490143,1.71
30,66,val,21.108923,1.72
30,67,val,19.116430,1.73
30,68,val,87.238663,1.73
30,69,val,38.248901,1.74
30,70,val,100.313919,1.75
30,71,val,144.009460,1.76
30,72,val,17.013802,1.76
30,73,val,15.417578,1.77
30,74,val,59.684689,1.78
30,75,val,33.923111,1.79
30,76,val,19.223616,1.79
30,77,val,19.837467,1.80
30,78,val,23.131466,1.81
30,79,val,48.052586,1.81
31,0,train,45.718620,0.16
31,1,train,40.888885,0.20
31,2,train,34.851639,0.23
31,3,train,35.310158,0.27
31,4,train,25.213070,0.31
31,5,train,26.832602,0.35
31,6,train,39.796265,0.39
31,7,train,31.085634,0.43
31,8,train,31.888844,0.46
31,9,train,26.018719,0.50
31,10,train,28.284698,0.54
31,11,train,22.467464,0.57
31,12,train,63.440460,0.60
31,13,train,33.054951,0.64
31,14,train,23.185162,0.67
31,15,train,59.550484,0.70
31,16,train,22.880533,0.73
31,17,train,41.157822,0.77
31,18,train,29.326046,0.81
31,19,train,31.889690,0.84
31,20,train,24.405312,0.88
31,21,train,22.463173,0.91
31,22,train,26.883217,0.94
31,23,train,29.255650,0.98
31,24,train,29.654190,1.01
31,25,train,28.525879,1.04
31,26,train,30.998060,1.07
31,27,train,25.760767,1.10
31,28,train,33.294006,1.12
31,29,train,24.291113,1.15
31,0,val,16.908699,1.31
31,1,val,23.350430,1.33
31,2,val,21.699926,1.35
31,3,val,15.041713,1.36
31,4,val,20.471905,1.37
31,5,val,25.072342,1.38
31,6,val,17.108320,1.38
31,7,val,29.889748,1.39
31,8,val,72.334885,1.40
31,9,val,51.482407,1.41
31,10,val,118.980301,1.41
31,11,val,34.258972,1.42
31,12,val,17.214184,1.43
31,13,val,42.696621,1.44
31,14,val,16.448612,1.45
31,15,val,18.499401,1.46
31,16,val,27.541370,1.46
31,17,val,167.315735,1.47
31,18,val,16.416218,1.48
31,19,val,27.077164,1.49
31,20,val,25.112087,1.50
31,21,val,39.452866,1.50
31,22,val,19.821527,1.51
31,23,val,33.145454,1.52
31,24,val,89.350883,1.53
31,25,val,39.194637,1.54
31,26,val,15.898663,1.55
31,27,val,19.761532,1.56
31,28,val,20.355385,1.57
31,29,val,15.437666,1.58
31,30,val,9.583559,1.58
31,31,val,25.797125,1.59
31,32,val,23.319805,1.60
31,33,val,15.242862,1.61
31,34,val,12.493078,1.62
31,35,val,28.516819,1.62
31,36,val,39.617683,1.63
31,37,val,20.758764,1.64
31,38,val,47.470654,1.66
31,39,val,67.632553,1.67
31,40,val,44.235115,1.68
31,41,val,19.991934,1.69
31,42,val,26.475224,1.70
31,43,val,22.846098,1.71
31,44,val,119.000084,1.72
31,45,val,71.039749,1.73
31,46,val,168.215118,1.74
31,47,val,22.971334,1.75
31,48,val,80.194885,1.76
31,49,val,13.292921,1.77
31,50,val,30.532934,1.78
31,51,val,15.557826,1.79
31,52,val,18.773907,1.80
31,53,val,13.291465,1.81
31,54,val,14.724154,1.82
31,55,val,44.232040,1.83
31,56,val,16.402573,1.85
31,57,val,29.268478,1.86
31,58,val,22.515244,1.87
31,59,val,15.672850,1.88
31,60,val,48.386436,1.90
31,61,val,34.147961,1.91
31,62,val,22.843534,1.93
31,63,val,34.181927,1.93
31,64,val,9.229994,1.95
31,65,val,118.947830,1.96
31,66,val,30.211432,1.96
31,67,val,20.368092,1.97
31,68,val,85.787827,1.98
31,69,val,15.320903,1.99
31,70,val,102.228844,2.00
31,71,val,132.221466,2.01
31,72,val,15.726147,2.02
31,73,val,14.180878,2.02
31,74,val,45.345654,2.03
31,75,val,35.787888,2.04
31,76,val,25.950705,2.05
31,77,val,21.147856,2.05
31,78,val,22.923145,2.06
31,79,val,46.011402,2.08
32,0,train,21.922756,0.15
32,1,train,28.694096,0.19
32,2,train,30.916786,0.22
32,3,train,29.081287,0.25
32,4,train,22.984455,0.29
32,5,train,70.048904,0.32
32,6,train,23.550026,0.36
32,7,train,43.736244,0.39
32,8,train,49.547062,0.43
32,9,train,33.126488,0.46
32,10,train,43.440891,0.50
32,11,train,26.720840,0.53
32,12,train,39.372292,0.56
32,13,train,40.504906,0.60
32,14,train,30.847853,0.64
32,15,train,24.088329,0.67
32,16,train,20.633060,0.71
32,17,train,20.227287,0.77
32,18,train,31.468639,0.83
32,19,train,27.841576,0.91
32,20,train,61.626503,0.95
32,21,train,43.607735,0.99
32,22,train,50.023712,1.03
32,23,train,26.509495,1.06
32,24,train,19.565861,1.09
32,25,train,24.414497,1.12
32,26,train,34.253399,1.15
32,27,train,38.918045,1.18
32,28,train,33.161945,1.22
32,29,train,46.550365,1.25
32,0,val,16.019653,1.41
32,1,val,39.945988,1.43
32,2,val,19.062195,1.44
32,3,val,13.731285,1.45
32,4,val,19.474613,1.46
32,5,val,27.563560,1.47
32,6,val,19.290520,1.48
32,7,val,28.652584,1.49
32,8,val,71.479301,1.50
32,9,val,51.858807,1.51
32,10,val,116.329773,1.52
32,11,val,32.929424,1.53
32,12,val,12.957373,1.54
32,13,val,24.874676,1.55
32,14,val,15.049857,1.56
32,15,val,17.270308,1.59
32,16,val,24.442638,1.61
32,17,val,164.057465,1.62
32,18,val,16.283314,1.63
32,19,val,31.704681,1.64
32,20,val,25.663641,1.65
32,21,val,32.351830,1.66
32,22,val,20.266027,1.68
32,23,val,37.157204,1.69
32,24,val,84.389709,1.70
32,25,val,39.497540,1.71
32,26,val,14.443354,1.71
32,27,val,20.516804,1.72
32,28,val,16.773115,1.73
32,29,val,15.056120,1.75
32,30,val,8.013885,1.76
32,31,val,27.771534,1.77
32,32,val,19.794001,1.78
32,33,val,16.168030,1.79
32,34,val,13.830444,1.79
32,35,val,27.603714,1.80
32,36,val,44.760277,1.81
32,37,val,17.942621,1.81
32,38,val,18.147774,1.82
32,39,val,74.061684,1.83
32,40,val,32.927849,1.84
32,41,val,20.974730,1.85
32,42,val,26.738386,1.86
32,43,val,49.882027,1.87
32,44,val,118.727478,1.88
32,45,val,72.016518,1.88
32,46,val,162.914230,1.89
32,47,val,24.108173,1.90
32,48,val,80.141266,1.90
32,49,val,14.269145,1.91
32,50,val,22.791443,1.92
32,51,val,19.428885,1.92
32,52,val,19.595364,1.93
32,53,val,14.997412,1.94
32,54,val,14.218280,1.95
32,55,val,14.968966,1.96
32,56,val,31.623596,1.96
32,57,val,21.742161,1.97
32,58,val,21.863623,1.97
32,59,val,15.313502,1.98
32,60,val,61.090393,1.99
32,61,val,37.293449,1.99
32,62,val,14.660034,2.00
32,63,val,35.440720,2.01
32,64,val,11.196768,2.01
32,65,val,118.510300,2.02
32,66,val,20.867851,2.03
32,67,val,16.407007,2.04
32,68,val,86.295914,2.05
32,69,val,16.826672,2.06
32,70,val,97.326752,2.07
32,71,val,131.541901,2.07
32,72,val,16.419712,2.08
32,73,val,15.271461,2.09
32,74,val,53.811916,2.09
32,75,val,33.416042,2.10
32,76,val,36.913452,2.10
32,77,val,18.150764,2.11
32,78,val,22.505997,2.11
32,79,val,54.378555,2.12
33,0,train,41.627670,0.15
33,1,train,39.038189,0.18
33,2,train,29.315418,0.21
33,3,train,29.249857,0.23
33,4,train,58.503967,0.26
33,5,train,19.373478,0.29
33,6,train,33.524658,0.32
33,7,train,30.216778,0.34
33,8,train,30.156740,0.37
33,9,train,35.112923,0.47
33,10,train,27.375553,0.50
33,11,train,39.008400,0.53
33,12,train,22.277077,0.56
33,13,train,17.881195,0.59
33,14,train,36.832165,0.63
33,15,train,48.462460,0.67
33,16,train,34.813721,0.71
33,17,train,45.169876,0.74
33,18,train,25.043861,0.77
33,19,train,25.104721,0.79
33,20,train,53.794380,0.82
33,21,train,40.340225,0.84
33,22,train,26.935934,0.87
33,23,train,29.044954,0.90
33,24,train,25.886719,0.92
33,25,train,25.787273,0.95
33,26,train,33.337448,0.97
33,27,train,38.906136,0.99
33,28,train,31.198553,1.02
33,29,train,18.082523,1.04
33,0,val,16.353039,1.15
33,1,val,42.766357,1.16
33,2,val,18.809937,1.16
33,3,val,13.843863,1.17
33,4,val,20.218727,1.17
33,5,val,27.014339,1.18
33,6,val,35.375546,1.19
33,7,val,30.259220,1.20
33,8,val,70.496567,1.21
33,9,val,53.439926,1.21
33,10,val,116.633682,1.22
33,11,val,31.828217,1.23
33,12,val,12.093791,1.23
33,13,val,28.187538,1.24
33,14,val,15.400179,1.24
33,15,val,17.588730,1.25
33,16,val,56.068176,1.26
33,17,val,163.880707,1.27
33,18,val,16.604395,1.27
33,19,val,26.888968,1.28
33,20,val,56.087463,1.29
33,21,val,11.434962,1.30
33,22,val,18.985287,1.31
33,23,val,31.838156,1.31
33,24,val,87.115982,1.32
33,25,val,39.921070,1.33
33,26,val,13.969652,1.33
33,27,val,19.813089,1.34
33,28,val,13.622749,1.35
33,29,val,14.229080,1.35
33,30,val,8.934310,1.36
33,31,val,25.593369,1.36
33,32,val,19.752241,1.37
33,33,val,15.188385,1.38
33,34,val,14.567640,1.38
33,35,val,27.431835,1.39
33,36,val,61.391190,1.40
33,37,val,18.821636,1.41
33,38,val,21.680189,1.41
33,39,val,70.771751,1.42
33,40,val,34.003517,1.43
33,41,val,19.952452,1.43
33,42,val,25.770020,1.44
33,43,val,21.773010,1.45
33,44,val,117.582268,1.45
33,45,val,69.959923,1.46
33,46,val,160.466431,1.47
33,47,val,22.308386,1.48
33,48,val,78.173981,1.49
33,49,val,15.323706,1.50
33,50,val,18.507490,1.51
33,51,val,20.011339,1.52
33,52,val,22.561401,1.53
33,53,val,20.203642,1.54
33,54,val,16.342499,1.54
33,55,val,39.722443,1.55
33,56,val,15.166384,1.55
33,57,val,31.419861,1.56
33,58,val,24.410856,1.57
33,59,val,17.347786,1.57
33,60,val,48.651211,1.58
33,61,val,34.986099,1.59
33,62,val,16.448133,1.59
33,63,val,33.119980,1.60
33,64,val,21.250254,1.61
33,65,val,118.988945,1.61
33,66,val,28.240673,1.62
33,67,val,14.852145,1.63
33,68,val,84.703369,1.63
33,69,val,16.029411,1.64
33,70,val,96.511070,1.65
33,71,val,129.438019,1.65
33,72,val,16.611938,1.66
33,73,val,20.722286,1.66
33,74,val,43.650249,1.67
33,75,val,40.541733,1.68
33,76,val,18.867334,1.68
33,77,val,14.635348,1.69
33,78,val,22.033283,1.69
33,79,val,45.726936,1.69
34,0,train,33.193420,0.11
34,1,train,53.328014,0.14
34,2,train,24.739491,0.16
34,3,train,30.437328,0.19
34,4,train,35.715305,0.21
34,5,train,27.995935,0.24
34,6,train,28.105587,0.27
34,7,train,22.479687,0.29
34,8,train,26.797564,0.32
34,9,train,41.257729,0.34
34,10,train,37.459644,0.37
34,11,train,20.542147,0.39
34,12,train,32.000870,0.42
34,13,train,40.018768,0.44
34,14,train,33.331772,0.47
34,15,train,38.997448,0.49
34,16,train,43.477135,0.52
34,17,train,57.705212,0.54
34,18,train,25.237791,0.57
34,19,train,42.744240,0.60
34,20,train,27.837029,0.62
34,21,train,38.378006,0.65
34,22,train,35.049171,0.68
34,23,train,33.921448,0.70
34,24,train,27.842535,0.73
34,25,train,40.507862,0.75
34,26,train,30.450390,0.78
34,27,train,48.899918,0.81
34,28,train,50.047539,0.83
34,29,train,24.692099,0.86
34,0,val,44.872711,0.98
34,1,val,23.429916,0.99
34,2,val,20.270504,1.00
34,3,val,17.194677,1.01
34,4,val,22.476009,1.01
34,5,val,30.861858,1.03
34,6,val,16.633900,1.03
34,7,val,30.241535,1.04
34,8,val,68.678558,1.04
34,9,val,58.092083,1.05
34,10,val,113.405655,1.06
34,11,val,35.544777,1.06
34,12,val,59.802929,1.07
34,13,val,25.599449,1.08
34,14,val,17.748524,1.08
34,15,val,16.558851,1.09
34,16,val,25.213589,1.09
34,17,val,160.046234,1.10
34,18,val,17.494944,1.11
34,19,val,26.475195,1.11
34,20,val,25.057119,1.12
34,21,val,12.372302,1.13
34,22,val,18.372622,1.14
34,23,val,31.239927,1.14
34,24,val,82.297867,1.15
34,25,val,39.955872,1.15
34,26,val,17.284828,1.16
34,27,val,19.624859,1.17
34,28,val,13.270245,1.17
34,29,val,16.212135,1.18
34,30,val,8.890017,1.19
34,31,val,27.001057,1.19
34,32,val,19.051327,1.20
34,33,val,13.737226,1.20
34,34,val,12.610209,1.21
34,35,val,39.095444,1.22
34,36,val,38.337406,1.23
34,37,val,19.436308,1.23
34,38,val,17.650272,1.24
34,39,val,68.593979,1.25
34,40,val,30.762966,1.25
34,41,val,18.739120,1.26
34,42,val,50.936626,1.27
34,43,val,21.398474,1.27
34,44,val,119.780746,1.28
34,45,val,68.560036,1.29
34,46,val,158.180573,1.29
34,47,val,21.463253,1.30
34,48,val,82.259384,1.31
34,49,val,14.401043,1.31
34,50,val,17.984524,1.32
34,51,val,16.106136,1.33
34,52,val,17.294411,1.34
34,53,val,12.877314,1.34
34,54,val,15.023868,1.35
34,55,val,13.909124,1.35
34,56,val,19.323080,1.36
34,57,val,20.968540,1.37
34,58,val,22.839428,1.37
34,59,val,15.224803,1.38
34,60,val,50.728218,1.39
34,61,val,46.416439,1.39
34,62,val,16.237225,1.40
34,63,val,33.796516,1.40
34,64,val,9.245070,1.41
34,65,val,129.414795,1.42
34,66,val,21.097134,1.42
34,67,val,15.142138,1.43
34,68,val,83.567200,1.44
34,69,val,15.968143,1.44
34,70,val,95.113548,1.45
34,71,val,130.114258,1.46
34,72,val,15.688950,1.47
34,73,val,16.221054,1.47
34,74,val,42.983284,1.48
34,75,val,33.791389,1.49
34,76,val,18.832085,1.49
34,77,val,14.950412,1.50
34,78,val,25.683681,1.50
34,79,val,45.545639,1.51
35,0,train,52.761810,0.11
35,1,train,55.791573,0.15
35,2,train,39.144188,0.17
35,3,train,50.288776,0.20
35,4,train,30.973902,0.22
35,5,train,27.017853,0.25
35,6,train,31.974861,0.27
35,7,train,21.511040,0.30
35,8,train,22.952623,0.32
35,9,train,50.337288,0.35
35,10,train,62.307278,0.38
35,11,train,23.001625,0.40
35,12,train,37.669876,0.42
35,13,train,34.378139,0.46
35,14,train,49.020164,0.48
35,15,train,23.455082,0.51
35,16,train,35.466602,0.53
35,17,train,53.275490,0.56
35,18,train,34.531216,0.58
35,19,train,26.955832,0.61
35,20,train,45.311699,0.63
35,21,train,30.844202,0.66
35,22,train,33.302059,0.69
35,23,train,29.112690,0.71
35,24,train,35.262863,0.74
35,25,train,41.240448,0.76
35,26,train,30.605907,0.79
35,27,train,33.175629,0.81
35,28,train,24.409584,0.83
35,29,train,44.680473,0.85
35,0,val,18.269894,0.97
35,1,val,28.093649,0.98
35,2,val,20.806076,0.99
35,3,val,18.324593,1.01
35,4,val,21.526960,1.02
35,5,val,24.766441,1.02
35,6,val,17.029839,1.03
35,7,val,27.473318,1.04
35,8,val,70.407928,1.04
35,9,val,50.619354,1.05
35,10,val,112.388794,1.06
35,11,val,31.249905,1.06
35,12,val,12.131187,1.07
35,13,val,27.796057,1.07
35,14,val,15.501577,1.08
35,15,val,15.811584,1.09
35,16,val,24.665258,1.09
35,17,val,171.283371,1.10
35,18,val,16.833624,1.11
35,19,val,26.538008,1.12
35,20,val,27.697027,1.12
35,21,val,11.864182,1.13
35,22,val,19.893845,1.14
35,23,val,35.075054,1.14
35,24,val,80.259521,1.15
35,25,val,40.254681,1.15
35,26,val,14.570341,1.16
35,27,val,19.556213,1.17
35,28,val,13.696918,1.17
35,29,val,14.896364,1.18
35,30,val,7.533524,1.19
35,31,val,25.454870,1.19
35,32,val,19.087708,1.20
35,33,val,17.604652,1.20
35,34,val,14.967291,1.21
35,35,val,26.920898,1.22
35,36,val,40.219727,1.23
35,37,val,16.605795,1.23
35,38,val,19.319347,1.24
35,39,val,67.752129,1.25
35,40,val,30.343075,1.25
35,41,val,18.531193,1.26
35,42,val,29.963669,1.27
35,43,val,21.142616,1.27
35,44,val,115.758720,1.28
35,45,val,69.505295,1.28
35,46,val,156.129974,1.29
35,47,val,23.025387,1.30
35,48,val,77.177696,1.30
35,49,val,13.537501,1.31
35,50,val,17.442453,1.32
35,51,val,14.315542,1.32
35,52,val,20.101955,1.33
35,53,val,13.403551,1.34
35,54,val,14.024635,1.34
35,55,val,12.008919,1.35
35,56,val,15.247917,1.36
35,57,val,22.475201,1.36
35,58,val,21.586813,1.37
35,59,val,14.780666,1.38
35,60,val,47.386761,1.38
35,61,val,33.582947,1.39
35,62,val,14.838995,1.40
35,63,val,39.733772,1.40
35,64,val,10.588537,1.41
35,65,val,114.072929,1.42
35,66,val,20.642540,1.43
35,67,val,16.751328,1.43
35,68,val,85.018814,1.44
35,69,val,16.911442,1.45
35,70,val,95.946045,1.45
35,71,val,129.640564,1.46
35,72,val,16.189575,1.47
35,73,val,13.678368,1.47
35,74,val,44.171459,1.48
35,75,val,34.848907,1.49
35,76,val,18.761051,1.49
35,77,val,23.404341,1.50
35,78,val,24.699280,1.50
35,79,val,46.040779,1.51
36,0,train,34.395340,0.12
36,1,train,47.698715,0.16
36,2,train,29.584934,0.22
36,3,train,20.582073,0.25
36,4,train,26.893314,0.29
36,5,train,60.941475,0.32
36,6,train,43.178074,0.36
36,7,train,25.999243,0.39
36,8,train,43.753410,0.42
36,9,train,23.392563,0.44
36,10,train,36.985367,0.47
36,11,train,32.464516,0.50
36,12,train,21.216805,0.52
36,13,train,43.496346,0.55
36,14,train,32.688461,0.57
36,15,train,15.964144,0.60
36,16,train,45.851025,0.63
36,17,train,46.088043,0.65
36,18,train,33.741920,0.68
36,19,train,34.007484,0.70
36,20,train,40.586998,0.73
36,21,train,32.569351,0.75
36,22,train,38.710697,0.78
36,23,train,41.712639,0.80
36,24,train,22.281769,0.83
36,25,train,15.021858,0.86
36,26,train,16.823837,0.88
36,27,train,40.603737,0.90
36,28,train,33.921303,0.93
36,29,train,25.920546,0.95
36,0,val,16.186316,1.07
36,1,val,43.914261,1.07
36,2,val,19.293222,1.08
36,3,val,12.555172,1.09
36,4,val,20.845196,1.09
36,5,val,25.568253,1.11
36,6,val,18.119057,1.11
36,7,val,28.202627,1.12
36,8,val,66.582962,1.13
36,9,val,50.764984,1.13
36,10,val,110.210510,1.14
36,11,val,33.044304,1.14
36,12,val,12.039080,1.15
36,13,val,24.814602,1.16
36,14,val,18.475409,1.16
36,15,val,17.539394,1.17
36,16,val,26.432274,1.18
36,17,val,156.221161,1.18
36,18,val,15.471713,1.19
36,19,val,56.465202,1.20
36,20,val,36.875702,1.21
36,21,val,11.269379,1.22
36,22,val,17.276682,1.23
36,23,val,31.092688,1.24
36,24,val,85.923065,1.24
36,25,val,38.306793,1.25
36,26,val,13.534251,1.26
36,27,val,19.045490,1.26
36,28,val,15.741011,1.27
36,29,val,14.076557,1.28
36,30,val,12.126826,1.28
36,31,val,24.922817,1.29
36,32,val,20.264908,1.29
36,33,val,17.170139,1.30
36,34,val,11.174536,1.31
36,35,val,30.477020,1.32
36,36,val,45.008194,1.32
36,37,val,22.098206,1.33
36,38,val,18.123325,1.34
36,39,val,70.807159,1.34
36,40,val,48.130867,1.35
36,41,val,19.423573,1.35
36,42,val,30.379700,1.36
36,43,val,29.970226,1.37
36,44,val,116.687790,1.37
36,45,val,66.510132,1.38
36,46,val,154.325073,1.39
36,47,val,27.237335,1.39
36,48,val,82.654045,1.40
36,49,val,12.463844,1.40
36,50,val,17.595512,1.41
36,51,val,16.748226,1.42
36,52,val,35.745041,1.43
36,53,val,14.398598,1.43
36,54,val,13.665976,1.44
36,55,val,14.188914,1.44
36,56,val,15.102175,1.45
36,57,val,20.801462,1.46
36,58,val,35.210445,1.46
36,59,val,16.266056,1.47
36,60,val,46.271805,1.48
36,61,val,33.896339,1.48
36,62,val,15.123619,1.49
36,63,val,32.928699,1.50
36,64,val,9.308310,1.50
36,65,val,113.205750,1.51
36,66,val,20.205235,1.52
36,67,val,22.738911,1.52
36,68,val,82.552483,1.53
36,69,val,18.132191,1.54
36,70,val,91.704491,1.54
36,71,val,151.089828,1.55
36,72,val,15.524722,1.56
36,73,val,14.703230,1.56
36,74,val,48.758041,1.57
36,75,val,30.569357,1.58
36,76,val,18.025738,1.58
36,77,val,14.492989,1.59
36,78,val,21.819370,1.59
36,79,val,45.166374,1.60
37,0,train,21.718048,0.11
37,1,train,51.431473,0.14
37,2,train,36.879288,0.17
37,3,train,49.356716,0.19
37,4,train,51.418793,0.22
37,5,train,34.146908,0.25
37,6,train,33.190487,0.28
37,7,train,20.926132,0.30
37,8,train,35.129646,0.33
37,9,train,32.795544,0.36
37,10,train,31.291946,0.39
37,11,train,28.655754,0.41
37,12,train,48.335518,0.43
37,13,train,36.271896,0.47
37,14,train,40.507462,0.49
37,15,train,29.349146,0.52
37,16,train,33.397491,0.55
37,17,train,28.358574,0.58
37,18,train,29.130219,0.61
37,19,train,33.568794,0.64
37,20,train,39.514244,0.67
37,21,train,30.285290,0.69
37,22,train,27.505005,0.72
37,23,train,33.722092,0.74
37,24,train,18.263340,0.77
37,25,train,33.628029,0.79
37,26,train,28.651197,0.81
37,27,train,41.236832,0.84
37,28,train,26.064552,0.86
37,29,train,27.376945,0.88
37,0,val,15.756140,1.00
37,1,val,22.138050,1.01
37,2,val,19.735029,1.01
37,3,val,14.426906,1.02
37,4,val,21.686665,1.03
37,5,val,27.119453,1.04
37,6,val,16.066586,1.04
37,7,val,27.283682,1.05
37,8,val,71.287704,1.06
37,9,val,48.480297,1.07
37,10,val,108.596786,1.07
37,11,val,52.039833,1.08
37,12,val,11.721408,1.09
37,13,val,32.787800,1.09
37,14,val,15.045401,1.10
37,15,val,15.449331,1.11
37,16,val,23.901752,1.11
37,17,val,153.069397,1.12
37,18,val,23.365311,1.13
37,19,val,26.886984,1.13
37,20,val,24.939659,1.14
37,21,val,11.755209,1.15
37,22,val,17.507612,1.15
37,23,val,30.387569,1.16
37,24,val,78.093697,1.17
37,25,val,38.340443,1.17
37,26,val,13.981044,1.18
37,27,val,19.761471,1.19
37,28,val,14.912315,1.20
37,29,val,15.679510,1.20
37,30,val,10.749176,1.21
37,31,val,26.779083,1.22
37,32,val,21.624235,1.22
37,33,val,13.681105,1.23
37,34,val,13.430965,1.24
37,35,val,51.774864,1.25
37,36,val,37.391907,1.26
37,37,val,18.144108,1.26
37,38,val,23.188864,1.27
37,39,val,64.686340,1.28
37,40,val,30.914557,1.28
37,41,val,36.404675,1.29
37,42,val,25.469944,1.30
37,43,val,23.744576,1.30
37,44,val,112.608383,1.31
37,45,val,65.614494,1.32
37,46,val,152.661987,1.32
37,47,val,22.036192,1.33
37,48,val,76.260040,1.34
37,49,val,14.231621,1.34
37,50,val,17.782375,1.35
37,51,val,18.392532,1.36
37,52,val,16.349134,1.37
37,53,val,13.223412,1.37
37,54,val,40.158363,1.38
37,55,val,12.636745,1.38
37,56,val,16.496521,1.39
37,57,val,19.524246,1.40
37,58,val,21.354727,1.40
37,59,val,14.470027,1.41
37,60,val,44.799240,1.42
37,61,val,34.768616,1.42
37,62,val,15.153048,1.43
37,63,val,32.350475,1.44
37,64,val,9.194934,1.44
37,65,val,111.569427,1.45
37,66,val,19.871212,1.46
37,67,val,19.110329,1.47
37,68,val,80.646652,1.47
37,69,val,14.999777,1.48
37,70,val,101.634605,1.48
37,71,val,125.908432,1.49
37,72,val,14.937527,1.50
37,73,val,13.443889,1.50
37,74,val,42.598076,1.51
37,75,val,31.651800,1.52
37,76,val,19.744072,1.52
37,77,val,14.746565,1.53
37,78,val,22.402462,1.53
37,79,val,43.932842,1.53
38,0,train,37.574345,0.12
38,1,train,53.170341,0.15
38,2,train,22.747467,0.18
38,3,train,25.310009,0.20
38,4,train,21.198202,0.22
38,5,train,43.323925,0.25
38,6,train,51.615562,0.28
38,7,train,32.442245,0.30
38,8,train,31.766941,0.33
38,9,train,27.143297,0.35
38,10,train,24.065361,0.38
38,11,train,24.892923,0.41
38,12,train,26.590124,0.43
38,13,train,37.554329,0.46
38,14,train,33.759491,0.48
38,15,train,54.953888,0.52
38,16,train,19.137871,0.55
38,17,train,30.520311,0.59
38,18,train,34.248810,0.62
38,19,train,30.078955,0.66
38,20,train,52.821518,0.69
38,21,train,38.110943,0.73
38,22,train,40.546234,0.76
38,23,train,20.426777,0.79
38,24,train,18.735783,0.83
38,25,train,24.584091,0.87
38,26,train,30.793819,0.90
38,27,train,32.930157,0.93
38,28,train,36.093254,0.96
38,29,train,37.215485,0.99
38,0,val,15.875884,1.17
38,1,val,22.498480,1.19
38,2,val,19.299088,1.20
38,3,val,13.412936,1.21
38,4,val,22.270462,1.22
38,5,val,25.923552,1.23
38,6,val,16.314320,1.24
38,7,val,26.992893,1.25
38,8,val,111.208771,1.26
38,9,val,48.902740,1.27
38,10,val,107.062012,1.27
38,11,val,30.196301,1.28
38,12,val,12.526645,1.29
38,13,val,25.628384,1.30
38,14,val,16.943050,1.31
38,15,val,15.949023,1.32
38,16,val,29.031895,1.32
38,17,val,151.906906,1.33
38,18,val,18.270086,1.34
38,19,val,26.602642,1.35
38,20,val,24.323845,1.35
38,21,val,11.459552,1.36
38,22,val,16.569754,1.37
38,23,val,32.342430,1.38
38,24,val,78.357513,1.39
38,25,val,75.840836,1.40
38,26,val,14.556871,1.41
38,27,val,17.989204,1.42
38,28,val,14.797709,1.43
38,29,val,14.436003,1.44
38,30,val,8.195079,1.45
38,31,val,24.858877,1.46
38,32,val,20.508411,1.46
38,33,val,13.558311,1.47
38,34,val,11.499825,1.48
38,35,val,25.356543,1.49
38,36,val,35.910656,1.50
38,37,val,16.843826,1.51
38,38,val,18.880512,1.52
38,39,val,79.168884,1.52
38,40,val,31.518135,1.53
38,41,val,30.433392,1.54
38,42,val,26.682388,1.55
38,43,val,22.499588,1.56
38,44,val,111.526451,1.57
38,45,val,66.198868,1.57
38,46,val,155.889252,1.58
38,47,val,24.684917,1.59
38,48,val,78.811470,1.60
38,49,val,13.233528,1.62
38,50,val,17.306076,1.63
38,51,val,14.115863,1.64
38,52,val,16.312138,1.64
38,53,val,11.723488,1.65
38,54,val,13.481342,1.66
38,55,val,15.319496,1.67
38,56,val,15.621535,1.67
38,57,val,20.010008,1.68
38,58,val,21.311213,1.69
38,59,val,17.227776,1.70
38,60,val,45.783546,1.71
38,61,val,33.306049,1.72
38,62,val,15.498756,1.73
38,63,val,32.557755,1.74
38,64,val,8.733160,1.74
38,65,val,116.661453,1.75
38,66,val,20.023214,1.76
38,67,val,14.051272,1.77
38,68,val,81.648575,1.77
38,69,val,15.702167,1.78
38,70,val,101.268578,1.79
38,71,val,124.645233,1.80
38,72,val,16.532513,1.81
38,73,val,14.274826,1.82
38,74,val,40.914387,1.83
38,75,val,31.504377,1.84
38,76,val,18.408005,1.84
38,77,val,14.647556,1.85
38,78,val,22.223415,1.86
38,79,val,45.291588,1.88
39,0,train,22.470310,0.16
39,1,train,31.380831,0.21
39,2,train,27.044449,0.25
39,3,train,54.585861,0.28
39,4,train,28.806404,0.32
39,5,train,54.948677,0.36
39,6,train,33.531559,0.39
39,7,train,19.079494,0.43
39,8,train,49.430950,0.46
39,9,train,40.780853,0.49
39,10,train,34.376411,0.53
39,11,train,33.382877,0.56
39,12,train,30.489868,0.59
39,13,train,51.808601,0.63
39,14,train,19.029831,0.67
39,15,train,26.626951,0.70
39,16,train,20.234354,0.74
39,17,train,20.249365,0.77
39,18,train,23.122019,0.80
39,19,train,62.217285,0.83
39,20,train,31.244926,0.87
39,21,train,80.822266,0.91
39,22,train,35.088608,0.94
39,23,train,28.212685,0.98
39,24,train,49.579826,1.01
39,25,train,29.086145,1.04
39,26,train,31.899321,1.08
39,27,train,47.946571,1.10
39,28,train,34.275997,1.13
39,29,train,44.466682,1.23
39,0,val,16.548668,1.45
39,1,val,22.030691,1.46
39,2,val,18.057041,1.47
39,3,val,13.992611,1.48
39,4,val,20.590672,1.49
39,5,val,24.122082,1.50
39,6,val,17.702852,1.51
39,7,val,27.073006,1.51
39,8,val,64.843231,1.52
39,9,val,57.798256,1.53
39,10,val,105.752892,1.54
39,11,val,30.561087,1.55
39,12,val,13.040591,1.57
39,13,val,25.662855,1.58
39,14,val,16.713102,1.59
39,15,val,17.610468,1.60
39,16,val,26.708729,1.61
39,17,val,149.437729,1.62
39,18,val,14.813197,1.62
39,19,val,26.312038,1.63
39,20,val,23.087425,1.64
39,21,val,11.220984,1.65
39,22,val,16.882267,1.65
39,23,val,30.527164,1.67
39,24,val,77.434738,1.68
39,25,val,38.599701,1.68
39,26,val,12.909885,1.69
39,27,val,17.725235,1.70
39,28,val,14.264946,1.71
39,29,val,18.649216,1.72
39,30,val,27.183407,1.72
39,31,val,25.558958,1.73
39,32,val,18.805422,1.74
39,33,val,13.170599,1.74
39,34,val,13.291149,1.75
39,35,val,26.258434,1.76
39,36,val,36.018997,1.77
39,37,val,22.309050,1.78
39,38,val,18.445057,1.79
39,39,val,62.985970,1.80
39,40,val,63.419643,1.81
39,41,val,18.113178,1.81
39,42,val,24.624342,1.82
39,43,val,22.690601,1.83
39,44,val,115.272293,1.84
39,45,val,63.969193,1.85
39,46,val,148.122101,1.86
39,47,val,21.317677,1.86
39,48,val,74.542648,1.88
39,49,val,13.185200,1.88
39,50,val,35.437908,1.89
39,51,val,17.862993,1.90
39,52,val,17.024017,1.91
39,53,val,16.311813,1.91
39,54,val,15.910240,1.92
39,55,val,12.071955,1.93
39,56,val,14.073153,1.94
39,57,val,19.892612,1.95
39,58,val,20.527031,1.96
39,59,val,14.656273,1.96
39,60,val,47.606121,1.99
39,61,val,32.341053,2.03
39,62,val,14.002615,2.05
39,63,val,31.832596,2.08
39,64,val,11.772202,2.10
39,65,val,115.693100,2.12
39,66,val,39.918915,2.14
39,67,val,14.277694,2.15
39,68,val,79.745033,2.17
39,69,val,18.136330,2.19
39,70,val,88.332947,2.20
39,71,val,127.762756,2.22
39,72,val,23.817902,2.24
39,73,val,12.798594,2.27
39,74,val,45.715675,2.29
39,75,val,30.168564,2.32
39,76,val,17.957947,2.33
39,77,val,13.769557,2.36
39,78,val,20.827499,2.38
39,79,val,49.629871,2.40
40,0,train,38.959167,0.11
40,1,train,30.653975,0.14
40,2,train,28.453779,0.17
40,3,train,63.480888,0.19
40,4,train,34.499935,0.22
40,5,train,39.665691,0.25
40,6,train,25.475906,0.28
40,7,train,19.533182,0.30
40,8,train,28.820854,0.33
40,9,train,33.272614,0.36
40,10,train,30.654455,0.38
40,11,train,23.125793,0.41
40,12,train,29.070919,0.43
40,13,train,46.386185,0.46
40,14,train,34.731300,0.49
40,15,train,16.891151,0.51
40,16,train,24.414131,0.54
40,17,train,31.042826,0.56
40,18,train,33.151436,0.59
40,19,train,30.103788,0.62
40,20,train,43.258644,0.64
40,21,train,41.548672,0.67
40,22,train,26.521263,0.70
40,23,train,35.595024,0.73
40,24,train,34.995079,0.76
40,25,train,25.942245,0.79
40,26,train,32.007565,0.81
40,27,train,29.501978,0.83
40,28,train,34.344376,0.85
40,29,train,22.842739,0.88
40,0,val,20.366463,1.00
40,1,val,22.131216,1.01
40,2,val,18.385456,1.01
40,3,val,12.699476,1.02
40,4,val,25.873226,1.03
40,5,val,23.949171,1.04
40,6,val,16.502209,1.04
40,7,val,27.082417,1.05
40,8,val,66.375168,1.06
40,9,val,50.186523,1.06
40,10,val,103.710342,1.07
40,11,val,29.657307,1.07
40,12,val,12.619005,1.08
40,13,val,42.758080,1.09
40,14,val,14.749779,1.09
40,15,val,17.730251,1.10
40,16,val,23.857258,1.11
40,17,val,147.324173,1.11
40,18,val,23.611769,1.12
40,19,val,26.612982,1.12
40,20,val,24.049076,1.13
40,21,val,10.824802,1.14
40,22,val,16.952160,1.15
40,23,val,28.870443,1.15
40,24,val,87.994438,1.16
40,25,val,48.238293,1.17
40,26,val,13.567252,1.17
40,27,val,21.112516,1.18
40,28,val,12.622726,1.19
40,29,val,15.236263,1.19
40,30,val,8.398664,1.21
40,31,val,28.710623,1.21
40,32,val,18.268522,1.22
40,33,val,14.038577,1.23
40,34,val,46.936295,1.25
40,35,val,27.368561,1.26
40,36,val,37.017220,1.27
40,37,val,16.872429,1.28
40,38,val,19.102436,1.29
40,39,val,60.536507,1.29
40,40,val,30.224997,1.30
40,41,val,17.453972,1.31
40,42,val,33.710594,1.31
40,43,val,32.548973,1.32
40,44,val,109.227066,1.33
40,45,val,63.449059,1.33
40,46,val,148.890671,1.34
40,47,val,20.721928,1.35
40,48,val,74.051819,1.36
40,49,val,11.971301,1.36
40,50,val,21.397467,1.37
40,51,val,16.229742,1.38
40,52,val,33.367752,1.38
40,53,val,15.147326,1.39
40,54,val,13.557594,1.40
40,55,val,11.405331,1.40
40,56,val,15.101223,1.41
40,57,val,18.431356,1.41
40,58,val,21.205750,1.42
40,59,val,16.679695,1.43
40,60,val,44.672680,1.43
40,61,val,36.344585,1.44
40,62,val,32.106750,1.45
40,63,val,32.011215,1.45
40,64,val,9.660101,1.46
40,65,val,109.953064,1.47
40,66,val,25.429867,1.47
40,67,val,27.330856,1.48
40,68,val,80.012848,1.49
40,69,val,14.230205,1.49
40,70,val,85.810539,1.50
40,71,val,121.261887,1.50
40,72,val,15.196642,1.51
40,73,val,14.346857,1.52
40,74,val,48.029541,1.52
40,75,val,31.435863,1.53
40,76,val,18.921703,1.53
40,77,val,13.665839,1.54
40,78,val,22.611050,1.54
40,79,val,42.743546,1.55
41,0,train,53.547241,0.11
41,1,train,27.327183,0.14
41,2,train,25.870983,0.18
41,3,train,19.709347,0.20
41,4,train,55.313362,0.23
41,5,train,26.061035,0.26
41,6,train,30.893522,0.29
41,7,train,36.518581,0.31
41,8,train,25.649799,0.34
41,9,train,35.690697,0.36
41,10,train,33.346436,0.39
41,11,train,40.814056,0.41
41,12,train,29.850452,0.44
41,13,train,39.840462,0.47
41,14,train,33.965500,0.49
41,15,train,22.435104,0.52
41,16,train,37.277504,0.54
41,17,train,45.382492,0.58
41,18,train,24.978786,0.60
41,19,train,25.590979,0.63
41,20,train,30.531605,0.65
41,21,train,31.474413,0.68
41,22,train,34.313068,0.71
41,23,train,50.844692,0.73
41,24,train,34.923561,0.76
41,25,train,22.220764,0.79
41,26,train,33.438629,0.81
41,27,train,30.028629,0.83
41,28,train,43.644829,0.85
41,29,train,29.414032,0.88
41,0,val,21.757099,0.99
41,1,val,21.886333,1.00
41,2,val,17.771564,1.01
41,3,val,13.196251,1.01
41,4,val,29.467787,1.02
41,5,val,32.092590,1.03
41,6,val,15.834013,1.04
41,7,val,27.483374,1.05
41,8,val,64.258003,1.05
41,9,val,47.750473,1.06
41,10,val,104.009201,1.07
41,11,val,29.208660,1.07
41,12,val,12.180354,1.08
41,13,val,25.980429,1.09
41,14,val,13.978182,1.09
41,15,val,16.868828,1.10
41,16,val,23.569736,1.11
41,17,val,146.713394,1.11
41,18,val,17.763603,1.12
41,19,val,27.967468,1.13
41,20,val,24.091621,1.14
41,21,val,10.281160,1.15
41,22,val,17.508770,1.15
41,23,val,29.063801,1.16
41,24,val,74.398567,1.17
41,25,val,39.493046,1.17
41,26,val,14.490879,1.18
41,27,val,59.866570,1.19
41,28,val,15.845215,1.20
41,29,val,49.109398,1.21
41,30,val,9.644549,1.22
41,31,val,29.047789,1.22
41,32,val,23.265427,1.23
41,33,val,13.643753,1.24
41,34,val,11.586940,1.25
41,35,val,24.816036,1.26
41,36,val,36.319061,1.26
41,37,val,18.047878,1.27
41,38,val,17.611248,1.28
41,39,val,60.155106,1.28
41,40,val,29.658188,1.29
41,41,val,18.013632,1.30
41,42,val,45.199623,1.30
41,43,val,21.356583,1.31
41,44,val,108.940910,1.32
41,45,val,62.599373,1.32
41,46,val,150.505783,1.33
41,47,val,25.984238,1.34
41,48,val,75.850708,1.34
41,49,val,16.217470,1.35
41,50,val,17.504087,1.36
41,51,val,14.658804,1.36
41,52,val,15.780860,1.37
41,53,val,41.306759,1.38
41,54,val,23.936138,1.39
41,55,val,12.079983,1.39
41,56,val,14.753578,1.40
41,57,val,24.267132,1.40
41,58,val,22.111240,1.41
41,59,val,14.294436,1.42
41,60,val,44.551388,1.43
41,61,val,34.470619,1.43
41,62,val,13.875654,1.44
41,63,val,33.189880,1.45
41,64,val,11.157614,1.45
41,65,val,132.929443,1.46
41,66,val,49.267288,1.47
41,67,val,15.490840,1.47
41,68,val,77.556152,1.48
41,69,val,16.720154,1.49
41,70,val,97.848877,1.49
41,71,val,121.922020,1.50
41,72,val,14.362221,1.50
41,73,val,13.160458,1.51
41,74,val,40.606518,1.52
41,75,val,29.066031,1.52
41,76,val,17.478308,1.53
41,77,val,17.338181,1.53
41,78,val,21.211784,1.54
41,79,val,43.630123,1.55
42,0,train,35.768509,0.11
42,1,train,40.571144,0.14
42,2,train,20.615856,0.17
42,3,train,46.750668,0.19
42,4,train,37.116306,0.22
42,5,train,16.069305,0.25
42,6,train,39.671974,0.27
42,7,train,24.470821,0.30
42,8,train,23.427078,0.32
42,9,train,23.721184,0.35
42,10,train,54.429317,0.37
42,11,train,27.649317,0.40
42,12,train,26.932995,0.42
42,13,train,41.170303,0.45
42,14,train,29.564541,0.48
42,15,train,22.621807,0.50
42,16,train,35.654289,0.53
42,17,train,36.054668,0.56
42,18,train,52.119766,0.58
42,19,train,34.188526,0.61
42,20,train,36.246677,0.64
42,21,train,36.575794,0.67
42,22,train,43.412987,0.70
42,23,train,51.791649,0.72
42,24,train,44.248707,0.75
42,25,train,28.285501,0.78
42,26,train,31.522919,0.80
42,27,train,27.396101,0.82
42,28,train,34.192154,0.84
42,29,train,38.179806,0.87
42,0,val,15.805128,1.00
42,1,val,25.020386,1.01
42,2,val,19.018547,1.01
42,3,val,11.637111,1.03
42,4,val,18.220304,1.04
42,5,val,28.801476,1.04
42,6,val,16.970921,1.05
42,7,val,30.638821,1.06
42,8,val,64.895370,1.07
42,9,val,52.340603,1.07
42,10,val,104.176025,1.08
42,11,val,31.842749,1.09
42,12,val,10.772453,1.10
42,13,val,25.157293,1.10
42,14,val,17.129475,1.11
42,15,val,16.079334,1.12
42,16,val,27.587784,1.13
42,17,val,143.239502,1.14
42,18,val,16.783718,1.15
42,19,val,27.627216,1.15
42,20,val,37.491974,1.16
42,21,val,11.789912,1.17
42,22,val,18.178297,1.17
42,23,val,29.115347,1.18
42,24,val,86.968002,1.19
42,25,val,39.902004,1.20
42,26,val,12.593799,1.20
42,27,val,18.426579,1.21
42,28,val,16.303276,1.22
42,29,val,13.537991,1.22
42,30,val,8.543652,1.23
42,31,val,27.366690,1.24
42,32,val,18.636257,1.25
42,33,val,14.012225,1.25
42,34,val,10.586334,1.26
42,35,val,25.648502,1.27
42,36,val,36.424110,1.28
42,37,val,20.964966,1.28
42,38,val,22.105217,1.29
42,39,val,60.000137,1.30
42,40,val,30.595520,1.30
42,41,val,18.124834,1.31
42,42,val,24.550100,1.32
42,43,val,20.344704,1.32
42,44,val,108.736076,1.33
42,45,val,61.605392,1.34
42,46,val,142.706207,1.35
42,47,val,20.545746,1.35
42,48,val,84.308853,1.36
42,49,val,11.761316,1.36
42,50,val,16.340538,1.37
42,51,val,17.220989,1.38
42,52,val,15.741618,1.38
42,53,val,12.665781,1.39
42,54,val,14.458897,1.40
42,55,val,11.062189,1.40
42,56,val,13.536147,1.41
42,57,val,21.064322,1.42
42,58,val,19.874510,1.42
42,59,val,14.415680,1.43
42,60,val,47.295647,1.43
42,61,val,32.479214,1.45
42,62,val,13.704008,1.46
42,63,val,31.149265,1.46
42,64,val,8.165869,1.47
42,65,val,111.167252,1.48
42,66,val,18.631935,1.48
42,67,val,13.775330,1.49
42,68,val,77.095901,1.49
42,69,val,14.510787,1.50
42,70,val,116.613892,1.51
42,71,val,119.985924,1.52
42,72,val,16.722672,1.52
42,73,val,14.008300,1.53
42,74,val,43.413574,1.54
42,75,val,30.230757,1.55
42,76,val,17.011639,1.55
42,77,val,14.035145,1.56
42,78,val,20.253048,1.56
42,79,val,43.234577,1.56
43,0,train,34.201134,0.14
43,1,train,26.649096,0.17
43,2,train,23.932844,0.20
43,3,train,17.024734,0.23
43,4,train,26.943710,0.25
43,5,train,44.945393,0.28
43,6,train,27.054703,0.31
43,7,train,40.262451,0.33
43,8,train,31.889725,0.36
43,9,train,44.982887,0.39
43,10,train,36.563026,0.41
43,11,train,51.682892,0.43
43,12,train,22.437372,0.46
43,13,train,24.118376,0.48
43,14,train,42.084484,0.51
43,15,train,34.089813,0.53
43,16,train,21.553078,0.56
43,17,train,36.067043,0.58
43,18,train,24.123505,0.61
43,19,train,17.136621,0.63
43,20,train,22.445074,0.66
43,21,train,24.666765,0.68
43,22,train,20.276161,0.71
43,23,train,50.737785,0.73
43,24,train,51.882851,0.76
43,25,train,29.262222,0.78
43,26,train,20.934559,0.81
43,27,train,20.368395,0.83
43,28,train,50.005081,0.85
43,29,train,19.749744,0.88
43,0,val,15.619398,1.00
43,1,val,22.116568,1.00
43,2,val,19.136612,1.01
43,3,val,13.233859,1.02
43,4,val,21.560226,1.02
43,5,val,23.945858,1.04
43,6,val,19.852285,1.05
43,7,val,25.777967,1.05
43,8,val,63.685829,1.06
43,9,val,46.739067,1.07
43,10,val,100.130600,1.07
43,11,val,29.009741,1.08
43,12,val,14.289314,1.09
43,13,val,28.213522,1.09
43,14,val,13.740527,1.10
43,15,val,15.564807,1.10
43,16,val,24.413717,1.11
43,17,val,141.708435,1.12
43,18,val,16.217243,1.12
43,19,val,26.692709,1.13
43,20,val,31.215445,1.14
43,21,val,10.694416,1.15
43,22,val,32.125206,1.15
43,23,val,30.242620,1.16
43,24,val,74.556290,1.16
43,25,val,37.049969,1.17
43,26,val,16.093077,1.18
43,27,val,18.927967,1.18
43,28,val,12.126948,1.19
43,29,val,14.067968,1.20
43,30,val,7.162457,1.20
43,31,val,23.551239,1.21
43,32,val,21.501900,1.22
43,33,val,14.178625,1.22
43,34,val,12.877609,1.23
43,35,val,25.657804,1.23
43,36,val,34.983501,1.24
43,37,val,17.069412,1.25
43,38,val,19.267950,1.26
43,39,val,58.670982,1.26
43,40,val,29.727392,1.27
43,41,val,19.286291,1.28
43,42,val,26.069870,1.28
43,43,val,20.512255,1.29
43,44,val,106.652512,1.29
43,45,val,60.787640,1.30
43,46,val,141.419388,1.31
43,47,val,25.971119,1.31
43,48,val,74.173355,1.32
43,49,val,16.245819,1.33
43,50,val,21.358793,1.33
43,51,val,13.788127,1.34
43,52,val,16.922668,1.35
43,53,val,19.112206,1.36
43,54,val,13.682302,1.36
43,55,val,23.710669,1.37
43,56,val,16.980503,1.38
43,57,val,18.941826,1.38
43,58,val,19.811752,1.39
43,59,val,14.695453,1.40
43,60,val,64.214127,1.40
43,61,val,31.041067,1.41
43,62,val,15.328110,1.42
43,63,val,31.575062,1.42
43,64,val,8.939482,1.43
43,65,val,106.290070,1.43
43,66,val,20.624758,1.44
43,67,val,13.963968,1.45
43,68,val,77.865608,1.46
43,69,val,15.022582,1.46
43,70,val,82.515800,1.47
43,71,val,117.866089,1.47
43,72,val,15.519034,1.48
43,73,val,14.070471,1.49
43,74,val,41.027069,1.49
43,75,val,30.010963,1.50
43,76,val,17.544079,1.51
43,77,val,13.562633,1.51
43,78,val,22.341093,1.51
43,79,val,43.166962,1.52
44,0,train,21.764957,0.13
44,1,train,31.696115,0.17
44,2,train,44.877571,0.20
44,3,train,22.914246,0.23
44,4,train,27.548096,0.25
44,5,train,49.672874,0.28
44,6,train,21.906105,0.31
44,7,train,24.660099,0.34
44,8,train,18.895855,0.37
44,9,train,34.977257,0.40
44,10,train,43.485687,0.43
44,11,train,19.599621,0.45
44,12,train,42.716183,0.48
44,13,train,39.296757,0.51
44,14,train,28.324913,0.54
44,15,train,28.353075,0.57
44,16,train,27.568386,0.59
44,17,train,29.249569,0.62
44,18,train,27.121216,0.65
44,19,train,41.691826,0.67
44,20,train,33.731297,0.70
44,21,train,35.146046,0.73
44,22,train,17.412731,0.76
44,23,train,33.052807,0.79
44,24,train,23.534294,0.81
44,25,train,40.763699,0.84
44,26,train,46.581184,0.87
44,27,train,34.134972,0.89
44,28,train,50.857033,0.91
44,29,train,15.220468,0.94
44,0,val,15.132486,1.05
44,1,val,20.798197,1.06
44,2,val,17.531952,1.07
44,3,val,12.143337,1.08
44,4,val,32.313675,1.09
44,5,val,27.481222,1.11
44,6,val,15.086703,1.12
44,7,val,25.277264,1.12
44,8,val,63.131130,1.13
44,9,val,47.376892,1.14
44,10,val,101.831383,1.14
44,11,val,28.876339,1.15
44,12,val,11.612789,1.16
44,13,val,25.040808,1.16
44,14,val,16.799801,1.17
44,15,val,16.604425,1.18
44,16,val,24.723806,1.18
44,17,val,140.573944,1.19
44,18,val,14.194645,1.20
44,19,val,25.904440,1.21
44,20,val,24.720991,1.21
44,21,val,10.198891,1.22
44,22,val,18.697823,1.23
44,23,val,29.161850,1.23
44,24,val,72.242012,1.24
44,25,val,41.246582,1.25
44,26,val,12.253036,1.25
44,27,val,18.666279,1.26
44,28,val,31.359955,1.27
44,29,val,13.615375,1.27
44,30,val,7.793236,1.28
44,31,val,24.814093,1.29
44,32,val,21.001314,1.29
44,33,val,13.438614,1.30
44,34,val,13.263960,1.31
44,35,val,27.945496,1.32
44,36,val,34.660027,1.32
44,37,val,17.259743,1.33
44,38,val,23.220268,1.33
44,39,val,57.401779,1.34
44,40,val,29.031235,1.35
44,41,val,17.835876,1.36
44,42,val,23.840763,1.36
44,43,val,20.834270,1.37
44,44,val,105.524719,1.37
44,45,val,59.609337,1.38
44,46,val,139.120911,1.39
44,47,val,21.801811,1.39
44,48,val,72.924614,1.41
44,49,val,15.656077,1.41
44,50,val,17.354015,1.42
44,51,val,13.309311,1.43
44,52,val,18.039122,1.43
44,53,val,12.042171,1.44
44,54,val,14.519314,1.45
44,55,val,11.854755,1.45
44,56,val,13.352407,1.46
44,57,val,19.731514,1.47
44,58,val,19.933332,1.47
44,59,val,16.103939,1.48
44,60,val,42.404884,1.49
44,61,val,30.389044,1.49
44,62,val,13.878702,1.50
44,63,val,31.735966,1.51
44,64,val,9.735124,1.52
44,65,val,107.222862,1.52
44,66,val,19.118567,1.53
44,67,val,13.504768,1.54
44,68,val,78.853271,1.54
44,69,val,14.523251,1.55
44,70,val,80.807892,1.56
44,71,val,119.645500,1.56
44,72,val,17.074921,1.57
44,73,val,12.980563,1.58
44,74,val,39.681957,1.58
44,75,val,28.447308,1.59
44,76,val,18.496151,1.59
44,77,val,12.739889,1.60
44,78,val,20.486837,1.60
44,79,val,41.218212,1.61
45,0,train,15.787127,0.17
45,1,train,42.278831,0.20
45,2,train,27.289425,0.24
45,3,train,61.258583,0.27
45,4,train,35.606770,0.30
45,5,train,30.264538,0.33
45,6,train,26.211243,0.35
45,7,train,38.063316,0.38
45,8,train,42.052917,0.40
45,9,train,30.217072,0.43
45,10,train,17.994278,0.47
45,11,train,14.703308,0.50
45,12,train,20.895744,0.52
45,13,train,18.619797,0.55
45,14,train,34.762245,0.57
45,15,train,27.242525,0.60
45,16,train,23.798819,0.63
45,17,train,28.899107,0.66
45,18,train,46.304184,0.69
45,19,train,30.826942,0.72
45,20,train,23.931126,0.75
45,21,train,40.767616,0.78
45,22,train,30.054527,0.81
45,23,train,32.449150,0.84
45,24,train,35.079578,0.88
45,25,train,36.485851,0.92
45,26,train,36.614799,0.96
45,27,train,92.288094,1.01
45,28,train,35.392014,1.06
45,29,train,37.068729,1.10
45,0,val,14.446993,1.26
45,1,val,21.637596,1.29
45,2,val,17.182806,1.31
45,3,val,12.302820,1.32
45,4,val,17.297802,1.33
45,5,val,23.622169,1.34
45,6,val,15.315079,1.35
45,7,val,25.259441,1.36
45,8,val,65.295799,1.37
45,9,val,47.542278,1.38
45,10,val,98.264030,1.39
45,11,val,29.095366,1.40
45,12,val,11.844951,1.41
45,13,val,23.623114,1.41
45,14,val,13.512085,1.42
45,15,val,14.882401,1.43
45,16,val,25.853109,1.44
45,17,val,137.699341,1.45
45,18,val,14.683261,1.46
45,19,val,25.534180,1.47
45,20,val,25.220432,1.48
45,21,val,10.100107,1.49
45,22,val,41.256065,1.50
45,23,val,28.769821,1.51
45,24,val,70.389069,1.51
45,25,val,36.446850,1.52
45,26,val,34.667137,1.53
45,27,val,21.456951,1.54
45,28,val,12.185040,1.54
45,29,val,20.666685,1.55
45,30,val,6.597890,1.57
45,31,val,27.845486,1.58
45,32,val,22.325016,1.60
45,33,val,13.947306,1.62
45,34,val,12.610588,1.64
45,35,val,24.664700,1.65
45,36,val,35.653988,1.67
45,37,val,17.716389,1.68
45,38,val,16.740936,1.70
45,39,val,56.287331,1.71
45,40,val,30.678692,1.73
45,41,val,23.634243,1.75
45,42,val,24.755482,1.77
45,43,val,21.066570,1.78
45,44,val,110.173889,1.80
45,45,val,60.862175,1.81
45,46,val,136.829956,1.81
45,47,val,20.451962,1.82
45,48,val,72.268791,1.83
45,49,val,14.011135,1.84
45,50,val,16.631016,1.85
45,51,val,14.635595,1.86
45,52,val,14.978594,1.87
45,53,val,11.754031,1.87
45,54,val,12.566291,1.88
45,55,val,11.221443,1.89
45,56,val,13.929675,1.90
45,57,val,18.738003,1.91
45,58,val,19.531326,1.92
45,59,val,14.492388,1.92
45,60,val,44.204525,1.93
45,61,val,50.629482,1.95
45,62,val,12.977697,1.95
45,63,val,32.141384,1.96
45,64,val,8.286444,1.97
45,65,val,103.174858,1.98
45,66,val,19.889688,1.99
45,67,val,12.441063,2.00
45,68,val,84.630165,2.01
45,69,val,13.751516,2.01
45,70,val,79.512375,2.02
45,71,val,117.785179,2.03
45,72,val,36.664291,2.04
45,73,val,13.310443,2.05
45,74,val,38.958874,2.06
45,75,val,28.191122,2.07
45,76,val,18.388428,2.08
45,77,val,15.020754,2.08
45,78,val,22.276968,2.09
45,79,val,41.445705,2.09
46,0,train,33.657837,0.19
46,1,train,20.711403,0.26
46,2,train,24.112617,0.30
46,3,train,25.727077,0.34
46,4,train,24.940025,0.37
46,5,train,34.392593,0.40
46,6,train,44.441730,0.43
46,7,train,32.374863,0.46
46,8,train,32.461205,0.50
46,9,train,52.717350,0.53
46,10,train,34.481918,0.56
46,11,train,23.041714,0.59
46,12,train,31.508156,0.62
46,13,train,41.479309,0.65
46,14,train,17.505344,0.68
46,15,train,30.117325,0.72
46,16,train,50.132595,0.75
46,17,train,24.734680,0.78
46,18,train,19.733196,0.81
46,19,train,34.308487,0.94
46,20,train,34.210739,0.99
46,21,train,33.182156,1.02
46,22,train,25.231730,1.05
46,23,train,43.916187,1.08
46,24,train,22.682533,1.11
46,25,train,29.417126,1.14
46,26,train,49.939072,1.17
46,27,train,26.689644,1.20
46,28,train,23.321262,1.23
46,29,train,31.247747,1.26
46,0,val,18.852154,1.46
46,1,val,22.535957,1.47
46,2,val,18.309633,1.48
46,3,val,11.838608,1.49
46,4,val,18.324379,1.50
46,5,val,23.347937,1.51
46,6,val,15.416534,1.51
46,7,val,24.954536,1.52
46,8,val,60.290535,1.53
46,9,val,45.126751,1.54
46,10,val,95.435440,1.55
46,11,val,27.807144,1.55
46,12,val,14.915081,1.56
46,13,val,24.015186,1.57
46,14,val,16.028378,1.58
46,15,val,16.403793,1.59
46,16,val,24.674328,1.60
46,17,val,138.121078,1.61
46,18,val,15.006109,1.61
46,19,val,29.196880,1.62
46,20,val,24.254089,1.63
46,21,val,19.511761,1.64
46,22,val,17.267366,1.65
46,23,val,29.683661,1.66
46,24,val,69.182259,1.66
46,25,val,38.240166,1.68
46,26,val,12.577895,1.69
46,27,val,18.865278,1.69
46,28,val,18.490622,1.70
46,29,val,14.011734,1.71
46,30,val,7.604224,1.72
46,31,val,24.645985,1.73
46,32,val,17.734766,1.73
46,33,val,13.481270,1.74
46,34,val,15.640905,1.75
46,35,val,24.977337,1.76
46,36,val,34.646053,1.76
46,37,val,15.355299,1.78
46,38,val,19.657682,1.78
46,39,val,57.086834,1.79
46,40,val,32.602459,1.80
46,41,val,17.353603,1.81
46,42,val,27.502285,1.82
46,43,val,18.619755,1.82
46,44,val,103.863846,1.83
46,45,val,58.982677,1.84
46,46,val,134.927826,1.85
46,47,val,21.701483,1.85
46,48,val,79.824509,1.86
46,49,val,26.445923,1.87
46,50,val,16.494045,1.88
46,51,val,13.824089,1.89
46,52,val,17.436531,1.90
46,53,val,12.746361,1.91
46,54,val,18.539337,1.91
46,55,val,13.801277,1.92
46,56,val,22.883629,1.93
46,57,val,18.662312,1.94
46,58,val,20.522758,1.95
46,59,val,14.386015,1.95
46,60,val,43.984062,1.97
46,61,val,31.342304,1.97
46,62,val,14.859159,1.99
46,63,val,32.366596,2.00
46,64,val,17.015768,2.00
46,65,val,102.218956,2.01
46,66,val,19.747742,2.02
46,67,val,13.556135,2.03
46,68,val,74.307404,2.04
46,69,val,14.113666,2.04
46,70,val,81.941338,2.05
46,71,val,114.510666,2.06
46,72,val,13.563095,2.07
46,73,val,15.246962,2.07
46,74,val,39.875633,2.08
46,75,val,28.285717,2.09
46,76,val,17.852943,2.10
46,77,val,32.376080,2.11
46,78,val,19.656944,2.12
46,79,val,42.538387,2.12
47,0,train,33.499496,0.14
47,1,train,33.457279,0.20
47,2,train,26.913548,0.24
47,3,train,48.091190,0.27
47,4,train,25.847647,0.31
47,5,train,48.569939,0.35
47,6,train,32.570396,0.38
47,7,train,34.032600,0.41
47,8,train,30.737274,0.45
47,9,train,36.399208,0.48
47,10,train,22.882599,0.51
47,11,train,22.378216,0.54
47,12,train,20.828341,0.57
47,13,train,26.972803,0.61
47,14,train,32.465813,0.65
47,15,train,31.951061,0.70
47,16,train,15.474247,0.75
47,17,train,31.637436,0.79
47,18,train,36.285534,0.85
47,19,train,44.852417,0.90
47,20,train,41.116402,0.96
47,21,train,33.852196,1.02
47,22,train,34.316113,1.05
47,23,train,25.375879,1.09
47,24,train,18.754417,1.12
47,25,train,18.464497,1.16
47,26,train,36.616882,1.19
47,27,train,22.817413,1.23
47,28,train,37.446289,1.26
47,29,train,38.391953,1.29
47,0,val,15.619301,1.45
47,1,val,22.332157,1.48
47,2,val,17.350439,1.49
47,3,val,26.010504,1.50
47,4,val,17.553596,1.51
47,5,val,23.197790,1.52
47,6,val,15.652881,1.53
47,7,val,25.563904,1.54
47,8,val,60.620880,1.55
47,9,val,44.885834,1.57
47,10,val,94.343712,1.58
47,11,val,35.017864,1.61
47,12,val,12.979450,1.62
47,13,val,24.679790,1.64
47,14,val,13.297485,1.65
47,15,val,15.778524,1.66
47,16,val,22.793545,1.67
47,17,val,135.587601,1.68
47,18,val,14.263781,1.70
47,19,val,26.163647,1.71
47,20,val,27.170525,1.72
47,21,val,10.218921,1.73
47,22,val,18.948950,1.74
47,23,val,29.033474,1.75
47,24,val,89.161682,1.76
47,25,val,46.387306,1.77
47,26,val,13.116926,1.78
47,27,val,17.374962,1.80
47,28,val,11.804813,1.80
47,29,val,12.724411,1.82
47,30,val,7.267461,1.83
47,31,val,24.925552,1.84
47,32,val,18.045708,1.84
47,33,val,13.282730,1.85
47,34,val,17.366793,1.86
47,35,val,23.670910,1.87
47,36,val,36.899399,1.88
47,37,val,16.867214,1.90
47,38,val,16.557480,1.91
47,39,val,75.629242,1.92
47,40,val,35.066448,1.93
47,41,val,18.313217,1.94
47,42,val,23.640707,1.94
47,43,val,19.654379,1.95
47,44,val,103.767693,1.96
47,45,val,56.775768,1.97
47,46,val,134.159698,1.98
47,47,val,21.114147,1.99
47,48,val,107.861412,2.01
47,49,val,11.629794,2.02
47,50,val,17.966440,2.03
47,51,val,15.128665,2.04
47,52,val,18.841400,2.04
47,53,val,13.150764,2.05
47,54,val,14.319453,2.06
47,55,val,12.970233,2.06
47,56,val,15.035213,2.08
47,57,val,18.717590,2.08
47,58,val,20.281322,2.09
47,59,val,15.498013,2.10
47,60,val,41.766090,2.11
47,61,val,31.421143,2.11
47,62,val,13.201092,2.12
47,63,val,30.850996,2.12
47,64,val,7.937431,2.13
47,65,val,123.883408,2.14
47,66,val,18.539274,2.14
47,67,val,12.725229,2.15
47,68,val,73.298462,2.15
47,69,val,14.079666,2.16
47,70,val,77.068207,2.17
47,71,val,115.728867,2.17
47,72,val,19.741751,2.18
47,73,val,12.330917,2.19
47,74,val,40.062260,2.19
47,75,val,28.809805,2.20
47,76,val,18.113951,2.21
47,77,val,12.351020,2.21
47,78,val,19.519306,2.22
47,79,val,42.704655,2.22
48,0,train,47.534592,0.11
48,1,train,21.668041,0.14
48,2,train,29.780537,0.17
48,3,train,28.665642,0.19
48,4,train,21.751846,0.23
48,5,train,52.511131,0.27
48,6,train,21.670670,0.30
48,7,train,25.698700,0.34
48,8,train,27.244452,0.38
48,9,train,18.396656,0.41
48,10,train,61.296181,0.44
48,11,train,24.797667,0.48
48,12,train,39.136414,0.50
48,13,train,31.010017,0.53
48,14,train,42.289761,0.55
48,15,train,21.928963,0.58
48,16,train,39.239708,0.61
48,17,train,36.922531,0.63
48,18,train,46.788403,0.66
48,19,train,23.001324,0.69
48,20,train,19.712757,0.72
48,21,train,26.718506,0.74
48,22,train,20.081903,0.77
48,23,train,30.608341,0.80
48,24,train,38.678719,0.82
48,25,train,21.542988,0.85
48,26,train,17.800934,0.87
48,27,train,17.655348,0.89
48,28,train,32.247086,0.92
48,29,train,26.444313,0.95
48,0,val,14.379391,1.13
48,1,val,20.092018,1.15
48,2,val,22.306479,1.16
48,3,val,13.039406,1.17
48,4,val,17.376429,1.17
48,5,val,53.222237,1.18
48,6,val,14.927420,1.19
48,7,val,30.713634,1.20
48,8,val,59.716198,1.20
48,9,val,48.322624,1.21
48,10,val,94.027756,1.21
48,11,val,28.245878,1.22
48,12,val,10.335157,1.23
48,13,val,24.277527,1.23
48,14,val,14.066872,1.24
48,15,val,14.140899,1.25
48,16,val,24.378439,1.26
48,17,val,137.832703,1.26
48,18,val,15.004477,1.27
48,19,val,38.310898,1.28
48,20,val,21.622135,1.28
48,21,val,9.418871,1.29
48,22,val,15.328562,1.30
48,23,val,29.517700,1.30
48,24,val,68.227661,1.31
48,25,val,37.039093,1.32
48,26,val,12.200014,1.32
48,27,val,17.420080,1.33
48,28,val,16.411163,1.34
48,29,val,12.811732,1.35
48,30,val,6.621679,1.35
48,31,val,23.876438,1.36
48,32,val,21.077801,1.36
48,33,val,12.786411,1.37
48,34,val,11.781105,1.38
48,35,val,23.695930,1.39
48,36,val,33.992691,1.40
48,37,val,19.457865,1.40
48,38,val,17.780582,1.41
48,39,val,55.307598,1.41
48,40,val,28.391922,1.42
48,41,val,20.546667,1.43
48,42,val,30.482113,1.43
48,43,val,18.993025,1.44
48,44,val,103.868515,1.45
48,45,val,56.059143,1.45
48,46,val,131.062637,1.46
48,47,val,20.914419,1.47
48,48,val,71.862427,1.47
48,49,val,12.481903,1.48
48,50,val,16.221115,1.49
48,51,val,13.336620,1.49
48,52,val,14.573973,1.50
48,53,val,13.231544,1.51
48,54,val,12.726585,1.51
48,55,val,11.950842,1.52
48,56,val,16.962044,1.53
48,57,val,19.248684,1.54
48,58,val,19.754204,1.54
48,59,val,13.923510,1.55
48,60,val,43.119408,1.56
48,61,val,29.926702,1.57
48,62,val,15.215462,1.58
48,63,val,32.092419,1.58
48,64,val,9.249781,1.59
48,65,val,100.593376,1.60
48,66,val,19.006474,1.60
48,67,val,17.456541,1.61
48,68,val,75.426468,1.62
48,69,val,16.219048,1.62
48,70,val,77.475945,1.63
48,71,val,112.152184,1.64
48,72,val,14.415500,1.64
48,73,val,12.242251,1.66
48,74,val,39.301773,1.67
48,75,val,27.750891,1.68
48,76,val,18.221956,1.69
48,77,val,13.341353,1.69
48,78,val,19.960373,1.70
48,79,val,39.620228,1.71
49,0,train,46.361164,0.15
49,1,train,41.767212,0.18
49,2,train,19.616911,0.21
49,3,train,30.094494,0.23
49,4,train,27.067623,0.26
49,5,train,27.027449,0.29
49,6,train,37.671875,0.31
49,7,train,45.230286,0.34
49,8,train,18.231846,0.36
49,9,train,29.313316,0.39
49,10,train,31.077446,0.41
49,11,train,20.191832,0.44
49,12,train,62.419884,0.46
49,13,train,19.082886,0.49
49,14,train,15.837687,0.52
49,15,train,24.091536,0.55
49,16,train,37.950745,0.57
49,17,train,38.383240,0.60
49,18,train,44.649673,0.62
49,19,train,44.664593,0.65
49,20,train,38.018963,0.68
49,21,train,18.127041,0.70
49,22,train,35.901535,0.73
49,23,train,77.171280,0.75
49,24,train,26.258102,0.78
49,25,train,18.568869,0.81
49,26,train,30.865902,0.83
49,27,train,25.866505,0.85
49,28,train,29.875355,0.87
49,29,train,39.586781,0.90
49,0,val,14.200342,1.01
49,1,val,22.585312,1.02
49,2,val,17.571014,1.02
49,3,val,12.856915,1.03
49,4,val,18.309582,1.04
49,5,val,22.917389,1.04
49,6,val,15.270343,1.05
49,7,val,24.494656,1.06
49,8,val,59.915524,1.07
49,9,val,43.782349,1.07
49,10,val,92.129814,1.08
49,11,val,37.217834,1.09
49,12,val,11.212440,1.09
49,13,val,26.035711,1.10
49,14,val,15.272955,1.10
49,15,val,25.392895,1.11
49,16,val,30.522736,1.12
49,17,val,131.349594,1.13
49,18,val,16.667952,1.14
49,19,val,25.048071,1.15
49,20,val,22.177174,1.16
49,21,val,13.701681,1.17
49,22,val,18.213032,1.17
49,23,val,26.966976,1.18
49,24,val,68.962387,1.19
49,25,val,62.721855,1.19
49,26,val,11.697908,1.20
49,27,val,17.769306,1.21
49,28,val,11.421912,1.21
49,29,val,12.359385,1.22
49,30,val,11.198256,1.23
49,31,val,23.025955,1.23
49,32,val,31.435978,1.24
49,33,val,12.382378,1.25
49,34,val,10.241259,1.25
49,35,val,24.481474,1.26
49,36,val,44.019970,1.27
49,37,val,16.217133,1.28
49,38,val,17.587400,1.28
49,39,val,54.386360,1.29
49,40,val,29.958324,1.30
49,41,val,17.474989,1.30
49,42,val,23.065601,1.31
49,43,val,18.755480,1.32
49,44,val,102.786224,1.32
49,45,val,55.451092,1.33
49,46,val,129.116089,1.34
49,47,val,20.477200,1.34
49,48,val,71.721756,1.35
49,49,val,11.132925,1.36
49,50,val,18.310966,1.37
49,51,val,13.818695,1.38
49,52,val,14.725101,1.38
49,53,val,12.523329,1.39
49,54,val,29.530035,1.40
49,55,val,11.429306,1.40
49,56,val,13.029811,1.41
49,57,val,17.579136,1.42
49,58,val,33.295059,1.42
49,59,val,16.295444,1.43
49,60,val,53.634109,1.44
49,61,val,29.713766,1.44
49,62,val,40.039600,1.45
49,63,val,30.831661,1.45
49,64,val,7.807636,1.46
49,65,val,104.961380,1.47
49,66,val,19.245443,1.48
49,67,val,12.771174,1.48
49,68,val,76.419693,1.49
49,69,val,13.983444,1.50
49,70,val,76.029922,1.50
49,71,val,111.755699,1.51
49,72,val,21.002699,1.52
49,73,val,21.558495,1.52
49,74,val,46.866882,1.53
49,75,val,30.782589,1.54
49,76,val,16.594296,1.54
49,77,val,12.264724,1.54
49,78,val,18.585670,1.55
49,79,val,40.086658,1.56
50,0,train,25.048487,0.13
50,1,train,14.588573,0.16
50,2,train,16.404884,0.18
50,3,train,33.968597,0.21
50,4,train,28.801765,0.24
50,5,train,34.659748,0.26
50,6,train,49.448906,0.29
50,7,train,25.388346,0.31
50,8,train,26.627005,0.34
50,9,train,26.611820,0.36
50,10,train,36.558655,0.39
50,11,train,49.288616,0.42
50,12,train,52.168156,0.44
50,13,train,33.864159,0.47
50,14,train,25.931049,0.50
50,15,train,34.038105,0.52
50,16,train,14.691154,0.55
50,17,train,35.712681,0.58
50,18,train,25.081144,0.61
50,19,train,35.128716,0.63
50,20,train,21.330181,0.66
50,21,train,29.206985,0.69
50,22,train,14.919396,0.72
50,23,train,20.326155,0.74
50,24,train,26.268265,0.77
50,25,train,21.866734,0.80
50,26,train,39.418713,0.82
50,27,train,34.710526,0.84
50,28,train,26.426954,0.86
50,29,train,19.469965,0.88
50,0,val,19.689259,1.00
50,1,val,21.740734,1.01
50,2,val,17.528028,1.02
50,3,val,12.216121,1.02
50,4,val,18.431635,1.03
50,5,val,22.943693,1.04
50,6,val,15.232032,1.05
50,7,val,26.864721,1.06
50,8,val,60.001690,1.06
50,9,val,43.642944,1.07
50,10,val,90.422882,1.08
50,11,val,27.970078,1.08
50,12,val,13.338344,1.09
50,13,val,24.739159,1.10
50,14,val,12.669314,1.11
50,15,val,14.541138,1.12
50,16,val,24.316406,1.13
50,17,val,129.210129,1.14
50,18,val,15.754560,1.15
50,19,val,25.683037,1.16
50,20,val,22.208706,1.16
50,21,val,12.178299,1.17
50,22,val,16.774612,1.18
50,23,val,29.396185,1.18
50,24,val,88.630188,1.19
50,25,val,38.906292,1.20
50,26,val,13.741369,1.20
50,27,val,16.503477,1.21
50,28,val,12.767899,1.22
50,29,val,11.874754,1.23
50,30,val,7.793806,1.23
50,31,val,23.911222,1.24
50,32,val,38.944588,1.25
50,33,val,13.806251,1.26
50,34,val,11.120995,1.26
50,35,val,26.067543,1.27
50,36,val,64.767166,1.28
50,37,val,24.565987,1.28
50,38,val,17.014303,1.29
50,39,val,54.681152,1.30
50,40,val,62.414467,1.30
50,41,val,18.288301,1.31
50,42,val,22.560658,1.32
50,43,val,19.218079,1.32
50,44,val,100.507034,1.33
50,45,val,59.319805,1.34
50,46,val,129.144501,1.34
50,47,val,19.758547,1.35
50,48,val,71.008408,1.36
50,49,val,11.176386,1.37
50,50,val,16.087568,1.38
50,51,val,13.308784,1.38
50,52,val,13.853224,1.39
50,53,val,13.195896,1.40
50,54,val,12.634260,1.41
50,55,val,16.862713,1.41
50,56,val,18.003323,1.42
50,57,val,22.366833,1.43
50,58,val,18.659040,1.43
50,59,val,16.074949,1.44
50,60,val,42.344536,1.45
50,61,val,29.581440,1.46
50,62,val,12.417925,1.47
50,63,val,33.758057,1.47
50,64,val,7.368117,1.48
50,65,val,99.928268,1.49
50,66,val,24.493172,1.49
50,67,val,12.142206,1.50
50,68,val,77.505722,1.51
50,69,val,14.124840,1.51
50,70,val,74.631775,1.52
50,71,val,113.954819,1.53
50,72,val,16.919798,1.53
50,73,val,12.315529,1.54
50,74,val,37.923428,1.55
50,75,val,28.036602,1.56
50,76,val,17.119579,1.56
50,77,val,12.675071,1.57
50,78,val,19.064484,1.57
50,79,val,40.521259,1.58
51,0,train,35.262188,0.11
51,1,train,40.444412,0.14
51,2,train,22.607668,0.17
51,3,train,15.721891,0.19
51,4,train,24.149044,0.22
51,5,train,25.752510,0.25
51,6,train,18.800865,0.27
51,7,train,36.263077,0.30
51,8,train,25.897654,0.32
51,9,train,33.954838,0.35
51,10,train,26.766642,0.38
51,11,train,34.413368,0.40
51,12,train,34.189018,0.43
51,13,train,31.893869,0.47
51,14,train,19.796577,0.51
51,15,train,31.693085,0.54
51,16,train,24.763832,0.58
51,17,train,48.957283,0.63
51,18,train,17.445316,0.65
51,19,train,40.175797,0.68
51,20,train,39.307770,0.70
51,21,train,21.786091,0.73
51,22,train,21.957361,0.76
51,23,train,42.422337,0.79
51,24,train,25.128061,0.81
51,25,train,24.411972,0.85
51,26,train,18.182705,0.87
51,27,train,25.360012,0.89
51,28,train,32.703777,0.92
51,29,train,24.975510,0.95
51,0,val,15.818319,1.10
51,1,val,22.159508,1.11
51,2,val,20.603872,1.12
51,3,val,11.456160,1.13
51,4,val,18.974625,1.14
51,5,val,26.514606,1.14
51,6,val,19.373051,1.15
51,7,val,26.269096,1.16
51,8,val,59.205498,1.16
51,9,val,43.992493,1.17
51,10,val,88.809387,1.18
51,11,val,26.796021,1.18
51,12,val,11.135345,1.19
51,13,val,22.927574,1.20
51,14,val,15.266397,1.21
51,15,val,14.812633,1.22
51,16,val,22.739193,1.22
51,17,val,127.204437,1.23
51,18,val,13.829154,1.24
51,19,val,25.712849,1.24
51,20,val,21.638990,1.25
51,21,val,10.164259,1.26
51,22,val,14.945713,1.26
51,23,val,26.970917,1.27
51,24,val,67.929985,1.28
51,25,val,36.993999,1.28
51,26,val,13.517894,1.29
51,27,val,23.118576,1.30
51,28,val,14.254179,1.30
51,29,val,12.438295,1.31
51,30,val,17.593975,1.32
51,31,val,27.258442,1.33
51,32,val,17.589832,1.33
51,33,val,12.614245,1.34
51,34,val,10.221638,1.35
51,35,val,24.275066,1.36
51,36,val,42.820538,1.36
51,37,val,48.908535,1.37
51,38,val,16.213751,1.38
51,39,val,53.366589,1.38
51,40,val,30.344543,1.39
51,41,val,17.101917,1.40
51,42,val,23.816107,1.40
51,43,val,18.312241,1.41
51,44,val,99.897423,1.42
51,45,val,54.938042,1.43
51,46,val,126.493584,1.43
51,47,val,28.101749,1.44
51,48,val,71.272858,1.45
51,49,val,10.730182,1.46
51,50,val,16.131378,1.46
51,51,val,12.609100,1.47
51,52,val,13.513252,1.48
51,53,val,11.062962,1.49
51,54,val,12.039946,1.49
51,55,val,30.566490,1.50
51,56,val,13.039251,1.51
51,57,val,22.006910,1.51
51,58,val,18.743542,1.52
51,59,val,33.494865,1.53
51,60,val,41.569145,1.54
51,61,val,30.680006,1.54
51,62,val,13.821883,1.55
51,63,val,29.922934,1.56
51,64,val,8.596743,1.57
51,65,val,97.450188,1.57
51,66,val,18.037010,1.58
51,67,val,12.418390,1.59
51,68,val,69.987297,1.59
51,69,val,14.343643,1.60
51,70,val,74.318451,1.61
51,71,val,109.425461,1.62
51,72,val,35.505524,1.63
51,73,val,11.599170,1.64
51,74,val,38.681412,1.65
51,75,val,26.424200,1.66
51,76,val,17.398075,1.66
51,77,val,14.069748,1.67
51,78,val,18.035246,1.67
51,79,val,40.474506,1.67
52,0,train,29.829922,0.12
52,1,train,44.372093,0.15
52,2,train,41.870140,0.18
52,3,train,38.593666,0.21
52,4,train,47.275234,0.23
52,5,train,41.538910,0.26
52,6,train,18.020216,0.29
52,7,train,22.717764,0.32
52,8,train,29.909508,0.34
52,9,train,31.724079,0.37
52,10,train,32.947235,0.40
52,11,train,29.939980,0.43
52,12,train,44.447395,0.46
52,13,train,23.344566,0.49
52,14,train,20.689436,0.52
52,15,train,21.062008,0.54
52,16,train,17.602699,0.57
52,17,train,24.725323,0.60
52,18,train,37.851360,0.63
52,19,train,21.079700,0.66
52,20,train,37.086834,0.69
52,21,train,21.872547,0.72
52,22,train,22.477915,0.75
52,23,train,22.155087,0.77
52,24,train,53.400852,0.80
52,25,train,21.095165,0.83
52,26,train,18.745960,0.85
52,27,train,34.445499,0.87
52,28,train,75.897614,0.89
52,29,train,20.129461,0.91
52,0,val,16.550617,1.04
52,1,val,20.383675,1.04
52,2,val,17.636421,1.05
52,3,val,12.569136,1.06
52,4,val,16.871635,1.06
52,5,val,50.678555,1.08
52,6,val,16.508286,1.08
52,7,val,26.973450,1.09
52,8,val,58.733002,1.09
52,9,val,43.207375,1.10
52,10,val,88.871727,1.11
52,11,val,25.992336,1.11
52,12,val,10.528095,1.12
52,13,val,24.863302,1.13
52,14,val,13.261249,1.13
52,15,val,14.045013,1.14
52,16,val,28.686630,1.15
52,17,val,125.457458,1.15
52,18,val,13.206726,1.16
52,19,val,24.909576,1.16
52,20,val,22.837332,1.17
52,21,val,13.150171,1.18
52,22,val,14.724222,1.19
52,23,val,26.149221,1.19
52,24,val,67.761673,1.20
52,25,val,36.762402,1.21
52,26,val,11.906960,1.21
52,27,val,15.767181,1.22
52,28,val,16.715403,1.22
52,29,val,12.146395,1.23
52,30,val,10.005873,1.24
52,31,val,28.910336,1.24
52,32,val,17.735023,1.25
52,33,val,12.402164,1.26
52,34,val,9.520762,1.26
52,35,val,24.241074,1.27
52,36,val,38.064255,1.28
52,37,val,25.505093,1.28
52,38,val,15.874901,1.29
52,39,val,52.009323,1.30
52,40,val,28.790989,1.30
52,41,val,16.275824,1.31
52,42,val,22.797302,1.32
52,43,val,18.398037,1.32
52,44,val,102.258118,1.33
52,45,val,55.470257,1.33
52,46,val,125.800552,1.34
52,47,val,33.189034,1.35
52,48,val,72.995804,1.35
52,49,val,12.023598,1.36
52,50,val,16.288013,1.37
52,51,val,14.511050,1.37
52,52,val,15.553608,1.38
52,53,val,12.397635,1.39
52,54,val,15.584216,1.40
52,55,val,11.438042,1.40
52,56,val,13.117175,1.41
52,57,val,19.732599,1.42
52,58,val,22.268803,1.42
52,59,val,13.987345,1.43
52,60,val,40.888866,1.44
52,61,val,30.701406,1.44
52,62,val,11.943289,1.45
52,63,val,32.988792,1.46
52,64,val,7.557817,1.46
52,65,val,97.706047,1.47
52,66,val,18.499775,1.48
52,67,val,14.208907,1.48
52,68,val,70.618393,1.49
52,69,val,13.665290,1.50
52,70,val,72.859909,1.51
52,71,val,110.565170,1.51
52,72,val,21.102962,1.52
52,73,val,18.773056,1.53
52,74,val,38.051201,1.53
52,75,val,31.569691,1.54
52,76,val,16.411390,1.54
52,77,val,14.315345,1.55
52,78,val,21.488838,1.55
52,79,val,40.612312,1.56
53,0,train,30.486275,0.16
53,1,train,40.081364,0.21
53,2,train,27.394611,0.24
53,3,train,33.481106,0.27
53,4,train,17.414478,0.32
53,5,train,27.456453,0.35
53,6,train,17.776157,0.38
53,7,train,26.325142,0.42
53,8,train,27.140581,0.44
53,9,train,28.770706,0.56
53,10,train,29.449041,0.62
53,11,train,27.006599,0.65
53,12,train,25.958000,0.68
53,13,train,14.314265,0.73
53,14,train,28.220022,0.77
53,15,train,20.735640,0.80
53,16,train,42.841454,0.84
53,17,train,29.332211,0.91
53,18,train,49.993034,0.94
53,19,train,15.219757,1.00
53,20,train,21.286852,1.06
53,21,train,21.361725,1.12
53,22,train,27.091997,1.16
53,23,train,30.941418,1.20
53,24,train,28.629944,1.23
53,25,train,39.404797,1.26
53,26,train,19.031628,1.30
53,27,train,27.957424,1.32
53,28,train,31.089031,1.35
53,29,train,21.522175,1.38
53,0,val,14.856171,1.55
53,1,val,20.899483,1.56
53,2,val,17.991058,1.57
53,3,val,11.481489,1.58
53,4,val,17.170191,1.59
53,5,val,22.636557,1.60
53,6,val,16.797859,1.60
53,7,val,24.583385,1.61
53,8,val,55.445450,1.62
53,9,val,46.450043,1.63
53,10,val,89.528442,1.63
53,11,val,26.214031,1.64
53,12,val,12.606140,1.65
53,13,val,23.418514,1.66
53,14,val,12.263962,1.67
53,15,val,18.288288,1.68
53,16,val,33.444046,1.69
53,17,val,125.234764,1.70
53,18,val,13.542457,1.71
53,19,val,26.309311,1.71
53,20,val,22.474419,1.72
53,21,val,11.425487,1.73
53,22,val,21.503233,1.74
53,23,val,29.527328,1.75
53,24,val,65.333427,1.76
53,25,val,37.656067,1.76
53,26,val,43.705669,1.78
53,27,val,16.535931,1.78
53,28,val,10.969200,1.79
53,29,val,11.901229,1.81
53,30,val,9.810538,1.82
53,31,val,22.860870,1.83
53,32,val,18.152836,1.84
53,33,val,16.373291,1.85
53,34,val,15.554606,1.87
53,35,val,30.039810,1.89
53,36,val,35.053101,1.91
53,37,val,13.897467,1.92
53,38,val,16.009640,1.93
53,39,val,52.043118,1.94
53,40,val,28.613440,1.96
53,41,val,15.800375,1.97
53,42,val,22.130989,1.98
53,43,val,26.637732,1.99
53,44,val,99.693573,2.00
53,45,val,52.623932,2.01
53,46,val,122.866882,2.03
53,47,val,23.522650,2.04
53,48,val,69.742142,2.05
53,49,val,10.492128,2.07
53,50,val,18.893173,2.08
53,51,val,16.948294,2.10
53,52,val,17.777344,2.11
53,53,val,32.672924,2.11
53,54,val,16.156034,2.13
53,55,val,11.274191,2.13
53,56,val,14.513596,2.14
53,57,val,22.127254,2.15
53,58,val,18.619101,2.16
53,59,val,13.361197,2.17
53,60,val,41.649063,2.18
53,61,val,28.796932,2.19
53,62,val,23.715582,2.20
53,63,val,31.314148,2.21
53,64,val,6.983962,2.22
53,65,val,96.610001,2.23
53,66,val,24.105017,2.25
53,67,val,12.216148,2.26
53,68,val,72.123695,2.26
53,69,val,13.977615,2.27
53,70,val,72.254959,2.28
53,71,val,106.650574,2.29
53,72,val,15.279376,2.30
53,73,val,13.901251,2.30
53,74,val,36.595825,2.31
53,75,val,27.599159,2.32
53,76,val,15.942772,2.33
53,77,val,12.914045,2.33
53,78,val,17.577053,2.34
53,79,val,38.418098,2.34
54,0,train,41.217636,0.25
54,1,train,22.455879,0.30
54,2,train,29.210062,0.34
54,3,train,24.583199,0.37
54,4,train,15.359772,0.41
54,5,train,16.984436,0.45
54,6,train,28.937063,0.48
54,7,train,34.199295,0.52
54,8,train,15.591063,0.55
54,9,train,21.735058,0.58
54,10,train,23.939758,0.62
54,11,train,24.725655,0.65
54,12,train,17.406971,0.69
54,13,train,21.305191,0.73
54,14,train,31.184662,0.78
54,15,train,18.075867,0.81
54,16,train,22.593533,0.86
54,17,train,17.724119,0.89
54,18,train,27.433968,0.93
54,19,train,29.357914,0.97
54,20,train,17.372738,1.01
54,21,train,23.895224,1.04
54,22,train,40.787868,1.09
54,23,train,17.407827,1.12
54,24,train,27.957027,1.15
54,25,train,15.440485,1.18
54,26,train,24.635798,1.21
54,27,train,23.820742,1.23
54,28,train,45.356350,1.26
54,29,train,31.438892,1.30
54,0,val,14.108768,1.47
54,1,val,21.418386,1.48
54,2,val,16.320770,1.49
54,3,val,13.330141,1.50
54,4,val,18.211868,1.51
54,5,val,29.361166,1.52
54,6,val,15.554703,1.53
54,7,val,23.834707,1.54
54,8,val,58.056885,1.55
54,9,val,43.287865,1.56
54,10,val,87.863571,1.57
54,11,val,25.713957,1.58
54,12,val,9.467345,1.59
54,13,val,25.548643,1.60
54,14,val,14.558084,1.61
54,15,val,13.159887,1.62
54,16,val,22.937176,1.63
54,17,val,122.243164,1.64
54,18,val,13.978595,1.65
54,19,val,24.403433,1.66
54,20,val,21.803467,1.67
54,21,val,9.515957,1.67
54,22,val,15.360148,1.68
54,23,val,34.472183,1.69
54,24,val,70.039238,1.70
54,25,val,35.359383,1.71
54,26,val,11.830840,1.72
54,27,val,17.098633,1.73
54,28,val,18.623386,1.74
54,29,val,12.281986,1.74
54,30,val,6.149827,1.75
54,31,val,34.449108,1.76
54,32,val,27.012135,1.77
54,33,val,16.960396,1.78
54,34,val,14.334345,1.79
54,35,val,27.035414,1.80
54,36,val,33.115051,1.81
54,37,val,14.895575,1.82
54,38,val,15.747469,1.83
54,39,val,50.747635,1.84
54,40,val,29.840481,1.85
54,41,val,35.421387,1.86
54,42,val,31.929096,1.87
54,43,val,20.014709,1.88
54,44,val,98.442711,1.88
54,45,val,55.977837,1.90
54,46,val,124.006035,1.90
54,47,val,21.454947,1.91
54,48,val,68.119797,1.92
54,49,val,16.151016,1.93
54,50,val,15.396439,1.93
54,51,val,13.006964,1.94
54,52,val,15.787016,1.95
54,53,val,12.597644,1.96
54,54,val,16.005964,1.96
54,55,val,10.490161,1.97
54,56,val,12.635414,1.98
54,57,val,19.938314,1.99
54,58,val,19.332924,2.00
54,59,val,12.947680,2.01
54,60,val,40.164757,2.01
54,61,val,31.486013,2.02
54,62,val,12.889235,2.03
54,63,val,35.100826,2.04
54,64,val,8.443552,2.04
54,65,val,97.316879,2.05
54,66,val,17.793999,2.06
54,67,val,27.896667,2.07
54,68,val,69.795631,2.07
54,69,val,21.454710,2.08
54,70,val,73.163437,2.09
54,71,val,107.028587,2.09
54,72,val,14.496153,2.11
54,73,val,11.727810,2.11
54,74,val,37.985378,2.12
54,75,val,26.312346,2.13
54,76,val,29.519417,2.13
54,77,val,11.685654,2.14
54,78,val,17.872505,2.14
54,79,val,38.197071,2.15
55,0,train,18.691919,0.19
55,1,train,19.041943,0.24
55,2,train,23.505219,0.27
55,3,train,23.005135,0.31
55,4,train,45.172523,0.34
55,5,train,28.758095,0.38
55,6,train,33.374252,0.42
55,7,train,19.941902,0.46
55,8,train,25.849171,0.50
55,9,train,41.773506,0.54
55,10,train,24.960281,0.58
55,11,train,22.269482,0.61
55,12,train,26.064205,0.65
55,13,train,30.636209,0.70
55,14,train,41.425949,0.74
55,15,train,27.475130,0.78
55,16,train,26.282589,0.83
55,17,train,28.130865,0.87
55,18,train,21.114326,0.91
55,19,train,22.474281,0.94
55,20,train,16.540527,0.96
55,21,train,14.322464,0.99
55,22,train,21.435204,1.01
55,23,train,42.830559,1.04
55,24,train,27.176060,1.07
55,25,train,14.290148,1.09
55,26,train,20.772371,1.11
55,27,train,16.417992,1.14
55,28,train,35.396675,1.16
55,29,train,26.109957,1.18
55,0,val,17.242321,1.31
55,1,val,25.592098,1.31
55,2,val,18.418530,1.32
55,3,val,12.351882,1.33
55,4,val,20.093281,1.34
55,5,val,22.699903,1.35
55,6,val,14.256577,1.35
55,7,val,24.742012,1.36
55,8,val,56.636978,1.37
55,9,val,50.511986,1.37
55,10,val,85.712418,1.38
55,11,val,26.079626,1.38
55,12,val,10.083638,1.39
55,13,val,23.662878,1.40
55,14,val,11.628975,1.41
55,15,val,13.488392,1.41
55,16,val,23.594580,1.42
55,17,val,121.478943,1.43
55,18,val,16.038260,1.44
55,19,val,24.399155,1.45
55,20,val,21.498770,1.46
55,21,val,9.249681,1.47
55,22,val,14.335319,1.47
55,23,val,27.780392,1.48
55,24,val,63.137924,1.49
55,25,val,35.520321,1.49
55,26,val,12.801867,1.50
55,27,val,16.500854,1.51
55,28,val,11.543666,1.51
55,29,val,13.756645,1.52
55,30,val,9.956199,1.52
55,31,val,50.969162,1.53
55,32,val,18.585943,1.54
55,33,val,14.198362,1.55
55,34,val,11.913055,1.55
55,35,val,22.889385,1.56
55,36,val,32.511456,1.57
55,37,val,15.078944,1.57
55,38,val,18.461988,1.58
55,39,val,49.701668,1.59
55,40,val,28.001114,1.59
55,41,val,16.260361,1.60
55,42,val,21.569036,1.61
55,43,val,19.232098,1.61
55,44,val,98.676102,1.62
55,45,val,52.590256,1.62
55,46,val,121.030685,1.63
55,47,val,18.946890,1.64
55,48,val,68.219803,1.64
55,49,val,12.229433,1.65
55,50,val,16.836670,1.66
55,51,val,12.762304,1.67
55,52,val,18.047325,1.67
55,53,val,10.597071,1.68
55,54,val,12.128233,1.69
55,55,val,10.872569,1.69
55,56,val,12.167751,1.70
55,57,val,39.779324,1.71
55,58,val,18.351774,1.71
55,59,val,12.703841,1.72
55,60,val,49.092003,1.73
55,61,val,28.666542,1.73
55,62,val,16.536905,1.74
55,63,val,30.913250,1.74
55,64,val,8.157510,1.75
55,65,val,99.039337,1.76
55,66,val,19.813787,1.77
55,67,val,11.270651,1.77
55,68,val,68.939636,1.78
55,69,val,13.836299,1.79
55,70,val,84.803612,1.79
55,71,val,107.186180,1.80
55,72,val,15.065700,1.81
55,73,val,12.027957,1.81
55,74,val,40.224472,1.82
55,75,val,27.483353,1.82
55,76,val,17.648855,1.83
55,77,val,12.463946,1.83
55,78,val,18.904167,1.84
55,79,val,37.920307,1.84
56,0,train,22.838459,0.13
56,1,train,24.831303,0.17
56,2,train,44.867481,0.19
56,3,train,37.131691,0.22
56,4,train,17.173500,0.24
56,5,train,30.600349,0.27
56,6,train,31.027121,0.29
56,7,train,23.220238,0.32
56,8,train,29.770134,0.34
56,9,train,30.028961,0.38
56,10,train,15.962001,0.40
56,11,train,30.827263,0.43
56,12,train,31.243484,0.45
56,13,train,25.078197,0.48
56,14,train,24.857841,0.51
56,15,train,28.335152,0.53
56,16,train,27.771320,0.56
56,17,train,28.911316,0.59
56,18,train,33.234249,0.61
56,19,train,30.562309,0.64
56,20,train,29.924019,0.66
56,21,train,27.453068,0.69
56,22,train,40.629116,0.72
56,23,train,26.293310,0.75
56,24,train,21.601168,0.77
56,25,train,33.553539,0.80
56,26,train,36.018631,0.83
56,27,train,24.959265,0.85
56,28,train,27.398235,0.87
56,29,train,35.056587,0.89
56,0,val,13.701323,1.01
56,1,val,19.994946,1.02
56,2,val,16.680136,1.02
56,3,val,12.123140,1.03
56,4,val,16.199629,1.04
56,5,val,23.965733,1.05
56,6,val,18.987991,1.06
56,7,val,22.428610,1.06
56,8,val,56.105698,1.07
56,9,val,61.318176,1.08
56,10,val,84.947403,1.08
56,11,val,26.779873,1.09
56,12,val,10.611340,1.10
56,13,val,24.614868,1.10
56,14,val,11.814903,1.11
56,15,val,30.718903,1.11
56,16,val,22.739086,1.12
56,17,val,121.774765,1.13
56,18,val,12.638821,1.13
56,19,val,24.300406,1.14
56,20,val,22.512167,1.15
56,21,val,24.960335,1.16
56,22,val,13.984682,1.16
56,23,val,26.306824,1.17
56,24,val,62.861916,1.17
56,25,val,35.618317,1.18
56,26,val,11.562541,1.19
56,27,val,16.452930,1.19
56,28,val,10.796097,1.20
56,29,val,12.819827,1.20
56,30,val,5.930063,1.21
56,31,val,22.926224,1.22
56,32,val,20.746145,1.22
56,33,val,11.811821,1.23
56,34,val,9.860728,1.24
56,35,val,22.438351,1.24
56,36,val,31.620527,1.25
56,37,val,15.197375,1.26
56,38,val,17.229708,1.27
56,39,val,50.467491,1.27
56,40,val,28.625431,1.28
56,41,val,15.553638,1.29
56,42,val,22.712767,1.29
56,43,val,17.681704,1.30
56,44,val,96.745323,1.31
56,45,val,51.749950,1.31
56,46,val,119.228203,1.32
56,47,val,19.911814,1.33
56,48,val,70.101982,1.33
56,49,val,10.655653,1.34
56,50,val,16.427921,1.34
56,51,val,12.263464,1.35
56,52,val,13.805233,1.36
56,53,val,10.376245,1.37
56,54,val,11.120705,1.37
56,55,val,10.754219,1.38
56,56,val,12.767489,1.39
56,57,val,16.653841,1.40
56,58,val,21.144239,1.41
56,59,val,12.318156,1.42
56,60,val,42.870750,1.42
56,61,val,28.127552,1.43
56,62,val,12.560698,1.44
56,63,val,30.421753,1.44
56,64,val,8.817459,1.45
56,65,val,100.869591,1.46
56,66,val,44.490990,1.46
56,67,val,11.733050,1.47
56,68,val,70.468803,1.48
56,69,val,27.376667,1.48
56,70,val,69.248810,1.49
56,71,val,115.772278,1.50
56,72,val,13.391711,1.50
56,73,val,12.422394,1.51
56,74,val,44.193321,1.52
56,75,val,25.470907,1.52
56,76,val,16.419378,1.53
56,77,val,14.820066,1.53
56,78,val,17.639114,1.54
56,79,val,38.843925,1.54
57,0,train,21.834930,0.12
57,1,train,21.868050,0.16
57,2,train,19.482018,0.19
57,3,train,19.552616,0.21
57,4,train,31.486031,0.24
57,5,train,26.662037,0.27
57,6,train,44.542675,0.30
57,7,train,15.587881,0.33
57,8,train,26.025719,0.36
57,9,train,23.948502,0.40
57,10,train,41.630203,0.43
57,11,train,18.720095,0.46
57,12,train,14.999372,0.48
57,13,train,27.335894,0.52
57,14,train,43.794872,0.56
57,15,train,37.008705,0.58
57,16,train,25.267262,0.62
57,17,train,30.896973,0.64
57,18,train,14.450175,0.67
57,19,train,17.405712,0.70
57,20,train,18.176746,0.73
57,21,train,32.230408,0.76
57,22,train,24.498905,0.79
57,23,train,41.480461,0.81
57,24,train,20.986416,0.84
57,25,train,19.393820,0.87
57,26,train,55.014397,0.89
57,27,train,18.067326,0.91
57,28,train,22.764435,0.94
57,29,train,20.197628,0.96
57,0,val,16.038614,1.09
57,1,val,22.590973,1.10
57,2,val,16.023380,1.11
57,3,val,10.863231,1.12
57,4,val,15.601311,1.13
57,5,val,23.306606,1.13
57,6,val,14.952559,1.14
57,7,val,23.881844,1.15
57,8,val,57.249767,1.15
57,9,val,42.123718,1.16
57,10,val,82.878311,1.17
57,11,val,25.412106,1.17
57,12,val,15.905150,1.18
57,13,val,22.893799,1.19
57,14,val,11.857287,1.19
57,15,val,13.394820,1.20
57,16,val,24.841024,1.20
57,17,val,122.105042,1.21
57,18,val,35.495903,1.22
57,19,val,30.047344,1.23
57,20,val,22.280834,1.23
57,21,val,10.164104,1.24
57,22,val,13.390944,1.25
57,23,val,27.186905,1.25
57,24,val,62.609371,1.26
57,25,val,35.697483,1.27
57,26,val,32.833370,1.27
57,27,val,17.521122,1.28
57,28,val,11.313560,1.28
57,29,val,12.326477,1.29
57,30,val,6.792877,1.30
57,31,val,46.286541,1.30
57,32,val,17.829624,1.31
57,33,val,12.073604,1.32
57,34,val,9.491072,1.33
57,35,val,22.682304,1.33
57,36,val,33.260891,1.34
57,37,val,14.872832,1.35
57,38,val,18.156548,1.35
57,39,val,49.516075,1.36
57,40,val,33.731422,1.37
57,41,val,16.720114,1.37
57,42,val,22.384441,1.38
57,43,val,17.898804,1.39
57,44,val,98.363098,1.39
57,45,val,50.977200,1.40
57,46,val,118.643173,1.41
57,47,val,21.875555,1.41
57,48,val,68.122940,1.42
57,49,val,11.368419,1.43
57,50,val,15.296286,1.44
57,51,val,12.590385,1.44
57,52,val,13.401217,1.45
57,53,val,10.473392,1.46
57,54,val,11.786942,1.46
57,55,val,30.044262,1.47
57,56,val,14.496028,1.48
57,57,val,18.402069,1.48
57,58,val,22.937277,1.49
57,59,val,12.504912,1.50
57,60,val,38.671383,1.50
57,61,val,28.357740,1.51
57,62,val,11.517408,1.51
57,63,val,43.094925,1.52
57,64,val,7.660301,1.53
57,65,val,104.467819,1.54
57,66,val,16.521318,1.54
57,67,val,12.317763,1.55
57,68,val,69.598648,1.56
57,69,val,12.982313,1.57
57,70,val,68.309616,1.58
57,71,val,117.362061,1.59
57,72,val,13.572726,1.60
57,73,val,11.540515,1.60
57,74,val,37.474804,1.61
57,75,val,26.114128,1.61
57,76,val,16.519196,1.62
57,77,val,11.610132,1.62
57,78,val,18.868530,1.63
57,79,val,37.022617,1.64
58,0,train,27.252325,0.10
58,1,train,38.912319,0.13
58,2,train,18.912720,0.16
58,3,train,15.536839,0.19
58,4,train,26.256798,0.21
58,5,train,30.719521,0.24
58,6,train,16.254276,0.27
58,7,train,25.228260,0.29
58,8,train,29.378628,0.32
58,9,train,39.408745,0.34
58,10,train,27.386341,0.37
58,11,train,21.585075,0.40
58,12,train,22.718239,0.42
58,13,train,24.126762,0.45
58,14,train,14.073618,0.47
58,15,train,35.469769,0.49
58,16,train,21.370895,0.52
58,17,train,16.102385,0.55
58,18,train,27.681515,0.58
58,19,train,20.647093,0.60
58,20,train,34.410667,0.62
58,21,train,16.810719,0.65
58,22,train,33.344017,0.68
58,23,train,29.354944,0.70
58,24,train,32.056362,0.72
58,25,train,21.066725,0.75
58,26,train,43.635948,0.77
58,27,train,31.307089,0.80
58,28,train,13.935139,0.82
58,29,train,17.880598,0.84
58,0,val,13.223712,0.96
58,1,val,26.898846,0.98
58,2,val,16.348003,0.99
58,3,val,16.115959,1.00
58,4,val,21.077492,1.01
58,5,val,21.020020,1.01
58,6,val,13.763756,1.02
58,7,val,22.549002,1.03
58,8,val,55.904404,1.03
58,9,val,41.234795,1.04
58,10,val,85.334892,1.05
58,11,val,24.404165,1.05
58,12,val,35.522560,1.06
58,13,val,23.751446,1.07
58,14,val,13.261099,1.07
58,15,val,13.325176,1.08
58,16,val,22.327709,1.09
58,17,val,118.121582,1.09
58,18,val,12.580193,1.10
58,19,val,24.594320,1.11
58,20,val,22.123907,1.11
58,21,val,10.613204,1.12
58,22,val,19.963055,1.13
58,23,val,26.871832,1.13
58,24,val,61.422417,1.14
58,25,val,35.805569,1.14
58,26,val,12.666672,1.15
58,27,val,17.641918,1.16
58,28,val,14.712245,1.16
58,29,val,13.812140,1.17
58,30,val,6.092855,1.17
58,31,val,22.616711,1.18
58,32,val,17.483610,1.19
58,33,val,11.925962,1.19
58,34,val,10.499129,1.20
58,35,val,22.690908,1.21
58,36,val,33.972519,1.22
58,37,val,15.367671,1.23
58,38,val,15.758476,1.23
58,39,val,49.120052,1.24
58,40,val,27.838867,1.25
58,41,val,15.292986,1.25
58,42,val,21.780386,1.26
58,43,val,18.071150,1.27
58,44,val,95.888779,1.27
58,45,val,55.745842,1.28
58,46,val,119.580254,1.28
58,47,val,18.452919,1.29
58,48,val,69.072456,1.30
58,49,val,16.529182,1.31
58,50,val,17.117657,1.31
58,51,val,11.940478,1.32
58,52,val,13.161848,1.33
58,53,val,21.191357,1.33
58,54,val,12.025523,1.34
58,55,val,14.469900,1.35
58,56,val,12.122516,1.35
58,57,val,20.845985,1.36
58,58,val,17.918514,1.37
58,59,val,12.629672,1.37
58,60,val,38.952621,1.38
58,61,val,30.101330,1.38
58,62,val,13.118831,1.39
58,63,val,31.475035,1.40
58,64,val,7.914271,1.40
58,65,val,93.220200,1.41
58,66,val,19.073378,1.42
58,67,val,11.314711,1.43
58,68,val,81.719223,1.43
58,69,val,25.976341,1.44
58,70,val,69.115128,1.44
58,71,val,104.914108,1.45
58,72,val,13.685974,1.46
58,73,val,18.317768,1.46
58,74,val,39.349991,1.47
58,75,val,25.568214,1.48
58,76,val,16.200863,1.48
58,77,val,13.061878,1.49
58,78,val,25.088734,1.49
58,79,val,36.720535,1.49
59,0,train,15.450890,0.14
59,1,train,22.320168,0.17
59,2,train,32.563328,0.20
59,3,train,16.289021,0.23
59,4,train,18.570576,0.25
59,5,train,18.244713,0.28
59,6,train,24.882607,0.31
59,7,train,21.529501,0.33
59,8,train,23.537779,0.36
59,9,train,23.706264,0.38
59,10,train,20.498886,0.41
59,11,train,29.295778,0.43
59,12,train,15.626583,0.46
59,13,train,25.019144,0.49
59,14,train,34.415756,0.51
59,15,train,25.291161,0.54
59,16,train,27.670269,0.56
59,17,train,31.919859,0.59
59,18,train,26.664394,0.62
59,19,train,29.998619,0.64
59,20,train,27.306255,0.67
59,21,train,16.771660,0.70
59,22,train,19.259735,0.72
59,23,train,27.383419,0.75
59,24,train,31.848465,0.77
59,25,train,25.128433,0.80
59,26,train,27.213314,0.82
59,27,train,32.151810,0.84
59,28,train,45.289799,0.87
59,29,train,44.127026,0.96
59,0,val,13.596968,1.08
59,1,val,19.970306,1.09
59,2,val,15.879153,1.10
59,3,val,11.536596,1.10
59,4,val,17.616333,1.11
59,5,val,25.480362,1.11
59,6,val,14.401099,1.13
59,7,val,29.755224,1.13
59,8,val,55.169456,1.14
59,9,val,42.132706,1.15
59,10,val,82.285210,1.15
59,11,val,25.630913,1.16
59,12,val,10.384996,1.17
59,13,val,23.165714,1.17
59,14,val,14.443565,1.18
59,15,val,25.761345,1.19
59,16,val,23.405602,1.19
59,17,val,120.305695,1.20
59,18,val,12.955236,1.21
59,19,val,23.803848,1.22
59,20,val,21.038198,1.23
59,21,val,11.382789,1.24
59,22,val,13.296927,1.25
59,23,val,27.895483,1.26
59,24,val,60.386395,1.26
59,25,val,34.602833,1.27
59,26,val,34.122406,1.28
59,27,val,15.418753,1.28
59,28,val,10.410875,1.29
59,29,val,11.856178,1.29
59,30,val,8.200776,1.30
59,31,val,23.211828,1.31
59,32,val,17.428846,1.31
59,33,val,13.224016,1.32
59,34,val,9.263527,1.33
59,35,val,21.585625,1.34
59,36,val,31.878262,1.34
59,37,val,21.289322,1.35
59,38,val,17.313499,1.36
59,39,val,49.320267,1.36
59,40,val,28.128643,1.37
59,41,val,15.577065,1.37
59,42,val,21.022614,1.38
59,43,val,19.824139,1.39
59,44,val,95.100739,1.39
59,45,val,50.968399,1.40
59,46,val,116.596069,1.41
59,47,val,18.429821,1.41
59,48,val,67.145287,1.42
59,49,val,10.548161,1.42
59,50,val,14.308332,1.43
59,51,val,12.993996,1.44
59,52,val,15.999336,1.45
59,53,val,11.141818,1.46
59,54,val,12.142365,1.46
59,55,val,11.668849,1.47
59,56,val,13.822417,1.47
59,57,val,27.955048,1.48
59,58,val,18.251364,1.49
59,59,val,12.181659,1.49
59,60,val,39.188015,1.50
59,61,val,28.141653,1.51
59,62,val,12.186865,1.51
59,63,val,30.385208,1.52
59,64,val,7.782622,1.53
59,65,val,93.280785,1.53
59,66,val,19.843916,1.54
59,67,val,11.799719,1.55
59,68,val,67.527359,1.56
59,69,val,13.300995,1.57
59,70,val,68.313400,1.57
59,71,val,104.329834,1.58
59,72,val,12.152893,1.59
59,73,val,11.221896,1.59
59,74,val,37.595654,1.60
59,75,val,25.773718,1.61
59,76,val,19.389179,1.61
59,77,val,15.437262,1.62
59,78,val,17.383783,1.62
59,79,val,36.707172,1.63
60,0,train,27.568890,0.11
60,1,train,23.391617,0.14
60,2,train,22.148731,0.17
60,3,train,30.813620,0.20
60,4,train,34.998127,0.22
60,5,train,26.306343,0.26
60,6,train,19.081741,0.28
60,7,train,15.692589,0.31
60,8,train,30.269415,0.33
60,9,train,22.516117,0.36
60,10,train,16.817894,0.39
60,11,train,34.715729,0.41
60,12,train,16.613831,0.44
60,13,train,37.070114,0.47
60,14,train,20.734238,0.49
60,15,train,30.478764,0.52
60,16,train,22.592445,0.54
60,17,train,16.636082,0.58
60,18,train,25.141577,0.60
60,19,train,22.874344,0.63
60,20,train,32.448456,0.65
60,21,train,23.223774,0.69
60,22,train,19.332790,0.72
60,23,train,20.429157,0.76
60,24,train,13.265461,0.80
60,25,train,19.390545,0.83
60,26,train,46.299126,0.86
60,27,train,24.146225,0.89
60,28,train,38.172081,0.92
60,29,train,43.409760,0.95
60,0,val,12.332445,1.13
60,1,val,20.533695,1.14
60,2,val,14.961756,1.15
60,3,val,11.578863,1.16
60,4,val,19.220913,1.17
60,5,val,31.290981,1.18
60,6,val,14.878567,1.19
60,7,val,33.934006,1.20
60,8,val,54.669479,1.20
60,9,val,69.565033,1.21
60,10,val,81.710281,1.22
60,11,val,34.801811,1.23
60,12,val,10.620758,1.23
60,13,val,22.705212,1.24
60,14,val,11.414938,1.25
60,15,val,13.399912,1.26
60,16,val,23.607100,1.27
60,17,val,116.102013,1.28
60,18,val,12.866103,1.28
60,19,val,23.819252,1.29
60,20,val,40.745178,1.30
60,21,val,9.158046,1.31
60,22,val,34.564888,1.31
60,23,val,25.339638,1.32
60,24,val,60.581768,1.33
60,25,val,34.408340,1.34
60,26,val,11.598473,1.35
60,27,val,15.108961,1.36
60,28,val,16.825888,1.36
60,29,val,11.891846,1.37
60,30,val,7.043370,1.38
60,31,val,24.754860,1.39
60,32,val,16.693731,1.39
60,33,val,11.569510,1.40
60,34,val,9.135653,1.41
60,35,val,21.708035,1.42
60,36,val,32.976349,1.42
60,37,val,20.411079,1.43
60,38,val,21.959816,1.44
60,39,val,47.986874,1.45
60,40,val,26.730276,1.46
60,41,val,15.030273,1.47
60,42,val,23.504330,1.48
60,43,val,20.967636,1.48
60,44,val,93.610397,1.49
60,45,val,50.111633,1.50
60,46,val,114.504074,1.51
60,47,val,19.202110,1.52
60,48,val,66.964432,1.52
60,49,val,12.118416,1.53
60,50,val,15.722949,1.54
60,51,val,12.295566,1.55
60,52,val,14.715942,1.56
60,53,val,10.129962,1.57
60,54,val,11.512012,1.58
60,55,val,18.340809,1.59
60,56,val,16.110437,1.60
60,57,val,16.682198,1.61
60,58,val,18.894329,1.61
60,59,val,12.752281,1.62
60,60,val,37.901176,1.63
60,61,val,27.349823,1.64
60,62,val,12.273338,1.65
60,63,val,64.285080,1.66
60,64,val,8.288242,1.67
60,65,val,91.019913,1.68
60,66,val,17.639860,1.69
60,67,val,10.632215,1.70
60,68,val,67.002960,1.71
60,69,val,14.137985,1.71
60,70,val,71.278618,1.72
60,71,val,101.895691,1.73
60,72,val,13.249111,1.74
60,73,val,11.387294,1.74
60,74,val,36.409851,1.75
60,75,val,24.651333,1.77
60,76,val,16.004875,1.77
60,77,val,14.466856,1.78
60,78,val,17.519785,1.78
60,79,val,36.414982,1.79
61,0,train,21.814692,0.14
61,1,train,17.833357,0.18
61,2,train,25.774900,0.21
61,3,train,17.629700,0.24
61,4,train,18.485184,0.27
61,5,train,23.290373,0.30
61,6,train,46.183357,0.33
61,7,train,25.589453,0.36
61,8,train,20.500116,0.39
61,9,train,25.643417,0.42
61,10,train,22.185589,0.45
61,11,train,14.839593,0.48
61,12,train,21.971584,0.52
61,13,train,26.903202,0.55
61,14,train,14.699538,0.58
61,15,train,14.569857,0.61
61,16,train,21.844868,0.66
61,17,train,15.147976,0.69
61,18,train,35.674530,0.72
61,19,train,21.857155,0.76
61,20,train,23.354179,0.79
61,21,train,25.002773,0.83
61,22,train,17.613087,0.87
61,23,train,39.168892,0.90
61,24,train,23.745033,0.93
61,25,train,16.339056,0.96
61,26,train,19.944912,0.99
61,27,train,19.004976,1.02
61,28,train,24.974186,1.05
61,29,train,34.238964,1.07
61,0,val,14.714794,1.24
61,1,val,19.647434,1.27
61,2,val,21.916229,1.28
61,3,val,12.511539,1.29
61,4,val,16.143810,1.30
61,5,val,22.353905,1.31
61,6,val,14.234833,1.32
61,7,val,23.844969,1.32
61,8,val,61.358963,1.33
61,9,val,41.891747,1.34
61,10,val,83.495193,1.35
61,11,val,25.442961,1.35
61,12,val,11.945707,1.36
61,13,val,22.475945,1.37
61,14,val,14.054289,1.38
61,15,val,15.275581,1.39
61,16,val,32.180168,1.40
61,17,val,117.328629,1.40
61,18,val,35.132256,1.41
61,19,val,29.863316,1.42
61,20,val,21.123154,1.43
61,21,val,8.695142,1.43
61,22,val,13.994655,1.44
61,23,val,26.554968,1.45
61,24,val,59.055889,1.46
61,25,val,37.489883,1.46
61,26,val,12.232443,1.47
61,27,val,17.050209,1.48
61,28,val,10.787462,1.49
61,29,val,11.238254,1.50
61,30,val,5.802495,1.51
61,31,val,22.640957,1.52
61,32,val,18.110115,1.52
61,33,val,11.808474,1.53
61,34,val,8.515370,1.54
61,35,val,22.546019,1.55
61,36,val,30.692762,1.55
61,37,val,13.538660,1.56
61,38,val,16.371521,1.57
61,39,val,46.903778,1.58
61,40,val,31.790192,1.59
61,41,val,17.910439,1.60
61,42,val,22.898970,1.60
61,43,val,18.155422,1.61
61,44,val,93.931152,1.62
61,45,val,47.657127,1.63
61,46,val,114.338463,1.64
61,47,val,20.341949,1.64
61,48,val,69.117813,1.65
61,49,val,14.373150,1.66
61,50,val,30.016142,1.67
61,51,val,15.216108,1.67
61,52,val,13.692364,1.68
61,53,val,10.293625,1.70
61,54,val,13.297675,1.70
61,55,val,11.383244,1.71
61,56,val,12.524122,1.72
61,57,val,33.456459,1.73
61,58,val,18.073448,1.73
61,59,val,12.879439,1.74
61,60,val,39.539436,1.75
61,61,val,40.461636,1.76
61,62,val,13.874484,1.76
61,63,val,28.982452,1.77
61,64,val,7.484285,1.78
61,65,val,94.567337,1.79
61,66,val,17.637653,1.80
61,67,val,13.156307,1.81
61,68,val,78.772903,1.81
61,69,val,16.847532,1.82
61,70,val,66.623474,1.83
61,71,val,106.782188,1.84
61,72,val,16.289364,1.85
61,73,val,11.603085,1.86
61,74,val,36.687786,1.87
61,75,val,28.965725,1.88
61,76,val,16.465536,1.89
61,77,val,10.625376,1.89
61,78,val,19.232807,1.91
61,79,val,36.939636,1.92
62,0,train,24.971966,0.15
62,1,train,20.326603,0.19
62,2,train,12.559219,0.23
62,3,train,44.865677,0.26
62,4,train,16.830345,0.30
62,5,train,29.977886,0.33
62,6,train,28.814980,0.36
62,7,train,28.105539,0.39
62,8,train,22.813774,0.42
62,9,train,20.401840,0.45
62,10,train,31.200806,0.48
62,11,train,36.375000,0.51
62,12,train,31.131872,0.55
62,13,train,26.059479,0.58
62,14,train,35.270794,0.61
62,15,train,19.633270,0.65
62,16,train,27.859411,0.69
62,17,train,16.734138,0.73
62,18,train,13.867208,0.77
62,19,train,17.218031,0.80
62,20,train,12.408401,0.83
62,21,train,18.810675,0.86
62,22,train,25.807598,0.90
62,23,train,19.896698,0.93
62,24,train,30.055397,0.97
62,25,train,26.591757,1.01
62,26,train,27.658821,1.04
62,27,train,19.380436,1.06
62,28,train,20.077171,1.09
62,29,train,16.296625,1.13
62,0,val,13.888458,1.32
62,1,val,19.151602,1.34
62,2,val,21.778793,1.35
62,3,val,11.643276,1.36
62,4,val,15.738449,1.37
62,5,val,23.641577,1.38
62,6,val,14.419498,1.38
62,7,val,20.976707,1.39
62,8,val,55.109451,1.40
62,9,val,40.273682,1.41
62,10,val,80.295212,1.42
62,11,val,24.858624,1.43
62,12,val,13.990831,1.44
62,13,val,21.648193,1.45
62,14,val,12.633171,1.45
62,15,val,24.458456,1.46
62,16,val,22.949982,1.47
62,17,val,116.091568,1.48
62,18,val,13.629714,1.48
62,19,val,24.171455,1.49
62,20,val,20.281290,1.50
62,21,val,8.816405,1.51
62,22,val,14.664248,1.52
62,23,val,27.263815,1.52
62,24,val,60.856411,1.53
62,25,val,36.338249,1.55
62,26,val,16.310513,1.56
62,27,val,16.277477,1.57
62,28,val,23.937613,1.57
62,29,val,14.839399,1.59
62,30,val,14.014292,1.60
62,31,val,27.859831,1.61
62,32,val,18.089260,1.62
62,33,val,11.846481,1.62
62,34,val,8.688389,1.64
62,35,val,20.430092,1.65
62,36,val,37.757580,1.66
62,37,val,15.679489,1.67
62,38,val,17.940102,1.68
62,39,val,48.814079,1.69
62,40,val,31.025518,1.70
62,41,val,16.015615,1.71
62,42,val,23.113775,1.72
62,43,val,18.015997,1.73
62,44,val,96.560394,1.74
62,45,val,48.586651,1.75
62,46,val,113.556335,1.76
62,47,val,38.551384,1.77
62,48,val,65.581146,1.78
62,49,val,12.512276,1.79
62,50,val,14.079940,1.80
62,51,val,12.973159,1.81
62,52,val,13.727664,1.82
62,53,val,15.216209,1.83
62,54,val,13.810932,1.84
62,55,val,27.587570,1.85
62,56,val,11.390333,1.86
62,57,val,16.572947,1.87
62,58,val,24.448788,1.89
62,59,val,15.772190,1.90
62,60,val,38.886333,1.91
62,61,val,27.096731,1.92
62,62,val,11.692160,1.93
62,63,val,30.647177,1.95
62,64,val,7.224133,1.96
62,65,val,93.979660,1.96
62,66,val,16.789593,1.98
62,67,val,10.580399,1.98
62,68,val,65.463547,1.99
62,69,val,12.882339,2.00
62,70,val,65.779732,2.00
62,71,val,100.842773,2.01
62,72,val,11.678004,2.02
62,73,val,13.507964,2.03
62,74,val,50.624329,2.04
62,75,val,24.079052,2.05
62,76,val,16.388557,2.05
62,77,val,12.774416,2.06
62,78,val,25.458050,2.07
62,79,val,36.563911,2.08
63,0,train,21.654293,0.11
63,1,train,24.022823,0.15
63,2,train,18.434444,0.17
63,3,train,35.643562,0.20
63,4,train,16.469309,0.22
63,5,train,24.706667,0.25
63,6,train,26.099867,0.28
63,7,train,22.733637,0.30
63,8,train,19.634199,0.32
63,9,train,18.403570,0.35
63,10,train,31.729519,0.38
63,11,train,26.611404,0.40
63,12,train,19.611660,0.42
63,13,train,33.589153,0.45
63,14,train,19.251629,0.48
63,15,train,17.928429,0.50
63,16,train,25.954840,0.53
63,17,train,37.586880,0.55
63,18,train,15.085171,0.58
63,19,train,34.037460,0.60
63,20,train,30.661850,0.63
63,21,train,30.811523,0.66
63,22,train,24.310991,0.68
63,23,train,18.403965,0.71
63,24,train,30.075075,0.73
63,25,train,24.263802,0.76
63,26,train,25.449986,0.78
63,27,train,29.304504,0.80
63,28,train,16.701548,0.82
63,29,train,27.467804,0.85
63,0,val,23.447601,1.00
63,1,val,18.626392,1.02
63,2,val,16.487154,1.02
63,3,val,10.777156,1.03
63,4,val,14.823666,1.04
63,5,val,20.892239,1.05
63,6,val,27.573149,1.05
63,7,val,22.095961,1.06
63,8,val,56.914536,1.07
63,9,val,40.263157,1.07
63,10,val,81.024063,1.08
63,11,val,25.535032,1.09
63,12,val,10.628891,1.10
63,13,val,26.972546,1.10
63,14,val,11.727634,1.11
63,15,val,16.234158,1.12
63,16,val,25.582394,1.12
63,17,val,114.481621,1.13
63,18,val,20.827633,1.14
63,19,val,24.651112,1.14
63,20,val,23.788956,1.15
63,21,val,11.176926,1.16
63,22,val,14.843798,1.16
63,23,val,25.673347,1.17
63,24,val,60.222206,1.18
63,25,val,37.127724,1.18
63,26,val,11.365390,1.19
63,27,val,15.459553,1.20
63,28,val,10.793552,1.21
63,29,val,11.164409,1.21
63,30,val,5.422721,1.22
63,31,val,22.417028,1.23
63,32,val,16.711037,1.24
63,33,val,24.986622,1.24
63,34,val,8.525475,1.25
63,35,val,20.631697,1.26
63,36,val,31.992493,1.26
63,37,val,14.769768,1.27
63,38,val,19.062973,1.28
63,39,val,47.086212,1.28
63,40,val,27.307419,1.29
63,41,val,14.191931,1.30
63,42,val,20.728331,1.31
63,43,val,16.740402,1.31
63,44,val,93.092766,1.32
63,45,val,47.604034,1.33
63,46,val,114.793045,1.34
63,47,val,20.864666,1.34
63,48,val,69.864105,1.35
63,49,val,9.635624,1.36
63,50,val,13.831885,1.36
63,51,val,15.495972,1.37
63,52,val,16.181858,1.38
63,53,val,20.898624,1.38
63,54,val,12.154032,1.39
63,55,val,10.387895,1.40
63,56,val,13.555400,1.40
63,57,val,17.336933,1.41
63,58,val,18.541204,1.42
63,59,val,13.775179,1.42
63,60,val,38.572815,1.43
63,61,val,27.942734,1.44
63,62,val,21.147650,1.45
63,63,val,28.855459,1.45
63,64,val,7.553129,1.46
63,65,val,92.586761,1.47
63,66,val,18.162346,1.47
63,67,val,16.253754,1.48
63,68,val,65.413696,1.48
63,69,val,14.010674,1.49
63,70,val,65.834206,1.50
63,71,val,102.951233,1.50
63,72,val,13.111195,1.51
63,73,val,13.021599,1.52
63,74,val,36.302395,1.52
63,75,val,27.568691,1.53
63,76,val,15.533053,1.54
63,77,val,11.063075,1.54
63,78,val,16.898140,1.55
63,79,val,41.869732,1.55
64,0,train,14.620161,0.12
64,1,train,30.184149,0.17
64,2,train,23.697330,0.19
64,3,train,21.077240,0.22
64,4,train,30.968433,0.25
64,5,train,20.032539,0.28
64,6,train,20.940762,0.30
64,7,train,25.715248,0.33
64,8,train,22.145657,0.35
64,9,train,23.686481,0.38
64,10,train,24.617825,0.41
64,11,train,17.948248,0.43
64,12,train,42.591629,0.46
64,13,train,19.839376,0.48
64,14,train,29.427595,0.51
64,15,train,28.809349,0.53
64,16,train,21.211857,0.56
64,17,train,27.483807,0.58
64,18,train,17.437950,0.61
64,19,train,24.587181,0.64
64,20,train,23.889542,0.67
64,21,train,29.117329,0.70
64,22,train,27.632166,0.72
64,23,train,13.086464,0.75
64,24,train,17.004711,0.78
64,25,train,35.733719,0.82
64,26,train,30.620560,0.85
64,27,train,30.748695,0.88
64,28,train,29.913832,0.91
64,29,train,15.324790,0.93
64,0,val,12.177292,1.05
64,1,val,18.644165,1.06
64,2,val,16.600601,1.07
64,3,val,17.299366,1.07
64,4,val,15.775283,1.08
64,5,val,24.129004,1.09
64,6,val,14.025512,1.10
64,7,val,23.058784,1.11
64,8,val,65.612900,1.11
64,9,val,40.427841,1.12
64,10,val,80.641548,1.13
64,11,val,26.752386,1.14
64,12,val,20.497585,1.14
64,13,val,22.801130,1.15
64,14,val,11.242156,1.16
64,15,val,12.815447,1.16
64,16,val,22.157711,1.18
64,17,val,113.844925,1.19
64,18,val,45.459732,1.21
64,19,val,25.670942,1.22
64,20,val,20.689571,1.22
64,21,val,8.462130,1.23
64,22,val,12.812747,1.24
64,23,val,27.668938,1.25
64,24,val,58.118160,1.25
64,25,val,45.281338,1.26
64,26,val,11.244662,1.27
64,27,val,14.904685,1.27
64,28,val,10.445510,1.28
64,29,val,11.752745,1.29
64,30,val,7.441894,1.30
64,31,val,27.219551,1.30
64,32,val,16.296118,1.31
64,33,val,11.410312,1.32
64,34,val,11.228180,1.32
64,35,val,30.658676,1.33
64,36,val,32.391411,1.33
64,37,val,24.692936,1.34
64,38,val,16.000853,1.35
64,39,val,46.462181,1.35
64,40,val,26.403023,1.36
64,41,val,18.049360,1.37
64,42,val,21.286194,1.37
64,43,val,20.914284,1.38
64,44,val,92.839676,1.39
64,45,val,46.773205,1.39
64,46,val,120.832420,1.40
64,47,val,18.961220,1.41
64,48,val,64.323296,1.41
64,49,val,17.785736,1.42
64,50,val,13.664332,1.43
64,51,val,29.703293,1.43
64,52,val,12.806618,1.44
64,53,val,10.093746,1.45
64,54,val,13.626419,1.45
64,55,val,10.768499,1.46
64,56,val,13.070449,1.47
64,57,val,16.497374,1.47
64,58,val,17.144512,1.48
64,59,val,36.859528,1.49
64,60,val,53.102097,1.49
64,61,val,29.358986,1.50
64,62,val,12.062953,1.51
64,63,val,29.898239,1.51
64,64,val,10.357386,1.52
64,65,val,90.697205,1.53
64,66,val,18.623806,1.53
64,67,val,21.119633,1.54
64,68,val,66.132347,1.55
64,69,val,11.942787,1.55
64,70,val,65.846924,1.56
64,71,val,102.386925,1.56
64,72,val,39.197319,1.57
64,73,val,10.792662,1.58
64,74,val,36.169010,1.58
64,75,val,26.280655,1.59
64,76,val,16.064022,1.59
64,77,val,10.419463,1.60
64,78,val,16.326443,1.61
64,79,val,41.304993,1.62
65,0,train,35.163311,0.16
65,1,train,22.701822,0.21
65,2,train,21.691399,0.24
65,3,train,18.082130,0.26
65,4,train,29.084503,0.29
65,5,train,26.051292,0.32
65,6,train,38.204430,0.34
65,7,train,30.213257,0.37
65,8,train,20.982742,0.39
65,9,train,20.854679,0.42
65,10,train,26.369394,0.46
65,11,train,30.942343,0.48
65,12,train,19.042099,0.51
65,13,train,20.728218,0.54
65,14,train,24.105032,0.58
65,15,train,15.390863,0.60
65,16,train,29.447384,0.63
65,17,train,25.278139,0.66
65,18,train,14.747327,0.68
65,19,train,20.924145,0.72
65,20,train,22.290222,0.76
65,21,train,29.098061,0.81
65,22,train,12.748228,0.84
65,23,train,24.178928,0.88
65,24,train,23.762632,0.92
65,25,train,16.640179,0.95
65,26,train,15.073401,0.98
65,27,train,20.483887,1.00
65,28,train,29.710819,1.02
65,29,train,43.859592,1.05
65,0,val,12.705340,1.16
65,1,val,51.655846,1.17
65,2,val,15.768181,1.18
65,3,val,11.342293,1.18
65,4,val,16.229795,1.19
65,5,val,25.499683,1.20
65,6,val,13.186811,1.21
65,7,val,20.702431,1.22
65,8,val,55.736160,1.22
65,9,val,40.822296,1.23
65,10,val,77.818848,1.24
65,11,val,24.126518,1.24
65,12,val,9.496954,1.25
65,13,val,21.347054,1.26
65,14,val,11.605957,1.26
65,15,val,16.614994,1.27
65,16,val,23.593670,1.28
65,17,val,110.483452,1.28
65,18,val,15.215725,1.29
65,19,val,24.505478,1.29
65,20,val,21.056751,1.31
65,21,val,13.552801,1.31
65,22,val,12.628428,1.32
65,23,val,23.740728,1.33
65,24,val,57.152233,1.33
65,25,val,35.736061,1.34
65,26,val,12.335098,1.35
65,27,val,16.567654,1.35
65,28,val,13.182907,1.36
65,29,val,11.433410,1.37
65,30,val,13.895343,1.37
65,31,val,21.401104,1.38
65,32,val,16.603783,1.39
65,33,val,15.741519,1.39
65,34,val,8.370386,1.40
65,35,val,21.462219,1.41
65,36,val,30.116011,1.42
65,37,val,14.455523,1.42
65,38,val,16.046995,1.43
65,39,val,45.877541,1.44
65,40,val,27.487881,1.45
65,41,val,14.204334,1.47
65,42,val,23.941982,1.48
65,43,val,18.368038,1.49
65,44,val,92.133240,1.51
65,45,val,46.208916,1.52
65,46,val,111.090302,1.53
65,47,val,18.743446,1.54
65,48,val,69.311859,1.55
65,49,val,11.106131,1.56
65,50,val,14.546828,1.57
65,51,val,13.543490,1.58
65,52,val,17.747169,1.59
65,53,val,9.789723,1.60
65,54,val,10.905636,1.61
65,55,val,13.888358,1.61
65,56,val,11.521655,1.62
65,57,val,17.403513,1.63
65,58,val,37.895153,1.63
65,59,val,12.644469,1.64
65,60,val,37.878952,1.65
65,61,val,26.104733,1.66
65,62,val,10.679960,1.66
65,63,val,30.854513,1.67
65,64,val,6.621840,1.68
65,65,val,96.478195,1.68
65,66,val,18.228523,1.69
65,67,val,10.408114,1.70
65,68,val,64.470474,1.70
65,69,val,37.702175,1.71
65,70,val,64.875916,1.71
65,71,val,103.370728,1.72
65,72,val,12.754706,1.73
65,73,val,13.149357,1.73
65,74,val,36.827785,1.74
65,75,val,42.874359,1.75
65,76,val,18.166424,1.75
65,77,val,12.789949,1.76
65,78,val,16.550299,1.76
65,79,val,39.127079,1.77
66,0,train,17.347202,0.10
66,1,train,19.894154,0.14
66,2,train,24.056858,0.17
66,3,train,18.833195,0.19
66,4,train,12.365771,0.21
66,5,train,14.946494,0.24
66,6,train,14.568501,0.27
66,7,train,27.205990,0.29
66,8,train,30.042166,0.32
66,9,train,32.611450,0.35
66,10,train,16.161360,0.37
66,11,train,37.675732,0.40
66,12,train,25.189236,0.42
66,13,train,25.753798,0.45
66,14,train,27.840816,0.48
66,15,train,26.046295,0.50
66,16,train,24.280533,0.53
66,17,train,27.435612,0.55
66,18,train,38.368927,0.58
66,19,train,21.099737,0.71
66,20,train,28.533018,0.74
66,21,train,21.135517,0.78
66,22,train,16.263090,0.82
66,23,train,14.513477,0.85
66,24,train,19.893539,0.88
66,25,train,23.480450,0.91
66,26,train,14.086691,0.94
66,27,train,18.112631,0.96
66,28,train,24.297331,0.99
66,29,train,22.792944,1.01
66,0,val,13.993121,1.13
66,1,val,21.877121,1.14
66,2,val,15.392841,1.15
66,3,val,20.945179,1.15
66,4,val,19.033573,1.16
66,5,val,22.582272,1.17
66,6,val,20.150167,1.18
66,7,val,22.233246,1.18
66,8,val,54.056656,1.19
66,9,val,42.486771,1.20
66,10,val,79.073265,1.20
66,11,val,23.793171,1.21
66,12,val,9.543733,1.22
66,13,val,23.038542,1.22
66,14,val,11.833815,1.23
66,15,val,13.636603,1.24
66,16,val,22.371063,1.24
66,17,val,111.075005,1.25
66,18,val,11.725605,1.25
66,19,val,22.764242,1.26
66,20,val,20.211578,1.27
66,21,val,14.821152,1.28
66,22,val,13.401877,1.28
66,23,val,28.100700,1.29
66,24,val,57.479362,1.30
66,25,val,39.412010,1.30
66,26,val,13.134588,1.31
66,27,val,16.226820,1.32
66,28,val,10.106083,1.32
66,29,val,12.553034,1.33
66,30,val,16.208496,1.33
66,31,val,25.020237,1.34
66,32,val,18.899855,1.35
66,33,val,11.392535,1.35
66,34,val,8.296209,1.36
66,35,val,22.987087,1.37
66,36,val,29.874676,1.38
66,37,val,22.937977,1.38
66,38,val,23.799244,1.39
66,39,val,47.821712,1.40
66,40,val,27.823635,1.40
66,41,val,14.414958,1.41
66,42,val,20.035839,1.42
66,43,val,17.207901,1.42
66,44,val,91.192314,1.43
66,45,val,48.058331,1.43
66,46,val,109.245651,1.44
66,47,val,24.160833,1.45
66,48,val,64.260071,1.45
66,49,val,9.521564,1.46
66,50,val,30.096626,1.47
66,51,val,12.497276,1.47
66,52,val,12.403789,1.48
66,53,val,9.824375,1.49
66,54,val,11.028969,1.49
66,55,val,10.789780,1.50
66,56,val,13.117081,1.51
66,57,val,16.045662,1.51
66,58,val,18.032324,1.52
66,59,val,13.890198,1.53
66,60,val,41.319382,1.53
66,61,val,26.327873,1.54
66,62,val,10.102316,1.55
66,63,val,28.139507,1.55
66,64,val,6.519786,1.56
66,65,val,105.133591,1.57
66,66,val,16.509176,1.57
66,67,val,15.228418,1.58
66,68,val,64.939148,1.59
66,69,val,12.177692,1.60
66,70,val,62.328197,1.60
66,71,val,100.097229,1.61
66,72,val,12.489207,1.62
66,73,val,12.342607,1.62
66,74,val,38.454750,1.63
66,75,val,26.198006,1.64
66,76,val,27.334814,1.64
66,77,val,11.182384,1.65
66,78,val,17.619480,1.65
66,79,val,37.345409,1.66
67,0,train,22.097439,0.14
67,1,train,21.104101,0.17
67,2,train,30.445019,0.20
67,3,train,19.003515,0.22
67,4,train,26.793863,0.25
67,5,train,31.374062,0.28
67,6,train,14.854525,0.30
67,7,train,16.921139,0.33
67,8,train,21.668530,0.35
67,9,train,19.552307,0.38
67,10,train,19.655970,0.40
67,11,train,15.534527,0.43
67,12,train,25.766026,0.46
67,13,train,22.251389,0.48
67,14,train,17.218517,0.51
67,15,train,16.425152,0.53
67,16,train,22.828077,0.56
67,17,train,33.189575,0.59
67,18,train,20.711643,0.61
67,19,train,22.493057,0.64
67,20,train,24.047945,0.66
67,21,train,22.514378,0.69
67,22,train,14.406549,0.72
67,23,train,29.265680,0.74
67,24,train,25.174694,0.77
67,25,train,16.261282,0.80
67,26,train,38.973984,0.83
67,27,train,17.038881,0.85
67,28,train,25.380987,0.87
67,29,train,18.768387,0.90
67,0,val,12.306406,1.05
67,1,val,18.669493,1.06
67,2,val,16.734671,1.07
67,3,val,11.044472,1.08
67,4,val,19.332588,1.08
67,5,val,21.004843,1.09
67,6,val,13.238872,1.10
67,7,val,20.536058,1.10
67,8,val,53.408607,1.11
67,9,val,40.322681,1.12
67,10,val,76.660439,1.12
67,11,val,23.766232,1.13
67,12,val,9.104668,1.13
67,13,val,21.924347,1.14
67,14,val,11.531309,1.15
67,15,val,12.697779,1.15
67,16,val,23.586073,1.16
67,17,val,108.893364,1.17
67,18,val,15.579733,1.18
67,19,val,22.939220,1.18
67,20,val,19.836927,1.19
67,21,val,7.798049,1.20
67,22,val,12.021303,1.20
67,23,val,24.199127,1.21
67,24,val,56.851929,1.22
67,25,val,35.533600,1.22
67,26,val,24.601538,1.23
67,27,val,14.277403,1.24
67,28,val,10.885582,1.24
67,29,val,11.670015,1.25
67,30,val,7.265984,1.26
67,31,val,34.753368,1.27
67,32,val,20.405251,1.27
67,33,val,33.065941,1.28
67,34,val,9.694077,1.29
67,35,val,30.959562,1.30
67,36,val,63.551476,1.30
67,37,val,14.750284,1.31
67,38,val,15.792171,1.32
67,39,val,44.167919,1.32
67,40,val,26.385878,1.33
67,41,val,14.513053,1.34
67,42,val,22.496651,1.35
67,43,val,16.894825,1.36
67,44,val,90.463684,1.36
67,45,val,45.360046,1.37
67,46,val,113.280182,1.38
67,47,val,19.421022,1.39
67,48,val,63.099152,1.40
67,49,val,9.738055,1.40
67,50,val,13.262179,1.41
67,51,val,16.152599,1.42
67,52,val,12.582370,1.42
67,53,val,11.021960,1.43
67,54,val,12.542213,1.43
67,55,val,11.660446,1.44
67,56,val,12.216259,1.45
67,57,val,25.261259,1.45
67,58,val,18.826004,1.46
67,59,val,13.102157,1.47
67,60,val,43.381721,1.48
67,61,val,25.776600,1.48
67,62,val,10.625807,1.49
67,63,val,27.725403,1.50
67,64,val,7.299755,1.50
67,65,val,90.641968,1.51
67,66,val,16.410011,1.51
67,67,val,11.443858,1.52
67,68,val,66.714127,1.53
67,69,val,12.414767,1.53
67,70,val,63.822491,1.54
67,71,val,112.810326,1.54
67,72,val,11.680022,1.55
67,73,val,20.889023,1.56
67,74,val,34.998566,1.56
67,75,val,22.891174,1.57
67,76,val,17.242115,1.58
67,77,val,11.211223,1.58
67,78,val,17.102711,1.59
67,79,val,36.636829,1.59
68,0,train,27.817835,0.13
68,1,train,26.646719,0.17
68,2,train,25.635170,0.19
68,3,train,18.378738,0.22
68,4,train,33.670658,0.25
68,5,train,25.449032,0.28
68,6,train,29.258253,0.31
68,7,train,22.797749,0.33
68,8,train,18.196451,0.36
68,9,train,23.225735,0.39
68,10,train,14.268186,0.42
68,11,train,16.558167,0.45
68,12,train,22.702019,0.47
68,13,train,26.420578,0.50
68,14,train,33.703476,0.53
68,15,train,26.027086,0.56
68,16,train,22.445780,0.59
68,17,train,26.140549,0.62
68,18,train,21.001171,0.65
68,19,train,30.708149,0.69
68,20,train,23.703392,0.74
68,21,train,27.863514,0.78
68,22,train,36.594231,0.81
68,23,train,11.712931,0.85
68,24,train,18.261946,0.88
68,25,train,31.589787,0.91
68,26,train,15.819096,0.94
68,27,train,19.205265,0.97
68,28,train,25.732359,0.99
68,29,train,13.864925,1.03
68,0,val,12.856743,1.22
68,1,val,24.022419,1.23
68,2,val,15.101601,1.24
68,3,val,10.141973,1.25
68,4,val,47.281242,1.26
68,5,val,22.256241,1.27
68,6,val,13.570933,1.27
68,7,val,20.609900,1.28
68,8,val,52.506836,1.29
68,9,val,39.600235,1.30
68,10,val,75.798813,1.31
68,11,val,24.406231,1.32
68,12,val,12.544386,1.32
68,13,val,21.117819,1.34
68,14,val,10.408621,1.35
68,15,val,12.018110,1.35
68,16,val,22.280193,1.36
68,17,val,108.025406,1.38
68,18,val,12.879807,1.38
68,19,val,23.292442,1.39
68,20,val,21.747517,1.40
68,21,val,9.561742,1.41
68,22,val,11.880072,1.42
68,23,val,26.214172,1.42
68,24,val,56.382561,1.43
68,25,val,34.616871,1.44
68,26,val,12.693651,1.45
68,27,val,18.347904,1.46
68,28,val,9.287827,1.47
68,29,val,11.572055,1.47
68,30,val,6.388492,1.48
68,31,val,24.693060,1.49
68,32,val,18.530991,1.50
68,33,val,11.146091,1.51
68,34,val,9.817080,1.51
68,35,val,22.007055,1.52
68,36,val,30.104431,1.53
68,37,val,14.700165,1.54
68,38,val,14.569026,1.55
68,39,val,45.521042,1.56
68,40,val,27.460922,1.57
68,41,val,15.657013,1.57
68,42,val,19.965261,1.58
68,43,val,17.069477,1.59
68,44,val,91.558617,1.60
68,45,val,46.642578,1.60
68,46,val,124.130943,1.61
68,47,val,21.272388,1.62
68,48,val,63.703056,1.63
68,49,val,10.707027,1.64
68,50,val,15.605785,1.65
68,51,val,22.274145,1.66
68,52,val,12.164549,1.67
68,53,val,10.588665,1.68
68,54,val,10.585079,1.69
68,55,val,8.918846,1.69
68,56,val,12.530990,1.70
68,57,val,18.448795,1.71
68,58,val,16.633083,1.72
68,59,val,12.956794,1.73
68,60,val,37.719398,1.73
68,61,val,28.686996,1.74
68,62,val,11.139140,1.75
68,63,val,27.638317,1.76
68,64,val,6.729268,1.77
68,65,val,87.484283,1.78
68,66,val,16.450624,1.79
68,67,val,11.830292,1.79
68,68,val,66.616814,1.80
68,69,val,20.124424,1.81
68,70,val,64.300484,1.82
68,71,val,98.535889,1.83
68,72,val,20.286621,1.84
68,73,val,11.434744,1.85
68,74,val,35.796688,1.85
68,75,val,23.088669,1.86
68,76,val,14.584301,1.87
68,77,val,10.998713,1.88
68,78,val,20.617369,1.88
68,79,val,34.034157,1.89
69,0,train,16.744656,0.22
69,1,train,15.429397,0.27
69,2,train,31.492741,0.31
69,3,train,23.643654,0.34
69,4,train,20.802464,0.38
69,5,train,18.085842,0.41
69,6,train,18.555939,0.44
69,7,train,22.654743,0.47
69,8,train,19.023153,0.51
69,9,train,26.912928,0.54
69,10,train,27.746826,0.57
69,11,train,17.757593,0.61
69,12,train,23.673399,0.65
69,13,train,42.332188,0.68
69,14,train,26.081385,0.71
69,15,train,28.561792,0.74
69,16,train,31.117701,0.78
69,17,train,19.996639,0.82
69,18,train,20.293335,0.85
69,19,train,24.778591,0.88
69,20,train,25.943291,0.92
69,21,train,25.998383,0.95
69,22,train,18.289219,0.98
69,23,train,40.031338,1.02
69,24,train,22.182358,1.05
69,25,train,37.228329,1.08
69,26,train,27.019524,1.12
69,27,train,32.214928,1.15
69,28,train,20.160305,1.18
69,29,train,22.617960,1.21
69,0,val,12.034437,1.39
69,1,val,19.032503,1.41
69,2,val,16.740707,1.41
69,3,val,10.679705,1.42
69,4,val,15.240245,1.43
69,5,val,27.915817,1.44
69,6,val,14.678030,1.45
69,7,val,19.840706,1.46
69,8,val,52.268593,1.47
69,9,val,39.674637,1.47
69,10,val,76.389061,1.48
69,11,val,23.935623,1.49
69,12,val,9.495078,1.50
69,13,val,22.207100,1.51
69,14,val,10.305141,1.52
69,15,val,13.094732,1.53
69,16,val,21.293602,1.54
69,17,val,106.955475,1.54
69,18,val,13.962898,1.55
69,19,val,24.127087,1.56
69,20,val,25.379171,1.57
69,21,val,15.121075,1.58
69,22,val,31.763474,1.60
69,23,val,24.780224,1.61
69,24,val,55.338188,1.62
69,25,val,35.884190,1.63
69,26,val,11.476420,1.64
69,27,val,32.680737,1.65
69,28,val,10.489236,1.66
69,29,val,16.198189,1.67
69,30,val,5.968390,1.68
69,31,val,22.085592,1.69
69,32,val,20.773277,1.71
69,33,val,11.512866,1.72
69,34,val,22.847080,1.73
69,35,val,20.826416,1.74
69,36,val,29.118017,1.75
69,37,val,13.806602,1.76
69,38,val,14.286512,1.77
69,39,val,45.384605,1.78
69,40,val,32.129364,1.79
69,41,val,14.504416,1.80
69,42,val,19.880499,1.81
69,43,val,15.775551,1.81
69,44,val,90.856979,1.83
69,45,val,45.698158,1.84
69,46,val,106.550743,1.85
69,47,val,17.745491,1.86
69,48,val,64.196320,1.87
69,49,val,10.283377,1.88
69,50,val,13.812728,1.88
69,51,val,23.118534,1.89
69,52,val,15.205550,1.90
69,53,val,9.711638,1.91
69,54,val,10.785255,1.92
69,55,val,9.582499,1.93
69,56,val,19.276533,1.94
69,57,val,16.023323,1.95
69,58,val,16.802708,1.96
69,59,val,18.683048,1.97
69,60,val,36.987419,1.97
69,61,val,27.590164,1.98
69,62,val,12.106052,1.99
69,63,val,29.974737,2.00
69,64,val,6.625292,2.01
69,65,val,88.184471,2.01
69,66,val,17.852621,2.02
69,67,val,10.081397,2.03
69,68,val,64.023880,2.04
69,69,val,12.598671,2.05
69,70,val,61.659725,2.06
69,71,val,103.849419,2.07
69,72,val,11.751143,2.08
69,73,val,23.749054,2.08
69,74,val,34.307549,2.09
69,75,val,25.986197,2.10
69,76,val,15.486420,2.11
69,77,val,13.376086,2.11
69,78,val,20.276562,2.12
69,79,val,34.390400,2.13
70,0,train,26.237259,0.14
70,1,train,51.444389,0.18
70,2,train,14.507591,0.25
70,3,train,32.784744,0.29
70,4,train,36.286266,0.32
70,5,train,22.375912,0.36
70,6,train,23.174623,0.40
70,7,train,20.161030,0.43
70,8,train,19.538584,0.47
70,9,train,24.356430,0.51
70,10,train,41.034790,0.56
70,11,train,21.056932,0.59
70,12,train,25.389669,0.63
70,13,train,25.689108,0.66
70,14,train,22.078072,0.70
70,15,train,28.892487,0.74
70,16,train,19.736858,0.77
70,17,train,23.416740,0.79
70,18,train,15.434505,0.82
70,19,train,23.097788,0.85
70,20,train,28.550522,0.87
70,21,train,27.801449,0.90
70,22,train,28.773994,0.92
70,23,train,27.328876,0.95
70,24,train,38.842354,0.98
70,25,train,17.811605,1.00
70,26,train,35.247395,1.03
70,27,train,26.130713,1.05
70,28,train,28.803421,1.07
70,29,train,26.154957,1.10
70,0,val,12.416941,1.21
70,1,val,19.426689,1.22
70,2,val,15.349322,1.22
70,3,val,10.717758,1.23
70,4,val,15.165323,1.24
70,5,val,20.514225,1.25
70,6,val,13.604057,1.26
70,7,val,21.296207,1.27
70,8,val,53.019012,1.27
70,9,val,38.786331,1.28
70,10,val,73.503761,1.29
70,11,val,37.994312,1.29
70,12,val,10.196463,1.30
70,13,val,21.444906,1.31
70,14,val,10.914705,1.31
70,15,val,14.182426,1.32
70,16,val,23.215622,1.33
70,17,val,104.518303,1.33
70,18,val,15.299009,1.34
70,19,val,23.001541,1.35
70,20,val,19.575497,1.36
70,21,val,8.808822,1.36
70,22,val,11.935555,1.37
70,23,val,24.138321,1.38
70,24,val,56.484398,1.38
70,25,val,36.050919,1.39
70,26,val,10.102186,1.40
70,27,val,19.937479,1.40
70,28,val,9.713990,1.41
70,29,val,11.201651,1.42
70,30,val,10.093791,1.42
70,31,val,22.567638,1.43
70,32,val,16.890696,1.44
70,33,val,11.901800,1.44
70,34,val,8.452185,1.45
70,35,val,19.838852,1.46
70,36,val,28.886597,1.47
70,37,val,14.159236,1.47
70,38,val,16.224031,1.48
70,39,val,49.460064,1.48
70,40,val,27.046865,1.49
70,41,val,14.760473,1.50
70,42,val,22.977409,1.50
70,43,val,16.241722,1.51
70,44,val,88.354515,1.52
70,45,val,45.702042,1.52
70,46,val,104.400475,1.53
70,47,val,20.068218,1.54
70,48,val,83.267265,1.55
70,49,val,17.722565,1.55
70,50,val,14.137300,1.56
70,51,val,27.721508,1.57
70,52,val,42.961693,1.58
70,53,val,11.801155,1.59
70,54,val,10.157207,1.60
70,55,val,9.809958,1.61
70,56,val,11.157469,1.62
70,57,val,18.035038,1.62
70,58,val,16.555096,1.63
70,59,val,12.246886,1.64
70,60,val,35.218567,1.64
70,61,val,24.670630,1.65
70,62,val,10.014586,1.65
70,63,val,34.243614,1.66
70,64,val,7.668367,1.67
70,65,val,90.379349,1.68
70,66,val,18.721991,1.69
70,67,val,39.507980,1.69
70,68,val,64.258919,1.70
70,69,val,12.240862,1.71
70,70,val,62.252930,1.71
70,71,val,98.193619,1.72
70,72,val,11.483896,1.72
70,73,val,11.096664,1.73
70,74,val,49.324585,1.74
70,75,val,22.106573,1.74
70,76,val,16.372421,1.75
70,77,val,13.222232,1.75
70,78,val,15.627914,1.76
70,79,val,33.719948,1.76
71,0,train,18.132092,0.11
71,1,train,27.733475,0.14
71,2,train,29.005671,0.17
71,3,train,23.974789,0.20
71,4,train,32.615196,0.23
71,5,train,21.540955,0.26
71,6,train,20.000219,0.29
71,7,train,34.389091,0.32
71,8,train,12.687661,0.34
71,9,train,12.284771,0.38
71,10,train,24.952074,0.40
71,11,train,17.332188,0.43
71,12,train,28.003006,0.46
71,13,train,17.358019,0.49
71,14,train,19.327480,0.52
71,15,train,27.382669,0.55
71,16,train,34.237152,0.57
71,17,train,18.467693,0.60
71,18,train,12.865011,0.63
71,19,train,29.587746,0.65
71,20,train,28.799892,0.67
71,21,train,18.326447,0.71
71,22,train,19.771154,0.73
71,23,train,25.195093,0.76
71,24,train,18.910000,0.78
71,25,train,27.932243,0.82
71,26,train,18.639244,0.84
71,27,train,17.555361,0.87
71,28,train,20.670546,0.89
71,29,train,23.632200,0.91
71,0,val,11.709170,1.03
71,1,val,17.956038,1.04
71,2,val,16.596294,1.05
71,3,val,10.936567,1.06
71,4,val,14.935489,1.07
71,5,val,23.146893,1.08
71,6,val,13.267761,1.09
71,7,val,23.611786,1.09
71,8,val,51.140625,1.10
71,9,val,38.413818,1.11
71,10,val,73.810631,1.12
71,11,val,23.870838,1.12
71,12,val,17.467678,1.13
71,13,val,22.967361,1.14
71,14,val,11.205737,1.15
71,15,val,12.145473,1.15
71,16,val,22.906525,1.16
71,17,val,104.235229,1.17
71,18,val,11.900318,1.18
71,19,val,31.251961,1.19
71,20,val,19.223597,1.19
71,21,val,11.560744,1.20
71,22,val,13.980270,1.21
71,23,val,23.667561,1.21
71,24,val,59.534668,1.22
71,25,val,38.624851,1.23
71,26,val,10.377990,1.23
71,27,val,17.267605,1.24
71,28,val,24.706539,1.25
71,29,val,10.818972,1.25
71,30,val,6.654015,1.26
71,31,val,22.412571,1.27
71,32,val,27.133337,1.27
71,33,val,10.526528,1.28
71,34,val,11.630468,1.29
71,35,val,19.596329,1.30
71,36,val,28.985510,1.30
71,37,val,14.126364,1.31
71,38,val,15.219260,1.32
71,39,val,44.148571,1.32
71,40,val,30.918297,1.33
71,41,val,14.487399,1.34
71,42,val,20.526587,1.34
71,43,val,15.488940,1.35
71,44,val,90.773361,1.36
71,45,val,52.868561,1.36
71,46,val,103.929916,1.37
71,47,val,18.673050,1.39
71,48,val,62.414574,1.39
71,49,val,10.893299,1.40
71,50,val,13.810618,1.41
71,51,val,13.007860,1.42
71,52,val,39.296444,1.42
71,53,val,16.508726,1.43
71,54,val,21.768307,1.44
71,55,val,9.615499,1.45
71,56,val,13.832180,1.45
71,57,val,16.819935,1.46
71,58,val,17.728262,1.47
71,59,val,25.189732,1.48
71,60,val,36.331734,1.49
71,61,val,25.306036,1.50
71,62,val,10.936049,1.50
71,63,val,34.760773,1.51
71,64,val,9.775311,1.52
71,65,val,87.058342,1.52
71,66,val,17.303308,1.53
71,67,val,11.183271,1.54
71,68,val,63.336620,1.55
71,69,val,11.826751,1.55
71,70,val,59.767532,1.56
71,71,val,96.760429,1.57
71,72,val,11.411039,1.57
71,73,val,11.740980,1.58
71,74,val,35.066280,1.59
71,75,val,22.816519,1.60
71,76,val,17.984196,1.61
71,77,val,10.627038,1.61
71,78,val,31.552917,1.62
71,79,val,33.244465,1.62
72,0,train,26.251793,0.11
72,1,train,33.717506,0.14
72,2,train,17.002287,0.16
72,3,train,20.616047,0.20
72,4,train,20.278500,0.22
72,5,train,22.623760,0.26
72,6,train,28.166981,0.28
72,7,train,20.105639,0.31
72,8,train,15.739562,0.33
72,9,train,40.458996,0.36
72,10,train,30.431065,0.39
72,11,train,12.383141,0.41
72,12,train,27.306555,0.44
72,13,train,25.626318,0.47
72,14,train,20.431103,0.49
72,15,train,20.941629,0.52
72,16,train,14.175964,0.55
72,17,train,22.900387,0.57
72,18,train,25.185120,0.60
72,19,train,20.071396,0.62
72,20,train,23.733383,0.65
72,21,train,28.696995,0.67
72,22,train,17.709967,0.70
72,23,train,27.131092,0.72
72,24,train,32.652203,0.75
72,25,train,23.132622,0.78
72,26,train,20.958803,0.80
72,27,train,16.819038,0.82
72,28,train,17.485470,0.84
72,29,train,18.011858,0.87
72,0,val,12.231643,0.99
72,1,val,17.997759,1.00
72,2,val,14.704189,1.00
72,3,val,11.633373,1.01
72,4,val,15.395281,1.02
72,5,val,26.402378,1.03
72,6,val,13.895899,1.04
72,7,val,19.901955,1.05
72,8,val,55.192135,1.06
72,9,val,42.042416,1.06
72,10,val,74.819420,1.07
72,11,val,22.868864,1.08
72,12,val,11.765654,1.08
72,13,val,22.201614,1.09
72,14,val,11.788445,1.09
72,15,val,12.980983,1.10
72,16,val,26.433517,1.11
72,17,val,104.109673,1.12
72,18,val,11.568435,1.12
72,19,val,23.991978,1.13
72,20,val,21.346647,1.14
72,21,val,11.673382,1.15
72,22,val,14.840243,1.16
72,23,val,24.009106,1.16
72,24,val,53.985199,1.17
72,25,val,36.995674,1.18
72,26,val,9.954959,1.18
72,27,val,18.603056,1.19
72,28,val,10.673864,1.20
72,29,val,11.181461,1.21
72,30,val,5.726173,1.21
72,31,val,24.527992,1.22
72,32,val,16.369463,1.23
72,33,val,11.414444,1.24
72,34,val,9.797212,1.25
72,35,val,21.598236,1.26
72,36,val,28.743942,1.27
72,37,val,15.490217,1.27
72,38,val,16.589031,1.28
72,39,val,45.610962,1.29
72,40,val,27.374395,1.29
72,41,val,14.390480,1.30
72,42,val,21.079237,1.31
72,43,val,15.601085,1.31
72,44,val,106.112236,1.32
72,45,val,45.564476,1.33
72,46,val,109.096832,1.34
72,47,val,17.983803,1.35
72,48,val,63.216499,1.35
72,49,val,10.295088,1.36
72,50,val,19.774967,1.37
72,51,val,15.553999,1.38
72,52,val,12.831336,1.38
72,53,val,10.375374,1.39
72,54,val,10.441363,1.40
72,55,val,9.621930,1.41
72,56,val,12.075430,1.41
72,57,val,15.305132,1.43
72,58,val,17.692450,1.44
72,59,val,12.160667,1.45
72,60,val,36.467918,1.46
72,61,val,25.752590,1.47
72,62,val,16.058697,1.48
72,63,val,27.218330,1.49
72,64,val,8.604852,1.49
72,65,val,85.671898,1.50
72,66,val,19.288692,1.51
72,67,val,18.782890,1.52
72,68,val,62.722450,1.53
72,69,val,21.903013,1.53
72,70,val,59.769753,1.54
72,71,val,104.963249,1.55
72,72,val,11.360741,1.56
72,73,val,12.031012,1.57
72,74,val,35.425713,1.58
72,75,val,24.546108,1.59
72,76,val,15.531151,1.59
72,77,val,10.806225,1.60
72,78,val,15.635245,1.61
72,79,val,34.351063,1.61
73,0,train,17.727634,0.15
73,1,train,17.860573,0.19
73,2,train,20.096647,0.22
73,3,train,17.574789,0.24
73,4,train,16.382637,0.27
73,5,train,37.774975,0.30
73,6,train,15.733089,0.33
73,7,train,30.683245,0.36
73,8,train,22.875271,0.39
73,9,train,36.074295,0.51
73,10,train,14.338919,0.54
73,11,train,16.737230,0.57
73,12,train,20.624359,0.61
73,13,train,35.701534,0.63
73,14,train,21.443130,0.66
73,15,train,37.409912,0.69
73,16,train,20.983870,0.72
73,17,train,17.218311,0.74
73,18,train,30.738642,0.78
73,19,train,20.586586,0.81
73,20,train,21.415745,0.84
73,21,train,29.180450,0.87
73,22,train,18.336729,0.89
73,23,train,13.188740,0.93
73,24,train,24.565189,0.97
73,25,train,18.108253,1.00
73,26,train,19.165863,1.03
73,27,train,18.660614,1.06
73,28,train,11.073950,1.10
73,29,train,29.469765,1.13
73,0,val,11.426369,1.25
73,1,val,19.139521,1.25
73,2,val,15.018429,1.26
73,3,val,10.616827,1.27
73,4,val,14.866588,1.28
73,5,val,20.329815,1.29
73,6,val,22.074728,1.30
73,7,val,19.661505,1.31
73,8,val,52.008846,1.32
73,9,val,37.842270,1.32
73,10,val,72.860977,1.33
73,11,val,23.457462,1.34
73,12,val,9.006947,1.34
73,13,val,24.513161,1.35
73,14,val,13.640010,1.36
73,15,val,13.819484,1.36
73,16,val,22.493786,1.37
73,17,val,103.372482,1.38
73,18,val,11.782985,1.39
73,19,val,23.166517,1.40
73,20,val,21.791882,1.40
73,21,val,32.316826,1.41
73,22,val,13.405165,1.42
73,23,val,25.512386,1.42
73,24,val,54.598381,1.43
73,25,val,34.977257,1.44
73,26,val,13.129909,1.44
73,27,val,15.147399,1.45
73,28,val,12.115986,1.46
73,29,val,11.946766,1.46
73,30,val,6.122033,1.47
73,31,val,28.654837,1.47
73,32,val,17.407522,1.48
73,33,val,10.764677,1.49
73,34,val,8.110023,1.50
73,35,val,20.475594,1.50
73,36,val,28.649862,1.51
73,37,val,14.800250,1.52
73,38,val,15.003452,1.52
73,39,val,43.971977,1.53
73,40,val,25.315710,1.54
73,41,val,14.830973,1.54
73,42,val,20.020737,1.55
73,43,val,16.465141,1.56
73,44,val,90.907494,1.57
73,45,val,44.334190,1.58
73,46,val,102.455978,1.59
73,47,val,18.461926,1.60
73,48,val,62.600471,1.62
73,49,val,22.881027,1.62
73,50,val,13.169561,1.63
73,51,val,11.423552,1.64
73,52,val,12.655411,1.65
73,53,val,9.777571,1.66
73,54,val,10.246837,1.67
73,55,val,9.328629,1.68
73,56,val,32.048763,1.69
73,57,val,16.830082,1.70
73,58,val,18.308327,1.71
73,59,val,11.749220,1.72
73,60,val,37.666912,1.74
73,61,val,28.364737,1.75
73,62,val,11.265841,1.76
73,63,val,27.436325,1.78
73,64,val,7.356940,1.79
73,65,val,88.930931,1.80
73,66,val,16.774305,1.81
73,67,val,10.557917,1.82
73,68,val,64.834816,1.83
73,69,val,12.082729,1.83
73,70,val,63.145111,1.84
73,71,val,93.877281,1.85
73,72,val,16.006809,1.86
73,73,val,9.789129,1.87
73,74,val,35.948902,1.88
73,75,val,21.988438,1.88
73,76,val,14.753378,1.89
73,77,val,12.414535,1.89
73,78,val,19.329315,1.90
73,79,val,33.011868,1.90
74,0,train,26.384655,0.18
74,1,train,21.118540,0.23
74,2,train,20.080959,0.27
74,3,train,13.071905,0.30
74,4,train,22.260214,0.33
74,5,train,34.236877,0.36
74,6,train,22.509308,0.38
74,7,train,30.038158,0.41
74,8,train,31.005802,0.44
74,9,train,21.595434,0.46
74,10,train,30.007149,0.49
74,11,train,22.773106,0.51
74,12,train,15.060901,0.54
74,13,train,12.652791,0.56
74,14,train,29.692791,0.59
74,15,train,23.858511,0.61
74,16,train,20.923452,0.64
74,17,train,14.052437,0.67
74,18,train,17.660831,0.70
74,19,train,39.834522,0.73
74,20,train,21.226824,0.76
74,21,train,17.254168,0.79
74,22,train,28.524540,0.81
74,23,train,22.314283,0.84
74,24,train,23.524950,0.87
74,25,train,14.730583,0.89
74,26,train,14.231805,0.92
74,27,train,16.684181,0.94
74,28,train,30.627867,0.96
74,29,train,33.756687,0.99
74,0,val,11.726553,1.11
74,1,val,17.602245,1.11
74,2,val,14.518717,1.12
74,3,val,10.856722,1.13
74,4,val,16.313103,1.13
74,5,val,21.829895,1.15
74,6,val,12.906853,1.16
74,7,val,21.020514,1.17
74,8,val,51.759361,1.17
74,9,val,112.747757,1.18
74,10,val,70.898041,1.19
74,11,val,28.766087,1.19
74,12,val,19.542257,1.20
74,13,val,21.658806,1.21
74,14,val,11.326740,1.21
74,15,val,11.741058,1.22
74,16,val,23.254562,1.23
74,17,val,101.061401,1.24
74,18,val,12.070692,1.25
74,19,val,24.547331,1.25
74,20,val,29.159470,1.26
74,21,val,18.188751,1.27
74,22,val,15.410437,1.28
74,23,val,22.781652,1.28
74,24,val,53.186855,1.29
74,25,val,34.664444,1.30
74,26,val,11.408870,1.30
74,27,val,17.426620,1.31
74,28,val,9.513399,1.31
74,29,val,10.800335,1.32
74,30,val,7.449818,1.33
74,31,val,21.569946,1.34
74,32,val,22.237484,1.34
74,33,val,18.537687,1.35
74,34,val,9.999740,1.36
74,35,val,19.413258,1.36
74,36,val,28.428383,1.37
74,37,val,14.077702,1.38
74,38,val,14.479944,1.38
74,39,val,41.413456,1.39
74,40,val,30.868206,1.40
74,41,val,17.909250,1.40
74,42,val,20.778015,1.41
74,43,val,15.628890,1.42
74,44,val,87.701370,1.42
74,45,val,43.461681,1.43
74,46,val,103.934624,1.44
74,47,val,17.687807,1.45
74,48,val,63.554352,1.45
74,49,val,9.478836,1.46
74,50,val,13.918436,1.47
74,51,val,17.903646,1.47
74,52,val,11.806872,1.48
74,53,val,10.291537,1.49
74,54,val,10.517253,1.49
74,55,val,9.283292,1.50
74,56,val,11.553659,1.50
74,57,val,18.334393,1.51
74,58,val,16.926332,1.52
74,59,val,14.614632,1.53
74,60,val,35.866341,1.54
74,61,val,24.609802,1.55
74,62,val,10.556641,1.56
74,63,val,27.924316,1.57
74,64,val,8.465797,1.58
74,65,val,85.439926,1.60
74,66,val,16.127079,1.60
74,67,val,11.602388,1.62
74,68,val,61.921627,1.63
74,69,val,11.536161,1.64
74,70,val,57.948975,1.65
74,71,val,94.361404,1.66
74,72,val,11.168563,1.67
74,73,val,9.272326,1.69
74,74,val,33.318115,1.70
74,75,val,22.987843,1.72
74,76,val,21.057003,1.73
74,77,val,10.991735,1.74
74,78,val,15.394884,1.75
74,79,val,34.353157,1.75
75,0,train,31.393368,0.15
75,1,train,15.933693,0.19
75,2,train,33.473606,0.23
75,3,train,15.868805,0.28
75,4,train,16.882942,0.32
75,5,train,21.872023,0.36
75,6,train,20.510315,0.39
75,7,train,26.228054,0.43
75,8,train,19.979809,0.47
75,9,train,14.360552,0.51
75,10,train,16.934748,0.55
75,11,train,24.275337,0.58
75,12,train,39.430038,0.61
75,13,train,29.778175,0.65
75,14,train,28.482164,0.68
75,15,train,20.393570,0.71
75,16,train,16.955242,0.74
75,17,train,23.263536,0.80
75,18,train,12.924347,0.83
75,19,train,27.953487,0.87
75,20,train,15.083722,0.92
75,21,train,28.780266,0.96
75,22,train,25.489197,1.00
75,23,train,19.973087,1.03
75,24,train,26.750507,1.06
75,25,train,17.294365,1.09
75,26,train,37.781116,1.12
75,27,train,27.686874,1.15
75,28,train,13.944013,1.18
75,29,train,17.744703,1.21
75,0,val,15.674842,1.39
75,1,val,23.927917,1.40
75,2,val,14.515498,1.41
75,3,val,18.459049,1.42
75,4,val,16.299301,1.43
75,5,val,21.439518,1.44
75,6,val,16.520023,1.45
75,7,val,19.795212,1.45
75,8,val,54.698311,1.46
75,9,val,37.330688,1.47
75,10,val,71.904106,1.48
75,11,val,21.992435,1.48
75,12,val,9.599963,1.49
75,13,val,22.709286,1.50
75,14,val,13.781717,1.51
75,15,val,11.616870,1.52
75,16,val,23.615917,1.53
75,17,val,101.366631,1.53
75,18,val,21.316860,1.54
75,19,val,22.497223,1.55
75,20,val,44.916222,1.56
75,21,val,9.975290,1.56
75,22,val,12.038206,1.57
75,23,val,26.553389,1.58
75,24,val,53.119514,1.59
75,25,val,34.388863,1.60
75,26,val,11.370677,1.61
75,27,val,13.911571,1.62
75,28,val,11.642100,1.63
75,29,val,21.684490,1.64
75,30,val,6.626931,1.65
75,31,val,25.814291,1.66
75,32,val,27.997427,1.67
75,33,val,16.868383,1.68
75,34,val,7.638212,1.69
75,35,val,20.121990,1.70
75,36,val,29.223911,1.70
75,37,val,14.439200,1.72
75,38,val,15.346568,1.73
75,39,val,44.626186,1.73
75,40,val,25.743759,1.74
75,41,val,13.773766,1.75
75,42,val,19.910334,1.76
75,43,val,16.545334,1.77
75,44,val,94.830040,1.78
75,45,val,54.868652,1.78
75,46,val,102.945274,1.79
75,47,val,16.977829,1.80
75,48,val,61.713436,1.81
75,49,val,8.989008,1.83
75,50,val,13.486242,1.84
75,51,val,12.547394,1.85
75,52,val,12.160223,1.85
75,53,val,10.784755,1.86
75,54,val,11.306895,1.87
75,55,val,9.200928,1.88
75,56,val,10.624714,1.89
75,57,val,14.633030,1.90
75,58,val,17.140829,1.91
75,59,val,12.634457,1.92
75,60,val,36.522522,1.94
75,61,val,25.034283,1.94
75,62,val,9.879366,1.95
75,63,val,27.790054,1.96
75,64,val,6.342167,1.97
75,65,val,85.082428,1.98
75,66,val,16.526741,2.00
75,67,val,9.571266,2.01
75,68,val,62.987591,2.02
75,69,val,11.872759,2.03
75,70,val,58.022202,2.03
75,71,val,98.323471,2.05
75,72,val,11.446304,2.05
75,73,val,10.653765,2.06
75,74,val,35.024601,2.07
75,75,val,63.545586,2.08
75,76,val,14.258512,2.08
75,77,val,9.957424,2.09
75,78,val,27.455624,2.10
75,79,val,66.929543,2.10
76,0,train,27.301573,0.13
76,1,train,20.810532,0.17
76,2,train,27.792229,0.20
76,3,train,16.952751,0.23
76,4,train,18.966579,0.26
76,5,train,24.360439,0.30
76,6,train,25.408836,0.33
76,7,train,26.921736,0.36
76,8,train,13.469170,0.39
76,9,train,16.864216,0.43
76,10,train,18.866009,0.46
76,11,train,21.141258,0.49
76,12,train,21.436230,0.52
76,13,train,14.130836,0.56
76,14,train,22.795494,0.59
76,15,train,22.426075,0.62
76,16,train,21.381191,0.65
76,17,train,21.058525,0.68
76,18,train,16.646204,0.71
76,19,train,17.826935,0.74
76,20,train,21.264637,0.77
76,21,train,26.828981,0.81
76,22,train,27.240063,0.85
76,23,train,19.855844,0.88
76,24,train,18.547001,0.93
76,25,train,46.483227,0.96
76,26,train,22.970367,0.99
76,27,train,18.819227,1.02
76,28,train,27.220251,1.05
76,29,train,24.508039,1.08
76,0,val,12.107356,1.27
76,1,val,18.111465,1.30
76,2,val,14.314123,1.31
76,3,val,10.237755,1.32
76,4,val,14.962665,1.33
76,5,val,20.541157,1.34
76,6,val,13.330772,1.35
76,7,val,19.421970,1.36
76,8,val,61.338512,1.37
76,9,val,38.881073,1.37
76,10,val,70.244789,1.39
76,11,val,24.342850,1.40
76,12,val,8.420538,1.40
76,13,val,21.978207,1.41
76,14,val,10.000732,1.42
76,15,val,11.410192,1.43
76,16,val,21.356014,1.43
76,17,val,100.344070,1.44
76,18,val,16.192505,1.45
76,19,val,22.467274,1.46
76,20,val,23.205521,1.46
76,21,val,9.664145,1.47
76,22,val,16.432194,1.48
76,23,val,25.382462,1.49
76,24,val,53.389980,1.50
76,25,val,34.742439,1.51
76,26,val,10.090818,1.52
76,27,val,16.057835,1.53
76,28,val,10.014552,1.53
76,29,val,15.379013,1.54
76,30,val,5.781095,1.55
76,31,val,22.276754,1.56
76,32,val,16.486076,1.56
76,33,val,11.498618,1.57
76,34,val,26.282932,1.58
76,35,val,22.303799,1.59
76,36,val,28.145367,1.60
76,37,val,12.971984,1.61
76,38,val,14.808872,1.62
76,39,val,41.882030,1.63
76,40,val,27.378792,1.63
76,41,val,16.204273,1.64
76,42,val,20.975157,1.65
76,43,val,19.281904,1.66
76,44,val,86.308701,1.67
76,45,val,42.102020,1.68
76,46,val,102.011009,1.69
76,47,val,17.722916,1.69
76,48,val,61.947906,1.71
76,49,val,9.162907,1.72
76,50,val,31.416119,1.73
76,51,val,13.327534,1.73
76,52,val,11.568062,1.75
76,53,val,12.349681,1.76
76,54,val,9.986053,1.76
76,55,val,11.683937,1.77
76,56,val,11.298148,1.78
76,57,val,20.422646,1.79
76,58,val,16.147638,1.80
76,59,val,11.987445,1.81
76,60,val,44.352489,1.82
76,61,val,25.545431,1.82
76,62,val,10.007002,1.83
76,63,val,26.359032,1.84
76,64,val,6.734229,1.85
76,65,val,83.173279,1.85
76,66,val,15.593062,1.86
76,67,val,10.118978,1.87
76,68,val,61.921318,1.88
76,69,val,16.330187,1.89
76,70,val,58.167480,1.90
76,71,val,93.026634,1.91
76,72,val,10.939990,1.92
76,73,val,10.077423,1.93
76,74,val,34.173447,1.94
76,75,val,21.364754,1.95
76,76,val,21.394928,1.96
76,77,val,10.153388,1.97
76,78,val,15.772498,1.98
76,79,val,61.237812,1.98
77,0,train,19.785774,0.20
77,1,train,27.378197,0.25
77,2,train,25.619423,0.28
77,3,train,22.079557,0.32
77,4,train,16.259752,0.36
77,5,train,31.639671,0.40
77,6,train,18.865290,0.43
77,7,train,27.974220,0.47
77,8,train,21.779621,0.49
77,9,train,21.479185,0.52
77,10,train,24.086895,0.54
77,11,train,30.850142,0.57
77,12,train,21.533871,0.60
77,13,train,16.239067,0.62
77,14,train,18.642031,0.65
77,15,train,13.628418,0.68
77,16,train,17.876251,0.72
77,17,train,14.753292,0.74
77,18,train,22.135983,0.77
77,19,train,21.460909,0.79
77,20,train,16.421061,0.82
77,21,train,26.376125,0.84
77,22,train,22.909737,0.87
77,23,train,18.596584,0.90
77,24,train,26.669943,0.92
77,25,train,18.183224,0.95
77,26,train,30.945522,0.97
77,27,train,37.347557,1.00
77,28,train,21.584599,1.02
77,29,train,34.779377,1.05
77,0,val,25.484131,1.16
77,1,val,17.678312,1.17
77,2,val,14.893802,1.17
77,3,val,10.721785,1.18
77,4,val,14.866661,1.19
77,5,val,22.734655,1.19
77,6,val,13.227156,1.21
77,7,val,20.443411,1.21
77,8,val,50.241821,1.22
77,9,val,38.958107,1.23
77,10,val,71.037651,1.23
77,11,val,26.927456,1.24
77,12,val,10.007710,1.24
77,13,val,22.795891,1.25
77,14,val,9.952454,1.26
77,15,val,31.525137,1.26
77,16,val,22.800566,1.27
77,17,val,99.463882,1.28
77,18,val,11.020840,1.28
77,19,val,23.080555,1.29
77,20,val,37.564896,1.30
77,21,val,8.985999,1.31
77,22,val,11.744112,1.32
77,23,val,47.666931,1.32
77,24,val,52.247662,1.33
77,25,val,37.773727,1.33
77,26,val,10.612143,1.34
77,27,val,17.057692,1.35
77,28,val,10.822360,1.35
77,29,val,10.903383,1.36
77,30,val,6.502908,1.37
77,31,val,21.199156,1.37
77,32,val,16.695850,1.38
77,33,val,9.952106,1.39
77,34,val,7.914600,1.40
77,35,val,20.867119,1.41
77,36,val,30.659283,1.42
77,37,val,13.957212,1.43
77,38,val,48.127579,1.44
77,39,val,41.364952,1.44
77,40,val,26.618444,1.45
77,41,val,13.114117,1.46
77,42,val,19.696770,1.46
77,43,val,15.166140,1.47
77,44,val,85.355179,1.48
77,45,val,42.918484,1.49
77,46,val,98.430725,1.49
77,47,val,17.387833,1.50
77,48,val,68.004623,1.51
77,49,val,9.153857,1.52
77,50,val,13.066288,1.53
77,51,val,12.256869,1.54
77,52,val,12.900591,1.55
77,53,val,9.640232,1.55
77,54,val,11.384448,1.56
77,55,val,9.263552,1.57
77,56,val,22.349813,1.57
77,57,val,14.781063,1.58
77,58,val,17.608883,1.59
77,59,val,11.841925,1.59
77,60,val,39.716137,1.60
77,61,val,26.218283,1.61
77,62,val,11.719978,1.62
77,63,val,27.144112,1.63
77,64,val,8.101610,1.63
77,65,val,83.131790,1.64
77,66,val,17.371689,1.65
77,67,val,9.542976,1.66
77,68,val,61.167355,1.66
77,69,val,12.030769,1.67
77,70,val,56.943340,1.68
77,71,val,93.287033,1.69
77,72,val,11.279944,1.70
77,73,val,10.990031,1.71
77,74,val,32.838589,1.72
77,75,val,23.261526,1.73
77,76,val,14.960447,1.74
77,77,val,16.079700,1.74
77,78,val,15.509823,1.75
77,79,val,32.713951,1.75
78,0,train,42.218292,0.11
78,1,train,24.796108,0.14
78,2,train,13.840546,0.17
78,3,train,13.488261,0.20
78,4,train,32.759537,0.22
78,5,train,33.501083,0.26
78,6,train,32.140533,0.28
78,7,train,35.949821,0.30
78,8,train,23.756630,0.33
78,9,train,28.577578,0.36
78,10,train,27.471552,0.38
78,11,train,36.396950,0.41
78,12,train,19.895180,0.44
78,13,train,22.810780,0.47
78,14,train,14.610122,0.49
78,15,train,21.882383,0.52
78,16,train,20.932480,0.55
78,17,train,14.681902,0.58
78,18,train,35.248409,0.61
78,19,train,13.575170,0.64
78,20,train,29.368996,0.66
78,21,train,28.294468,0.69
78,22,train,20.652727,0.72
78,23,train,26.585718,0.74
78,24,train,25.882195,0.77
78,25,train,19.662556,0.80
78,26,train,19.931240,0.82
78,27,train,18.590532,0.84
78,28,train,21.359875,0.86
78,29,train,33.051960,0.89
78,0,val,11.955658,1.02
78,1,val,17.901129,1.03
78,2,val,14.590353,1.03
78,3,val,10.610362,1.04
78,4,val,14.778349,1.05
78,5,val,19.131405,1.06
78,6,val,13.227726,1.07
78,7,val,19.245083,1.08
78,8,val,51.471371,1.08
78,9,val,36.799095,1.09
78,10,val,68.731743,1.10
78,11,val,23.137472,1.10
78,12,val,10.549028,1.11
78,13,val,22.383514,1.12
78,14,val,13.670211,1.12
78,15,val,15.120658,1.13
78,16,val,23.644745,1.14
78,17,val,104.393036,1.14
78,18,val,11.429549,1.15
78,19,val,24.584549,1.16
78,20,val,19.191732,1.17
78,21,val,7.802143,1.17
78,22,val,11.641672,1.18
78,23,val,25.294022,1.19
78,24,val,52.361641,1.19
78,25,val,34.625572,1.20
78,26,val,12.017099,1.21
78,27,val,24.852570,1.21
78,28,val,11.120834,1.22
78,29,val,10.568158,1.23
78,30,val,8.064040,1.24
78,31,val,21.724300,1.24
78,32,val,15.981631,1.25
78,33,val,23.065228,1.26
78,34,val,9.103100,1.27
78,35,val,19.287670,1.27
78,36,val,27.490797,1.28
78,37,val,14.269562,1.28
78,38,val,14.822212,1.29
78,39,val,41.588352,1.30
78,40,val,38.650951,1.30
78,41,val,14.020004,1.31
78,42,val,19.633018,1.32
78,43,val,16.662975,1.32
78,44,val,102.417633,1.33
78,45,val,41.886612,1.33
78,46,val,100.203934,1.34
78,47,val,18.236946,1.35
78,48,val,62.026527,1.36
78,49,val,11.476517,1.36
78,50,val,15.712706,1.37
78,51,val,12.004192,1.38
78,52,val,13.582371,1.38
78,53,val,10.342566,1.39
78,54,val,10.477755,1.39
78,55,val,16.139954,1.40
78,56,val,10.229346,1.41
78,57,val,20.184483,1.41
78,58,val,16.098824,1.42
78,59,val,12.683650,1.42
78,60,val,36.617672,1.43
78,61,val,26.400206,1.44
78,62,val,9.343538,1.44
78,63,val,27.949921,1.45
78,64,val,6.010894,1.46
78,65,val,82.655502,1.47
78,66,val,16.388145,1.47
78,67,val,11.842331,1.48
78,68,val,62.965935,1.48
78,69,val,15.619495,1.49
78,70,val,57.316711,1.50
78,71,val,91.556877,1.50
78,72,val,13.452228,1.51
78,73,val,9.587677,1.51
78,74,val,33.122829,1.52
78,75,val,21.883770,1.53
78,76,val,15.075961,1.53
78,77,val,11.312925,1.54
78,78,val,16.695955,1.54
78,79,val,32.084126,1.55
79,0,train,12.967438,0.14
79,1,train,18.072325,0.17
79,2,train,19.693626,0.20
79,3,train,23.897079,0.23
79,4,train,21.221426,0.26
79,5,train,20.893211,0.28
79,6,train,20.111670,0.31
79,7,train,53.297871,0.33
79,8,train,19.146030,0.36
79,9,train,22.339115,0.39
79,10,train,24.893295,0.41
79,11,train,21.430010,0.44
79,12,train,19.618849,0.46
79,13,train,37.866348,0.49
79,14,train,39.298531,0.52
79,15,train,23.015747,0.54
79,16,train,22.746666,0.57
79,17,train,15.025501,0.59
79,18,train,14.753971,0.62
79,19,train,30.634989,0.64
79,20,train,24.500292,0.67
79,21,train,40.183537,0.70
79,22,train,16.634935,0.72
79,23,train,21.408321,0.75
79,24,train,14.647696,0.77
79,25,train,24.718147,0.80
79,26,train,16.112764,0.82
79,27,train,22.975718,0.84
79,28,train,16.968952,0.86
79,29,train,17.809835,0.95
79,0,val,12.074205,1.08
79,1,val,20.363638,1.08
79,2,val,15.647822,1.09
79,3,val,10.332366,1.10
79,4,val,14.998199,1.10
79,5,val,19.577698,1.11
79,6,val,12.594615,1.12
79,7,val,21.469261,1.13
79,8,val,53.246716,1.13
79,9,val,40.771236,1.14
79,10,val,71.953125,1.15
79,11,val,22.197308,1.15
79,12,val,18.808430,1.16
79,13,val,23.761715,1.17
79,14,val,9.762953,1.17
79,15,val,12.577734,1.18
79,16,val,23.451286,1.19
79,17,val,96.233574,1.19
79,18,val,13.241435,1.20
79,19,val,25.416340,1.20
79,20,val,19.583899,1.21
79,21,val,7.867154,1.22
79,22,val,11.831527,1.23
79,23,val,22.983389,1.24
79,24,val,61.714169,1.25
79,25,val,36.088745,1.26
79,26,val,11.680326,1.26
79,27,val,14.403391,1.27
79,28,val,18.328497,1.27
79,29,val,11.023372,1.28
79,30,val,5.468357,1.29
79,31,val,21.570198,1.29
79,32,val,15.844187,1.30
79,33,val,10.368983,1.30
79,34,val,9.402865,1.31
79,35,val,19.408091,1.32
79,36,val,27.911606,1.33
79,37,val,14.747467,1.34
79,38,val,24.314054,1.34
79,39,val,40.472767,1.35
79,40,val,27.092100,1.35
79,41,val,13.479376,1.36
79,42,val,19.096081,1.37
79,43,val,15.702479,1.37
79,44,val,87.268448,1.38
79,45,val,41.453789,1.39
79,46,val,96.435669,1.39
79,47,val,48.574657,1.40
79,48,val,60.822968,1.40
79,49,val,8.979990,1.41
79,50,val,13.124382,1.42
79,51,val,18.019003,1.43
79,52,val,11.663386,1.44
79,53,val,8.938881,1.44
79,54,val,10.378223,1.45
79,55,val,10.523557,1.46
79,56,val,16.110001,1.47
79,57,val,16.659248,1.48
79,58,val,50.051880,1.48
79,59,val,15.343280,1.49
79,60,val,35.741493,1.50
79,61,val,24.198500,1.50
79,62,val,10.541864,1.51
79,63,val,26.936697,1.52
79,64,val,7.340633,1.52
79,65,val,81.186356,1.54
79,66,val,17.780516,1.54
79,67,val,10.004973,1.55
79,68,val,59.385921,1.56
79,69,val,13.463476,1.56
79,70,val,57.625549,1.57
79,71,val,90.733696,1.58
79,72,val,10.777666,1.59
79,73,val,9.059780,1.59
79,74,val,37.110565,1.60
79,75,val,20.894047,1.61
79,76,val,14.381461,1.61
79,77,val,11.062487,1.62
79,78,val,15.375148,1.62
79,79,val,33.108082,1.63
80,0,train,27.007267,0.13
80,1,train,31.586308,0.16
80,2,train,17.407990,0.19
80,3,train,14.664057,0.22
80,4,train,22.492138,0.24
80,5,train,20.320774,0.27
80,6,train,27.952862,0.29
80,7,train,16.482855,0.32
80,8,train,13.750705,0.34
80,9,train,20.403877,0.37
80,10,train,12.196901,0.40
80,11,train,18.231260,0.42
80,12,train,24.408485,0.45
80,13,train,16.320240,0.48
80,14,train,24.185276,0.50
80,15,train,31.956200,0.53
80,16,train,33.909058,0.55
80,17,train,22.673038,0.58
80,18,train,29.060675,0.60
80,19,train,27.296827,0.63
80,20,train,24.448341,0.65
80,21,train,22.279922,0.68
80,22,train,15.474354,0.71
80,23,train,20.265490,0.73
80,24,train,13.895299,0.75
80,25,train,18.044918,0.78
80,26,train,18.953997,0.80
80,27,train,23.671017,0.83
80,28,train,25.739937,0.85
80,29,train,22.059158,0.87
80,0,val,12.077614,0.99
80,1,val,38.331223,1.00
80,2,val,15.715777,1.01
80,3,val,10.663235,1.01
80,4,val,14.673346,1.02
80,5,val,20.362045,1.03
80,6,val,13.534328,1.04
80,7,val,34.916195,1.04
80,8,val,51.479477,1.05
80,9,val,39.359013,1.06
80,10,val,67.218613,1.06
80,11,val,21.307814,1.07
80,12,val,8.167377,1.08
80,13,val,21.322174,1.08
80,14,val,10.140779,1.09
80,15,val,11.980693,1.10
80,16,val,27.186935,1.10
80,17,val,96.271988,1.11
80,18,val,11.006147,1.12
80,19,val,23.677404,1.12
80,20,val,20.386463,1.13
80,21,val,7.357179,1.14
80,22,val,11.632818,1.15
80,23,val,27.546705,1.15
80,24,val,50.559929,1.16
80,25,val,33.111874,1.16
80,26,val,12.724269,1.17
80,27,val,13.965063,1.18
80,28,val,13.663343,1.18
80,29,val,10.841848,1.19
80,30,val,5.976349,1.20
80,31,val,21.356266,1.20
80,32,val,18.968704,1.21
80,33,val,53.944408,1.22
80,34,val,8.282362,1.22
80,35,val,24.518951,1.23
80,36,val,27.678799,1.24
80,37,val,14.359539,1.25
80,38,val,15.592552,1.25
80,39,val,41.073181,1.26
80,40,val,26.078060,1.27
80,41,val,14.765722,1.27
80,42,val,19.511799,1.28
80,43,val,41.351326,1.29
80,44,val,86.871025,1.29
80,45,val,41.062050,1.30
80,46,val,101.758965,1.31
80,47,val,18.424374,1.31
80,48,val,60.403870,1.32
80,49,val,9.408931,1.32
80,50,val,16.353352,1.34
80,51,val,18.361496,1.35
80,52,val,10.993271,1.35
80,53,val,16.809406,1.36
80,54,val,10.915802,1.37
80,55,val,10.294723,1.38
80,56,val,12.642805,1.38
80,57,val,38.945751,1.39
80,58,val,16.862677,1.40
80,59,val,13.911205,1.41
80,60,val,35.280869,1.42
80,61,val,39.351547,1.43
80,62,val,10.947444,1.44
80,63,val,27.883581,1.44
80,64,val,6.313602,1.45
80,65,val,81.419716,1.46
80,66,val,17.003742,1.47
80,67,val,9.300547,1.47
80,68,val,60.890678,1.48
80,69,val,12.813032,1.49
80,70,val,58.856064,1.49
80,71,val,95.342773,1.50
80,72,val,10.365807,1.51
80,73,val,9.524436,1.51
80,74,val,33.658161,1.52
80,75,val,20.600286,1.53
80,76,val,15.302352,1.53
80,77,val,9.807725,1.54
80,78,val,15.563353,1.54
80,79,val,31.930233,1.55
81,0,train,32.764908,0.11
81,1,train,12.739336,0.15
81,2,train,21.057384,0.19
81,3,train,17.561092,0.22
81,4,train,14.710562,0.26
81,5,train,11.627377,0.30
81,6,train,19.179268,0.33
81,7,train,29.096165,0.36
81,8,train,24.293222,0.38
81,9,train,24.439991,0.41
81,10,train,16.484339,0.43
81,11,train,11.344458,0.46
81,12,train,28.208351,0.48
81,13,train,28.923786,0.51
81,14,train,37.243279,0.53
81,15,train,20.420193,0.56
81,16,train,24.433216,0.59
81,17,train,14.502464,0.61
81,18,train,23.392189,0.64
81,19,train,14.081949,0.67
81,20,train,25.542849,0.70
81,21,train,14.824076,0.73
81,22,train,13.241664,0.75
81,23,train,21.703026,0.78
81,24,train,19.443710,0.81
81,25,train,33.453400,0.84
81,26,train,13.303087,0.87
81,27,train,14.257221,0.89
81,28,train,33.679893,0.92
81,29,train,15.925831,0.94
81,0,val,11.372218,1.06
81,1,val,65.668823,1.07
81,2,val,14.616000,1.08
81,3,val,10.911467,1.09
81,4,val,15.662303,1.10
81,5,val,20.605907,1.11
81,6,val,12.797516,1.12
81,7,val,21.421476,1.12
81,8,val,50.327953,1.13
81,9,val,37.273796,1.14
81,10,val,66.612762,1.14
81,11,val,25.382259,1.15
81,12,val,8.492203,1.16
81,13,val,22.284309,1.16
81,14,val,10.251804,1.17
81,15,val,12.200825,1.18
81,16,val,28.966452,1.19
81,17,val,94.777893,1.20
81,18,val,18.973866,1.21
81,19,val,22.611799,1.21
81,20,val,21.763214,1.22
81,21,val,9.331003,1.22
81,22,val,15.084999,1.23
81,23,val,24.259964,1.24
81,24,val,52.940735,1.24
81,25,val,49.270824,1.25
81,26,val,9.645145,1.26
81,27,val,15.230696,1.27
81,28,val,8.830889,1.27
81,29,val,11.858027,1.28
81,30,val,4.815607,1.29
81,31,val,21.485312,1.29
81,32,val,19.870041,1.30
81,33,val,11.219954,1.31
81,34,val,7.638378,1.32
81,35,val,19.050932,1.32
81,36,val,27.789505,1.33
81,37,val,18.362980,1.34
81,38,val,14.327971,1.34
81,39,val,40.610039,1.35
81,40,val,27.303791,1.36
81,41,val,14.146792,1.36
81,42,val,20.332417,1.37
81,43,val,17.466640,1.38
81,44,val,89.811676,1.38
81,45,val,67.484039,1.39
81,46,val,93.812988,1.40
81,47,val,20.838181,1.41
81,48,val,64.801285,1.41
81,49,val,8.909328,1.42
81,50,val,14.536514,1.42
81,51,val,14.750858,1.43
81,52,val,11.989332,1.44
81,53,val,9.657783,1.44
81,54,val,10.917037,1.45
81,55,val,10.298285,1.46
81,56,val,14.037039,1.46
81,57,val,20.683834,1.47
81,58,val,17.675781,1.47
81,59,val,10.943400,1.48
81,60,val,37.273197,1.49
81,61,val,23.999237,1.49
81,62,val,9.920742,1.50
81,63,val,27.423895,1.51
81,64,val,7.093662,1.52
81,65,val,81.710228,1.52
81,66,val,16.876141,1.53
81,67,val,10.999096,1.54
81,68,val,59.719055,1.54
81,69,val,12.443701,1.55
81,70,val,59.552612,1.56
81,71,val,92.183159,1.56
81,72,val,10.637170,1.57
81,73,val,10.499504,1.58
81,74,val,33.735813,1.58
81,75,val,21.329161,1.59
81,76,val,13.925674,1.59
81,77,val,9.478202,1.60
81,78,val,14.826198,1.60
81,79,val,31.935097,1.61
82,0,train,28.264435,0.11
82,1,train,32.210098,0.14
82,2,train,26.150970,0.17
82,3,train,18.651133,0.19
82,4,train,20.028648,0.22
82,5,train,21.997852,0.26
82,6,train,15.258343,0.29
82,7,train,14.491982,0.31
82,8,train,29.239401,0.34
82,9,train,13.730442,0.37
82,10,train,13.380232,0.39
82,11,train,15.910698,0.42
82,12,train,31.663712,0.44
82,13,train,18.893721,0.48
82,14,train,21.786840,0.50
82,15,train,31.447996,0.53
82,16,train,23.311558,0.55
82,17,train,21.576136,0.58
82,18,train,14.771209,0.61
82,19,train,17.654533,0.63
82,20,train,15.768677,0.66
82,21,train,14.479608,0.69
82,22,train,20.121105,0.71
82,23,train,16.260094,0.74
82,24,train,13.676450,0.76
82,25,train,16.307348,0.79
82,26,train,15.737539,0.81
82,27,train,19.581030,0.83
82,28,train,14.841826,0.86
82,29,train,18.157410,0.88
82,0,val,11.301257,1.00
82,1,val,17.246962,1.00
82,2,val,13.787901,1.01
82,3,val,30.271170,1.02
82,4,val,14.221412,1.02
82,5,val,23.019165,1.04
82,6,val,13.250593,1.04
82,7,val,21.402700,1.05
82,8,val,50.485516,1.05
82,9,val,37.010303,1.06
82,10,val,67.912735,1.07
82,11,val,22.985012,1.07
82,12,val,8.185890,1.08
82,13,val,21.376270,1.09
82,14,val,9.879853,1.09
82,15,val,10.613977,1.10
82,16,val,22.014729,1.10
82,17,val,94.325424,1.11
82,18,val,12.369346,1.12
82,19,val,22.283232,1.12
82,20,val,18.161766,1.13
82,21,val,8.265308,1.14
82,22,val,11.271659,1.15
82,23,val,23.625587,1.16
82,24,val,79.422592,1.16
82,25,val,36.672863,1.17
82,26,val,23.611717,1.17
82,27,val,15.305124,1.18
82,28,val,22.126690,1.19
82,29,val,15.783839,1.19
82,30,val,6.879562,1.20
82,31,val,21.686193,1.21
82,32,val,15.917113,1.21
82,33,val,10.765071,1.22
82,34,val,7.540867,1.23
82,35,val,21.275915,1.23
82,36,val,26.730225,1.25
82,37,val,14.831078,1.25
82,38,val,14.779246,1.26
82,39,val,40.984825,1.27
82,40,val,43.384178,1.28
82,41,val,13.583517,1.29
82,42,val,20.504795,1.29
82,43,val,14.991999,1.30
82,44,val,85.942490,1.30
82,45,val,41.176731,1.31
82,46,val,93.430382,1.32
82,47,val,18.569668,1.32
82,48,val,60.739452,1.33
82,49,val,8.817323,1.34
82,50,val,13.943713,1.34
82,51,val,13.281288,1.35
82,52,val,11.201354,1.36
82,53,val,21.458069,1.36
82,54,val,12.657741,1.37
82,55,val,9.296531,1.38
82,56,val,10.697098,1.38
82,57,val,15.368797,1.39
82,58,val,15.641291,1.40
82,59,val,18.895208,1.40
82,60,val,34.683113,1.41
82,61,val,23.834312,1.42
82,62,val,19.746147,1.42
82,63,val,26.169806,1.43
82,64,val,9.012678,1.43
82,65,val,81.635498,1.44
82,66,val,18.109627,1.45
82,67,val,9.556328,1.46
82,68,val,58.385937,1.47
82,69,val,13.763109,1.47
82,70,val,54.396450,1.48
82,71,val,91.227829,1.48
82,72,val,28.548346,1.49
82,73,val,11.596198,1.50
82,74,val,35.613403,1.50
82,75,val,26.934685,1.51
82,76,val,15.490107,1.52
82,77,val,10.698418,1.52
82,78,val,36.837276,1.52
82,79,val,31.774658,1.53
83,0,train,18.454178,0.13
83,1,train,25.102055,0.18
83,2,train,16.884363,0.21
83,3,train,39.776726,0.25
83,4,train,14.678072,0.28
83,5,train,24.365849,0.31
83,6,train,28.010368,0.37
83,7,train,18.668289,0.42
83,8,train,22.964716,0.45
83,9,train,25.900539,0.48
83,10,train,19.187881,0.52
83,11,train,10.249688,0.55
83,12,train,18.027653,0.58
83,13,train,20.795223,0.61
83,14,train,27.068811,0.65
83,15,train,20.994690,0.68
83,16,train,19.158989,0.71
83,17,train,14.287472,0.75
83,18,train,19.106396,0.79
83,19,train,17.458620,0.82
83,20,train,26.024033,0.87
83,21,train,17.067612,0.90
83,22,train,14.330172,0.94
83,23,train,20.641060,0.97
83,24,train,25.722744,1.02
83,25,train,21.949568,1.08
83,26,train,23.592468,1.13
83,27,train,19.346889,1.18
83,28,train,25.313311,1.21
83,29,train,19.878717,1.25
83,0,val,13.913737,1.51
83,1,val,19.178862,1.53
83,2,val,16.104591,1.55
83,3,val,9.907178,1.56
83,4,val,13.913382,1.57
83,5,val,19.626602,1.58
83,6,val,13.607298,1.60
83,7,val,19.670147,1.61
83,8,val,49.033459,1.63
83,9,val,41.260201,1.64
83,10,val,66.266083,1.66
83,11,val,24.621643,1.67
83,12,val,7.606628,1.68
83,13,val,22.730083,1.70
83,14,val,9.605975,1.71
83,15,val,11.466819,1.72
83,16,val,22.943893,1.74
83,17,val,94.063568,1.75
83,18,val,12.768996,1.76
83,19,val,22.606853,1.78
83,20,val,18.705362,1.80
83,21,val,10.633435,1.80
83,22,val,35.218872,1.82
83,23,val,32.100834,1.83
83,24,val,50.218700,1.85
83,25,val,34.709045,1.87
83,26,val,18.493172,1.89
83,27,val,13.871702,1.90
83,28,val,9.230964,1.91
83,29,val,10.464598,1.93
83,30,val,4.868649,1.94
83,31,val,27.124334,1.95
83,32,val,15.829638,1.97
83,33,val,10.524351,1.98
83,34,val,7.546106,1.99
83,35,val,27.381638,2.00
83,36,val,26.510506,2.01
83,37,val,13.353912,2.02
83,38,val,14.613208,2.03
83,39,val,42.581978,2.04
83,40,val,35.473427,2.05
83,41,val,12.965025,2.06
83,42,val,19.293892,2.09
83,43,val,36.535488,2.11
83,44,val,83.158142,2.12
83,45,val,42.142418,2.14
83,46,val,98.433334,2.15
83,47,val,24.874310,2.17
83,48,val,60.675808,2.18
83,49,val,12.793994,2.21
83,50,val,13.009910,2.23
83,51,val,23.548183,2.24
83,52,val,30.014610,2.25
83,53,val,10.096305,2.27
83,54,val,10.034752,2.28
83,55,val,12.430853,2.30
83,56,val,17.139122,2.31
83,57,val,17.340271,2.33
83,58,val,17.816912,2.34
83,59,val,12.298159,2.36
83,60,val,33.652706,2.37
83,61,val,47.254467,2.39
83,62,val,10.808428,2.40
83,63,val,26.080023,2.41
83,64,val,5.702674,2.43
83,65,val,80.122101,2.44
83,66,val,15.874136,2.46
83,67,val,9.555540,2.47
83,68,val,61.927971,2.49
83,69,val,11.524704,2.50
83,70,val,60.788052,2.51
83,71,val,88.600143,2.53
83,72,val,11.153658,2.55
83,73,val,9.801369,2.57
83,74,val,32.618591,2.58
83,75,val,22.754101,2.59
83,76,val,18.172386,2.60
83,77,val,9.621780,2.62
83,78,val,15.133566,2.63
83,79,val,41.996113,2.64
84,0,train,16.700699,0.25
84,1,train,19.787689,0.29
84,2,train,28.513466,0.33
84,3,train,18.700302,0.36
84,4,train,11.916533,0.40
84,5,train,28.769901,0.44
84,6,train,25.655205,0.48
84,7,train,18.558151,0.53
84,8,train,27.999832,0.55
84,9,train,25.638721,0.58
84,10,train,23.542881,0.61
84,11,train,22.659828,0.64
84,12,train,14.989247,0.66
84,13,train,25.226490,0.68
84,14,train,15.131165,0.71
84,15,train,16.693497,0.74
84,16,train,29.994860,0.76
84,17,train,23.862518,0.79
84,18,train,23.636436,0.81
84,19,train,29.619658,0.85
84,20,train,13.885032,0.88
84,21,train,16.516642,0.92
84,22,train,24.086170,0.95
84,23,train,38.943718,1.00
84,24,train,25.239183,1.04
84,25,train,37.272964,1.08
84,26,train,24.442390,1.11
84,27,train,20.921116,1.13
84,28,train,19.799706,1.16
84,29,train,42.179241,1.18
84,0,val,11.520343,1.33
84,1,val,17.531071,1.33
84,2,val,14.350523,1.34
84,3,val,10.439454,1.35
84,4,val,15.874439,1.36
84,5,val,21.537010,1.37
84,6,val,14.404887,1.38
84,7,val,18.288862,1.38
84,8,val,54.820152,1.39
84,9,val,38.087811,1.40
84,10,val,65.888062,1.41
84,11,val,22.234875,1.41
84,12,val,9.796577,1.42
84,13,val,20.772728,1.43
84,14,val,9.548647,1.44
84,15,val,20.084324,1.44
84,16,val,23.014179,1.45
84,17,val,96.094757,1.46
84,18,val,14.845337,1.47
84,19,val,22.730095,1.48
84,20,val,18.176147,1.49
84,21,val,7.887197,1.50
84,22,val,19.056681,1.50
84,23,val,24.971907,1.51
84,24,val,52.725037,1.52
84,25,val,34.186108,1.54
84,26,val,10.338077,1.54
84,27,val,18.885082,1.56
84,28,val,10.381758,1.57
84,29,val,23.032698,1.58
84,30,val,5.341739,1.59
84,31,val,20.687572,1.61
84,32,val,18.270248,1.62
84,33,val,15.371922,1.63
84,34,val,8.887133,1.64
84,35,val,20.081713,1.65
84,36,val,27.315090,1.66
84,37,val,17.457743,1.68
84,38,val,16.247465,1.69
84,39,val,39.101295,1.70
84,40,val,27.465458,1.71
84,41,val,21.660564,1.71
84,42,val,22.770061,1.72
84,43,val,14.360619,1.72
84,44,val,85.241737,1.73
84,45,val,40.075436,1.74
84,46,val,91.875877,1.74
84,47,val,16.999105,1.75
84,48,val,62.259167,1.76
84,49,val,9.741589,1.76
84,50,val,13.132365,1.77
84,51,val,17.865437,1.78
84,52,val,11.535914,1.78
84,53,val,9.900215,1.79
84,54,val,12.515437,1.80
84,55,val,9.056175,1.81
84,56,val,10.192382,1.82
84,57,val,17.439075,1.83
84,58,val,16.153128,1.84
84,59,val,15.606441,1.84
84,60,val,35.383129,1.85
84,61,val,24.516447,1.85
84,62,val,10.131403,1.86
84,63,val,28.185757,1.87
84,64,val,9.433803,1.88
84,65,val,82.216919,1.89
84,66,val,16.028152,1.90
84,67,val,18.757109,1.91
84,68,val,58.135204,1.92
84,69,val,27.752668,1.93
84,70,val,55.333855,1.94
84,71,val,88.325439,1.94
84,72,val,12.180529,1.95
84,73,val,13.460794,1.95
84,74,val,36.134350,1.96
84,75,val,20.651951,1.97
84,76,val,14.952327,1.97
84,77,val,17.429043,1.98
84,78,val,17.608128,1.99
84,79,val,32.312218,2.00
85,0,train,24.922338,0.12
85,1,train,15.810473,0.16
85,2,train,21.507797,0.19
85,3,train,11.703459,0.22
85,4,train,13.910836,0.24
85,5,train,14.235081,0.27
85,6,train,15.556726,0.30
85,7,train,12.995417,0.32
85,8,train,23.293549,0.35
85,9,train,21.548344,0.38
85,10,train,16.561245,0.41
85,11,train,13.475842,0.43
85,12,train,33.036919,0.46
85,13,train,26.358833,0.48
85,14,train,22.667770,0.51
85,15,train,26.864246,0.53
85,16,train,20.801226,0.56
85,17,train,32.351341,0.59
85,18,train,20.773397,0.61
85,19,train,20.459427,0.64
85,20,train,34.110268,0.67
85,21,train,15.875543,0.69
85,22,train,27.100414,0.72
85,23,train,24.234640,0.74
85,24,train,20.687361,0.77
85,25,train,23.903137,0.80
85,26,train,16.543909,0.82
85,27,train,13.778181,0.85
85,28,train,17.345345,0.87
85,29,train,24.706993,0.89
85,0,val,19.475071,1.02
85,1,val,19.979029,1.03
85,2,val,14.456264,1.04
85,3,val,17.361870,1.04
85,4,val,14.258582,1.05
85,5,val,20.067657,1.06
85,6,val,21.247736,1.07
85,7,val,18.670628,1.08
85,8,val,50.943344,1.08
85,9,val,37.134777,1.09
85,10,val,66.471710,1.10
85,11,val,21.490599,1.10
85,12,val,26.947569,1.11
85,13,val,22.682308,1.12
85,14,val,9.241458,1.12
85,15,val,12.581556,1.13
85,16,val,23.684647,1.14
85,17,val,93.719566,1.14
85,18,val,12.639796,1.15
85,19,val,22.591858,1.16
85,20,val,25.744427,1.17
85,21,val,11.597922,1.17
85,22,val,10.573999,1.18
85,23,val,29.281891,1.19
85,24,val,49.538555,1.19
85,25,val,33.181408,1.20
85,26,val,9.924675,1.21
85,27,val,14.278650,1.21
85,28,val,9.409998,1.22
85,29,val,9.958213,1.23
85,30,val,27.417393,1.23
85,31,val,21.155691,1.24
85,32,val,15.898996,1.24
85,33,val,9.972771,1.25
85,34,val,9.472781,1.26
85,35,val,18.886089,1.27
85,36,val,26.738884,1.28
85,37,val,13.574740,1.28
85,38,val,32.846184,1.29
85,39,val,40.185852,1.30
85,40,val,27.124847,1.30
85,41,val,15.767661,1.31
85,42,val,19.463461,1.32
85,43,val,13.913319,1.32
85,44,val,83.731194,1.33
85,45,val,41.594643,1.33
85,46,val,91.849243,1.34
85,47,val,16.838837,1.35
85,48,val,59.229046,1.35
85,49,val,10.670198,1.36
85,50,val,20.913908,1.37
85,51,val,11.159136,1.38
85,52,val,11.099031,1.38
85,53,val,30.549435,1.39
85,54,val,10.134996,1.40
85,55,val,9.792810,1.40
85,56,val,12.376483,1.41
85,57,val,16.102530,1.41
85,58,val,18.159573,1.42
85,59,val,18.713037,1.43
85,60,val,34.802948,1.43
85,61,val,24.225744,1.44
85,62,val,9.125122,1.45
85,63,val,29.343388,1.45
85,64,val,41.827362,1.46
85,65,val,83.966331,1.47
85,66,val,16.814629,1.47
85,67,val,14.451818,1.48
85,68,val,59.592857,1.49
85,69,val,10.990461,1.49
85,70,val,56.491508,1.50
85,71,val,89.278076,1.51
85,72,val,11.447101,1.51
85,73,val,8.856040,1.52
85,74,val,38.009762,1.52
85,75,val,19.746315,1.53
85,76,val,14.913212,1.53
85,77,val,9.416673,1.54
85,78,val,15.345236,1.54
85,79,val,32.294407,1.55
86,0,train,35.085686,0.12
86,1,train,20.384964,0.15
86,2,train,18.043457,0.18
86,3,train,13.636105,0.21
86,4,train,20.795204,0.23
86,5,train,17.815491,0.26
86,6,train,29.357069,0.29
86,7,train,16.644470,0.32
86,8,train,31.739872,0.35
86,9,train,25.252064,0.38
86,10,train,19.397360,0.41
86,11,train,19.260170,0.44
86,12,train,21.580544,0.46
86,13,train,52.037537,0.49
86,14,train,14.646540,0.51
86,15,train,13.312826,0.54
86,16,train,22.092043,0.56
86,17,train,21.390812,0.59
86,18,train,20.871487,0.62
86,19,train,24.144197,0.71
86,20,train,35.015858,0.74
86,21,train,21.618889,0.77
86,22,train,16.325554,0.80
86,23,train,30.851040,0.82
86,24,train,18.710934,0.85
86,25,train,11.018664,0.87
86,26,train,18.096895,0.90
86,27,train,19.673536,0.92
86,28,train,24.867712,0.94
86,29,train,26.391092,0.96
86,0,val,10.845360,1.10
86,1,val,20.615383,1.11
86,2,val,14.177730,1.13
86,3,val,23.349127,1.13
86,4,val,13.877119,1.14
86,5,val,19.676046,1.15
86,6,val,26.759018,1.16
86,7,val,18.257673,1.16
86,8,val,48.266396,1.17
86,9,val,50.668335,1.18
86,10,val,64.558159,1.19
86,11,val,22.167984,1.20
86,12,val,11.976309,1.20
86,13,val,20.890001,1.21
86,14,val,11.240386,1.22
86,15,val,16.977215,1.23
86,16,val,24.804459,1.24
86,17,val,90.521599,1.25
86,18,val,11.818947,1.25
86,19,val,21.255594,1.26
86,20,val,18.581209,1.27
86,21,val,7.499475,1.28
86,22,val,12.666090,1.29
86,23,val,22.056784,1.29
86,24,val,48.285408,1.30
86,25,val,35.628693,1.30
86,26,val,9.356871,1.31
86,27,val,21.473944,1.32
86,28,val,9.262165,1.33
86,29,val,15.293751,1.34
86,30,val,7.938133,1.34
86,31,val,21.373533,1.35
86,32,val,15.047687,1.35
86,33,val,10.690683,1.36
86,34,val,7.415693,1.37
86,35,val,18.988253,1.37
86,36,val,27.580597,1.38
86,37,val,15.504173,1.39
86,38,val,14.799955,1.40
86,39,val,40.313427,1.41
86,40,val,27.467522,1.42
86,41,val,14.433063,1.43
86,42,val,18.413708,1.44
86,43,val,17.133139,1.45
86,44,val,103.951439,1.45
86,45,val,39.043705,1.46
86,46,val,127.546265,1.47
86,47,val,17.742172,1.47
86,48,val,76.585617,1.48
86,49,val,10.054840,1.49
86,50,val,12.741989,1.49
86,51,val,14.605528,1.50
86,52,val,10.558094,1.51
86,53,val,9.382079,1.51
86,54,val,10.364657,1.52
86,55,val,8.963383,1.52
86,56,val,13.845500,1.53
86,57,val,14.092242,1.54
86,58,val,15.409307,1.55
86,59,val,12.373022,1.55
86,60,val,35.034054,1.56
86,61,val,23.810087,1.57
86,62,val,9.305461,1.57
86,63,val,26.134521,1.58
86,64,val,5.491258,1.59
86,65,val,80.232574,1.60
86,66,val,16.660383,1.61
86,67,val,23.192638,1.62
86,68,val,58.845596,1.62
86,69,val,12.744600,1.63
86,70,val,56.365547,1.64
86,71,val,88.367828,1.65
86,72,val,10.709404,1.65
86,73,val,13.568748,1.66
86,74,val,35.175426,1.67
86,75,val,20.076881,1.67
86,76,val,37.347736,1.68
86,77,val,9.374965,1.68
86,78,val,14.411613,1.68
86,79,val,32.425797,1.69
87,0,train,23.614630,0.11
87,1,train,22.381424,0.14
87,2,train,25.929466,0.17
87,3,train,17.372120,0.19
87,4,train,35.465942,0.22
87,5,train,30.524746,0.25
87,6,train,19.643602,0.27
87,7,train,20.701756,0.30
87,8,train,33.150875,0.32
87,9,train,15.324118,0.36
87,10,train,20.875118,0.38
87,11,train,25.347429,0.41
87,12,train,19.251755,0.43
87,13,train,16.393053,0.46
87,14,train,18.926708,0.49
87,15,train,34.696335,0.52
87,16,train,21.042082,0.54
87,17,train,13.021448,0.57
87,18,train,17.053574,0.60
87,19,train,21.733892,0.62
87,20,train,36.065090,0.65
87,21,train,26.512049,0.68
87,22,train,21.567183,0.70
87,23,train,20.064083,0.74
87,24,train,17.347691,0.77
87,25,train,27.087753,0.80
87,26,train,15.375607,0.82
87,27,train,13.920958,0.85
87,28,train,18.337461,0.88
87,29,train,18.915665,0.90
87,0,val,11.318088,1.02
87,1,val,17.044001,1.03
87,2,val,14.857641,1.04
87,3,val,10.213724,1.04
87,4,val,13.442097,1.05
87,5,val,20.264301,1.06
87,6,val,13.895454,1.07
87,7,val,19.050724,1.08
87,8,val,52.197075,1.08
87,9,val,36.294827,1.09
87,10,val,64.654884,1.10
87,11,val,21.417919,1.10
87,12,val,8.761878,1.11
87,13,val,22.047110,1.11
87,14,val,9.185349,1.12
87,15,val,15.740173,1.13
87,16,val,26.390699,1.13
87,17,val,90.713272,1.14
87,18,val,10.934082,1.15
87,19,val,21.831450,1.15
87,20,val,17.966806,1.16
87,21,val,7.973110,1.17
87,22,val,12.080145,1.18
87,23,val,22.181433,1.18
87,24,val,48.195694,1.19
87,25,val,35.258934,1.19
87,26,val,10.871066,1.20
87,27,val,14.549152,1.21
87,28,val,10.528574,1.21
87,29,val,10.001560,1.22
87,30,val,8.183166,1.23
87,31,val,21.513052,1.23
87,32,val,15.004957,1.24
87,33,val,11.606326,1.25
87,34,val,8.032545,1.25
87,35,val,20.379364,1.26
87,36,val,25.717155,1.27
87,37,val,13.677455,1.27
87,38,val,39.578445,1.28
87,39,val,40.525951,1.29
87,40,val,26.924177,1.29
87,41,val,12.408499,1.30
87,42,val,19.326103,1.31
87,43,val,14.790900,1.31
87,44,val,85.128136,1.32
87,45,val,39.619179,1.33
87,46,val,89.953568,1.33
87,47,val,16.505972,1.34
87,48,val,59.526897,1.35
87,49,val,10.740286,1.35
87,50,val,12.808065,1.36
87,51,val,11.655308,1.37
87,52,val,12.005331,1.37
87,53,val,9.736513,1.38
87,54,val,10.682844,1.39
87,55,val,18.433125,1.39
87,56,val,9.517302,1.40
87,57,val,15.668364,1.41
87,58,val,16.656477,1.41
87,59,val,11.128187,1.42
87,60,val,34.437439,1.43
87,61,val,25.453581,1.43
87,62,val,9.728406,1.44
87,63,val,26.818302,1.45
87,64,val,6.077367,1.45
87,65,val,78.997269,1.46
87,66,val,15.776064,1.47
87,67,val,9.915817,1.48
87,68,val,57.236969,1.49
87,69,val,13.299932,1.49
87,70,val,52.675972,1.50
87,71,val,87.869904,1.51
87,72,val,10.488443,1.51
87,73,val,9.556740,1.52
87,74,val,41.003555,1.52
87,75,val,21.516006,1.53
87,76,val,13.999245,1.54
87,77,val,9.158379,1.54
87,78,val,15.640654,1.54
87,79,val,31.028208,1.55
88,0,train,17.214376,0.13
88,1,train,15.439933,0.16
88,2,train,20.177233,0.20
88,3,train,19.084873,0.23
88,4,train,18.469954,0.26
88,5,train,28.692177,0.29
88,6,train,14.307125,0.32
88,7,train,13.889288,0.34
88,8,train,15.694563,0.36
88,9,train,23.225296,0.39
88,10,train,22.767971,0.42
88,11,train,17.767654,0.44
88,12,train,18.327784,0.46
88,13,train,19.459517,0.49
88,14,train,28.542635,0.52
88,15,train,28.204317,0.55
88,16,train,21.366341,0.57
88,17,train,24.800434,0.60
88,18,train,21.226101,0.63
88,19,train,37.300781,0.65
88,20,train,15.696928,0.68
88,21,train,18.013935,0.70
88,22,train,18.318386,0.73
88,23,train,18.764343,0.76
88,24,train,18.596024,0.78
88,25,train,18.287220,0.80
88,26,train,13.136599,0.83
88,27,train,17.077410,0.86
88,28,train,42.820625,0.88
88,29,train,18.672579,0.90
88,0,val,14.251151,1.03
88,1,val,16.723166,1.03
88,2,val,17.151798,1.04
88,3,val,10.202232,1.05
88,4,val,19.077330,1.06
88,5,val,22.273962,1.07
88,6,val,22.587978,1.07
88,7,val,18.415844,1.08
88,8,val,66.505257,1.09
88,9,val,36.650127,1.09
88,10,val,63.047783,1.10
88,11,val,20.726019,1.11
88,12,val,8.274778,1.11
88,13,val,21.408567,1.12
88,14,val,10.654362,1.13
88,15,val,11.394572,1.13
88,16,val,24.971134,1.14
88,17,val,88.946320,1.15
88,18,val,12.677382,1.16
88,19,val,21.150381,1.17
88,20,val,42.519691,1.17
88,21,val,8.777823,1.18
88,22,val,11.728849,1.19
88,23,val,22.737310,1.19
88,24,val,50.122677,1.20
88,25,val,34.147057,1.21
88,26,val,10.400538,1.21
88,27,val,18.216934,1.22
88,28,val,12.037071,1.23
88,29,val,10.449596,1.23
88,30,val,6.848660,1.24
88,31,val,20.913212,1.25
88,32,val,15.081112,1.25
88,33,val,9.600706,1.26
88,34,val,7.490008,1.27
88,35,val,18.281071,1.28
88,36,val,25.814945,1.28
88,37,val,13.564662,1.29
88,38,val,16.523115,1.30
88,39,val,39.564857,1.30
88,40,val,26.499722,1.31
88,41,val,16.840471,1.31
88,42,val,20.455063,1.32
88,43,val,15.434848,1.33
88,44,val,84.502853,1.33
88,45,val,38.848415,1.34
88,46,val,89.623528,1.34
88,47,val,20.144814,1.35
88,48,val,63.800003,1.36
88,49,val,9.819593,1.37
88,50,val,12.751610,1.37
88,51,val,11.945170,1.38
88,52,val,14.520628,1.39
88,53,val,9.743958,1.39
88,54,val,10.315390,1.40
88,55,val,10.708735,1.40
88,56,val,9.381496,1.41
88,57,val,14.551245,1.42
88,58,val,16.853865,1.42
88,59,val,10.989479,1.43
88,60,val,34.904720,1.44
88,61,val,24.275406,1.45
88,62,val,32.032055,1.45
88,63,val,26.059629,1.46
88,64,val,8.745836,1.46
88,65,val,81.159637,1.47
88,66,val,16.532692,1.48
88,67,val,9.237888,1.49
88,68,val,60.892529,1.49
88,69,val,20.752645,1.50
88,70,val,51.607048,1.51
88,71,val,88.957565,1.51
88,72,val,11.278380,1.52
88,73,val,10.087492,1.52
88,74,val,32.327377,1.53
88,75,val,20.954082,1.54
88,76,val,16.921528,1.54
88,77,val,9.869879,1.55
88,78,val,14.108183,1.55
88,79,val,33.613770,1.55
89,0,train,13.891845,0.12
89,1,train,27.812912,0.15
89,2,train,31.391546,0.17
89,3,train,13.036755,0.20
89,4,train,30.796608,0.22
89,5,train,27.340149,0.25
89,6,train,19.698837,0.27
89,7,train,24.301567,0.30
89,8,train,30.612043,0.32
89,9,train,18.580063,0.35
89,10,train,38.045654,0.38
89,11,train,26.077473,0.41
89,12,train,19.122612,0.44
89,13,train,29.909401,0.47
89,14,train,19.790886,0.49
89,15,train,21.489986,0.52
89,16,train,15.278909,0.54
89,17,train,13.134878,0.57
89,18,train,18.707821,0.60
89,19,train,20.223610,0.62
89,20,train,17.878529,0.65
89,21,train,26.941610,0.68
89,22,train,15.849804,0.70
89,23,train,23.591915,0.72
89,24,train,13.615651,0.75
89,25,train,34.527966,0.78
89,26,train,11.968772,0.80
89,27,train,22.052483,0.82
89,28,train,18.307371,0.84
89,29,train,14.080716,0.87
89,0,val,12.892497,0.98
89,1,val,17.239738,0.99
89,2,val,13.494072,0.99
89,3,val,10.653456,1.00
89,4,val,14.078466,1.01
89,5,val,22.358372,1.01
89,6,val,13.661840,1.03
89,7,val,21.489920,1.04
89,8,val,49.305573,1.04
89,9,val,36.835720,1.05
89,10,val,61.721970,1.05
89,11,val,21.241079,1.06
89,12,val,8.658169,1.07
89,13,val,23.251221,1.07
89,14,val,9.381441,1.08
89,15,val,11.578246,1.09
89,16,val,24.502987,1.09
89,17,val,88.617973,1.10
89,18,val,11.364631,1.11
89,19,val,21.745871,1.11
89,20,val,18.573975,1.12
89,21,val,6.790960,1.13
89,22,val,12.870399,1.14
89,23,val,22.669981,1.14
89,24,val,48.182247,1.15
89,25,val,38.162331,1.16
89,26,val,9.504286,1.16
89,27,val,16.496267,1.17
89,28,val,13.158611,1.18
89,29,val,12.418501,1.18
89,30,val,5.050251,1.19
89,31,val,29.217358,1.19
89,32,val,14.599582,1.20
89,33,val,11.108684,1.21
89,34,val,12.459967,1.21
89,35,val,21.464703,1.22
89,36,val,29.324093,1.23
89,37,val,13.837833,1.24
89,38,val,16.002361,1.24
89,39,val,37.679424,1.25
89,40,val,26.325741,1.26
89,41,val,11.914866,1.26
89,42,val,19.349995,1.27
89,43,val,14.726009,1.27
89,44,val,81.365479,1.28
89,45,val,37.051830,1.29
89,46,val,87.618309,1.29
89,47,val,19.372093,1.30
89,48,val,58.769302,1.30
89,49,val,9.972939,1.31
89,50,val,14.346926,1.32
89,51,val,11.691084,1.32
89,52,val,10.594893,1.33
89,53,val,10.368120,1.34
89,54,val,10.105749,1.35
89,55,val,10.043756,1.35
89,56,val,9.671469,1.37
89,57,val,13.981677,1.38
89,58,val,14.700918,1.39
89,59,val,10.759325,1.40
89,60,val,33.182854,1.40
89,61,val,23.093372,1.42
89,62,val,10.138269,1.42
89,63,val,25.344097,1.43
89,64,val,6.167464,1.44
89,65,val,78.508453,1.45
89,66,val,14.945430,1.46
89,67,val,9.654222,1.48
89,68,val,58.625923,1.49
89,69,val,11.691577,1.51
89,70,val,53.760406,1.51
89,71,val,87.417679,1.52
89,72,val,9.849278,1.53
89,73,val,11.296171,1.54
89,74,val,32.251724,1.55
89,75,val,21.372116,1.55
89,76,val,18.258787,1.56
89,77,val,17.954567,1.57
89,78,val,15.549742,1.57
89,79,val,30.007881,1.58
90,0,train,21.221004,0.16
90,1,train,23.154800,0.20
90,2,train,21.243496,0.24
90,3,train,20.661446,0.26
90,4,train,16.006172,0.30
90,5,train,13.843592,0.33
90,6,train,22.448380,0.37
90,7,train,17.858438,0.41
90,8,train,24.701122,0.44
90,9,train,19.143192,0.47
90,10,train,16.156675,0.51
90,11,train,13.198178,0.54
90,12,train,18.509018,0.57
90,13,train,18.955063,0.60
90,14,train,12.551233,0.64
90,15,train,16.202738,0.67
90,16,train,13.113046,0.70
90,17,train,11.325928,0.74
90,18,train,17.582539,0.77
90,19,train,11.967924,0.80
90,20,train,16.805370,0.83
90,21,train,17.642656,0.87
90,22,train,16.137455,0.90
90,23,train,17.696087,0.94
90,24,train,26.974781,0.99
90,25,train,14.625191,1.03
90,26,train,16.088619,1.06
90,27,train,27.519966,1.09
90,28,train,13.549492,1.12
90,29,train,34.403656,1.14
90,0,val,19.823635,1.30
90,1,val,21.096878,1.33
90,2,val,14.841430,1.34
90,3,val,9.662724,1.35
90,4,val,14.219267,1.36
90,5,val,19.007339,1.36
90,6,val,13.304604,1.37
90,7,val,18.401205,1.38
90,8,val,51.914070,1.39
90,9,val,35.740356,1.40
90,10,val,69.123711,1.41
90,11,val,20.372953,1.41
90,12,val,10.214436,1.42
90,13,val,22.912582,1.43
90,14,val,12.180057,1.44
90,15,val,28.745153,1.45
90,16,val,24.357815,1.46
90,17,val,94.636528,1.47
90,18,val,14.744276,1.48
90,19,val,23.047667,1.48
90,20,val,18.265728,1.49
90,21,val,9.243973,1.50
90,22,val,10.386833,1.51
90,23,val,22.304558,1.52
90,24,val,46.645794,1.53
90,25,val,32.916706,1.53
90,26,val,11.245463,1.54
90,27,val,26.585165,1.55
90,28,val,9.882777,1.56
90,29,val,11.466156,1.57
90,30,val,10.854758,1.58
90,31,val,23.695929,1.58
90,32,val,14.401815,1.59
90,33,val,14.582408,1.60
90,34,val,7.144075,1.61
90,35,val,17.760607,1.62
90,36,val,26.761595,1.62
90,37,val,14.620605,1.63
90,38,val,17.928911,1.64
90,39,val,41.939823,1.65
90,40,val,37.637024,1.66
90,41,val,14.354194,1.67
90,42,val,20.718254,1.68
90,43,val,12.985843,1.69
90,44,val,81.495262,1.70
90,45,val,40.796780,1.70
90,46,val,89.932175,1.71
90,47,val,17.958214,1.72
90,48,val,60.356163,1.73
90,49,val,8.466276,1.74
90,50,val,21.365973,1.76
90,51,val,42.716141,1.77
90,52,val,10.601894,1.78
90,53,val,15.063421,1.79
90,54,val,11.303732,1.80
90,55,val,9.963408,1.81
90,56,val,14.762926,1.82
90,57,val,20.506247,1.83
90,58,val,17.577446,1.83
90,59,val,15.779530,1.84
90,60,val,33.981186,1.85
90,61,val,24.022751,1.86
90,62,val,9.972287,1.87
90,63,val,25.941320,1.89
90,64,val,31.836529,1.89
90,65,val,77.898796,1.90
90,66,val,15.830032,1.91
90,67,val,17.149712,1.92
90,68,val,62.278572,1.93
90,69,val,11.651839,1.94
90,70,val,50.536728,1.95
90,71,val,85.547989,1.96
90,72,val,10.391726,1.97
90,73,val,9.383394,1.98
90,74,val,37.023323,1.99
90,75,val,22.300854,1.99
90,76,val,22.960722,2.00
90,77,val,13.564482,2.00
90,78,val,26.045712,2.01
90,79,val,29.725363,2.02
91,0,train,12.225355,0.16
91,1,train,22.412191,0.20
91,2,train,13.201972,0.23
91,3,train,15.634975,0.26
91,4,train,28.270138,0.29
91,5,train,18.332443,0.33
91,6,train,22.645365,0.36
91,7,train,26.130775,0.39
91,8,train,24.064259,0.43
91,9,train,27.575748,0.47
91,10,train,12.889816,0.50
91,11,train,14.230500,0.53
91,12,train,16.062496,0.56
91,13,train,18.656998,0.59
91,14,train,12.662474,0.62
91,15,train,39.223373,0.66
91,16,train,31.323639,0.70
91,17,train,25.076229,0.73
91,18,train,30.983883,0.77
91,19,train,22.585602,0.81
91,20,train,22.154722,0.84
91,21,train,13.873793,0.87
91,22,train,22.974104,0.90
91,23,train,10.341784,0.94
91,24,train,25.671000,0.97
91,25,train,11.825856,1.00
91,26,train,13.357847,1.04
91,27,train,21.643288,1.07
91,28,train,12.806774,1.10
91,29,train,22.663982,1.13
91,0,val,12.422102,1.32
91,1,val,16.872618,1.34
91,2,val,14.541378,1.35
91,3,val,15.224508,1.36
91,4,val,14.157413,1.37
91,5,val,18.583916,1.38
91,6,val,15.394607,1.39
91,7,val,18.104956,1.40
91,8,val,48.823082,1.41
91,9,val,35.353451,1.42
91,10,val,61.136669,1.44
91,11,val,24.421310,1.45
91,12,val,8.709966,1.46
91,13,val,20.985296,1.47
91,14,val,9.763741,1.48
91,15,val,12.086601,1.49
91,16,val,23.796764,1.50
91,17,val,88.279663,1.51
91,18,val,12.352839,1.52
91,19,val,24.610397,1.53
91,20,val,17.648907,1.54
91,21,val,11.607498,1.55
91,22,val,17.978077,1.56
91,23,val,24.360775,1.57
91,24,val,58.571075,1.58
91,25,val,33.753487,1.59
91,26,val,9.549191,1.59
91,27,val,13.449142,1.60
91,28,val,12.504557,1.61
91,29,val,9.108476,1.61
91,30,val,8.852359,1.62
91,31,val,20.073318,1.63
91,32,val,15.755007,1.63
91,33,val,9.927287,1.65
91,34,val,17.283302,1.65
91,35,val,17.907133,1.66
91,36,val,25.913307,1.67
91,37,val,14.250692,1.67
91,38,val,13.911636,1.68
91,39,val,41.254707,1.69
91,40,val,25.991158,1.69
91,41,val,12.553134,1.70
91,42,val,18.247766,1.71
91,43,val,15.083115,1.72
91,44,val,79.607986,1.72
91,45,val,37.507900,1.73
91,46,val,87.603539,1.73
91,47,val,17.193968,1.74
91,48,val,59.129875,1.75
91,49,val,9.182452,1.76
91,50,val,13.275274,1.76
91,51,val,11.399906,1.77
91,52,val,10.681548,1.78
91,53,val,9.603149,1.78
91,54,val,10.703624,1.79
91,55,val,12.345531,1.80
91,56,val,10.374198,1.80
91,57,val,13.986453,1.81
91,58,val,15.633265,1.82
91,59,val,11.555609,1.82
91,60,val,33.195251,1.83
91,61,val,26.577637,1.83
91,62,val,9.105543,1.84
91,63,val,27.327307,1.85
91,64,val,6.853680,1.86
91,65,val,77.808678,1.86
91,66,val,19.503342,1.87
91,67,val,10.292020,1.88
91,68,val,57.874435,1.88
91,69,val,12.554001,1.89
91,70,val,53.135040,1.90
91,71,val,86.277069,1.90
91,72,val,10.879185,1.91
91,73,val,9.934082,1.92
91,74,val,31.714161,1.92
91,75,val,20.214867,1.93
91,76,val,14.762900,1.93
91,77,val,8.983070,1.94
91,78,val,14.136992,1.95
91,79,val,29.988729,1.95
92,0,train,13.611897,0.13
92,1,train,14.177656,0.17
92,2,train,18.622076,0.20
92,3,train,19.019981,0.23
92,4,train,20.000214,0.25
92,5,train,30.853142,0.29
92,6,train,18.239643,0.31
92,7,train,17.739523,0.34
92,8,train,22.157227,0.37
92,9,train,19.869278,0.41
92,10,train,27.507223,0.44
92,11,train,23.360752,0.47
92,12,train,17.427782,0.50
92,13,train,20.601830,0.53
92,14,train,18.118715,0.56
92,15,train,11.379608,0.59
92,16,train,15.949182,0.62
92,17,train,24.609631,0.64
92,18,train,19.747505,0.67
92,19,train,22.879755,0.69
92,20,train,21.490311,0.72
92,21,train,24.426378,0.75
92,22,train,19.054821,0.77
92,23,train,24.247541,0.80
92,24,train,21.742615,0.82
92,25,train,17.309261,0.85
92,26,train,17.784973,0.87
92,27,train,25.029812,0.90
92,28,train,17.961048,0.92
92,29,train,20.599329,0.95
92,0,val,19.842808,1.08
92,1,val,18.204533,1.09
92,2,val,14.816046,1.09
92,3,val,10.892683,1.10
92,4,val,14.903654,1.11
92,5,val,21.047260,1.12
92,6,val,23.953239,1.13
92,7,val,17.658752,1.14
92,8,val,95.043564,1.14
92,9,val,36.375557,1.15
92,10,val,60.975304,1.16
92,11,val,20.612650,1.17
92,12,val,9.144191,1.17
92,13,val,21.949438,1.18
92,14,val,10.233539,1.19
92,15,val,12.906313,1.20
92,16,val,21.701498,1.20
92,17,val,87.338242,1.21
92,18,val,12.261406,1.22
92,19,val,22.399305,1.23
92,20,val,18.851437,1.24
92,21,val,7.947753,1.24
92,22,val,10.377963,1.25
92,23,val,21.901037,1.26
92,24,val,46.996456,1.27
92,25,val,33.660313,1.27
92,26,val,10.478477,1.28
92,27,val,22.356840,1.29
92,28,val,9.091632,1.29
92,29,val,10.474109,1.30
92,30,val,8.554762,1.31
92,31,val,20.218481,1.32
92,32,val,14.810260,1.33
92,33,val,11.810873,1.33
92,34,val,7.239114,1.34
92,35,val,20.599598,1.35
92,36,val,25.796209,1.35
92,37,val,13.713168,1.36
92,38,val,16.069485,1.37
92,39,val,40.303600,1.37
92,40,val,26.740860,1.38
92,41,val,13.892860,1.39
92,42,val,22.179119,1.39
92,43,val,34.012356,1.40
92,44,val,79.666077,1.41
92,45,val,40.723980,1.42
92,46,val,87.507713,1.43
92,47,val,17.336475,1.43
92,48,val,57.939617,1.44
92,49,val,10.035367,1.45
92,50,val,12.666149,1.45
92,51,val,10.899283,1.46
92,52,val,10.821533,1.47
92,53,val,9.203480,1.47
92,54,val,9.189586,1.48
92,55,val,11.681145,1.49
92,56,val,9.514416,1.49
92,57,val,18.047453,1.50
92,58,val,15.258375,1.51
92,59,val,16.810413,1.51
92,60,val,38.502388,1.53
92,61,val,22.781368,1.53
92,62,val,9.997040,1.54
92,63,val,25.484434,1.55
92,64,val,6.216595,1.55
92,65,val,77.420792,1.56
92,66,val,17.074377,1.57
92,67,val,10.529929,1.57
92,68,val,56.400330,1.58
92,69,val,11.707151,1.59
92,70,val,51.529415,1.59
92,71,val,85.347900,1.60
92,72,val,10.381945,1.61
92,73,val,9.374751,1.61
92,74,val,33.000507,1.62
92,75,val,21.647505,1.63
92,76,val,16.816807,1.63
92,77,val,32.350868,1.64
92,78,val,15.050554,1.64
92,79,val,29.253052,1.65
93,0,train,10.107604,0.11
93,1,train,26.010986,0.14
93,2,train,12.164989,0.17
93,3,train,15.616053,0.19
93,4,train,25.828938,0.22
93,5,train,15.141094,0.25
93,6,train,23.607033,0.28
93,7,train,14.315626,0.31
93,8,train,16.483181,0.33
93,9,train,16.723011,0.44
93,10,train,21.988632,0.47
93,11,train,41.008343,0.49
93,12,train,19.023563,0.52
93,13,train,22.512930,0.55
93,14,train,18.260101,0.57
93,15,train,19.756985,0.60
93,16,train,25.615082,0.63
93,17,train,21.130844,0.66
93,18,train,14.636168,0.68
93,19,train,20.977890,0.71
93,20,train,14.005341,0.74
93,21,train,17.699097,0.76
93,22,train,17.981583,0.79
93,23,train,14.178096,0.82
93,24,train,10.792751,0.85
93,25,train,20.760805,0.88
93,26,train,24.929529,0.90
93,27,train,28.697077,0.92
93,28,train,16.686117,0.95
93,29,train,10.791057,0.97
93,0,val,10.893749,1.09
93,1,val,25.602062,1.10
93,2,val,31.128752,1.10
93,3,val,10.116904,1.11
93,4,val,13.959002,1.12
93,5,val,20.916227,1.13
93,6,val,13.815639,1.14
93,7,val,17.372112,1.15
93,8,val,48.828888,1.15
93,9,val,34.586411,1.16
93,10,val,59.860363,1.17
93,11,val,22.761948,1.17
93,12,val,12.373016,1.18
93,13,val,21.464478,1.19
93,14,val,8.655852,1.19
93,15,val,31.722366,1.20
93,16,val,23.549862,1.21
93,17,val,87.114578,1.21
93,18,val,13.148028,1.22
93,19,val,26.598120,1.23
93,20,val,18.987331,1.24
93,21,val,8.956314,1.24
93,22,val,11.770313,1.25
93,23,val,21.838860,1.26
93,24,val,51.881828,1.26
93,25,val,34.331902,1.27
93,26,val,8.847412,1.28
93,27,val,14.023636,1.28
93,28,val,10.666213,1.29
93,29,val,10.052605,1.30
93,30,val,4.433540,1.31
93,31,val,20.487387,1.32
93,32,val,14.163177,1.34
93,33,val,9.546930,1.35
93,34,val,7.426637,1.36
93,35,val,65.280426,1.36
93,36,val,27.327080,1.37
93,37,val,26.254944,1.38
93,38,val,14.580048,1.39
93,39,val,37.911343,1.39
93,40,val,25.549566,1.40
93,41,val,17.864208,1.41
93,42,val,18.022312,1.41
93,43,val,14.621330,1.42
93,44,val,79.592377,1.43
93,45,val,38.277466,1.44
93,46,val,84.604706,1.44
93,47,val,25.753113,1.45
93,48,val,57.190395,1.46
93,49,val,10.039248,1.46
93,50,val,12.326162,1.47
93,51,val,14.059329,1.48
93,52,val,10.538555,1.48
93,53,val,11.080910,1.49
93,54,val,9.774313,1.50
93,55,val,10.133503,1.50
93,56,val,10.151425,1.51
93,57,val,13.639441,1.52
93,58,val,36.747181,1.52
93,59,val,11.472141,1.53
93,60,val,91.999138,1.54
93,61,val,27.114447,1.55
93,62,val,12.472445,1.55
93,63,val,26.011009,1.56
93,64,val,5.980659,1.57
93,65,val,77.537300,1.57
93,66,val,15.720259,1.58
93,67,val,9.831333,1.59
93,68,val,56.815804,1.59
93,69,val,11.121882,1.60
93,70,val,49.699173,1.61
93,71,val,84.716347,1.61
93,72,val,11.242388,1.62
93,73,val,10.576485,1.63
93,74,val,32.180485,1.63
93,75,val,18.380236,1.64
93,76,val,14.051402,1.65
93,77,val,9.008821,1.65
93,78,val,15.125669,1.66
93,79,val,29.199375,1.66
94,0,train,13.475322,0.11
94,1,train,22.613552,0.14
94,2,train,15.022253,0.17
94,3,train,15.190454,0.19
94,4,train,26.889177,0.22
94,5,train,18.545609,0.25
94,6,train,15.789526,0.27
94,7,train,14.945493,0.30
94,8,train,20.530941,0.32
94,9,train,26.690243,0.36
94,10,train,21.612907,0.39
94,11,train,18.431789,0.43
94,12,train,23.627979,0.46
94,13,train,19.667927,0.49
94,14,train,44.915710,0.52
94,15,train,18.176355,0.54
94,16,train,14.183149,0.56
94,17,train,23.323845,0.59
94,18,train,25.573381,0.62
94,19,train,22.919401,0.65
94,20,train,19.882439,0.68
94,21,train,15.728912,0.71
94,22,train,18.709095,0.74
94,23,train,20.864075,0.76
94,24,train,21.681240,0.79
94,25,train,14.155783,0.82
94,26,train,19.498528,0.84
94,27,train,14.639182,0.86
94,28,train,16.758810,0.89
94,29,train,19.588615,0.92
94,0,val,11.470985,1.04
94,1,val,16.170227,1.05
94,2,val,13.923716,1.05
94,3,val,10.502739,1.06
94,4,val,20.189388,1.07
94,5,val,19.379368,1.08
94,6,val,14.115391,1.09
94,7,val,18.340488,1.09
94,8,val,49.530407,1.10
94,9,val,34.812172,1.10
94,10,val,63.608578,1.11
94,11,val,19.196327,1.12
94,12,val,9.943893,1.12
94,13,val,23.523724,1.13
94,14,val,9.234459,1.14
94,15,val,15.907565,1.14
94,16,val,22.680069,1.15
94,17,val,84.984314,1.16
94,18,val,10.518415,1.16
94,19,val,23.533070,1.17
94,20,val,27.408743,1.18
94,21,val,7.980102,1.19
94,22,val,9.534140,1.19
94,23,val,22.205109,1.20
94,24,val,45.609844,1.20
94,25,val,32.429966,1.21
94,26,val,15.137755,1.22
94,27,val,16.136959,1.23
94,28,val,9.472162,1.25
94,29,val,10.492668,1.26
94,30,val,4.065427,1.27
94,31,val,20.705492,1.28
94,32,val,16.125803,1.29
94,33,val,9.617416,1.30
94,34,val,6.550752,1.31
94,35,val,17.426683,1.32
94,36,val,25.003988,1.33
94,37,val,15.829543,1.35
94,38,val,16.315693,1.36
94,39,val,39.494980,1.37
94,40,val,25.601164,1.38
94,41,val,13.753744,1.38
94,42,val,28.943375,1.40
94,43,val,13.113841,1.40
94,44,val,80.689415,1.41
94,45,val,37.020653,1.42
94,46,val,88.456055,1.43
94,47,val,20.940426,1.44
94,48,val,58.850121,1.45
94,49,val,8.905435,1.45
94,50,val,12.616439,1.46
94,51,val,11.312041,1.46
94,52,val,11.648422,1.47
94,53,val,9.599626,1.48
94,54,val,10.190292,1.48
94,55,val,8.644256,1.49
94,56,val,10.867476,1.50
94,57,val,13.863616,1.51
94,58,val,15.246975,1.51
94,59,val,10.389743,1.52
94,60,val,32.153488,1.53
94,61,val,23.732794,1.53
94,62,val,11.210490,1.54
94,63,val,28.591803,1.55
94,64,val,5.614419,1.55
94,65,val,76.869987,1.56
94,66,val,15.746901,1.57
94,67,val,10.874949,1.57
94,68,val,62.598675,1.58
94,69,val,15.516032,1.59
94,70,val,49.774811,1.60
94,71,val,91.223053,1.60
94,72,val,10.854442,1.61
94,73,val,9.100921,1.62
94,74,val,32.715206,1.62
94,75,val,19.603628,1.63
94,76,val,13.266836,1.63
94,77,val,15.414753,1.64
94,78,val,15.144343,1.64
94,79,val,30.475285,1.65
95,0,train,23.386311,0.18
95,1,train,12.070390,0.23
95,2,train,25.381500,0.27
95,3,train,12.397183,0.29
95,4,train,14.936874,0.32
95,5,train,12.192988,0.35
95,6,train,15.445132,0.38
95,7,train,14.686961,0.41
95,8,train,20.344559,0.44
95,9,train,17.078209,0.47
95,10,train,20.013578,0.49
95,11,train,12.732370,0.52
95,12,train,15.939146,0.55
95,13,train,15.080080,0.58
95,14,train,23.700476,0.60
95,15,train,16.249834,0.63
95,16,train,18.936375,0.66
95,17,train,11.769144,0.69
95,18,train,18.014256,0.73
95,19,train,21.828278,0.77
95,20,train,19.241533,0.82
95,21,train,14.991498,0.87
95,22,train,13.460730,0.92
95,23,train,21.776310,0.95
95,24,train,11.652052,0.99
95,25,train,21.827190,1.02
95,26,train,14.136431,1.04
95,27,train,14.477805,1.07
95,28,train,21.746294,1.09
95,29,train,21.872774,1.12
95,0,val,10.465836,1.23
95,1,val,16.923801,1.23
95,2,val,14.238426,1.24
95,3,val,14.034042,1.25
95,4,val,14.036777,1.25
95,5,val,31.007925,1.26
95,6,val,15.530407,1.27
95,7,val,17.456482,1.28
95,8,val,49.705803,1.29
95,9,val,36.269268,1.29
95,10,val,59.678185,1.30
95,11,val,20.650236,1.31
95,12,val,7.505966,1.31
95,13,val,21.329290,1.32
95,14,val,11.915220,1.33
95,15,val,13.690161,1.33
95,16,val,23.506516,1.34
95,17,val,83.496773,1.35
95,18,val,11.756312,1.35
95,19,val,33.732658,1.36
95,20,val,17.468914,1.37
95,21,val,8.257277,1.38
95,22,val,9.873435,1.38
95,23,val,21.497265,1.39
95,24,val,45.450134,1.40
95,25,val,36.405869,1.40
95,26,val,11.263884,1.41
95,27,val,13.217295,1.42
95,28,val,9.036167,1.42
95,29,val,11.039103,1.43
95,30,val,5.589454,1.44
95,31,val,21.075527,1.44
95,32,val,14.256330,1.45
95,33,val,9.000385,1.45
95,34,val,6.828536,1.46
95,35,val,17.805626,1.47
95,36,val,26.111748,1.48
95,37,val,13.976070,1.48
95,38,val,13.744529,1.49
95,39,val,38.726913,1.50
95,40,val,39.319881,1.50
95,41,val,12.175959,1.51
95,42,val,18.486977,1.52
95,43,val,13.732849,1.52
95,44,val,85.744987,1.53
95,45,val,37.325798,1.54
95,46,val,82.653671,1.54
95,47,val,19.771109,1.55
95,48,val,57.680984,1.55
95,49,val,8.833927,1.56
95,50,val,14.415542,1.57
95,51,val,11.532741,1.57
95,52,val,10.264068,1.58
95,53,val,8.911638,1.59
95,54,val,9.607849,1.60
95,55,val,8.447840,1.60
95,56,val,12.954497,1.61
95,57,val,15.195642,1.62
95,58,val,18.903608,1.62
95,59,val,12.481886,1.63
95,60,val,33.748585,1.64
95,61,val,32.718761,1.64
95,62,val,8.932798,1.65
95,63,val,25.898758,1.65
95,64,val,5.775358,1.66
95,65,val,76.886223,1.67
95,66,val,16.653873,1.67
95,67,val,10.052713,1.68
95,68,val,55.658302,1.69
95,69,val,11.722667,1.70
95,70,val,49.450111,1.70
95,71,val,84.210808,1.71
95,72,val,12.272918,1.72
95,73,val,8.202599,1.73
95,74,val,31.618261,1.73
95,75,val,18.655334,1.74
95,76,val,15.446423,1.74
95,77,val,9.631052,1.75
95,78,val,13.097292,1.75
95,79,val,30.286036,1.76
96,0,train,13.100355,0.16
96,1,train,26.933910,0.19
96,2,train,22.614103,0.22
96,3,train,29.098259,0.24
96,4,train,28.219250,0.27
96,5,train,24.607056,0.30
96,6,train,20.910408,0.32
96,7,train,17.117086,0.35
96,8,train,19.976002,0.37
96,9,train,11.831654,0.40
96,10,train,12.587291,0.43
96,11,train,26.136911,0.45
96,12,train,18.160185,0.48
96,13,train,15.726505,0.50
96,14,train,18.071104,0.53
96,15,train,28.120501,0.55
96,16,train,31.815556,0.58
96,17,train,14.404715,0.61
96,18,train,14.996325,0.63
96,19,train,18.257975,0.66
96,20,train,13.250408,0.68
96,21,train,22.366758,0.71
96,22,train,18.023911,0.74
96,23,train,27.069954,0.76
96,24,train,25.706013,0.79
96,25,train,13.828476,0.82
96,26,train,27.545841,0.85
96,27,train,16.403339,0.87
96,28,train,15.087951,0.89
96,29,train,11.618177,0.92
96,0,val,11.956345,1.04
96,1,val,17.881014,1.05
96,2,val,13.571497,1.05
96,3,val,11.888011,1.06
96,4,val,13.859912,1.07
96,5,val,20.061930,1.07
96,6,val,14.619533,1.08
96,7,val,16.564083,1.09
96,8,val,49.146095,1.10
96,9,val,36.744896,1.10
96,10,val,59.081173,1.11
96,11,val,18.465033,1.12
96,12,val,8.020514,1.12
96,13,val,22.142042,1.13
96,14,val,8.954092,1.14
96,15,val,10.338519,1.14
96,16,val,21.520140,1.15
96,17,val,83.158112,1.16
96,18,val,10.593029,1.16
96,19,val,21.792027,1.17
96,20,val,19.682217,1.18
96,21,val,12.506198,1.19
96,22,val,10.403639,1.20
96,23,val,22.048019,1.20
96,24,val,45.382576,1.21
96,25,val,33.134953,1.22
96,26,val,34.325127,1.22
96,27,val,13.922096,1.23
96,28,val,8.732892,1.23
96,29,val,9.683979,1.24
96,30,val,5.388494,1.25
96,31,val,23.169487,1.25
96,32,val,15.449878,1.26
96,33,val,11.018675,1.27
96,34,val,12.072471,1.27
96,35,val,17.765350,1.28
96,36,val,24.977699,1.29
96,37,val,13.372049,1.30
96,38,val,16.186546,1.30
96,39,val,38.385998,1.31
96,40,val,26.458015,1.31
96,41,val,16.210938,1.32
96,42,val,21.240511,1.33
96,43,val,13.827841,1.33
96,44,val,79.637589,1.34
96,45,val,36.508781,1.35
96,46,val,82.959663,1.35
96,47,val,16.346832,1.36
96,48,val,62.020718,1.37
96,49,val,9.844278,1.37
96,50,val,13.249975,1.38
96,51,val,11.253062,1.39
96,52,val,17.376841,1.40
96,53,val,9.932106,1.40
96,54,val,9.795973,1.41
96,55,val,8.445517,1.42
96,56,val,10.416945,1.42
96,57,val,14.359825,1.43
96,58,val,15.274508,1.43
96,59,val,12.494829,1.44
96,60,val,32.779785,1.45
96,61,val,21.940023,1.45
96,62,val,9.908900,1.46
96,63,val,27.664389,1.47
96,64,val,6.811241,1.47
96,65,val,96.252930,1.48
96,66,val,15.095469,1.48
96,67,val,10.430599,1.49
96,68,val,71.858566,1.50
96,69,val,12.391067,1.51
96,70,val,49.533627,1.51
96,71,val,83.810814,1.52
96,72,val,10.438486,1.53
96,73,val,9.166927,1.53
96,74,val,31.424126,1.54
96,75,val,19.698648,1.55
96,76,val,23.072163,1.55
96,77,val,9.895649,1.56
96,78,val,13.418944,1.56
96,79,val,29.925022,1.57
97,0,train,16.829340,0.13
97,1,train,12.749216,0.16
97,2,train,13.482958,0.19
97,3,train,26.579166,0.22
97,4,train,30.615191,0.28
97,5,train,20.229172,0.32
97,6,train,26.560724,0.35
97,7,train,12.446511,0.38
97,8,train,19.035963,0.43
97,9,train,13.416305,0.46
97,10,train,27.266617,0.49
97,11,train,15.029464,0.52
97,12,train,15.997040,0.55
97,13,train,10.769910,0.59
97,14,train,31.549713,0.63
97,15,train,14.727898,0.66
97,16,train,24.774288,0.69
97,17,train,18.630592,0.72
97,18,train,17.096313,0.76
97,19,train,12.488060,0.79
97,20,train,21.258360,0.82
97,21,train,13.474431,0.86
97,22,train,30.844456,0.89
97,23,train,12.962416,0.92
97,24,train,20.459827,0.95
97,25,train,13.321678,0.98
97,26,train,16.713202,1.01
97,27,train,16.433950,1.04
97,28,train,25.232786,1.07
97,29,train,27.810492,1.10
97,0,val,10.680853,1.29
97,1,val,15.706588,1.32
97,2,val,13.664509,1.34
97,3,val,10.261528,1.35
97,4,val,12.849503,1.36
97,5,val,19.094984,1.37
97,6,val,12.911086,1.38
97,7,val,18.003395,1.39
97,8,val,47.691097,1.39
97,9,val,35.600487,1.40
97,10,val,58.052193,1.41
97,11,val,22.702644,1.42
97,12,val,7.322587,1.43
97,13,val,40.862381,1.44
97,14,val,8.679863,1.45
97,15,val,20.253807,1.46
97,16,val,23.837166,1.46
97,17,val,82.473564,1.47
97,18,val,16.360497,1.48
97,19,val,21.656569,1.49
97,20,val,20.770493,1.50
97,21,val,7.525284,1.50
97,22,val,9.998752,1.52
97,23,val,21.947384,1.53
97,24,val,45.212074,1.53
97,25,val,33.141361,1.54
97,26,val,9.587566,1.55
97,27,val,15.190109,1.56
97,28,val,10.114268,1.57
97,29,val,9.654905,1.57
97,30,val,9.719643,1.58
97,31,val,20.947018,1.59
97,32,val,16.329689,1.60
97,33,val,10.319559,1.60
97,34,val,7.147189,1.61
97,35,val,17.276810,1.62
97,36,val,32.856888,1.63
97,37,val,14.129375,1.64
97,38,val,14.182734,1.65
97,39,val,38.078491,1.66
97,40,val,26.208599,1.66
97,41,val,12.588659,1.67
97,42,val,27.040771,1.68
97,43,val,14.308424,1.69
97,44,val,78.177605,1.69
97,45,val,35.762833,1.70
97,46,val,84.494720,1.71
97,47,val,31.129459,1.72
97,48,val,57.771465,1.73
97,49,val,8.044218,1.74
97,50,val,13.721469,1.75
97,51,val,11.617260,1.76
97,52,val,10.936568,1.76
97,53,val,8.815479,1.77
97,54,val,11.079559,1.78
97,55,val,10.885391,1.79
97,56,val,9.573576,1.79
97,57,val,12.715537,1.80
97,58,val,15.026183,1.81
97,59,val,15.903464,1.82
97,60,val,34.851528,1.83
97,61,val,21.478460,1.84
97,62,val,8.747045,1.84
97,63,val,26.941137,1.85
97,64,val,7.534430,1.86
97,65,val,77.117569,1.87
97,66,val,16.087540,1.88
97,67,val,9.195088,1.88
97,68,val,54.943645,1.89
97,69,val,14.375809,1.90
97,70,val,51.400784,1.91
97,71,val,86.381149,1.92
97,72,val,21.444532,1.92
97,73,val,7.887601,1.93
97,74,val,32.086323,1.94
97,75,val,19.620983,1.95
97,76,val,14.439690,1.95
97,77,val,9.653730,1.96
97,78,val,14.022339,1.96
97,79,val,29.049520,1.97
98,0,train,22.031128,0.14
98,1,train,13.560717,0.19
98,2,train,11.630019,0.23
98,3,train,13.493821,0.26
98,4,train,16.427658,0.29
98,5,train,16.862980,0.33
98,6,train,24.048717,0.37
98,7,train,15.026876,0.41
98,8,train,12.155935,0.45
98,9,train,12.546980,0.48
98,10,train,20.456413,0.52
98,11,train,15.143649,0.55
98,12,train,12.270996,0.58
98,13,train,25.142181,0.61
98,14,train,17.152855,0.64
98,15,train,35.055374,0.67
98,16,train,17.495842,0.70
98,17,train,15.868252,0.73
98,18,train,17.853519,0.77
98,19,train,11.023003,0.80
98,20,train,18.988501,0.83
98,21,train,16.859373,0.86
98,22,train,16.749969,0.89
98,23,train,17.665520,0.92
98,24,train,12.039420,0.95
98,25,train,19.199522,0.99
98,26,train,19.470959,1.02
98,27,train,12.598219,1.04
98,28,train,28.322655,1.07
98,29,train,17.355932,1.10
98,0,val,10.959764,1.28
98,1,val,31.964491,1.31
98,2,val,13.588485,1.33
98,3,val,10.062518,1.34
98,4,val,17.076841,1.35
98,5,val,21.375280,1.36
98,6,val,15.664124,1.37
98,7,val,17.148975,1.38
98,8,val,49.280365,1.40
98,9,val,34.218845,1.41
98,10,val,57.695663,1.42
98,11,val,30.618637,1.43
98,12,val,9.175940,1.44
98,13,val,21.578640,1.45
98,14,val,9.949659,1.46
98,15,val,10.658487,1.47
98,16,val,24.567097,1.48
98,17,val,83.127953,1.50
98,18,val,12.497431,1.51
98,19,val,44.700527,1.52
98,20,val,20.485909,1.53
98,21,val,6.699075,1.54
98,22,val,9.200498,1.55
98,23,val,21.626148,1.56
98,24,val,45.968796,1.57
98,25,val,38.005196,1.58
98,26,val,10.423426,1.60
98,27,val,13.508845,1.61
98,28,val,10.098227,1.62
98,29,val,10.030872,1.63
98,30,val,4.431002,1.64
98,31,val,20.521667,1.65
98,32,val,14.217487,1.66
98,33,val,17.399908,1.67
98,34,val,18.620462,1.68
98,35,val,19.069769,1.69
98,36,val,24.524319,1.70
98,37,val,13.031223,1.71
98,38,val,15.459091,1.72
98,39,val,37.475437,1.73
98,40,val,26.296156,1.74
98,41,val,11.515825,1.75
98,42,val,18.836155,1.76
98,43,val,13.587784,1.77
98,44,val,78.099655,1.77
98,45,val,36.313580,1.78
98,46,val,82.988113,1.79
98,47,val,15.994727,1.81
98,48,val,60.945641,1.82
98,49,val,8.342724,1.83
98,50,val,12.246997,1.83
98,51,val,15.930380,1.84
98,52,val,9.884496,1.85
98,53,val,8.827152,1.86
98,54,val,10.325413,1.87
98,55,val,8.573586,1.88
98,56,val,9.321172,1.89
98,57,val,15.604437,1.91
98,58,val,15.528316,1.92
98,59,val,15.460964,1.93
98,60,val,31.683304,1.93
98,61,val,22.695965,1.94
98,62,val,9.769247,1.95
98,63,val,24.598072,1.96
98,64,val,6.216380,1.97
98,65,val,74.584465,1.98
98,66,val,16.356339,1.98
98,67,val,9.451009,1.99
98,68,val,56.127808,2.00
98,69,val,11.584328,2.01
98,70,val,50.530762,2.02
98,71,val,83.360550,2.03
98,72,val,10.337870,2.04
98,73,val,8.690776,2.05
98,74,val,30.904013,2.06
98,75,val,29.655876,2.07
98,76,val,13.473099,2.07
98,77,val,9.868345,2.08
98,78,val,13.423649,2.08
98,79,val,29.445627,2.09
99,0,train,17.989525,0.16
99,1,train,21.947067,0.20
99,2,train,17.707983,0.24
99,3,train,23.870918,0.27
99,4,train,13.432033,0.31
99,5,train,24.730453,0.36
99,6,train,11.716290,0.40
99,7,train,10.218145,0.45
99,8,train,12.537452,0.49
99,9,train,17.902996,0.52
99,10,train,15.058582,0.56
99,11,train,16.938396,0.59
99,12,train,10.747876,0.63
99,13,train,18.995956,0.66
99,14,train,14.611820,0.69
99,15,train,26.097044,0.73
99,16,train,17.795982,0.76
99,17,train,23.430214,0.79
99,18,train,17.118246,0.83
99,19,train,20.394421,0.87
99,20,train,15.856859,0.91
99,21,train,17.334042,0.95
99,22,train,27.337776,1.00
99,23,train,15.632901,1.03
99,24,train,15.940433,1.07
99,25,train,16.965321,1.11
99,26,train,17.797979,1.15
99,27,train,16.844547,1.18
99,28,train,14.229074,1.22
99,29,train,16.212948,1.31
99,0,val,10.481980,1.45
99,1,val,19.642502,1.46
99,2,val,15.015239,1.47
99,3,val,11.985855,1.49
99,4,val,14.676414,1.49
99,5,val,19.694624,1.50
99,6,val,13.720722,1.51
99,7,val,17.604513,1.51
99,8,val,47.402519,1.52
99,9,val,34.407375,1.53
99,10,val,57.596458,1.54
99,11,val,18.665199,1.54
99,12,val,7.635857,1.55
99,13,val,41.835754,1.56
99,14,val,12.149505,1.56
99,15,val,10.168820,1.57
99,16,val,22.449734,1.58
99,17,val,80.954941,1.59
99,18,val,15.283770,1.60
99,19,val,28.776976,1.60
99,20,val,16.421120,1.61
99,21,val,7.919086,1.62
99,22,val,14.320609,1.62
99,23,val,22.602499,1.63
99,24,val,48.499401,1.64
99,25,val,32.332069,1.64
99,26,val,8.946432,1.65
99,27,val,13.403542,1.66
99,28,val,10.464174,1.66
99,29,val,19.612421,1.67
99,30,val,5.357114,1.68
99,31,val,31.228443,1.69
99,32,val,16.125368,1.70
99,33,val,10.319362,1.70
99,34,val,9.526586,1.71
99,35,val,17.754597,1.72
99,36,val,27.289448,1.72
99,37,val,12.750945,1.73
99,38,val,14.177192,1.74
99,39,val,36.399612,1.75
99,40,val,25.512547,1.75
99,41,val,14.267691,1.76
99,42,val,17.897316,1.77
99,43,val,12.907958,1.77
99,44,val,78.125671,1.78
99,45,val,35.646255,1.79
99,46,val,83.466797,1.80
99,47,val,16.302216,1.81
99,48,val,58.150543,1.81
99,49,val,7.936161,1.82
99,50,val,12.391753,1.83
99,51,val,12.628558,1.83
99,52,val,11.753386,1.84
99,53,val,9.219593,1.85
99,54,val,10.470250,1.85
99,55,val,9.961878,1.86
99,56,val,12.302334,1.87
99,57,val,14.277835,1.88
99,58,val,15.848368,1.88
99,59,val,10.251366,1.89
99,60,val,35.245728,1.90
99,61,val,23.708252,1.91
99,62,val,9.232240,1.91
99,63,val,35.572487,1.92
99,64,val,8.159910,1.93
99,65,val,77.390541,1.94
99,66,val,15.750476,1.94
99,67,val,12.197350,1.95
99,68,val,55.040298,1.96
99,69,val,10.729467,1.96
99,70,val,49.214977,1.97
99,71,val,82.574219,1.98
99,72,val,11.845561,1.99
99,73,val,9.334623,2.00
99,74,val,34.420376,2.00
99,75,val,46.057297,2.01
99,76,val,13.811134,2.02
99,77,val,10.763366,2.02
99,78,val,13.108200,2.03
99,79,val,35.655746,2.03
100,0,train,20.810360,0.13
100,1,train,9.597820,0.17
100,2,train,24.743275,0.20
100,3,train,16.635912,0.23
100,4,train,13.862451,0.26
100,5,train,11.356876,0.29
100,6,train,20.837288,0.32
100,7,train,14.115276,0.35
100,8,train,19.891018,0.38
100,9,train,12.288578,0.42
100,10,train,18.292727,0.44
100,11,train,21.267338,0.47
100,12,train,12.851570,0.49
100,13,train,31.313404,0.52
100,14,train,14.228149,0.55
100,15,train,21.278458,0.58
100,16,train,10.404532,0.60
100,17,train,22.829060,0.63
100,18,train,16.996647,0.66
100,19,train,19.247429,0.69
100,20,train,19.847826,0.72
100,21,train,16.512564,0.75
100,22,train,13.934668,0.77
100,23,train,10.554173,0.80
100,24,train,25.872545,0.82
100,25,train,18.735641,0.85
100,26,train,10.652543,0.87
100,27,train,36.573776,0.90
100,28,train,17.867149,0.92
100,29,train,25.904650,0.95
100,0,val,10.840139,1.06
100,1,val,15.835571,1.07
100,2,val,35.914867,1.07
100,3,val,10.150200,1.08
100,4,val,14.954464,1.09
100,5,val,20.939304,1.10
100,6,val,13.247200,1.11
100,7,val,21.052452,1.11
100,8,val,48.445969,1.12
100,9,val,34.142918,1.13
100,10,val,56.810608,1.13
100,11,val,19.275253,1.14
100,12,val,12.818905,1.15
100,13,val,22.956640,1.16
100,14,val,9.137072,1.16
100,15,val,11.197502,1.17
100,16,val,22.801769,1.17
100,17,val,80.710236,1.18
100,18,val,14.177832,1.19
100,19,val,23.360634,1.19
100,20,val,17.364693,1.20
100,21,val,8.142488,1.21
100,22,val,16.592688,1.22
100,23,val,24.229477,1.22
100,24,val,44.321114,1.23
100,25,val,35.513626,1.24
100,26,val,10.631828,1.24
100,27,val,13.753029,1.25
100,28,val,8.464106,1.26
100,29,val,11.124446,1.26
100,30,val,4.466582,1.27
100,31,val,22.789680,1.28
100,32,val,17.213921,1.28
100,33,val,11.074191,1.29
100,34,val,6.658138,1.30
100,35,val,17.611927,1.31
100,36,val,24.085363,1.32
100,37,val,12.468481,1.32
100,38,val,15.397390,1.33
100,39,val,37.436947,1.34
100,40,val,26.007950,1.34
100,41,val,12.735102,1.35
100,42,val,17.994724,1.36
100,43,val,14.389639,1.37
100,44,val,77.568146,1.37
100,45,val,35.589848,1.38
100,46,val,85.425751,1.39
100,47,val,16.229408,1.40
100,48,val,57.607571,1.41
100,49,val,8.675979,1.42
100,50,val,12.355177,1.43
100,51,val,12.023056,1.44
100,52,val,10.269751,1.45
100,53,val,10.681094,1.46
100,54,val,9.866604,1.47
100,55,val,12.139506,1.48
100,56,val,15.250343,1.49
100,57,val,14.855636,1.49
100,58,val,17.099058,1.50
100,59,val,13.064799,1.51
100,60,val,32.557343,1.52
100,61,val,22.503363,1.53
100,62,val,10.823345,1.54
100,63,val,27.910566,1.55
100,64,val,6.502256,1.56
100,65,val,76.167847,1.57
100,66,val,15.364551,1.57
100,67,val,9.414597,1.58
100,68,val,56.070736,1.59
100,69,val,11.258235,1.60
100,70,val,47.477493,1.61
100,71,val,81.672394,1.61
100,72,val,10.610221,1.62
100,73,val,8.010773,1.64
100,74,val,85.834610,1.64
100,75,val,20.950701,1.65
100,76,val,14.000598,1.66
100,77,val,17.278328,1.66
100,78,val,14.018692,1.67
100,79,val,31.372952,1.68
101,0,train,21.806875,0.16
101,1,train,15.063844,0.20
101,2,train,20.359322,0.23
101,3,train,22.215139,0.27
101,4,train,22.871353,0.30
101,5,train,39.060989,0.33
101,6,train,31.885611,0.36
101,7,train,24.413443,0.39
101,8,train,31.485039,0.41
101,9,train,21.999723,0.44
101,10,train,20.667622,0.47
101,11,train,27.005810,0.50
101,12,train,20.660011,0.53
101,13,train,23.107632,0.56
101,14,train,31.136187,0.58
101,15,train,15.299478,0.61
101,16,train,16.470274,0.64
101,17,train,15.829061,0.66
101,18,train,13.555422,0.69
101,19,train,24.174816,0.72
101,20,train,17.790085,0.74
101,21,train,14.728865,0.77
101,22,train,13.052677,0.80
101,23,train,11.705097,0.82
101,24,train,18.909735,0.85
101,25,train,14.520329,0.88
101,26,train,24.745857,0.91
101,27,train,17.515236,0.93
101,28,train,29.005672,0.96
101,29,train,19.659575,0.98
101,0,val,11.227699,1.11
101,1,val,16.064365,1.12
101,2,val,14.150286,1.12
101,3,val,9.623213,1.13
101,4,val,17.135712,1.14
101,5,val,21.726562,1.15
101,6,val,12.825842,1.15
101,7,val,18.581448,1.16
101,8,val,50.855049,1.17
101,9,val,34.817589,1.17
101,10,val,58.168610,1.18
101,11,val,22.942932,1.19
101,12,val,7.401021,1.20
101,13,val,20.094786,1.20
101,14,val,9.848138,1.21
101,15,val,14.166397,1.22
101,16,val,33.795242,1.22
101,17,val,85.958702,1.23
101,18,val,12.994198,1.24
101,19,val,24.500608,1.25
101,20,val,19.420414,1.25
101,21,val,7.373621,1.27
101,22,val,10.096508,1.28
101,23,val,23.516668,1.28
101,24,val,43.927727,1.29
101,25,val,33.764351,1.30
101,26,val,12.871284,1.31
101,27,val,14.880806,1.32
101,28,val,9.054298,1.32
101,29,val,11.535295,1.33
101,30,val,5.149844,1.35
101,31,val,20.404894,1.35
101,32,val,15.122771,1.36
101,33,val,9.750551,1.37
101,34,val,7.070090,1.37
101,35,val,16.393095,1.38
101,36,val,25.432785,1.39
101,37,val,13.370365,1.40
101,38,val,13.792082,1.40
101,39,val,38.620499,1.41
101,40,val,25.615887,1.42
101,41,val,11.818810,1.43
101,42,val,19.482325,1.43
101,43,val,12.813435,1.44
101,44,val,79.531021,1.45
101,45,val,37.311996,1.46
101,46,val,81.605614,1.46
101,47,val,21.480587,1.47
101,48,val,57.797203,1.48
101,49,val,10.598922,1.49
101,50,val,13.542982,1.50
101,51,val,13.596397,1.50
101,52,val,10.563913,1.51
101,53,val,9.417290,1.52
101,54,val,9.773168,1.52
101,55,val,9.252391,1.53
101,56,val,8.984158,1.54
101,57,val,13.997416,1.54
101,58,val,16.324108,1.56
101,59,val,12.179831,1.56
101,60,val,33.363815,1.57
101,61,val,21.008232,1.58
101,62,val,8.727644,1.58
101,63,val,25.318907,1.59
101,64,val,5.631328,1.60
101,65,val,76.234268,1.60
101,66,val,15.754618,1.61
101,67,val,9.116233,1.62
101,68,val,54.655014,1.62
101,69,val,14.463005,1.63
101,70,val,49.371212,1.64
101,71,val,84.532616,1.64
101,72,val,9.013966,1.65
101,73,val,7.970356,1.66
101,74,val,29.689688,1.67
101,75,val,18.405579,1.67
101,76,val,14.632109,1.68
101,77,val,9.894156,1.68
101,78,val,14.527220,1.69
101,79,val,27.618809,1.69
102,0,train,30.959383,0.10
102,1,train,15.993683,0.14
102,2,train,29.346184,0.16
102,3,train,18.180702,0.19
102,4,train,21.288414,0.21
102,5,train,15.039677,0.24
102,6,train,10.093412,0.26
102,7,train,18.427959,0.29
102,8,train,23.519341,0.31
102,9,train,10.967387,0.35
102,10,train,17.709229,0.37
102,11,train,18.531199,0.40
102,12,train,18.682405,0.42
102,13,train,17.140326,0.46
102,14,train,19.662004,0.48
102,15,train,9.275274,0.51
102,16,train,19.708637,0.53
102,17,train,20.282190,0.56
102,18,train,31.382011,0.59
102,19,train,32.444584,0.61
102,20,train,12.461084,0.64
102,21,train,26.005938,0.67
102,22,train,12.853561,0.69
102,23,train,12.322559,0.72
102,24,train,26.372665,0.74
102,25,train,17.318817,0.77
102,26,train,28.022573,0.79
102,27,train,26.074646,0.82
102,28,train,16.911694,0.84
102,29,train,25.477940,0.86
102,0,val,13.488691,0.98
102,1,val,35.769424,0.99
102,2,val,14.372646,0.99
102,3,val,9.379065,1.00
102,4,val,15.312395,1.01
102,5,val,19.100279,1.02
102,6,val,12.771354,1.03
102,7,val,31.506201,1.04
102,8,val,47.141922,1.05
102,9,val,38.681847,1.05
102,10,val,56.595337,1.06
102,11,val,23.055517,1.07
102,12,val,8.072901,1.08
102,13,val,21.509262,1.09
102,14,val,11.677455,1.11
102,15,val,14.422182,1.13
102,16,val,23.548834,1.14
102,17,val,82.044128,1.15
102,18,val,11.013468,1.16
102,19,val,22.281445,1.16
102,20,val,18.086378,1.17
102,21,val,7.270679,1.18
102,22,val,9.646564,1.18
102,23,val,22.185780,1.19
102,24,val,43.933716,1.20
102,25,val,33.901985,1.20
102,26,val,10.449532,1.21
102,27,val,13.726699,1.21
102,28,val,9.585935,1.22
102,29,val,9.551432,1.23
102,30,val,6.165381,1.24
102,31,val,19.681133,1.24
102,32,val,15.983584,1.25
102,33,val,9.793990,1.26
102,34,val,7.415690,1.26
102,35,val,16.850746,1.27
102,36,val,24.458447,1.28
102,37,val,12.871532,1.28
102,38,val,14.369743,1.29
102,39,val,36.328159,1.29
102,40,val,26.275684,1.30
102,41,val,24.877127,1.31
102,42,val,17.671783,1.31
102,43,val,16.004601,1.32
102,44,val,77.229858,1.33
102,45,val,35.010693,1.33
102,46,val,106.889435,1.34
102,47,val,15.862320,1.35
102,48,val,94.653091,1.36
102,49,val,9.428774,1.36
102,50,val,14.692244,1.37
102,51,val,12.438769,1.38
102,52,val,9.896088,1.39
102,53,val,10.238907,1.40
102,54,val,8.923239,1.41
102,55,val,10.244273,1.41
102,56,val,14.539213,1.42
102,57,val,14.686343,1.43
102,58,val,14.078102,1.44
102,59,val,9.917567,1.44
102,60,val,32.690563,1.45
102,61,val,21.311001,1.46
102,62,val,15.303699,1.46
102,63,val,26.770763,1.47
102,64,val,7.898247,1.48
102,65,val,74.839813,1.48
102,66,val,16.141354,1.49
102,67,val,9.046116,1.50
102,68,val,54.903347,1.51
102,69,val,20.894564,1.52
102,70,val,48.505989,1.53
102,71,val,81.561340,1.54
102,72,val,10.425982,1.54
102,73,val,10.766575,1.55
102,74,val,30.079977,1.56
102,75,val,19.385216,1.56
102,76,val,13.262991,1.57
102,77,val,10.896338,1.57
102,78,val,13.345333,1.58
102,79,val,39.598797,1.58
103,0,train,15.898695,0.11
103,1,train,17.395580,0.14
103,2,train,15.742802,0.18
103,3,train,19.561481,0.23
103,4,train,13.367760,0.30
103,5,train,11.122530,0.35
103,6,train,18.291618,0.40
103,7,train,12.781948,0.44
103,8,train,22.290215,0.47
103,9,train,15.625543,0.51
103,10,train,13.908523,0.54
103,11,train,12.093620,0.58
103,12,train,15.546636,0.62
103,13,train,10.888381,0.66
103,14,train,15.801730,0.72
103,15,train,13.962357,0.78
103,16,train,20.161942,0.82
103,17,train,18.359438,0.86
103,18,train,14.452637,0.90
103,19,train,23.162636,0.94
103,20,train,13.334982,0.97
103,21,train,23.788383,1.02
103,22,train,19.895607,1.05
103,23,train,13.418986,1.08
103,24,train,14.993143,1.11
103,25,train,17.696508,1.14
103,26,train,15.659609,1.18
103,27,train,11.972032,1.24
103,28,train,21.682224,1.28
103,29,train,19.752153,1.33
103,0,val,10.964549,1.53
103,1,val,18.955864,1.54
103,2,val,20.182920,1.55
103,3,val,9.232849,1.56
103,4,val,13.159575,1.57
103,5,val,19.089094,1.58
103,6,val,12.752818,1.59
103,7,val,33.227592,1.60
103,8,val,50.019279,1.61
103,9,val,32.974106,1.62
103,10,val,55.908947,1.62
103,11,val,17.999542,1.63
103,12,val,9.477077,1.65
103,13,val,19.212271,1.65
103,14,val,8.660178,1.66
103,15,val,11.026604,1.67
103,16,val,21.318897,1.68
103,17,val,92.087799,1.69
103,18,val,13.479358,1.69
103,19,val,23.440548,1.70
103,20,val,17.940613,1.71
103,21,val,7.712546,1.72
103,22,val,9.330897,1.73
103,23,val,21.578102,1.74
103,24,val,48.267235,1.75
103,25,val,33.334465,1.76
103,26,val,9.819929,1.76
103,27,val,13.883452,1.77
103,28,val,8.279737,1.78
103,29,val,9.371304,1.79
103,30,val,9.235958,1.80
103,31,val,21.436001,1.81
103,32,val,14.786098,1.81
103,33,val,8.689730,1.83
103,34,val,7.239770,1.84
103,35,val,16.497110,1.86
103,36,val,23.586998,1.89
103,37,val,13.232425,1.92
103,38,val,13.691737,1.95
103,39,val,38.109238,1.96
103,40,val,25.603634,1.97
103,41,val,11.770633,1.98
103,42,val,18.049063,1.99
103,43,val,13.086246,2.00
103,44,val,77.573189,2.01
103,45,val,35.421730,2.02
103,46,val,77.861954,2.03
103,47,val,16.324688,2.04
103,48,val,57.774750,2.05
103,49,val,9.264507,2.05
103,50,val,16.550156,2.06
103,51,val,12.975207,2.07
103,52,val,17.042051,2.08
103,53,val,9.536908,2.09
103,54,val,9.594387,2.09
103,55,val,8.608698,2.10
103,56,val,8.720972,2.11
103,57,val,33.306698,2.13
103,58,val,15.954174,2.13
103,59,val,10.882126,2.14
103,60,val,32.851681,2.15
103,61,val,21.138088,2.16
103,62,val,37.624786,2.17
103,63,val,32.129421,2.18
103,64,val,6.176994,2.19
103,65,val,74.259331,2.20
103,66,val,15.093891,2.21
103,67,val,10.538431,2.22
103,68,val,57.113029,2.23
103,69,val,11.695834,2.24
103,70,val,48.874813,2.25
103,71,val,81.710197,2.26
103,72,val,13.475090,2.27
103,73,val,9.133845,2.27
103,74,val,30.683422,2.28
103,75,val,18.820444,2.29
103,76,val,12.551078,2.30
103,77,val,8.941406,2.30
103,78,val,13.257673,2.31
103,79,val,27.911638,2.31
104,0,train,12.484574,0.15
104,1,train,21.257278,0.20
104,2,train,13.863825,0.23
104,3,train,11.814498,0.26
104,4,train,23.032106,0.30
104,5,train,13.670556,0.33
104,6,train,20.107973,0.36
104,7,train,20.502644,0.39
104,8,train,11.884662,0.44
104,9,train,15.780396,0.47
104,10,train,19.511938,0.50
104,11,train,17.427853,0.55
104,12,train,16.912628,0.59
104,13,train,17.663065,0.62
104,14,train,16.315083,0.67
104,15,train,19.337151,0.70
104,16,train,15.788305,0.73
104,17,train,19.280701,0.77
104,18,train,17.726725,0.80
104,19,train,51.848579,0.83
104,20,train,25.818439,0.86
104,21,train,19.926268,0.90
104,22,train,24.216311,0.93
104,23,train,14.091473,0.96
104,24,train,22.955647,0.99
104,25,train,20.122412,1.02
104,26,train,18.174694,1.04
104,27,train,17.473988,1.07
104,28,train,15.849051,1.10
104,29,train,14.561161,1.13
104,0,val,26.488953,1.31
104,1,val,16.477800,1.33
104,2,val,14.711740,1.34
104,3,val,9.860668,1.35
104,4,val,12.376614,1.36
104,5,val,19.415897,1.37
104,6,val,13.284246,1.38
104,7,val,16.464319,1.39
104,8,val,49.643166,1.40
104,9,val,33.678223,1.41
104,10,val,56.449303,1.42
104,11,val,18.223774,1.44
104,12,val,13.642431,1.45
104,13,val,19.892345,1.45
104,14,val,9.429974,1.46
104,15,val,14.674464,1.47
104,16,val,23.159521,1.48
104,17,val,78.436356,1.49
104,18,val,13.395713,1.49
104,19,val,25.676861,1.50
104,20,val,18.583572,1.51
104,21,val,7.098775,1.52
104,22,val,47.152214,1.53
104,23,val,21.199055,1.54
104,24,val,43.197800,1.55
104,25,val,32.708008,1.56
104,26,val,10.147976,1.56
104,27,val,14.321983,1.58
104,28,val,28.726074,1.58
104,29,val,10.850527,1.59
104,30,val,5.170011,1.60
104,31,val,28.729813,1.61
104,32,val,14.291610,1.62
104,33,val,11.495520,1.62
104,34,val,7.813614,1.63
104,35,val,33.300804,1.65
104,36,val,26.784836,1.66
104,37,val,14.891459,1.67
104,38,val,15.188473,1.68
104,39,val,37.949852,1.69
104,40,val,24.968323,1.70
104,41,val,13.022709,1.71
104,42,val,17.802162,1.72
104,43,val,13.993144,1.73
104,44,val,77.109848,1.73
104,45,val,37.292358,1.75
104,46,val,77.201965,1.76
104,47,val,18.285868,1.77
104,48,val,56.018463,1.77
104,49,val,8.082140,1.78
104,50,val,13.584967,1.79
104,51,val,14.052852,1.80
104,52,val,9.206232,1.81
104,53,val,9.483470,1.81
104,54,val,9.110390,1.82
104,55,val,9.677775,1.83
104,56,val,9.612677,1.84
104,57,val,16.708130,1.85
104,58,val,13.951850,1.86
104,59,val,10.347092,1.87
104,60,val,32.316235,1.88
104,61,val,28.739742,1.89
104,62,val,9.820957,1.89
104,63,val,26.064558,1.90
104,64,val,5.734462,1.91
104,65,val,72.559937,1.92
104,66,val,15.124172,1.93
104,67,val,9.856228,1.93
104,68,val,55.886459,1.94
104,69,val,11.158182,1.95
104,70,val,49.240608,1.96
104,71,val,81.848511,1.97
104,72,val,11.130348,1.98
104,73,val,7.929253,1.99
104,74,val,32.710365,1.99
104,75,val,17.646898,2.00
104,76,val,13.130806,2.01
104,77,val,40.688610,2.02
104,78,val,13.684532,2.02
104,79,val,29.821981,2.03
105,0,train,18.864592,0.14
105,1,train,14.872347,0.18
105,2,train,15.806629,0.22
105,3,train,22.056637,0.25
105,4,train,12.507448,0.29
105,5,train,13.356140,0.32
105,6,train,9.377461,0.36
105,7,train,11.280968,0.39
105,8,train,18.731640,0.43
105,9,train,15.383428,0.46
105,10,train,23.646606,0.50
105,11,train,24.488079,0.53
105,12,train,17.724154,0.56
105,13,train,13.794806,0.59
105,14,train,14.775513,0.64
105,15,train,23.704388,0.68
105,16,train,19.469402,0.71
105,17,train,15.499950,0.75
105,18,train,22.025822,0.79
105,19,train,12.034327,0.82
105,20,train,15.225160,0.86
105,21,train,27.979849,0.89
105,22,train,11.065578,0.93
105,23,train,17.009403,0.97
105,24,train,15.361409,1.01
105,25,train,12.319353,1.04
105,26,train,19.723402,1.07
105,27,train,9.290031,1.09
105,28,train,20.640884,1.11
105,29,train,11.987190,1.13
105,0,val,11.021788,1.25
105,1,val,17.748356,1.26
105,2,val,13.470646,1.27
105,3,val,21.667433,1.27
105,4,val,13.456916,1.28
105,5,val,19.883179,1.29
105,6,val,12.869021,1.30
105,7,val,43.166313,1.31
105,8,val,47.577393,1.31
105,9,val,34.013062,1.32
105,10,val,54.641262,1.33
105,11,val,18.213039,1.33
105,12,val,7.898517,1.34
105,13,val,20.484837,1.35
105,14,val,14.644057,1.35
105,15,val,10.289598,1.36
105,16,val,22.244751,1.37
105,17,val,79.823029,1.37
105,18,val,10.689563,1.38
105,19,val,21.637909,1.39
105,20,val,18.140810,1.40
105,21,val,14.618074,1.40
105,22,val,9.346605,1.41
105,23,val,20.718105,1.42
105,24,val,44.703564,1.42
105,25,val,34.524048,1.43
105,26,val,10.002391,1.43
105,27,val,14.337967,1.44
105,28,val,10.384506,1.45
105,29,val,9.792607,1.45
105,30,val,4.855024,1.46
105,31,val,21.325712,1.47
105,32,val,16.189823,1.47
105,33,val,9.372246,1.48
105,34,val,7.321598,1.49
105,35,val,15.485812,1.50
105,36,val,29.977850,1.50
105,37,val,13.638254,1.51
105,38,val,13.370544,1.52
105,39,val,34.825684,1.52
105,40,val,26.684919,1.53
105,41,val,11.686104,1.54
105,42,val,18.040941,1.54
105,43,val,29.188139,1.55
105,44,val,77.050369,1.56
105,45,val,33.988594,1.56
105,46,val,76.704247,1.57
105,47,val,16.095715,1.58
105,48,val,57.010921,1.58
105,49,val,14.219212,1.59
105,50,val,12.350417,1.60
105,51,val,12.272449,1.61
105,52,val,11.141724,1.62
105,53,val,11.913729,1.62
105,54,val,10.772648,1.63
105,55,val,8.713503,1.64
105,56,val,9.465823,1.64
105,57,val,14.771568,1.65
105,58,val,15.445044,1.65
105,59,val,12.650573,1.66
105,60,val,32.809067,1.67
105,61,val,22.178305,1.68
105,62,val,10.648558,1.69
105,63,val,26.567122,1.70
105,64,val,6.063859,1.71
105,65,val,71.882179,1.72
105,66,val,15.844615,1.72
105,67,val,8.587553,1.73
105,68,val,55.526241,1.74
105,69,val,10.774696,1.74
105,70,val,48.764050,1.75
105,71,val,81.315735,1.75
105,72,val,9.550405,1.76
105,73,val,8.676192,1.77
105,74,val,30.036686,1.77
105,75,val,17.473082,1.78
105,76,val,14.497658,1.79
105,77,val,8.257461,1.79
105,78,val,12.773298,1.79
105,79,val,27.786585,1.80
106,0,train,14.574474,0.11
106,1,train,14.360224,0.14
106,2,train,15.637968,0.17
106,3,train,27.602106,0.20
106,4,train,19.449451,0.22
106,5,train,17.752222,0.25
106,6,train,12.407148,0.28
106,7,train,12.185438,0.30
106,8,train,23.880777,0.33
106,9,train,19.864086,0.36
106,10,train,14.867441,0.39
106,11,train,16.267782,0.41
106,12,train,13.784636,0.44
106,13,train,19.030146,0.47
106,14,train,14.373619,0.49
106,15,train,13.854402,0.52
106,16,train,23.324492,0.55
106,17,train,25.765757,0.59
106,18,train,15.766989,0.61
106,19,train,16.937433,0.71
106,20,train,12.417465,0.74
106,21,train,12.446350,0.77
106,22,train,26.740070,0.80
106,23,train,16.369175,0.82
106,24,train,25.429531,0.85
106,25,train,26.576809,0.88
106,26,train,12.666403,0.90
106,27,train,15.102625,0.92
106,28,train,15.429331,0.94
106,29,train,13.601503,0.96
106,0,val,10.426298,1.08
106,1,val,15.871349,1.09
106,2,val,13.245741,1.10
106,3,val,23.488987,1.10
106,4,val,12.859642,1.11
106,5,val,19.332558,1.12
106,6,val,12.571944,1.13
106,7,val,16.835018,1.14
106,8,val,49.230751,1.14
106,9,val,33.411472,1.15
106,10,val,54.568779,1.16
106,11,val,17.056990,1.16
106,12,val,7.350130,1.17
106,13,val,21.533905,1.18
106,14,val,8.720222,1.18
106,15,val,10.875529,1.19
106,16,val,23.057228,1.20
106,17,val,78.680656,1.20
106,18,val,13.444197,1.21
106,19,val,22.196041,1.22
106,20,val,17.716293,1.23
106,21,val,6.754111,1.24
106,22,val,11.498263,1.24
106,23,val,22.028473,1.25
106,24,val,43.960464,1.26
106,25,val,33.448318,1.26
106,26,val,9.248697,1.27
106,27,val,15.390418,1.28
106,28,val,8.339028,1.28
106,29,val,9.188995,1.29
106,30,val,9.222414,1.30
106,31,val,22.323257,1.30
106,32,val,15.643478,1.31
106,33,val,8.888831,1.32
106,34,val,5.940380,1.33
106,35,val,50.436249,1.34
106,36,val,23.515541,1.34
106,37,val,13.729887,1.35
106,38,val,13.905650,1.36
106,39,val,38.868103,1.36
106,40,val,25.678303,1.37
106,41,val,12.935401,1.38
106,42,val,19.548828,1.38
106,43,val,63.910748,1.39
106,44,val,77.642731,1.40
106,45,val,34.489346,1.40
106,46,val,76.770340,1.41
106,47,val,15.612679,1.42
106,48,val,56.155727,1.43
106,49,val,7.855914,1.43
106,50,val,11.838164,1.44
106,51,val,11.958926,1.45
106,52,val,10.410384,1.45
106,53,val,9.707474,1.46
106,54,val,10.651833,1.47
106,55,val,11.811283,1.47
106,56,val,9.605948,1.48
106,57,val,17.619719,1.49
106,58,val,15.987765,1.49
106,59,val,12.075420,1.50
106,60,val,30.526173,1.51
106,61,val,21.004772,1.51
106,62,val,8.227217,1.52
106,63,val,51.652458,1.53
106,64,val,5.462899,1.54
106,65,val,72.741135,1.54
106,66,val,15.942474,1.55
106,67,val,17.149023,1.56
106,68,val,53.809658,1.56
106,69,val,15.596952,1.57
106,70,val,46.702888,1.58
106,71,val,81.662781,1.58
106,72,val,10.592402,1.59
106,73,val,10.109160,1.60
106,74,val,40.028496,1.61
106,75,val,17.243370,1.62
106,76,val,13.205853,1.63
106,77,val,8.453841,1.64
106,78,val,12.585600,1.64
106,79,val,27.566278,1.64
107,0,train,12.841639,0.11
107,1,train,14.165909,0.14
107,2,train,14.642104,0.17
107,3,train,16.413733,0.19
107,4,train,14.171930,0.22
107,5,train,22.261690,0.24
107,6,train,14.363283,0.27
107,7,train,14.794537,0.29
107,8,train,17.509272,0.32
107,9,train,12.341456,0.35
107,10,train,14.928247,0.37
107,11,train,25.121155,0.40
107,12,train,13.115320,0.42
107,13,train,15.912426,0.45
107,14,train,12.523223,0.47
107,15,train,12.148064,0.50
107,16,train,12.835777,0.52
107,17,train,13.050380,0.56
107,18,train,12.855375,0.58
107,19,train,16.965168,0.61
107,20,train,18.290819,0.63
107,21,train,14.839664,0.66
107,22,train,8.533241,0.69
107,23,train,12.337887,0.71
107,24,train,20.489990,0.74
107,25,train,18.789658,0.77
107,26,train,11.782376,0.80
107,27,train,23.428497,0.82
107,28,train,15.095706,0.84
107,29,train,31.494482,0.87
107,0,val,9.693901,1.00
107,1,val,17.264780,1.02
107,2,val,13.121344,1.04
107,3,val,21.995970,1.04
107,4,val,13.696971,1.05
107,5,val,19.968933,1.06
107,6,val,13.829521,1.07
107,7,val,16.236752,1.07
107,8,val,49.581219,1.08
107,9,val,39.036064,1.09
107,10,val,54.131344,1.09
107,11,val,17.838730,1.10
107,12,val,8.073653,1.10
107,13,val,20.589626,1.11
107,14,val,7.884974,1.12
107,15,val,11.470690,1.13
107,16,val,22.738205,1.14
107,17,val,79.112427,1.15
107,18,val,13.415228,1.15
107,19,val,21.355278,1.16
107,20,val,17.889742,1.17
107,21,val,7.062780,1.17
107,22,val,8.960812,1.18
107,23,val,20.233356,1.19
107,24,val,52.788921,1.19
107,25,val,46.426018,1.20
107,26,val,28.724791,1.21
107,27,val,14.569563,1.21
107,28,val,8.348738,1.22
107,29,val,16.381432,1.23
107,30,val,4.368717,1.23
107,31,val,21.052326,1.24
107,32,val,13.152290,1.25
107,33,val,8.875141,1.25
107,34,val,6.250631,1.26
107,35,val,16.572731,1.27
107,36,val,31.514801,1.27
107,37,val,15.080099,1.28
107,38,val,12.574695,1.29
107,39,val,35.998363,1.29
107,40,val,24.396893,1.30
107,41,val,13.913291,1.31
107,42,val,17.801544,1.31
107,43,val,12.847990,1.32
107,44,val,76.910316,1.33
107,45,val,34.765827,1.33
107,46,val,75.815628,1.35
107,47,val,16.528614,1.35
107,48,val,60.926743,1.36
107,49,val,10.170134,1.36
107,50,val,12.729881,1.37
107,51,val,12.391582,1.38
107,52,val,10.706123,1.38
107,53,val,10.461084,1.39
107,54,val,9.448235,1.40
107,55,val,9.516754,1.40
107,56,val,8.718811,1.41
107,57,val,14.536339,1.42
107,58,val,14.083393,1.42
107,59,val,13.331496,1.43
107,60,val,33.602459,1.44
107,61,val,20.701330,1.45
107,62,val,9.220188,1.45
107,63,val,24.382534,1.46
107,64,val,10.407691,1.47
107,65,val,71.147812,1.47
107,66,val,15.737074,1.48
107,67,val,11.382708,1.49
107,68,val,53.714767,1.49
107,69,val,11.401739,1.50
107,70,val,46.688183,1.50
107,71,val,79.749695,1.51
107,72,val,9.991370,1.52
107,73,val,8.276781,1.53
107,74,val,65.828308,1.53
107,75,val,17.601028,1.54
107,76,val,22.263258,1.55
107,77,val,8.158392,1.55
107,78,val,13.536968,1.56
107,79,val,28.580383,1.56
108,0,train,15.171050,0.11
108,1,train,28.147142,0.15
108,2,train,15.704477,0.18
108,3,train,21.555992,0.21
108,4,train,21.052683,0.23
108,5,train,15.926316,0.27
108,6,train,15.928209,0.29
108,7,train,16.107029,0.32
108,8,train,18.813169,0.35
108,9,train,14.408420,0.38
108,10,train,15.182173,0.41
108,11,train,20.789825,0.44
108,12,train,13.909601,0.47
108,13,train,22.921013,0.50
108,14,train,21.068531,0.53
108,15,train,24.244858,0.55
108,16,train,16.644184,0.58
108,17,train,14.450160,0.61
108,18,train,18.629644,0.63
108,19,train,8.801899,0.66
108,20,train,23.593435,0.68
108,21,train,17.902327,0.71
108,22,train,18.208862,0.74
108,23,train,30.272427,0.77
108,24,train,17.309078,0.79
108,25,train,13.792231,0.82
108,26,train,16.187069,0.85
108,27,train,23.003849,0.87
108,28,train,19.229847,0.89
108,29,train,34.774818,0.91
108,0,val,11.194697,1.04
108,1,val,17.885616,1.04
108,2,val,12.955635,1.05
108,3,val,9.870193,1.06
108,4,val,13.131770,1.06
108,5,val,18.136759,1.08
108,6,val,13.691070,1.09
108,7,val,17.226765,1.09
108,8,val,49.714169,1.10
108,9,val,33.565151,1.11
108,10,val,54.845406,1.11
108,11,val,18.805870,1.12
108,12,val,7.193760,1.13
108,13,val,24.117399,1.13
108,14,val,8.164056,1.14
108,15,val,10.900490,1.15
108,16,val,21.915426,1.16
108,17,val,78.246300,1.16
108,18,val,10.387325,1.17
108,19,val,20.925234,1.18
108,20,val,16.778837,1.19
108,21,val,7.739117,1.19
108,22,val,9.453866,1.20
108,23,val,22.078030,1.21
108,24,val,57.459908,1.21
108,25,val,33.298706,1.22
108,26,val,8.742220,1.23
108,27,val,14.201601,1.23
108,28,val,10.255526,1.24
108,29,val,17.240917,1.25
108,30,val,3.748603,1.25
108,31,val,22.321358,1.26
108,32,val,13.922252,1.27
108,33,val,9.669844,1.27
108,34,val,6.390754,1.28
108,35,val,16.283138,1.29
108,36,val,23.559118,1.30
108,37,val,13.236964,1.30
108,38,val,14.139656,1.31
108,39,val,36.001572,1.32
108,40,val,25.513382,1.32
108,41,val,11.990950,1.33
108,42,val,38.112335,1.34
108,43,val,12.057068,1.34
108,44,val,75.460175,1.35
108,45,val,33.957527,1.36
108,46,val,75.947769,1.37
108,47,val,17.234203,1.37
108,48,val,55.768372,1.38
108,49,val,9.620894,1.39
108,50,val,12.548625,1.40
108,51,val,16.103342,1.40
108,52,val,10.397526,1.41
108,53,val,9.406826,1.42
108,54,val,8.745504,1.42
108,55,val,9.129695,1.43
108,56,val,10.024444,1.44
108,57,val,27.649879,1.45
108,58,val,15.189476,1.46
108,59,val,13.513805,1.47
108,60,val,31.485241,1.48
108,61,val,20.573780,1.48
108,62,val,13.484736,1.49
108,63,val,25.678938,1.50
108,64,val,6.458364,1.51
108,65,val,72.814270,1.51
108,66,val,16.184341,1.52
108,67,val,9.814640,1.53
108,68,val,53.016937,1.53
108,69,val,11.376358,1.54
108,70,val,46.576641,1.55
108,71,val,84.306763,1.55
108,72,val,11.112162,1.56
108,73,val,7.974003,1.57
108,74,val,30.110489,1.57
108,75,val,19.242285,1.58
108,76,val,14.420013,1.58
108,77,val,12.894737,1.59
108,78,val,13.071611,1.60
108,79,val,27.327192,1.60
109,0,train,17.041853,0.15
109,1,train,18.510719,0.18
109,2,train,18.734959,0.21
109,3,train,18.970753,0.23
109,4,train,10.749262,0.26
109,5,train,12.812504,0.29
109,6,train,15.589504,0.31
109,7,train,18.906509,0.34
109,8,train,20.051186,0.37
109,9,train,22.426270,0.39
109,10,train,26.862698,0.42
109,11,train,27.301813,0.45
109,12,train,20.234640,0.47
109,13,train,8.588457,0.50
109,14,train,20.032398,0.55
109,15,train,15.685996,0.60
109,16,train,18.251972,0.64
109,17,train,11.318222,0.69
109,18,train,19.759880,0.72
109,19,train,20.570595,0.75
109,20,train,19.851683,0.79
109,21,train,21.911367,0.81
109,22,train,13.972398,0.84
109,23,train,23.010752,0.86
109,24,train,13.763227,0.89
109,25,train,20.893822,0.92
109,26,train,16.095612,0.94
109,27,train,15.767527,0.96
109,28,train,14.437181,0.98
109,29,train,18.835556,1.01
109,0,val,11.063660,1.14
109,1,val,15.448160,1.14
109,2,val,14.731236,1.15
109,3,val,12.990751,1.16
109,4,val,15.481039,1.17
109,5,val,19.130970,1.18
109,6,val,14.249088,1.19
109,7,val,16.239948,1.19
109,8,val,48.622707,1.20
109,9,val,38.371689,1.21
109,10,val,54.824409,1.22
109,11,val,20.075005,1.22
109,12,val,8.395472,1.23
109,13,val,21.575008,1.24
109,14,val,9.240295,1.24
109,15,val,9.927392,1.25
109,16,val,21.637390,1.26
109,17,val,77.053436,1.27
109,18,val,12.235924,1.28
109,19,val,24.134144,1.28
109,20,val,18.330399,1.29
109,21,val,14.598244,1.30
109,22,val,11.113220,1.30
109,23,val,20.596018,1.31
109,24,val,42.595200,1.32
109,25,val,33.088737,1.32
109,26,val,9.738200,1.33
109,27,val,15.037289,1.34
109,28,val,9.575934,1.34
109,29,val,9.807353,1.35
109,30,val,4.502708,1.36
109,31,val,19.822275,1.37
109,32,val,15.490801,1.38
109,33,val,22.724333,1.38
109,34,val,6.509298,1.39
109,35,val,15.947383,1.40
109,36,val,24.549168,1.40
109,37,val,12.694216,1.41
109,38,val,14.382723,1.42
109,39,val,34.649624,1.42
109,40,val,24.957535,1.43
109,41,val,12.360748,1.44
109,42,val,17.649881,1.44
109,43,val,14.126406,1.45
109,44,val,76.576920,1.46
109,45,val,33.272179,1.47
109,46,val,74.855423,1.48
109,47,val,16.624195,1.49
109,48,val,55.884975,1.49
109,49,val,9.346315,1.50
109,50,val,12.577594,1.51
109,51,val,12.249784,1.51
109,52,val,13.451320,1.52
109,53,val,9.011032,1.53
109,54,val,12.860237,1.53
109,55,val,8.571991,1.54
109,56,val,8.698302,1.55
109,57,val,18.821409,1.56
109,58,val,14.276542,1.56
109,59,val,11.941966,1.57
109,60,val,32.062996,1.58
109,61,val,28.886465,1.59
109,62,val,8.728293,1.59
109,63,val,25.701859,1.60
109,64,val,5.299742,1.61
109,65,val,70.680298,1.62
109,66,val,16.089594,1.62
109,67,val,11.426490,1.63
109,68,val,51.985291,1.63
109,69,val,13.886630,1.64
109,70,val,48.012386,1.65
109,71,val,78.834938,1.66
109,72,val,10.310620,1.67
109,73,val,7.951986,1.68
109,74,val,32.186249,1.69
109,75,val,18.075766,1.70
109,76,val,11.990531,1.71
109,77,val,8.522597,1.71
109,78,val,12.812746,1.71
109,79,val,28.049208,1.72
110,0,train,28.845684,0.11
110,1,train,20.747625,0.16
110,2,train,17.027472,0.18
110,3,train,18.901514,0.21
110,4,train,23.032108,0.24
110,5,train,20.452944,0.26
110,6,train,13.036418,0.29
110,7,train,18.695620,0.32
110,8,train,25.875288,0.34
110,9,train,12.145838,0.37
110,10,train,27.370926,0.40
110,11,train,25.881630,0.42
110,12,train,14.112237,0.45
110,13,train,11.867176,0.48
110,14,train,12.239388,0.50
110,15,train,10.362768,0.53
110,16,train,17.014816,0.55
110,17,train,19.649755,0.58
110,18,train,25.875381,0.61
110,19,train,23.261164,0.64
110,20,train,22.892605,0.66
110,21,train,12.175837,0.70
110,22,train,14.655022,0.72
110,23,train,24.760622,0.75
110,24,train,15.789169,0.77
110,25,train,16.288944,0.80
110,26,train,16.630905,0.82
110,27,train,14.807580,0.85
110,28,train,17.477390,0.87
110,29,train,20.822733,0.89
110,0,val,11.383629,1.02
110,1,val,15.933575,1.03
110,2,val,13.268329,1.04
110,3,val,10.820441,1.04
110,4,val,16.463383,1.06
110,5,val,20.831440,1.06
110,6,val,16.278126,1.07
110,7,val,16.426937,1.08
110,8,val,49.594357,1.08
110,9,val,32.776161,1.09
110,10,val,52.777130,1.10
110,11,val,17.320564,1.11
110,12,val,7.479211,1.12
110,13,val,20.608429,1.12
110,14,val,7.878963,1.13
110,15,val,13.276457,1.14
110,16,val,23.983021,1.16
110,17,val,76.675087,1.17
110,18,val,12.304935,1.18
110,19,val,22.311636,1.19
110,20,val,16.744125,1.20
110,21,val,7.007085,1.22
110,22,val,9.453835,1.23
110,23,val,24.316433,1.24
110,24,val,41.769894,1.25
110,25,val,33.689381,1.27
110,26,val,11.410567,1.29
110,27,val,29.375006,1.30
110,28,val,9.435393,1.31
110,29,val,39.677898,1.32
110,30,val,4.357205,1.33
110,31,val,19.843014,1.34
110,32,val,12.912626,1.35
110,33,val,8.967570,1.36
110,34,val,12.349298,1.37
110,35,val,36.984825,1.38
110,36,val,23.664633,1.39
110,37,val,13.433943,1.40
110,38,val,12.999355,1.41
110,39,val,36.739487,1.42
110,40,val,24.811430,1.42
110,41,val,11.796110,1.43
110,42,val,41.014648,1.44
110,43,val,11.850299,1.45
110,44,val,76.357956,1.46
110,45,val,32.732185,1.47
110,46,val,73.821030,1.48
110,47,val,15.609539,1.48
110,48,val,56.929352,1.50
110,49,val,11.679001,1.51
110,50,val,12.200175,1.52
110,51,val,15.447063,1.53
110,52,val,10.056520,1.54
110,53,val,9.950765,1.55
110,54,val,10.128489,1.56
110,55,val,10.649178,1.57
110,56,val,9.358709,1.58
110,57,val,14.067264,1.59
110,58,val,13.601515,1.60
110,59,val,34.645645,1.61
110,60,val,31.754934,1.62
110,61,val,20.971184,1.63
110,62,val,9.649867,1.64
110,63,val,24.643774,1.64
110,64,val,5.997116,1.65
110,65,val,69.972916,1.66
110,66,val,24.663658,1.67
110,67,val,8.785521,1.68
110,68,val,54.908493,1.68
110,69,val,11.233668,1.69
110,70,val,50.053810,1.71
110,71,val,81.034325,1.72
110,72,val,10.491646,1.73
110,73,val,10.164648,1.74
110,74,val,30.359276,1.74
110,75,val,17.293938,1.75
110,76,val,13.927238,1.76
110,77,val,26.573704,1.76
110,78,val,12.618322,1.77
110,79,val,26.114414,1.78
111,0,train,15.006001,0.16
111,1,train,12.443930,0.21
111,2,train,13.239840,0.24
111,3,train,19.309940,0.27
111,4,train,14.762796,0.31
111,5,train,44.308441,0.34
111,6,train,13.664276,0.38
111,7,train,13.854959,0.42
111,8,train,13.716028,0.45
111,9,train,25.522556,0.48
111,10,train,16.090879,0.52
111,11,train,11.386570,0.55
111,12,train,9.752040,0.58
111,13,train,32.730293,0.62
111,14,train,26.371088,0.65
111,15,train,26.050423,0.68
111,16,train,19.122616,0.71
111,17,train,21.516121,0.75
111,18,train,19.531044,0.78
111,19,train,21.049980,0.81
111,20,train,17.031944,0.86
111,21,train,20.774345,0.89
111,22,train,14.620329,0.93
111,23,train,13.365739,0.96
111,24,train,21.068115,0.99
111,25,train,18.054878,1.03
111,26,train,13.898184,1.05
111,27,train,17.175762,1.08
111,28,train,14.775778,1.11
111,29,train,13.857612,1.14
111,0,val,12.074900,1.30
111,1,val,16.585209,1.32
111,2,val,13.929248,1.34
111,3,val,9.460190,1.35
111,4,val,11.922367,1.36
111,5,val,18.364332,1.37
111,6,val,13.202452,1.38
111,7,val,17.139000,1.38
111,8,val,49.515274,1.39
111,9,val,37.170334,1.40
111,10,val,52.531250,1.41
111,11,val,18.001442,1.42
111,12,val,7.536966,1.43
111,13,val,21.325300,1.44
111,14,val,12.630847,1.45
111,15,val,11.492376,1.46
111,16,val,22.359600,1.47
111,17,val,74.561623,1.48
111,18,val,11.849026,1.49
111,19,val,21.068874,1.50
111,20,val,17.112963,1.51
111,21,val,7.373148,1.51
111,22,val,10.711229,1.52
111,23,val,20.903214,1.53
111,24,val,44.525146,1.54
111,25,val,33.410736,1.55
111,26,val,9.446268,1.56
111,27,val,14.117220,1.57
111,28,val,8.833041,1.58
111,29,val,9.901134,1.58
111,30,val,3.881774,1.59
111,31,val,20.966999,1.60
111,32,val,14.798779,1.61
111,33,val,10.041048,1.62
111,34,val,7.002163,1.63
111,35,val,16.561352,1.63
111,36,val,22.855804,1.65
111,37,val,13.544153,1.65
111,38,val,13.588908,1.66
111,39,val,43.383766,1.67
111,40,val,25.206661,1.68
111,41,val,11.061476,1.69
111,42,val,23.170553,1.70
111,43,val,14.225103,1.71
111,44,val,74.914322,1.71
111,45,val,32.492577,1.72
111,46,val,74.884239,1.73
111,47,val,16.545231,1.74
111,48,val,55.620117,1.75
111,49,val,7.075344,1.76
111,50,val,11.582720,1.77
111,51,val,12.050541,1.78
111,52,val,12.363800,1.79
111,53,val,9.528651,1.80
111,54,val,11.838935,1.81
111,55,val,7.813499,1.82
111,56,val,8.301852,1.83
111,57,val,15.217310,1.83
111,58,val,13.308372,1.84
111,59,val,10.847483,1.85
111,60,val,33.901608,1.86
111,61,val,24.024490,1.87
111,62,val,9.176794,1.88
111,63,val,24.552471,1.89
111,64,val,6.669206,1.90
111,65,val,69.381866,1.90
111,66,val,14.361708,1.91
111,67,val,8.419516,1.92
111,68,val,59.279781,1.93
111,69,val,10.762706,1.94
111,70,val,51.092262,1.97
111,71,val,78.664948,1.99
111,72,val,9.621965,2.00
111,73,val,9.022649,2.01
111,74,val,30.675247,2.02
111,75,val,18.566570,2.02
111,76,val,13.659755,2.03
111,77,val,8.383558,2.03
111,78,val,12.234969,2.04
111,79,val,26.957621,2.05
112,0,train,22.273193,0.22
112,1,train,14.569136,0.28
112,2,train,15.983334,0.32
112,3,train,18.727310,0.37
112,4,train,9.290487,0.41
112,5,train,26.066044,0.45
112,6,train,16.434162,0.49
112,7,train,17.794064,0.53
112,8,train,18.379450,0.56
112,9,train,11.054914,0.60
112,10,train,11.795162,0.63
112,11,train,14.257494,0.66
112,12,train,17.886782,0.70
112,13,train,10.894653,0.73
112,14,train,30.571091,0.76
112,15,train,17.628658,0.79
112,16,train,16.561508,0.82
112,17,train,15.247394,0.85
112,18,train,18.786272,0.88
112,19,train,12.757005,0.91
112,20,train,18.906002,0.95
112,21,train,28.594669,0.98
112,22,train,15.774088,1.01
112,23,train,18.794220,1.03
112,24,train,17.690857,1.08
112,25,train,18.040115,1.11
112,26,train,15.714014,1.14
112,27,train,22.205923,1.18
112,28,train,19.661655,1.22
112,29,train,15.871249,1.24
112,0,val,10.087672,1.45
112,1,val,15.731960,1.46
112,2,val,13.770201,1.48
112,3,val,9.670475,1.49
112,4,val,13.407391,1.50
112,5,val,18.533754,1.51
112,6,val,14.573757,1.52
112,7,val,17.432922,1.53
112,8,val,52.122101,1.54
112,9,val,31.989086,1.55
112,10,val,53.507835,1.56
112,11,val,17.220394,1.57
112,12,val,7.241112,1.57
112,13,val,26.424381,1.58
112,14,val,10.061307,1.59
112,15,val,10.971092,1.60
112,16,val,22.041739,1.61
112,17,val,74.697395,1.62
112,18,val,10.763742,1.62
112,19,val,21.324865,1.63
112,20,val,16.810497,1.64
112,21,val,10.202518,1.65
112,22,val,9.864726,1.67
112,23,val,21.167120,1.68
112,24,val,41.707378,1.68
112,25,val,32.880035,1.69
112,26,val,10.886665,1.70
112,27,val,13.117325,1.71
112,28,val,9.442448,1.72
112,29,val,12.893114,1.72
112,30,val,8.894145,1.73
112,31,val,23.218517,1.74
112,32,val,16.281393,1.75
112,33,val,10.429595,1.76
112,34,val,6.176602,1.77
112,35,val,25.926565,1.78
112,36,val,22.868668,1.79
112,37,val,13.177073,1.79
112,38,val,15.463863,1.80
112,39,val,38.939327,1.81
112,40,val,57.182556,1.82
112,41,val,10.781223,1.83
112,42,val,19.422831,1.83
112,43,val,11.909277,1.84
112,44,val,75.285522,1.85
112,45,val,32.453789,1.86
112,46,val,77.611526,1.87
112,47,val,15.179945,1.88
112,48,val,54.796963,1.89
112,49,val,9.292109,1.90
112,50,val,14.438510,1.92
112,51,val,20.951927,1.93
112,52,val,8.659245,1.94
112,53,val,9.048760,1.95
112,54,val,9.624061,1.96
112,55,val,9.234262,1.97
112,56,val,9.749075,1.98
112,57,val,15.590781,1.99
112,58,val,13.420719,2.00
112,59,val,10.758238,2.01
112,60,val,30.097067,2.02
112,61,val,20.264454,2.03
112,62,val,7.798110,2.04
112,63,val,26.545202,2.05
112,64,val,4.897280,2.06
112,65,val,82.529434,2.07
112,66,val,15.529445,2.08
112,67,val,12.004946,2.10
112,68,val,53.500164,2.11
112,69,val,10.824667,2.12
112,70,val,45.775753,2.13
112,71,val,77.427032,2.14
112,72,val,9.919952,2.15
112,73,val,8.184914,2.16
112,74,val,30.871122,2.17
112,75,val,16.936888,2.18
112,76,val,13.268314,2.18
112,77,val,11.264888,2.20
112,78,val,12.637024,2.21
112,79,val,27.233198,2.22
113,0,train,13.325873,0.12
113,1,train,21.318638,0.16
113,2,train,12.311187,0.18
113,3,train,21.317371,0.21
113,4,train,12.417929,0.23
113,5,train,18.014414,0.26
113,6,train,18.159119,0.29
113,7,train,16.309895,0.31
113,8,train,22.499199,0.34
113,9,train,12.028070,0.44
113,10,train,19.362076,0.46
113,11,train,19.859364,0.49
113,12,train,14.752100,0.51
113,13,train,16.538765,0.54
113,14,train,16.340431,0.57
113,15,train,23.493509,0.59
113,16,train,24.337036,0.62
113,17,train,25.832130,0.65
113,18,train,14.367532,0.67
113,19,train,20.223082,0.70
113,20,train,15.109032,0.72
113,21,train,17.329346,0.75
113,22,train,12.289851,0.78
113,23,train,18.259373,0.80
113,24,train,17.754206,0.82
113,25,train,21.414001,0.85
113,26,train,14.618263,0.88
113,27,train,13.066666,0.90
113,28,train,17.094906,0.92
113,29,train,21.584047,0.94
113,0,val,10.380869,1.08
113,1,val,15.317924,1.09
113,2,val,12.361923,1.10
113,3,val,10.581422,1.10
113,4,val,16.587029,1.12
113,5,val,20.927488,1.12
113,6,val,33.892269,1.13
113,7,val,16.239540,1.14
113,8,val,48.836742,1.14
113,9,val,32.997036,1.15
113,10,val,53.987041,1.16
113,11,val,23.302998,1.16
113,12,val,7.700008,1.17
113,13,val,53.483635,1.18
113,14,val,9.329275,1.18
113,15,val,10.920837,1.19
113,16,val,21.956640,1.20
113,17,val,80.876740,1.21
113,18,val,9.910259,1.22
113,19,val,21.198322,1.22
113,20,val,58.849716,1.23
113,21,val,6.970906,1.24
113,22,val,9.873285,1.24
113,23,val,27.219044,1.25
113,24,val,41.664028,1.26
113,25,val,33.344971,1.27
113,26,val,9.312706,1.27
113,27,val,14.168063,1.28
113,28,val,15.505913,1.28
113,29,val,9.086598,1.29
113,30,val,12.215910,1.30
113,31,val,20.056564,1.31
113,32,val,14.046021,1.31
113,33,val,9.148173,1.32
113,34,val,6.816186,1.33
113,35,val,19.027578,1.34
113,36,val,28.444578,1.35
113,37,val,14.307242,1.35
113,38,val,13.250418,1.36
113,39,val,37.656521,1.37
113,40,val,25.122906,1.37
113,41,val,12.619387,1.38
113,42,val,23.171474,1.38
113,43,val,37.999989,1.39
113,44,val,89.630005,1.40
113,45,val,35.196529,1.40
113,46,val,72.486069,1.41
113,47,val,28.974335,1.42
113,48,val,55.025238,1.43
113,49,val,8.287737,1.43
113,50,val,13.704159,1.44
113,51,val,11.916643,1.45
113,52,val,9.442969,1.45
113,53,val,8.952373,1.46
113,54,val,9.003957,1.47
113,55,val,8.639215,1.47
113,56,val,11.049038,1.48
113,57,val,13.486563,1.48
113,58,val,31.844891,1.49
113,59,val,10.655063,1.50
113,60,val,31.590864,1.50
113,61,val,19.719517,1.51
113,62,val,12.282705,1.52
113,63,val,24.595371,1.52
113,64,val,5.206163,1.53
113,65,val,72.104874,1.54
113,66,val,15.293575,1.55
113,67,val,9.773451,1.55
113,68,val,52.039852,1.56
113,69,val,11.979832,1.57
113,70,val,56.094673,1.57
113,71,val,77.402458,1.58
113,72,val,11.212370,1.59
113,73,val,8.945817,1.59
113,74,val,33.416267,1.60
113,75,val,25.442654,1.60
113,76,val,15.767380,1.61
113,77,val,30.292229,1.61
113,78,val,12.358402,1.62
113,79,val,27.116463,1.62
114,0,train,10.424088,0.11
114,1,train,22.000496,0.14
114,2,train,26.744682,0.17
114,3,train,19.748615,0.19
114,4,train,11.002944,0.22
114,5,train,14.596553,0.25
114,6,train,16.236431,0.27
114,7,train,13.734775,0.30
114,8,train,15.288559,0.32
114,9,train,26.468718,0.35
114,10,train,17.558249,0.38
114,11,train,12.119674,0.41
114,12,train,20.740192,0.44
114,13,train,12.629326,0.47
114,14,train,28.715450,0.50
114,15,train,19.063480,0.52
114,16,train,16.428196,0.55
114,17,train,12.851975,0.58
114,18,train,19.331299,0.61
114,19,train,23.955418,0.63
114,20,train,15.958391,0.66
114,21,train,11.443560,0.69
114,22,train,15.891050,0.71
114,23,train,10.142226,0.74
114,24,train,11.980179,0.76
114,25,train,13.199512,0.79
114,26,train,11.910942,0.81
114,27,train,24.731995,0.84
114,28,train,27.552982,0.86
114,29,train,15.627947,0.88
114,0,val,9.681566,1.00
114,1,val,21.940895,1.01
114,2,val,14.212710,1.01
114,3,val,9.789978,1.02
114,4,val,16.423155,1.03
114,5,val,57.236565,1.03
114,6,val,13.974505,1.05
114,7,val,21.688505,1.05
114,8,val,48.100060,1.06
114,9,val,32.119659,1.07
114,10,val,51.221310,1.07
114,11,val,20.555532,1.08
114,12,val,7.565359,1.09
114,13,val,20.220421,1.09
114,14,val,17.496849,1.10
114,15,val,10.198845,1.11
114,16,val,20.831310,1.12
114,17,val,75.456863,1.12
114,18,val,10.925774,1.13
114,19,val,22.445005,1.14
114,20,val,17.276457,1.15
114,21,val,6.097835,1.16
114,22,val,9.380713,1.17
114,23,val,29.828253,1.17
114,24,val,46.094082,1.18
114,25,val,31.340073,1.19
114,26,val,8.980463,1.20
114,27,val,17.854122,1.20
114,28,val,9.255461,1.21
114,29,val,10.574492,1.22
114,30,val,6.043975,1.22
114,31,val,24.399460,1.23
114,32,val,13.469734,1.23
114,33,val,8.496374,1.24
114,34,val,8.725909,1.25
114,35,val,42.368221,1.26
114,36,val,23.902340,1.26
114,37,val,13.339022,1.27
114,38,val,13.169897,1.28
114,39,val,34.506649,1.28
114,40,val,24.422249,1.29
114,41,val,15.023291,1.30
114,42,val,21.892118,1.30
114,43,val,19.339485,1.31
114,44,val,74.726433,1.32
114,45,val,32.224110,1.32
114,46,val,71.397240,1.33
114,47,val,24.199598,1.34
114,48,val,53.854156,1.34
114,49,val,7.611534,1.36
114,50,val,12.943914,1.36
114,51,val,11.667406,1.37
114,52,val,12.736902,1.38
114,53,val,11.412204,1.38
114,54,val,9.159896,1.39
114,55,val,9.034420,1.40
114,56,val,9.003633,1.41
114,57,val,15.244019,1.42
114,58,val,14.337337,1.43
114,59,val,11.917422,1.44
114,60,val,30.447216,1.45
114,61,val,20.355515,1.46
114,62,val,21.406439,1.47
114,63,val,25.046062,1.48
114,64,val,5.673067,1.48
114,65,val,70.436905,1.49
114,66,val,15.769392,1.50
114,67,val,8.226242,1.51
114,68,val,51.792706,1.51
114,69,val,10.913839,1.52
114,70,val,45.730568,1.53
114,71,val,76.510864,1.54
114,72,val,10.124142,1.54
114,73,val,7.756802,1.55
114,74,val,29.610203,1.56
114,75,val,16.505466,1.57
114,76,val,12.925979,1.58
114,77,val,8.843397,1.58
114,78,val,12.931618,1.59
114,79,val,26.670532,1.59
115,0,train,19.082554,0.15
115,1,train,10.233402,0.18
115,2,train,20.856211,0.21
115,3,train,16.209148,0.23
115,4,train,12.682794,0.26
115,5,train,17.401855,0.29
115,6,train,21.163078,0.31
115,7,train,24.899946,0.34
115,8,train,23.251694,0.36
115,9,train,11.594658,0.39
115,10,train,13.910061,0.42
115,11,train,16.522978,0.44
115,12,train,15.313026,0.47
115,13,train,17.918365,0.50
115,14,train,12.764562,0.52
115,15,train,21.646751,0.54
115,16,train,12.211981,0.57
115,17,train,9.119862,0.60
115,18,train,26.971375,0.63
115,19,train,15.145298,0.65
115,20,train,16.093687,0.68
115,21,train,23.614922,0.71
115,22,train,9.250389,0.73
115,23,train,15.885000,0.76
115,24,train,22.721733,0.78
115,25,train,16.148428,0.83
115,26,train,22.170692,0.87
115,27,train,12.516078,0.90
115,28,train,18.567596,0.93
115,29,train,11.878679,0.97
115,0,val,13.483549,1.11
115,1,val,15.586065,1.12
115,2,val,14.053999,1.12
115,3,val,11.708937,1.14
115,4,val,37.239105,1.15
115,5,val,19.980587,1.15
115,6,val,12.304855,1.16
115,7,val,19.219597,1.17
115,8,val,47.537041,1.17
115,9,val,32.081509,1.18
115,10,val,53.619213,1.19
115,11,val,23.816422,1.20
115,12,val,7.003012,1.20
115,13,val,42.988235,1.21
115,14,val,8.228783,1.22
115,15,val,10.177161,1.22
115,16,val,26.497025,1.23
115,17,val,73.439323,1.24
115,18,val,11.151606,1.25
115,19,val,21.930212,1.25
115,20,val,16.845470,1.26
115,21,val,6.638696,1.27
115,22,val,11.061622,1.27
115,23,val,22.095215,1.28
115,24,val,40.426399,1.29
115,25,val,33.335644,1.29
115,26,val,16.819380,1.30
115,27,val,13.156080,1.31
115,28,val,9.881810,1.31
115,29,val,15.898531,1.32
115,30,val,5.291791,1.33
115,31,val,20.428547,1.35
115,32,val,30.412117,1.35
115,33,val,10.478244,1.36
115,34,val,6.855657,1.37
115,35,val,17.058084,1.37
115,36,val,26.686232,1.38
115,37,val,12.470739,1.38
115,38,val,13.601390,1.39
115,39,val,34.720375,1.40
115,40,val,31.640598,1.40
115,41,val,11.267380,1.41
115,42,val,53.394543,1.42
115,43,val,15.089949,1.42
115,44,val,73.227127,1.43
115,45,val,31.811565,1.44
115,46,val,70.992767,1.45
115,47,val,15.855568,1.46
115,48,val,53.860119,1.47
115,49,val,11.595612,1.48
115,50,val,14.004951,1.48
115,51,val,14.043579,1.49
115,52,val,11.640277,1.50
115,53,val,11.089859,1.50
115,54,val,8.556196,1.51
115,55,val,16.226473,1.52
115,56,val,10.317206,1.52
115,57,val,13.154265,1.53
115,58,val,13.296497,1.54
115,59,val,14.746315,1.55
115,60,val,31.586790,1.56
115,61,val,20.620899,1.57
115,62,val,8.353367,1.58
115,63,val,27.941074,1.58
115,64,val,4.980258,1.59
115,65,val,70.576385,1.60
115,66,val,16.650244,1.61
115,67,val,11.268898,1.62
115,68,val,51.615639,1.63
115,69,val,11.267441,1.64
115,70,val,43.809647,1.65
115,71,val,77.326004,1.65
115,72,val,20.552303,1.67
115,73,val,30.628052,1.68
115,74,val,31.928999,1.69
115,75,val,16.432028,1.69
115,76,val,14.705954,1.70
115,77,val,12.956363,1.71
115,78,val,12.783295,1.71
115,79,val,26.142170,1.72
116,0,train,20.692617,0.13
116,1,train,11.427433,0.17
116,2,train,31.809200,0.19
116,3,train,17.595472,0.22
116,4,train,22.858574,0.25
116,5,train,10.768471,0.30
116,6,train,20.088318,0.34
116,7,train,12.106045,0.38
116,8,train,13.109446,0.42
116,9,train,11.647502,0.47
116,10,train,20.343018,0.50
116,11,train,23.507792,0.53
116,12,train,10.651255,0.56
116,13,train,10.635733,0.58
116,14,train,10.040992,0.61
116,15,train,17.355064,0.64
116,16,train,10.861759,0.66
116,17,train,16.826897,0.69
116,18,train,15.787179,0.72
116,19,train,10.622790,0.76
116,20,train,17.804260,0.79
116,21,train,11.319294,0.81
116,22,train,18.641941,0.84
116,23,train,13.086661,0.87
116,24,train,20.965523,0.89
116,25,train,15.174660,0.92
116,26,train,19.314835,0.94
116,27,train,20.701982,0.97
116,28,train,16.437277,1.00
116,29,train,12.904222,1.03
116,0,val,11.554573,1.15
116,1,val,15.037066,1.16
116,2,val,13.436758,1.17
116,3,val,10.272059,1.17
116,4,val,12.497700,1.18
116,5,val,19.032295,1.19
116,6,val,13.652771,1.20
116,7,val,15.759773,1.21
116,8,val,49.957275,1.22
116,9,val,33.508804,1.22
116,10,val,50.324749,1.23
116,11,val,17.336615,1.24
116,12,val,7.810364,1.24
116,13,val,21.617613,1.25
116,14,val,7.980874,1.25
116,15,val,10.035608,1.26
116,16,val,20.854057,1.27
116,17,val,74.181290,1.27
116,18,val,11.464507,1.28
116,19,val,20.220726,1.29
116,20,val,22.394131,1.30
116,21,val,7.246032,1.30
116,22,val,10.985274,1.31
116,23,val,24.799063,1.32
116,24,val,40.709526,1.33
116,25,val,33.029137,1.33
116,26,val,9.656322,1.34
116,27,val,13.949866,1.35
116,28,val,12.339473,1.35
116,29,val,10.625860,1.36
116,30,val,5.306884,1.37
116,31,val,21.341358,1.37
116,32,val,15.999511,1.38
116,33,val,9.608513,1.39
116,34,val,7.313251,1.39
116,35,val,16.008358,1.40
116,36,val,24.162207,1.41
116,37,val,13.353633,1.42
116,38,val,15.304346,1.42
116,39,val,33.863091,1.43
116,40,val,28.442997,1.44
116,41,val,11.272165,1.44
116,42,val,17.447132,1.45
116,43,val,17.354567,1.46
116,44,val,77.383453,1.47
116,45,val,34.448978,1.48
116,46,val,70.715027,1.49
116,47,val,16.724731,1.50
116,48,val,55.919182,1.51
116,49,val,11.083735,1.52
116,50,val,12.623556,1.53
116,51,val,12.559089,1.54
116,52,val,11.333635,1.55
116,53,val,8.879690,1.56
116,54,val,12.749792,1.57
116,55,val,8.222479,1.58
116,56,val,9.234648,1.59
116,57,val,24.191862,1.60
116,58,val,13.600304,1.60
116,59,val,10.871153,1.61
116,60,val,30.086517,1.62
116,61,val,22.216864,1.63
116,62,val,10.071465,1.64
116,63,val,24.046125,1.65
116,64,val,5.817251,1.66
116,65,val,68.887329,1.66
116,66,val,15.006668,1.67
116,67,val,10.001213,1.68
116,68,val,53.663605,1.69
116,69,val,11.410469,1.70
116,70,val,43.891064,1.70
116,71,val,74.906654,1.71
116,72,val,9.983183,1.72
116,73,val,33.121773,1.73
116,74,val,33.073780,1.74
116,75,val,16.706123,1.75
116,76,val,11.967100,1.76
116,77,val,10.003943,1.76
116,78,val,12.099123,1.77
116,79,val,25.993723,1.78
117,0,train,13.409818,0.21
117,1,train,19.200024,0.26
117,2,train,15.500360,0.29
117,3,train,10.268845,0.33
117,4,train,12.284014,0.37
117,5,train,14.526441,0.40
117,6,train,19.814358,0.43
117,7,train,11.435074,0.48
117,8,train,16.499268,0.52
117,9,train,10.072848,0.55
117,10,train,14.356823,0.59
117,11,train,11.704184,0.62
117,12,train,12.962661,0.65
117,13,train,17.597649,0.69
117,14,train,15.447374,0.72
117,15,train,34.942699,0.75
117,16,train,12.411215,0.79
117,17,train,15.001807,0.83
117,18,train,16.366207,0.87
117,19,train,21.648876,0.91
117,20,train,11.223557,0.95
117,21,train,26.851360,0.98
117,22,train,18.367170,1.02
117,23,train,19.777588,1.05
117,24,train,26.438103,1.08
117,25,train,14.838091,1.11
117,26,train,29.889574,1.14
117,27,train,16.017559,1.17
117,28,train,16.551456,1.20
117,29,train,14.875012,1.23
117,0,val,12.809221,1.45
117,1,val,16.167221,1.47
117,2,val,13.689273,1.48
117,3,val,10.114989,1.48
117,4,val,12.600752,1.49
117,5,val,24.111691,1.50
117,6,val,12.940689,1.51
117,7,val,16.654476,1.52
117,8,val,46.015118,1.53
117,9,val,32.225803,1.54
117,10,val,50.370739,1.55
117,11,val,17.318161,1.56
117,12,val,9.409722,1.58
117,13,val,21.130325,1.59
117,14,val,8.097048,1.60
117,15,val,9.772018,1.61
117,16,val,22.010313,1.62
117,17,val,81.147667,1.63
117,18,val,10.230139,1.64
117,19,val,21.352318,1.64
117,20,val,17.019835,1.65
117,21,val,7.406145,1.66
117,22,val,10.369584,1.68
117,23,val,21.371000,1.70
117,24,val,42.958580,1.71
117,25,val,32.891998,1.72
117,26,val,10.332977,1.73
117,27,val,14.015364,1.74
117,28,val,8.896614,1.75
117,29,val,11.457535,1.76
117,30,val,14.266027,1.77
117,31,val,19.870987,1.78
117,32,val,15.619820,1.79
117,33,val,9.067623,1.80
117,34,val,6.200813,1.82
117,35,val,15.507570,1.83
117,36,val,22.149679,1.84
117,37,val,12.897357,1.84
117,38,val,14.413378,1.85
117,39,val,35.919556,1.86
117,40,val,27.333372,1.87
117,41,val,22.425406,1.88
117,42,val,19.902838,1.89
117,43,val,12.009151,1.90
117,44,val,107.841843,1.91
117,45,val,31.584234,1.92
117,46,val,70.557388,1.92
117,47,val,15.799082,1.93
117,48,val,58.220943,1.94
117,49,val,8.166171,1.95
117,50,val,12.128672,1.96
117,51,val,15.103660,1.96
117,52,val,10.517530,1.97
117,53,val,9.170313,1.98
117,54,val,9.596070,2.00
117,55,val,8.576838,2.00
117,56,val,8.755510,2.01
117,57,val,36.949970,2.02
117,58,val,12.868645,2.03
117,59,val,10.622496,2.04
117,60,val,35.218765,2.04
117,61,val,20.175812,2.05
117,62,val,9.652874,2.06
117,63,val,23.327246,2.07
117,64,val,11.462521,2.08
117,65,val,67.846527,2.09
117,66,val,15.972351,2.10
117,67,val,8.297642,2.12
117,68,val,56.418133,2.14
117,69,val,10.946922,2.15
117,70,val,44.673889,2.16
117,71,val,75.596649,2.17
117,72,val,9.764486,2.18
117,73,val,25.905437,2.19
117,74,val,30.779694,2.20
117,75,val,16.809223,2.21
117,76,val,13.762953,2.22
117,77,val,9.051765,2.23
117,78,val,12.147509,2.24
117,79,val,25.953611,2.25
118,0,train,19.606453,0.15
118,1,train,26.932911,0.19
118,2,train,14.410757,0.23
118,3,train,14.966547,0.27
118,4,train,10.337987,0.32
118,5,train,24.192348,0.36
118,6,train,10.375916,0.39
118,7,train,17.628523,0.42
118,8,train,21.031296,0.45
118,9,train,21.045147,0.48
118,10,train,11.170994,0.52
118,11,train,16.560623,0.56
118,12,train,16.852182,0.59
118,13,train,18.934391,0.64
118,14,train,22.376499,0.69
118,15,train,13.318877,0.74
118,16,train,16.290966,0.78
118,17,train,15.719960,0.82
118,18,train,12.986486,0.85
118,19,train,15.193650,0.89
118,20,train,10.603628,0.92
118,21,train,17.200724,0.95
118,22,train,17.828840,0.98
118,23,train,18.292568,1.01
118,24,train,11.104507,1.06
118,25,train,12.571722,1.11
118,26,train,17.733902,1.15
118,27,train,12.065323,1.18
118,28,train,11.744494,1.21
118,29,train,9.615914,1.24
118,0,val,39.164337,1.40
118,1,val,15.568030,1.42
118,2,val,12.720778,1.44
118,3,val,9.524590,1.45
118,4,val,12.981948,1.46
118,5,val,19.029007,1.47
118,6,val,12.339339,1.48
118,7,val,15.880165,1.49
118,8,val,47.281303,1.50
118,9,val,35.252361,1.52
118,10,val,52.441784,1.53
118,11,val,16.572111,1.54
118,12,val,7.197410,1.55
118,13,val,24.059385,1.57
118,14,val,8.272699,1.58
118,15,val,9.668007,1.59
118,16,val,21.591238,1.59
118,17,val,73.795029,1.60
118,18,val,10.675554,1.61
118,19,val,22.021561,1.62
118,20,val,16.565359,1.63
118,21,val,6.206764,1.64
118,22,val,9.258065,1.65
118,23,val,21.199974,1.65
118,24,val,40.999382,1.66
118,25,val,32.162308,1.67
118,26,val,29.570883,1.68
118,27,val,13.870316,1.68
118,28,val,8.574974,1.69
118,29,val,8.762482,1.70
118,30,val,4.181005,1.71
118,31,val,19.498091,1.72
118,32,val,15.401918,1.73
118,33,val,8.775179,1.75
118,34,val,6.429519,1.76
118,35,val,15.011164,1.77
118,36,val,22.642879,1.78
118,37,val,12.635063,1.79
118,38,val,13.812476,1.80
118,39,val,39.564529,1.80
118,40,val,25.009697,1.81
118,41,val,20.326775,1.82
118,42,val,20.553328,1.83
118,43,val,11.412181,1.85
118,44,val,75.194420,1.86
118,45,val,31.986343,1.87
118,46,val,69.219528,1.88
118,47,val,15.019305,1.89
118,48,val,54.003292,1.89
118,49,val,23.747002,1.90
118,50,val,11.861738,1.91
118,51,val,11.664680,1.92
118,52,val,9.060615,1.93
118,53,val,8.390506,1.93
118,54,val,8.466964,1.95
118,55,val,7.822537,1.96
118,56,val,13.311282,1.96
118,57,val,13.062819,1.98
118,58,val,14.498302,1.98
118,59,val,12.511264,1.99
118,60,val,31.148663,2.00
118,61,val,20.720406,2.01
118,62,val,9.144401,2.02
118,63,val,23.735039,2.03
118,64,val,12.189177,2.04
118,65,val,68.465012,2.05
118,66,val,16.131023,2.05
118,67,val,8.712908,2.06
118,68,val,51.108864,2.07
118,69,val,11.687698,2.08
118,70,val,44.449261,2.09
118,71,val,74.266563,2.09
118,72,val,9.527296,2.10
118,73,val,8.138330,2.11
118,74,val,50.786633,2.12
118,75,val,16.297195,2.13
118,76,val,12.544653,2.13
118,77,val,13.051603,2.14
118,78,val,20.168522,2.15
118,79,val,26.153337,2.16
119,0,train,11.904734,0.17
119,1,train,14.383077,0.22
119,2,train,27.851072,0.26
119,3,train,17.943354,0.29
119,4,train,12.632402,0.33
119,5,train,18.710342,0.37
119,6,train,36.957657,0.40
119,7,train,15.932449,0.44
119,8,train,17.573919,0.46
119,9,train,8.958646,0.49
119,10,train,16.720428,0.52
119,11,train,21.142967,0.55
119,12,train,27.517315,0.57
119,13,train,19.175140,0.60
119,14,train,15.966000,0.62
119,15,train,10.565609,0.65
119,16,train,15.612141,0.68
119,17,train,17.349134,0.70
119,18,train,19.308441,0.73
119,19,train,15.024945,0.76
119,20,train,13.004453,0.78
119,21,train,14.652067,0.81
119,22,train,10.471727,0.83
119,23,train,20.464153,0.86
119,24,train,12.417087,0.89
119,25,train,21.929966,0.92
119,26,train,15.324900,0.94
119,27,train,9.684336,0.96
119,28,train,12.795902,0.98
119,29,train,21.985773,1.08
119,0,val,11.900780,1.21
119,1,val,16.469326,1.21
119,2,val,20.715500,1.22
119,3,val,9.537683,1.23
119,4,val,14.452713,1.23
119,5,val,18.780361,1.25
119,6,val,37.758965,1.25
119,7,val,16.891544,1.26
119,8,val,47.527985,1.27
119,9,val,33.193325,1.27
119,10,val,53.298706,1.28
119,11,val,16.346302,1.29
119,12,val,7.432073,1.29
119,13,val,21.575956,1.30
119,14,val,12.469765,1.31
119,15,val,9.473738,1.31
119,16,val,22.974035,1.32
119,17,val,71.744637,1.33
119,18,val,13.683173,1.33
119,19,val,21.455671,1.35
119,20,val,16.456160,1.35
119,21,val,6.790317,1.36
119,22,val,12.692791,1.36
119,23,val,19.899235,1.37
119,24,val,38.910755,1.38
119,25,val,31.824896,1.38
119,26,val,9.473944,1.39
119,27,val,13.381872,1.40
119,28,val,9.183287,1.40
119,29,val,9.522764,1.41
119,30,val,6.956908,1.42
119,31,val,24.443892,1.42
119,32,val,18.783155,1.43
119,33,val,10.031218,1.44
119,34,val,6.840931,1.45
119,35,val,15.054508,1.45
119,36,val,23.044453,1.46
119,37,val,14.044632,1.47
119,38,val,21.403271,1.47
119,39,val,36.222515,1.48
119,40,val,25.303465,1.49
119,41,val,11.032794,1.49
119,42,val,17.205248,1.50
119,43,val,11.411952,1.51
119,44,val,72.959808,1.51
119,45,val,31.040855,1.52
119,46,val,68.119217,1.53
119,47,val,15.747589,1.53
119,48,val,53.960094,1.54
119,49,val,18.038435,1.55
119,50,val,13.712374,1.56
119,51,val,14.123091,1.56
119,52,val,15.633680,1.57
119,53,val,16.385197,1.58
119,54,val,8.358171,1.58
119,55,val,7.861555,1.59
119,56,val,10.044166,1.60
119,57,val,14.927844,1.60
119,58,val,14.029147,1.61
119,59,val,11.454143,1.62
119,60,val,32.494514,1.62
119,61,val,19.875332,1.63
119,62,val,8.318575,1.64
119,63,val,26.968336,1.64
119,64,val,7.121049,1.65
119,65,val,67.824738,1.66
119,66,val,19.909462,1.66
119,67,val,10.355178,1.67
119,68,val,68.117920,1.68
119,69,val,17.207474,1.68
119,70,val,47.401291,1.69
119,71,val,75.984940,1.70
119,72,val,11.388611,1.70
119,73,val,8.201468,1.71
119,74,val,31.428617,1.72
119,75,val,18.194096,1.72
119,76,val,12.783495,1.73
119,77,val,25.334652,1.73
119,78,val,11.913488,1.74
119,79,val,26.058802,1.74
120,0,train,10.293242,0.16
120,1,train,10.239792,0.19
120,2,train,15.668766,0.22
120,3,train,9.606241,0.24
120,4,train,13.874691,0.27
120,5,train,23.172466,0.30
120,6,train,12.658140,0.32
120,7,train,22.363140,0.35
120,8,train,14.856784,0.37
120,9,train,14.823840,0.40
120,10,train,19.971382,0.43
120,11,train,17.732395,0.45
120,12,train,11.252390,0.48
120,13,train,14.588621,0.51
120,14,train,18.805267,0.53
120,15,train,19.895380,0.56
120,16,train,17.302130,0.58
120,17,train,9.950096,0.62
120,18,train,13.199816,0.64
120,19,train,23.422485,0.67
120,20,train,22.776104,0.69
120,21,train,21.956600,0.72
120,22,train,12.336209,0.75
120,23,train,13.145744,0.77
120,24,train,18.905941,0.80
120,25,train,21.773506,0.83
120,26,train,25.565662,0.85
120,27,train,21.531452,0.87
120,28,train,11.563550,0.89
120,29,train,11.156485,0.91
120,0,val,12.414451,1.03
120,1,val,14.330000,1.04
120,2,val,13.547464,1.05
120,3,val,11.318316,1.06
120,4,val,12.572716,1.07
120,5,val,18.529984,1.08
120,6,val,12.316107,1.09
120,7,val,20.596966,1.10
120,8,val,49.201504,1.10
120,9,val,32.339054,1.11
120,10,val,49.703259,1.12
120,11,val,16.591610,1.12
120,12,val,7.429018,1.13
120,13,val,20.982670,1.14
120,14,val,10.747656,1.14
120,15,val,9.265106,1.15
120,16,val,25.413876,1.16
120,17,val,70.433716,1.16
120,18,val,17.449253,1.17
120,19,val,23.671860,1.18
120,20,val,26.755779,1.19
120,21,val,6.903308,1.20
120,22,val,10.403908,1.20
120,23,val,19.300922,1.21
120,24,val,38.921364,1.22
120,25,val,33.241272,1.22
120,26,val,9.673830,1.23
120,27,val,16.821814,1.24
120,28,val,8.860252,1.24
120,29,val,9.266449,1.25
120,30,val,4.112834,1.26
120,31,val,21.949875,1.26
120,32,val,16.302303,1.27
120,33,val,8.807389,1.28
120,34,val,7.383729,1.29
120,35,val,16.682827,1.30
120,36,val,23.756369,1.30
120,37,val,13.182634,1.31
120,38,val,13.246051,1.32
120,39,val,38.116253,1.32
120,40,val,25.730438,1.33
120,41,val,10.884493,1.34
120,42,val,22.453436,1.34
120,43,val,12.542071,1.35
120,44,val,72.785202,1.36
120,45,val,30.950500,1.36
120,46,val,68.332558,1.37
120,47,val,15.906010,1.38
120,48,val,54.747192,1.38
120,49,val,7.032762,1.39
120,50,val,14.417791,1.40
120,51,val,13.615920,1.40
120,52,val,9.872471,1.41
120,53,val,7.802628,1.42
120,54,val,9.512589,1.42
120,55,val,11.481518,1.43
120,56,val,9.722301,1.44
120,57,val,13.837581,1.44
120,58,val,13.640892,1.45
120,59,val,11.047343,1.46
120,60,val,31.521612,1.46
120,61,val,20.100927,1.47
120,62,val,8.253505,1.48
120,63,val,23.586826,1.49
120,64,val,5.881077,1.49
120,65,val,66.998466,1.50
120,66,val,16.206663,1.51
120,67,val,9.572969,1.51
120,68,val,53.012253,1.52
120,69,val,10.869517,1.53
120,70,val,43.915688,1.53
120,71,val,105.411591,1.54
120,72,val,37.408566,1.55
120,73,val,7.121316,1.55
120,74,val,28.909588,1.56
120,75,val,18.500626,1.57
120,76,val,12.044695,1.57
120,77,val,13.730848,1.58
120,78,val,11.733685,1.58
120,79,val,25.109781,1.59
121,0,train,16.383617,0.11
121,1,train,20.614063,0.14
121,2,train,16.250984,0.16
121,3,train,12.064664,0.19
121,4,train,21.308115,0.21
121,5,train,16.175911,0.24
121,6,train,13.953040,0.27
121,7,train,14.960629,0.29
121,8,train,13.220409,0.32
121,9,train,15.198093,0.35
121,10,train,14.559976,0.37
121,11,train,11.997536,0.40
121,12,train,21.799660,0.42
121,13,train,31.740160,0.45
121,14,train,19.205162,0.49
121,15,train,17.438564,0.52
121,16,train,15.279920,0.54
121,17,train,19.317259,0.57
121,18,train,18.987484,0.59
121,19,train,11.742561,0.62
121,20,train,17.514099,0.64
121,21,train,18.322453,0.67
121,22,train,23.302608,0.70
121,23,train,24.082298,0.73
121,24,train,12.933517,0.75
121,25,train,14.427082,0.78
121,26,train,13.466557,0.80
121,27,train,17.569290,0.82
121,28,train,20.403883,0.85
121,29,train,9.063721,0.87
121,0,val,15.843933,0.99
121,1,val,17.408195,0.99
121,2,val,12.215050,1.00
121,3,val,9.951813,1.01
121,4,val,13.418762,1.01
121,5,val,19.090923,1.03
121,6,val,14.635112,1.03
121,7,val,16.026669,1.04
121,8,val,45.290936,1.05
121,9,val,35.551170,1.05
121,10,val,53.230408,1.06
121,11,val,16.563488,1.07
121,12,val,6.695005,1.07
121,13,val,22.657728,1.08
121,14,val,7.370425,1.09
121,15,val,10.625294,1.09
121,16,val,21.669479,1.10
121,17,val,74.440796,1.11
121,18,val,10.172070,1.11
121,19,val,21.782185,1.12
121,20,val,16.727791,1.13
121,21,val,7.284473,1.14
121,22,val,27.436901,1.14
121,23,val,20.278006,1.15
121,24,val,39.644882,1.16
121,25,val,39.277069,1.16
121,26,val,10.773089,1.17
121,27,val,14.562471,1.17
121,28,val,9.300098,1.18
121,29,val,10.167622,1.19
121,30,val,4.608538,1.19
121,31,val,20.628269,1.20
121,32,val,15.607922,1.21
121,33,val,9.655597,1.21
121,34,val,7.379091,1.22
121,35,val,15.612488,1.23
121,36,val,25.428661,1.24
121,37,val,13.712086,1.24
121,38,val,14.561458,1.25
121,39,val,35.489288,1.25
121,40,val,39.716343,1.26
121,41,val,15.566999,1.27
121,42,val,19.669882,1.27
121,43,val,12.644745,1.28
121,44,val,72.107941,1.29
121,45,val,30.138683,1.29
121,46,val,67.025009,1.30
121,47,val,18.983721,1.30
121,48,val,92.017731,1.31
121,49,val,10.598356,1.32
121,50,val,12.203222,1.32
121,51,val,11.160658,1.33
121,52,val,34.913258,1.34
121,53,val,8.892540,1.35
121,54,val,21.723534,1.36
121,55,val,7.916288,1.36
121,56,val,14.064250,1.37
121,57,val,13.922054,1.38
121,58,val,15.282497,1.38
121,59,val,13.362518,1.39
121,60,val,43.277534,1.39
121,61,val,19.915773,1.40
121,62,val,7.654069,1.41
121,63,val,24.177151,1.41
121,64,val,6.035568,1.42
121,65,val,67.764885,1.43
121,66,val,15.476158,1.43
121,67,val,8.045530,1.45
121,68,val,51.608559,1.45
121,69,val,10.788263,1.46
121,70,val,58.347565,1.47
121,71,val,73.563164,1.47
121,72,val,10.077642,1.48
121,73,val,11.704870,1.49
121,74,val,29.797119,1.50
121,75,val,16.663412,1.50
121,76,val,13.128731,1.51
121,77,val,9.436034,1.52
121,78,val,12.363974,1.53
121,79,val,26.345764,1.53
122,0,train,24.093784,0.11
122,1,train,18.966883,0.14
122,2,train,12.926422,0.17
122,3,train,19.918331,0.19
122,4,train,10.231232,0.22
122,5,train,18.320173,0.25
122,6,train,14.751608,0.27
122,7,train,12.681082,0.29
122,8,train,18.772644,0.32
122,9,train,14.044628,0.35
122,10,train,19.161407,0.37
122,11,train,12.497158,0.40
122,12,train,14.195813,0.42
122,13,train,23.637390,0.45
122,14,train,13.058565,0.47
122,15,train,11.938063,0.50
122,16,train,11.115439,0.52
122,17,train,9.921472,0.55
122,18,train,21.543821,0.58
122,19,train,21.398949,0.60
122,20,train,21.112490,0.63
122,21,train,15.963657,0.65
122,22,train,12.780689,0.68
122,23,train,10.089767,0.70
122,24,train,25.491840,0.73
122,25,train,17.682001,0.76
122,26,train,15.192039,0.78
122,27,train,11.142252,0.81
122,28,train,14.822344,0.83
122,29,train,14.708260,0.86
122,0,val,10.517344,0.99
122,1,val,15.501301,1.00
122,2,val,16.589691,1.00
122,3,val,9.331230,1.02
122,4,val,12.439098,1.02
122,5,val,29.769176,1.03
122,6,val,14.538809,1.04
122,7,val,47.598755,1.04
122,8,val,47.669006,1.05
122,9,val,33.542843,1.06
122,10,val,49.380226,1.06
122,11,val,15.699835,1.07
122,12,val,6.934873,1.08
122,13,val,22.511724,1.08
122,14,val,8.336211,1.09
122,15,val,16.603134,1.10
122,16,val,20.805525,1.10
122,17,val,70.889465,1.11
122,18,val,11.601561,1.12
122,19,val,22.202276,1.13
122,20,val,16.447685,1.13
122,21,val,6.427822,1.14
122,22,val,9.059986,1.15
122,23,val,20.556036,1.15
122,24,val,44.906342,1.16
122,25,val,33.137115,1.17
122,26,val,9.648542,1.17
122,27,val,16.740608,1.18
122,28,val,9.447876,1.19
122,29,val,9.694439,1.19
122,30,val,4.440504,1.20
122,31,val,21.789074,1.21
122,32,val,13.292425,1.22
122,33,val,10.135684,1.23
122,34,val,6.504738,1.23
122,35,val,14.634237,1.24
122,36,val,21.512920,1.25
122,37,val,13.753154,1.25
122,38,val,14.188308,1.26
122,39,val,34.309349,1.27
122,40,val,24.664160,1.27
122,41,val,18.782623,1.28
122,42,val,17.837090,1.29
122,43,val,10.801154,1.29
122,44,val,72.910133,1.30
122,45,val,32.721573,1.31
122,46,val,71.231842,1.31
122,47,val,17.963375,1.32
122,48,val,54.468460,1.33
122,49,val,11.103500,1.34
122,50,val,12.732855,1.34
122,51,val,11.480169,1.35
122,52,val,11.083677,1.36
122,53,val,9.274891,1.36
122,54,val,10.065836,1.37
122,55,val,8.300695,1.38
122,56,val,8.919142,1.38
122,57,val,13.225352,1.39
122,58,val,16.522676,1.40
122,59,val,33.957451,1.40
122,60,val,31.756353,1.41
122,61,val,21.237488,1.42
122,62,val,25.592299,1.43
122,63,val,32.125900,1.43
122,64,val,6.991437,1.44
122,65,val,67.248283,1.45
122,66,val,16.059454,1.45
122,67,val,9.363406,1.46
122,68,val,53.716614,1.47
122,69,val,10.688202,1.47
122,70,val,43.294502,1.48
122,71,val,72.767258,1.49
122,72,val,9.374828,1.49
122,73,val,10.415889,1.50
122,74,val,28.708096,1.50
122,75,val,16.686668,1.51
122,76,val,11.862206,1.52
122,77,val,8.667194,1.52
122,78,val,21.286007,1.53
122,79,val,24.469563,1.53
123,0,train,10.468014,0.12
123,1,train,13.038063,0.16
123,2,train,15.595728,0.18
123,3,train,18.946938,0.21
123,4,train,12.333508,0.24
123,5,train,9.307520,0.27
123,6,train,13.301424,0.30
123,7,train,16.384922,0.33
123,8,train,16.596264,0.35
123,9,train,24.486237,0.38
123,10,train,16.631790,0.41
123,11,train,11.608304,0.45
123,12,train,19.194475,0.47
123,13,train,12.609735,0.50
123,14,train,17.565327,0.53
123,15,train,8.877284,0.55
123,16,train,24.423527,0.58
123,17,train,24.257572,0.61
123,18,train,26.298367,0.64
123,19,train,18.572910,0.66
123,20,train,16.519217,0.69
123,21,train,7.819426,0.72
123,22,train,11.170466,0.74
123,23,train,13.083282,0.77
123,24,train,24.774117,0.79
123,25,train,15.290092,0.82
123,26,train,19.847496,0.84
123,27,train,23.086018,0.87
123,28,train,16.227907,0.89
123,29,train,16.049150,0.91
123,0,val,10.346959,1.03
123,1,val,16.185356,1.04
123,2,val,13.122508,1.05
123,3,val,32.537693,1.05
123,4,val,11.937025,1.06
123,5,val,17.254108,1.07
123,6,val,13.243141,1.08
123,7,val,14.825954,1.09
123,8,val,46.187981,1.09
123,9,val,31.255852,1.10
123,10,val,48.669830,1.11
123,11,val,17.607450,1.12
123,12,val,10.818586,1.12
123,13,val,21.066872,1.13
123,14,val,8.179007,1.14
123,15,val,9.867329,1.14
123,16,val,23.578487,1.15
123,17,val,70.450516,1.15
123,18,val,10.785553,1.16
123,19,val,21.761847,1.18
123,20,val,16.548859,1.18
123,21,val,8.912779,1.19
123,22,val,10.733878,1.20
123,23,val,19.888449,1.21
123,24,val,38.227154,1.21
123,25,val,33.369125,1.22
123,26,val,11.628008,1.23
123,27,val,13.780725,1.23
123,28,val,10.252625,1.24
123,29,val,12.808260,1.25
123,30,val,3.894493,1.25
123,31,val,20.772293,1.26
123,32,val,14.275364,1.27
123,33,val,9.919436,1.28
123,34,val,11.112738,1.29
123,35,val,15.050136,1.30
123,36,val,25.944174,1.31
123,37,val,13.501127,1.32
123,38,val,13.766668,1.33
123,39,val,34.642357,1.34
123,40,val,25.231152,1.35
123,41,val,10.857666,1.36
123,42,val,17.227100,1.37
123,43,val,11.254008,1.38
123,44,val,74.731567,1.39
123,45,val,30.642584,1.40
123,46,val,65.727478,1.41
123,47,val,19.943668,1.42
123,48,val,53.372993,1.43
123,49,val,7.539159,1.44
123,50,val,27.398529,1.44
123,51,val,33.580055,1.45
123,52,val,9.501284,1.46
123,53,val,8.055895,1.47
123,54,val,8.907648,1.48
123,55,val,7.768074,1.49
123,56,val,8.825560,1.50
123,57,val,12.870567,1.51
123,58,val,12.932709,1.52
123,59,val,10.045736,1.52
123,60,val,29.389166,1.53
123,61,val,19.185303,1.54
123,62,val,12.107127,1.54
123,63,val,23.969311,1.55
123,64,val,7.420028,1.56
123,65,val,72.501320,1.56
123,66,val,14.437706,1.57
123,67,val,8.395884,1.58
123,68,val,53.414654,1.58
123,69,val,11.615265,1.59
123,70,val,42.917187,1.60
123,71,val,74.147064,1.60
123,72,val,21.138258,1.61
123,73,val,8.581350,1.62
123,74,val,29.998358,1.63
123,75,val,16.842915,1.64
123,76,val,14.121600,1.64
123,77,val,8.241844,1.64
123,78,val,12.080854,1.65
123,79,val,26.210056,1.65
124,0,train,12.012589,0.14
124,1,train,9.823527,0.17
124,2,train,11.546206,0.20
124,3,train,17.958813,0.23
124,4,train,15.023392,0.27
124,5,train,13.242406,0.31
124,6,train,10.371088,0.34
124,7,train,12.564173,0.37
124,8,train,14.686810,0.41
124,9,train,15.159423,0.43
124,10,train,7.632112,0.46
124,11,train,16.270588,0.48
124,12,train,18.795944,0.52
124,13,train,25.534868,0.54
124,14,train,27.393425,0.58
124,15,train,17.636742,0.61
124,16,train,7.972430,0.64
124,17,train,14.206846,0.67
124,18,train,18.572784,0.69
124,19,train,12.104745,0.72
124,20,train,20.472591,0.75
124,21,train,12.413008,0.77
124,22,train,18.976639,0.80
124,23,train,13.903429,0.82
124,24,train,17.754036,0.85
124,25,train,15.010302,0.87
124,26,train,18.523430,0.90
124,27,train,18.346796,0.94
124,28,train,17.251827,0.98
124,29,train,12.234487,1.01
124,0,val,10.175782,1.16
124,1,val,19.224075,1.17
124,2,val,13.056380,1.17
124,3,val,15.100467,1.19
124,4,val,12.170433,1.20
124,5,val,17.659718,1.20
124,6,val,13.977697,1.21
124,7,val,25.943527,1.22
124,8,val,46.497185,1.22
124,9,val,32.892818,1.23
124,10,val,49.174145,1.24
124,11,val,15.565722,1.25
124,12,val,8.602758,1.25
124,13,val,19.992092,1.26
124,14,val,11.613688,1.27
124,15,val,10.262970,1.28
124,16,val,22.389557,1.29
124,17,val,70.375816,1.30
124,18,val,10.842471,1.30
124,19,val,36.141647,1.31
124,20,val,16.976463,1.32
124,21,val,8.685949,1.33
124,22,val,13.476024,1.34
124,23,val,26.154484,1.34
124,24,val,39.450310,1.35
124,25,val,33.210564,1.36
124,26,val,28.628492,1.36
124,27,val,14.574561,1.37
124,28,val,8.542450,1.38
124,29,val,10.405029,1.39
124,30,val,4.694376,1.39
124,31,val,20.871326,1.40
124,32,val,16.376898,1.41
124,33,val,9.182142,1.41
124,34,val,7.237244,1.42
124,35,val,15.785351,1.43
124,36,val,22.413345,1.43
124,37,val,14.570133,1.44
124,38,val,17.404861,1.45
124,39,val,32.078014,1.45
124,40,val,24.241051,1.46
124,41,val,12.581165,1.47
124,42,val,17.076168,1.47
124,43,val,12.852534,1.48
124,44,val,71.942780,1.49
124,45,val,30.383816,1.50
124,46,val,68.149742,1.50
124,47,val,15.137218,1.51
124,48,val,53.271965,1.52
124,49,val,8.261723,1.52
124,50,val,12.061567,1.53
124,51,val,12.368163,1.54
124,52,val,9.991997,1.54
124,53,val,8.838768,1.55
124,54,val,9.074837,1.56
124,55,val,8.207460,1.56
124,56,val,9.050463,1.57
124,57,val,13.515086,1.58
124,58,val,12.995218,1.61
124,59,val,21.016197,1.62
124,60,val,34.705364,1.63
124,61,val,19.786366,1.65
124,62,val,8.199947,1.66
124,63,val,23.180553,1.69
124,64,val,6.421489,1.71
124,65,val,67.854538,1.73
124,66,val,16.676924,1.75
124,67,val,10.089999,1.76
124,68,val,50.397934,1.77
124,69,val,11.474623,1.78
124,70,val,42.431171,1.80
124,71,val,72.363655,1.81
124,72,val,9.795781,1.82
124,73,val,9.411959,1.84
124,74,val,29.044966,1.85
124,75,val,22.547697,1.86
124,76,val,12.078586,1.87
124,77,val,9.559103,1.88
124,78,val,11.320106,1.88
124,79,val,26.233496,1.89
125,0,train,18.793175,0.18
125,1,train,16.700901,0.23
125,2,train,15.427370,0.27
125,3,train,14.829421,0.31
125,4,train,11.512131,0.36
125,5,train,12.753174,0.41
125,6,train,14.334682,0.45
125,7,train,19.617266,0.48
125,8,train,13.634459,0.51
125,9,train,20.849508,0.55
125,10,train,22.779713,0.59
125,11,train,12.009693,0.62
125,12,train,10.060257,0.65
125,13,train,12.440768,0.68
125,14,train,21.496819,0.71
125,15,train,16.778023,0.74
125,16,train,10.455790,0.78
125,17,train,14.965281,0.81
125,18,train,23.273823,0.84
125,19,train,28.583988,0.87
125,20,train,9.416677,0.90
125,21,train,20.542276,0.93
125,22,train,22.174154,0.96
125,23,train,8.196987,0.99
125,24,train,12.781710,1.03
125,25,train,19.117378,1.06
125,26,train,18.475601,1.08
125,27,train,14.342384,1.11
125,28,train,14.798694,1.15
125,29,train,14.954828,1.18
125,0,val,12.599821,1.37
125,1,val,14.556171,1.39
125,2,val,13.815487,1.40
125,3,val,11.428157,1.41
125,4,val,11.988195,1.42
125,5,val,17.186043,1.43
125,6,val,12.558697,1.44
125,7,val,60.209743,1.45
125,8,val,65.794968,1.46
125,9,val,31.501862,1.47
125,10,val,48.144127,1.48
125,11,val,18.516991,1.49
125,12,val,8.237740,1.51
125,13,val,19.827278,1.51
125,14,val,8.075377,1.52
125,15,val,9.703112,1.53
125,16,val,22.119345,1.54
125,17,val,67.182297,1.55
125,18,val,9.856846,1.55
125,19,val,25.159470,1.56
125,20,val,16.403984,1.57
125,21,val,6.081646,1.58
125,22,val,9.322513,1.59
125,23,val,49.512604,1.60
125,24,val,38.889507,1.61
125,25,val,33.856174,1.61
125,26,val,37.005962,1.62
125,27,val,14.474967,1.63
125,28,val,8.213736,1.64
125,29,val,11.342417,1.65
125,30,val,4.306331,1.66
125,31,val,22.989965,1.66
125,32,val,12.983334,1.67
125,33,val,8.612388,1.68
125,34,val,7.502379,1.69
125,35,val,16.769033,1.70
125,36,val,21.375143,1.71
125,37,val,14.093153,1.71
125,38,val,13.748970,1.72
125,39,val,34.130013,1.73
125,40,val,34.205395,1.74
125,41,val,14.837072,1.75
125,42,val,16.930540,1.76
125,43,val,11.667776,1.76
125,44,val,70.994728,1.77
125,45,val,30.071461,1.78
125,46,val,66.024117,1.79
125,47,val,15.257318,1.80
125,48,val,52.738846,1.81
125,49,val,7.844805,1.82
125,50,val,11.414165,1.83
125,51,val,12.140947,1.84
125,52,val,8.304760,1.85
125,53,val,8.263853,1.85
125,54,val,18.295479,1.86
125,55,val,9.670933,1.87
125,56,val,9.799102,1.88
125,57,val,15.303843,1.88
125,58,val,12.735637,1.89
125,59,val,12.125640,1.90
125,60,val,33.163635,1.91
125,61,val,19.014446,1.92
125,62,val,8.687610,1.93
125,63,val,23.389408,1.93
125,64,val,5.559519,1.94
125,65,val,67.395744,1.95
125,66,val,16.879551,1.96
125,67,val,7.429121,1.96
125,68,val,50.137291,1.97
125,69,val,12.377487,1.98
125,70,val,41.761776,1.99
125,71,val,73.960304,1.99
125,72,val,10.879108,2.01
125,73,val,7.138962,2.02
125,74,val,30.638632,2.02
125,75,val,18.315117,2.03
125,76,val,12.157072,2.04
125,77,val,8.139071,2.04
125,78,val,19.624937,2.05
125,79,val,25.217218,2.05
126,0,train,10.099133,0.15
126,1,train,14.532408,0.19
126,2,train,11.212537,0.22
126,3,train,20.652082,0.26
126,4,train,17.726234,0.29
126,5,train,11.488029,0.32
126,6,train,19.805336,0.35
126,7,train,13.935727,0.38
126,8,train,17.404709,0.42
126,9,train,15.041774,0.46
126,10,train,21.136337,0.50
126,11,train,19.374426,0.54
126,12,train,26.815636,0.57
126,13,train,14.222522,0.60
126,14,train,20.469374,0.64
126,15,train,17.958433,0.68
126,16,train,11.669211,0.71
126,17,train,18.161552,0.74
126,18,train,14.927743,0.77
126,19,train,20.947525,0.88
126,20,train,20.212948,0.94
126,21,train,10.741707,0.97
126,22,train,11.900808,1.00
126,23,train,10.412799,1.03
126,24,train,11.537574,1.06
126,25,train,18.477932,1.09
126,26,train,15.069942,1.12
126,27,train,20.598158,1.15
126,28,train,16.048340,1.17
126,29,train,28.454062,1.20
126,0,val,10.542072,1.37
126,1,val,17.210812,1.38
126,2,val,16.808647,1.39
126,3,val,9.127892,1.40
126,4,val,22.771839,1.41
126,5,val,18.643782,1.42
126,6,val,13.086338,1.42
126,7,val,16.677954,1.43
126,8,val,49.228355,1.44
126,9,val,35.842506,1.45
126,10,val,48.729927,1.46
126,11,val,16.028992,1.47
126,12,val,6.983372,1.48
126,13,val,20.387747,1.50
126,14,val,7.827335,1.52
126,15,val,10.480286,1.53
126,16,val,22.315243,1.53
126,17,val,68.015984,1.54
126,18,val,11.543742,1.55
126,19,val,23.101467,1.56
126,20,val,17.195051,1.57
126,21,val,6.474386,1.58
126,22,val,8.510651,1.60
126,23,val,27.651226,1.61
126,24,val,48.676834,1.62
126,25,val,42.961468,1.63
126,26,val,9.629526,1.64
126,27,val,15.887070,1.65
126,28,val,31.993994,1.66
126,29,val,13.627754,1.66
126,30,val,3.949779,1.67
126,31,val,20.120350,1.68
126,32,val,24.375029,1.69
126,33,val,9.600956,1.70
126,34,val,5.902793,1.71
126,35,val,14.260839,1.71
126,36,val,23.039394,1.72
126,37,val,22.200516,1.73
126,38,val,12.890326,1.73
126,39,val,43.989799,1.74
126,40,val,24.306858,1.75
126,41,val,9.614637,1.76
126,42,val,18.141273,1.77
126,43,val,10.797664,1.78
126,44,val,70.484772,1.78
126,45,val,29.105711,1.79
126,46,val,65.105362,1.80
126,47,val,19.458107,1.81
126,48,val,53.121944,1.82
126,49,val,8.060106,1.83
126,50,val,12.167933,1.84
126,51,val,11.641009,1.84
126,52,val,11.248183,1.85
126,53,val,10.251308,1.86
126,54,val,9.113813,1.87
126,55,val,16.122890,1.87
126,56,val,9.859499,1.88
126,57,val,13.419561,1.89
126,58,val,13.012627,1.90
126,59,val,10.337252,1.91
126,60,val,29.955578,1.92
126,61,val,20.353687,1.93
126,62,val,7.875085,1.93
126,63,val,23.806900,1.94
126,64,val,5.169749,1.95
126,65,val,66.503181,1.96
126,66,val,18.824642,1.97
126,67,val,25.300344,1.97
126,68,val,51.905865,1.98
126,69,val,11.559428,1.99
126,70,val,41.835297,2.00
126,71,val,74.339455,2.02
126,72,val,20.291477,2.03
126,73,val,9.489028,2.04
126,74,val,57.564629,2.05
126,75,val,16.150017,2.06
126,76,val,12.938036,2.07
126,77,val,8.473919,2.07
126,78,val,12.593338,2.08
126,79,val,24.509262,2.09
127,0,train,17.156944,0.16
127,1,train,25.471889,0.20
127,2,train,17.993015,0.24
127,3,train,18.429447,0.27
127,4,train,17.492786,0.30
127,5,train,14.612921,0.33
127,6,train,13.028000,0.35
127,7,train,13.530991,0.39
127,8,train,18.968151,0.42
127,9,train,17.337955,0.45
127,10,train,11.780107,0.47
127,11,train,14.794374,0.50
127,12,train,10.731781,0.53
127,13,train,13.659059,0.55
127,14,train,18.087296,0.58
127,15,train,13.070311,0.60
127,16,train,16.282516,0.63
127,17,train,12.949696,0.66
127,18,train,12.122905,0.68
127,19,train,12.226624,0.71
127,20,train,27.037066,0.74
127,21,train,15.949114,0.76
127,22,train,18.624580,0.78
127,23,train,11.952195,0.81
127,24,train,8.100697,0.84
127,25,train,26.644150,0.86
127,26,train,19.866095,0.88
127,27,train,19.609177,0.91
127,28,train,15.447392,0.94
127,29,train,9.622510,0.96
127,0,val,10.865528,1.10
127,1,val,14.452702,1.10
127,2,val,14.616997,1.11
127,3,val,10.248562,1.12
127,4,val,14.759376,1.13
127,5,val,17.651222,1.13
127,6,val,12.669138,1.14
127,7,val,16.291142,1.15
127,8,val,48.626293,1.15
127,9,val,32.555233,1.16
127,10,val,48.890209,1.17
127,11,val,20.800728,1.17
127,12,val,6.138904,1.18
127,13,val,21.536337,1.19
127,14,val,10.666984,1.19
127,15,val,9.460678,1.20
127,16,val,22.448658,1.21
127,17,val,67.676888,1.21
127,18,val,27.543470,1.22
127,19,val,23.855215,1.23
127,20,val,19.373037,1.24
127,21,val,13.508899,1.24
127,22,val,8.652328,1.25
127,23,val,19.503994,1.26
127,24,val,38.045128,1.26
127,25,val,33.549431,1.27
127,26,val,8.885553,1.28
127,27,val,17.051357,1.28
127,28,val,9.300265,1.29
127,29,val,9.230871,1.30
127,30,val,5.104398,1.30
127,31,val,20.446472,1.31
127,32,val,12.504871,1.31
127,33,val,20.636887,1.32
127,34,val,5.764938,1.33
127,35,val,14.775902,1.34
127,36,val,22.065228,1.34
127,37,val,32.559654,1.35
127,38,val,15.053988,1.36
127,39,val,35.909752,1.36
127,40,val,25.644176,1.37
127,41,val,10.381709,1.37
127,42,val,17.034279,1.38
127,43,val,12.204226,1.39
127,44,val,72.087120,1.39
127,45,val,37.205887,1.40
127,46,val,81.619705,1.41
127,47,val,14.724241,1.42
127,48,val,57.778088,1.43
127,49,val,9.261415,1.44
127,50,val,17.151203,1.45
127,51,val,12.804221,1.45
127,52,val,33.012672,1.46
127,53,val,10.080097,1.47
127,54,val,14.936361,1.47
127,55,val,9.435239,1.48
127,56,val,9.041175,1.49
127,57,val,13.736895,1.49
127,58,val,13.766208,1.50
127,59,val,11.607573,1.51
127,60,val,32.467255,1.51
127,61,val,19.660450,1.52
127,62,val,8.715055,1.52
127,63,val,23.053047,1.54
127,64,val,8.977449,1.54
127,65,val,67.064407,1.55
127,66,val,25.146236,1.56
127,67,val,12.770460,1.57
127,68,val,54.484871,1.57
127,69,val,12.012665,1.58
127,70,val,42.435276,1.58
127,71,val,73.633057,1.59
127,72,val,10.068102,1.59
127,73,val,7.352072,1.60
127,74,val,31.034657,1.61
127,75,val,16.426008,1.62
127,76,val,13.410149,1.62
127,77,val,7.807180,1.62
127,78,val,11.701948,1.63
127,79,val,23.468725,1.64
128,0,train,12.518137,0.11
128,1,train,25.271751,0.14
128,2,train,10.960926,0.17
128,3,train,11.802605,0.19
128,4,train,19.167656,0.22
128,5,train,15.330157,0.25
128,6,train,13.897423,0.27
128,7,train,12.667893,0.30
128,8,train,7.196106,0.32
128,9,train,18.855753,0.35
128,10,train,14.821649,0.38
128,11,train,14.038357,0.40
128,12,train,12.490717,0.43
128,13,train,17.588524,0.46
128,14,train,14.457947,0.48
128,15,train,11.616777,0.51
128,16,train,15.107769,0.53
128,17,train,21.426735,0.56
128,18,train,14.064343,0.58
128,19,train,9.143930,0.61
128,20,train,17.757013,0.63
128,21,train,16.311581,0.66
128,22,train,19.056763,0.69
128,23,train,12.886900,0.71
128,24,train,11.972240,0.73
128,25,train,15.183247,0.76
128,26,train,12.755609,0.80
128,27,train,19.822109,0.82
128,28,train,12.014956,0.84
128,29,train,10.399517,0.87
128,0,val,9.937483,0.98
128,1,val,25.283567,0.99
128,2,val,19.920919,1.00
128,3,val,9.332188,1.00
128,4,val,13.356765,1.01
128,5,val,18.423576,1.02
128,6,val,12.903247,1.03
128,7,val,16.207962,1.04
128,8,val,45.526939,1.05
128,9,val,33.089874,1.05
128,10,val,47.786713,1.06
128,11,val,17.834480,1.06
128,12,val,6.757833,1.07
128,13,val,22.422150,1.08
128,14,val,8.562431,1.08
128,15,val,9.452377,1.09
128,16,val,22.880682,1.10
128,17,val,66.984131,1.10
128,18,val,10.025861,1.11
128,19,val,21.155384,1.11
128,20,val,28.055822,1.12
128,21,val,6.562606,1.13
128,22,val,12.110095,1.14
128,23,val,20.113729,1.14
128,24,val,37.306431,1.15
128,25,val,32.936737,1.16
128,26,val,11.476843,1.16
128,27,val,13.383736,1.17
128,28,val,10.532020,1.18
128,29,val,10.190561,1.18
128,30,val,4.009168,1.19
128,31,val,20.568710,1.20
128,32,val,14.797954,1.20
128,33,val,51.589111,1.21
128,34,val,7.525159,1.22
128,35,val,30.574284,1.23
128,36,val,21.208096,1.23
128,37,val,15.741542,1.24
128,38,val,14.090027,1.25
128,39,val,34.467834,1.25
128,40,val,23.838654,1.26
128,41,val,10.367557,1.27
128,42,val,17.294682,1.27
128,43,val,10.820601,1.28
128,44,val,75.266731,1.28
128,45,val,29.100368,1.29
128,46,val,64.204300,1.30
128,47,val,14.796851,1.31
128,48,val,53.682899,1.31
128,49,val,8.148396,1.32
128,50,val,12.660513,1.33
128,51,val,18.474087,1.34
128,52,val,9.220981,1.34
128,53,val,11.583775,1.35
128,54,val,8.342380,1.35
128,55,val,9.663329,1.36
128,56,val,8.735604,1.37
128,57,val,14.316622,1.38
128,58,val,12.702006,1.38
128,59,val,10.780832,1.39
128,60,val,29.677824,1.39
128,61,val,25.414165,1.40
128,62,val,7.562932,1.41
128,63,val,23.497694,1.41
128,64,val,6.133947,1.42
128,65,val,68.128052,1.43
128,66,val,14.806449,1.44
128,67,val,8.159931,1.44
128,68,val,51.366680,1.45
128,69,val,12.361731,1.46
128,70,val,41.558121,1.46
128,71,val,73.562012,1.47
128,72,val,11.295612,1.48
128,73,val,7.622975,1.48
128,74,val,40.562347,1.49
128,75,val,16.977116,1.49
128,76,val,12.973948,1.50
128,77,val,8.284449,1.50
128,78,val,13.502902,1.51
128,79,val,26.155167,1.51
129,0,train,14.303659,0.11
129,1,train,13.698351,0.14
129,2,train,15.297729,0.16
129,3,train,13.779023,0.19
129,4,train,12.030823,0.21
129,5,train,17.127802,0.25
129,6,train,18.481588,0.28
129,7,train,15.519695,0.31
129,8,train,20.110409,0.33
129,9,train,10.996511,0.36
129,10,train,15.172166,0.39
129,11,train,16.768873,0.41
129,12,train,15.431934,0.43
129,13,train,24.014118,0.47
129,14,train,10.351398,0.49
129,15,train,13.066452,0.52
129,16,train,23.870310,0.54
129,17,train,12.389078,0.57
129,18,train,10.406769,0.59
129,19,train,12.586840,0.62
129,20,train,14.156561,0.64
129,21,train,17.974665,0.67
129,22,train,13.555277,0.70
129,23,train,11.432699,0.72
129,24,train,13.434048,0.75
129,25,train,17.367226,0.78
129,26,train,11.442666,0.80
129,27,train,12.992064,0.82
129,28,train,9.208185,0.84
129,29,train,12.062325,0.87
129,0,val,12.677568,0.99
129,1,val,17.735481,0.99
129,2,val,14.366257,1.00
129,3,val,30.234915,1.01
129,4,val,14.419848,1.01
129,5,val,19.256836,1.03
129,6,val,12.290690,1.03
129,7,val,22.445936,1.04
129,8,val,48.477608,1.05
129,9,val,32.561604,1.05
129,10,val,68.368530,1.06
129,11,val,15.805377,1.07
129,12,val,8.597972,1.07
129,13,val,25.337866,1.08
129,14,val,8.646689,1.09
129,15,val,11.457362,1.09
129,16,val,24.557018,1.10
129,17,val,67.054588,1.11
129,18,val,11.196704,1.11
129,19,val,21.400105,1.12
129,20,val,17.226706,1.13
129,21,val,10.897419,1.14
129,22,val,9.313188,1.14
129,23,val,20.380009,1.15
129,24,val,37.199417,1.16
129,25,val,34.471062,1.16
129,26,val,9.601993,1.17
129,27,val,13.741028,1.18
129,28,val,8.506867,1.18
129,29,val,11.438284,1.19
129,30,val,6.043954,1.20
129,31,val,36.021568,1.20
129,32,val,15.972996,1.21
129,33,val,10.171978,1.22
129,34,val,6.767799,1.22
129,35,val,40.341202,1.24
129,36,val,20.630383,1.24
129,37,val,14.689472,1.25
129,38,val,14.647585,1.26
129,39,val,34.784897,1.26
129,40,val,24.527906,1.27
129,41,val,19.725468,1.28
129,42,val,16.450184,1.29
129,43,val,11.859627,1.30
129,44,val,73.868942,1.31
129,45,val,28.584387,1.31
129,46,val,66.206207,1.32
129,47,val,15.250648,1.33
129,48,val,53.708359,1.34
129,49,val,7.115611,1.35
129,50,val,12.628296,1.35
129,51,val,13.265259,1.36
129,52,val,10.482023,1.37
129,53,val,9.152196,1.38
129,54,val,10.030119,1.38
129,55,val,8.480007,1.39
129,56,val,10.383288,1.40
129,57,val,18.769581,1.40
129,58,val,20.353064,1.41
129,59,val,10.639859,1.41
129,60,val,29.996078,1.42
129,61,val,18.837610,1.43
129,62,val,8.263439,1.44
129,63,val,23.673000,1.45
129,64,val,4.972267,1.45
129,65,val,65.912956,1.46
129,66,val,15.345644,1.46
129,67,val,9.023893,1.47
129,68,val,52.539230,1.48
129,69,val,20.954102,1.48
129,70,val,41.369339,1.49
129,71,val,79.168159,1.50
129,72,val,11.579207,1.50
129,73,val,19.824377,1.51
129,74,val,31.427786,1.51
129,75,val,15.537581,1.52
129,76,val,12.002478,1.53
129,77,val,8.249298,1.53
129,78,val,12.269721,1.54
129,79,val,24.912127,1.54
130,0,train,18.281757,0.11
130,1,train,22.689342,0.16
130,2,train,14.274793,0.20
130,3,train,16.232407,0.23
130,4,train,15.705797,0.27
130,5,train,15.831930,0.30
130,6,train,18.423512,0.33
130,7,train,14.119538,0.36
130,8,train,18.912865,0.39
130,9,train,16.086521,0.42
130,10,train,12.386996,0.46
130,11,train,19.574253,0.48
130,12,train,12.880426,0.54
130,13,train,18.203192,0.57
130,14,train,16.969383,0.60
130,15,train,18.038883,0.64
130,16,train,15.957335,0.67
130,17,train,13.071534,0.70
130,18,train,39.419479,0.73
130,19,train,13.308909,0.76
130,20,train,17.533291,0.80
130,21,train,22.338776,0.83
130,22,train,15.617960,0.86
130,23,train,11.802128,0.89
130,24,train,16.940737,0.93
130,25,train,14.618053,0.96
130,26,train,10.849362,0.98
130,27,train,14.193497,1.02
130,28,train,17.316574,1.04
130,29,train,17.286848,1.07
130,0,val,12.828231,1.26
130,1,val,17.436275,1.30
130,2,val,12.810259,1.32
130,3,val,9.932430,1.33
130,4,val,13.655359,1.34
130,5,val,19.159849,1.35
130,6,val,12.866328,1.36
130,7,val,18.671629,1.37
130,8,val,44.396492,1.38
130,9,val,32.024952,1.39
130,10,val,52.587200,1.40
130,11,val,14.922188,1.41
130,12,val,7.390849,1.41
130,13,val,23.641973,1.42
130,14,val,36.018658,1.43
130,15,val,10.558235,1.44
130,16,val,21.721985,1.45
130,17,val,65.431747,1.46
130,18,val,10.751743,1.46
130,19,val,24.510160,1.48
130,20,val,16.344080,1.49
130,21,val,7.897613,1.50
130,22,val,9.045652,1.51
130,23,val,21.092701,1.51
130,24,val,37.022594,1.52
130,25,val,32.930637,1.53
130,26,val,9.259444,1.54
130,27,val,14.299810,1.55
130,28,val,8.674643,1.56
130,29,val,10.808582,1.57
130,30,val,3.697842,1.59
130,31,val,32.599380,1.60
130,32,val,13.759628,1.61
130,33,val,11.795782,1.62
130,34,val,14.682788,1.63
130,35,val,14.303719,1.64
130,36,val,20.709408,1.64
130,37,val,13.752451,1.65
130,38,val,12.913340,1.66
130,39,val,37.011559,1.67
130,40,val,25.400480,1.68
130,41,val,10.587748,1.69
130,42,val,16.922390,1.70
130,43,val,10.943698,1.71
130,44,val,70.615189,1.71
130,45,val,39.360649,1.72
130,46,val,64.506340,1.73
130,47,val,15.447131,1.74
130,48,val,53.787170,1.75
130,49,val,8.319470,1.76
130,50,val,12.640860,1.76
130,51,val,12.830840,1.77
130,52,val,8.340739,1.78
130,53,val,8.740513,1.79
130,54,val,32.456032,1.80
130,55,val,11.337837,1.81
130,56,val,8.526832,1.82
130,57,val,13.665484,1.82
130,58,val,13.198128,1.83
130,59,val,10.266521,1.84
130,60,val,58.659569,1.85
130,61,val,25.098043,1.86
130,62,val,8.824419,1.87
130,63,val,26.291950,1.88
130,64,val,5.654414,1.89
130,65,val,80.541504,1.90
130,66,val,14.219086,1.91
130,67,val,8.306337,1.92
130,68,val,53.171829,1.93
130,69,val,11.499846,1.93
130,70,val,42.643253,1.94
130,71,val,77.335754,1.95
130,72,val,13.234322,1.96
130,73,val,7.881695,1.97
130,74,val,30.951885,1.97
130,75,val,19.905102,1.98
130,76,val,13.346507,1.99
130,77,val,8.740184,2.00
130,78,val,12.565936,2.01
130,79,val,23.973658,2.01
131,0,train,13.128378,0.14
131,1,train,10.631353,0.17
131,2,train,13.968865,0.20
131,3,train,16.741360,0.23
131,4,train,12.719281,0.26
131,5,train,15.818119,0.29
131,6,train,11.820900,0.32
131,7,train,9.652077,0.35
131,8,train,28.458370,0.38
131,9,train,8.717688,0.41
131,10,train,19.411360,0.44
131,11,train,14.212729,0.46
131,12,train,16.975931,0.49
131,13,train,8.889723,0.53
131,14,train,13.414703,0.55
131,15,train,18.012516,0.58
131,16,train,11.183254,0.61
131,17,train,14.917632,0.63
131,18,train,15.043005,0.66
131,19,train,13.240621,0.68
131,20,train,12.508901,0.71
131,21,train,12.174298,0.74
131,22,train,9.772875,0.77
131,23,train,15.066660,0.80
131,24,train,15.603880,0.83
131,25,train,16.368414,0.86
131,26,train,14.158698,0.89
131,27,train,9.921215,0.91
131,28,train,16.477190,0.94
131,29,train,22.715511,0.98
131,0,val,9.520859,1.09
131,1,val,19.848923,1.10
131,2,val,11.942228,1.11
131,3,val,10.688522,1.11
131,4,val,12.562550,1.12
131,5,val,18.600815,1.13
131,6,val,11.976786,1.14
131,7,val,17.217030,1.15
131,8,val,46.558147,1.16
131,9,val,32.367786,1.16
131,10,val,48.389183,1.17
131,11,val,16.518829,1.18
131,12,val,7.335685,1.19
131,13,val,20.710766,1.19
131,14,val,8.113930,1.20
131,15,val,17.039671,1.21
131,16,val,22.016829,1.22
131,17,val,66.753250,1.23
131,18,val,9.972559,1.24
131,19,val,22.715504,1.25
131,20,val,17.018518,1.26
131,21,val,32.504040,1.27
131,22,val,8.241499,1.27
131,23,val,18.821577,1.28
131,24,val,37.277115,1.29
131,25,val,38.947891,1.29
131,26,val,13.061411,1.30
131,27,val,18.245222,1.31
131,28,val,9.695122,1.32
131,29,val,9.450947,1.33
131,30,val,3.884349,1.33
131,31,val,21.765944,1.34
131,32,val,13.949363,1.35
131,33,val,9.027105,1.36
131,34,val,6.272896,1.37
131,35,val,25.218678,1.37
131,36,val,22.140102,1.38
131,37,val,18.000721,1.39
131,38,val,13.323788,1.39
131,39,val,35.502731,1.40
131,40,val,23.246048,1.41
131,41,val,9.843565,1.41
131,42,val,16.617601,1.42
131,43,val,11.186786,1.43
131,44,val,69.600388,1.43
131,45,val,28.641920,1.44
131,46,val,65.226677,1.45
131,47,val,14.949675,1.46
131,48,val,53.145599,1.46
131,49,val,7.450030,1.47
131,50,val,12.245975,1.48
131,51,val,11.490756,1.48
131,52,val,9.240725,1.49
131,53,val,9.042324,1.50
131,54,val,10.986427,1.50
131,55,val,8.065008,1.51
131,56,val,11.024917,1.52
131,57,val,13.777141,1.52
131,58,val,14.491633,1.53
131,59,val,10.116389,1.54
131,60,val,31.606359,1.54
131,61,val,20.892553,1.55
131,62,val,8.046776,1.56
131,63,val,24.831074,1.57
131,64,val,5.049139,1.57
131,65,val,66.190758,1.58
131,66,val,15.334557,1.59
131,67,val,8.461059,1.59
131,68,val,49.081219,1.60
131,69,val,11.381882,1.61
131,70,val,42.305115,1.61
131,71,val,71.113075,1.62
131,72,val,17.871847,1.63
131,73,val,8.427512,1.63
131,74,val,29.293829,1.64
131,75,val,15.287369,1.65
131,76,val,14.383807,1.66
131,77,val,9.912067,1.67
131,78,val,11.718199,1.67
131,79,val,34.344582,1.68
132,0,train,22.612352,0.11
132,1,train,10.715734,0.15
132,2,train,19.517918,0.17
132,3,train,21.653709,0.20
132,4,train,11.704396,0.23
132,5,train,10.804883,0.26
132,6,train,10.981789,0.29
132,7,train,23.373260,0.32
132,8,train,14.969587,0.34
132,9,train,14.150230,0.37
132,10,train,14.254389,0.40
132,11,train,11.923294,0.42
132,12,train,9.330809,0.45
132,13,train,11.697159,0.48
132,14,train,18.788204,0.51
132,15,train,18.424093,0.54
132,16,train,19.232330,0.57
132,17,train,17.637058,0.62
132,18,train,9.693597,0.65
132,19,train,14.026237,0.68
132,20,train,10.070814,0.72
132,21,train,14.157053,0.76
132,22,train,11.318825,0.83
132,23,train,24.659685,0.87
132,24,train,11.861742,0.91
132,25,train,10.074642,0.95
132,26,train,19.873543,0.98
132,27,train,16.322105,1.00
132,28,train,10.350576,1.04
132,29,train,13.348228,1.08
132,0,val,19.846224,1.25
132,1,val,16.948784,1.27
132,2,val,13.923778,1.28
132,3,val,12.378075,1.28
132,4,val,11.973788,1.29
132,5,val,18.362202,1.30
132,6,val,13.618406,1.31
132,7,val,14.926585,1.31
132,8,val,44.773361,1.32
132,9,val,32.066982,1.33
132,10,val,45.738304,1.34
132,11,val,22.154263,1.35
132,12,val,6.762450,1.35
132,13,val,22.672592,1.36
132,14,val,9.426998,1.37
132,15,val,9.884448,1.38
132,16,val,28.293631,1.39
132,17,val,64.570717,1.40
132,18,val,11.629038,1.40
132,19,val,22.276089,1.41
132,20,val,16.581093,1.42
132,21,val,6.204507,1.43
132,22,val,9.388167,1.44
132,23,val,19.676754,1.44
132,24,val,37.450706,1.45
132,25,val,46.552120,1.46
132,26,val,10.209459,1.47
132,27,val,15.402792,1.48
132,28,val,9.391241,1.49
132,29,val,9.516319,1.49
132,30,val,16.039349,1.50
132,31,val,19.682434,1.51
132,32,val,16.886639,1.52
132,33,val,8.568398,1.53
132,34,val,5.480064,1.54
132,35,val,20.160826,1.54
132,36,val,21.123068,1.55
132,37,val,12.456164,1.56
132,38,val,14.456786,1.57
132,39,val,34.655117,1.58
132,40,val,23.947430,1.59
132,41,val,10.147254,1.59
132,42,val,17.173025,1.60
132,43,val,10.994865,1.61
132,44,val,71.748985,1.62
132,45,val,28.038574,1.63
132,46,val,62.936199,1.63
132,47,val,25.311842,1.64
132,48,val,57.739563,1.65
132,49,val,8.634536,1.66
132,50,val,11.641865,1.67
132,51,val,11.578657,1.67
132,52,val,9.321835,1.68
132,53,val,36.173008,1.69
132,54,val,8.419593,1.70
132,55,val,7.573654,1.71
132,56,val,8.303191,1.72
132,57,val,12.658459,1.72
132,58,val,32.360489,1.73
132,59,val,13.106129,1.74
132,60,val,30.460976,1.75
132,61,val,20.623024,1.75
132,62,val,7.186214,1.76
132,63,val,23.534626,1.77
132,64,val,9.849860,1.78
132,65,val,65.032364,1.79
132,66,val,35.986317,1.79
132,67,val,8.425955,1.80
132,68,val,52.431377,1.81
132,69,val,11.578163,1.82
132,70,val,40.211971,1.82
132,71,val,70.960144,1.83
132,72,val,12.737995,1.84
132,73,val,7.861951,1.85
132,74,val,28.941910,1.85
132,75,val,16.471239,1.86
132,76,val,14.370998,1.87
132,77,val,7.592799,1.87
132,78,val,12.255676,1.88
132,79,val,23.512238,1.89
133,0,train,15.883851,0.15
133,1,train,24.115665,0.19
133,2,train,16.362320,0.22
133,3,train,10.266772,0.25
133,4,train,15.419337,0.29
133,5,train,16.426773,0.32
133,6,train,13.921924,0.35
133,7,train,12.719543,0.39
133,8,train,19.305058,0.42
133,9,train,8.070331,0.53
133,10,train,14.211845,0.57
133,11,train,10.674636,0.61
133,12,train,14.564882,0.64
133,13,train,12.813370,0.67
133,14,train,12.185138,0.70
133,15,train,10.438469,0.73
133,16,train,10.470063,0.76
133,17,train,14.491128,0.80
133,18,train,9.931581,0.83
133,19,train,15.624178,0.86
133,20,train,16.734629,0.89
133,21,train,13.564703,0.93
133,22,train,9.817383,0.96
133,23,train,19.411404,0.99
133,24,train,27.156086,1.02
133,25,train,9.009992,1.05
133,26,train,19.540815,1.08
133,27,train,10.792782,1.10
133,28,train,9.328030,1.13
133,29,train,11.778589,1.15
133,0,val,9.007545,1.33
133,1,val,15.684973,1.37
133,2,val,12.666987,1.38
133,3,val,10.490072,1.39
133,4,val,13.040371,1.40
133,5,val,19.587391,1.41
133,6,val,13.090140,1.43
133,7,val,16.937681,1.44
133,8,val,47.397823,1.46
133,9,val,31.978722,1.48
133,10,val,46.908504,1.51
133,11,val,15.106754,1.53
133,12,val,7.949728,1.56
133,13,val,21.081289,1.57
133,14,val,8.624538,1.58
133,15,val,9.444521,1.59
133,16,val,21.653097,1.60
133,17,val,70.101372,1.61
133,18,val,9.702150,1.61
133,19,val,20.947697,1.62
133,20,val,19.507830,1.63
133,21,val,6.293570,1.64
133,22,val,8.840568,1.65
133,23,val,19.396824,1.66
133,24,val,38.207912,1.67
133,25,val,32.843872,1.68
133,26,val,9.316122,1.68
133,27,val,22.205353,1.69
133,28,val,8.315201,1.70
133,29,val,9.556885,1.71
133,30,val,3.694463,1.71
133,31,val,19.971172,1.72
133,32,val,14.978539,1.73
133,33,val,8.678209,1.74
133,34,val,6.597631,1.75
133,35,val,17.807091,1.76
133,36,val,20.585356,1.77
133,37,val,14.495626,1.78
133,38,val,20.442556,1.79
133,39,val,34.415722,1.80
133,40,val,24.977051,1.81
133,41,val,9.773993,1.83
133,42,val,21.034149,1.84
133,43,val,10.659697,1.85
133,44,val,69.441376,1.86
133,45,val,33.603207,1.87
133,46,val,64.641136,1.89
133,47,val,16.076313,1.90
133,48,val,56.871956,1.91
133,49,val,7.637583,1.92
133,50,val,11.725065,1.93
133,51,val,12.458415,1.93
133,52,val,39.123238,1.94
133,53,val,45.978241,1.95
133,54,val,8.658132,1.96
133,55,val,9.583964,1.97
133,56,val,9.287537,1.98
133,57,val,12.373480,1.99
133,58,val,17.679752,2.00
133,59,val,11.779353,2.01
133,60,val,29.916649,2.02
133,61,val,29.779150,2.03
133,62,val,7.665231,2.04
133,63,val,24.832909,2.05
133,64,val,5.180402,2.05
133,65,val,67.671883,2.06
133,66,val,14.561884,2.07
133,67,val,8.098719,2.08
133,68,val,50.053326,2.08
133,69,val,10.870153,2.10
133,70,val,41.985634,2.11
133,71,val,71.112541,2.11
133,72,val,37.005917,2.12
133,73,val,8.212643,2.13
133,74,val,31.011017,2.14
133,75,val,15.755802,2.14
133,76,val,12.896099,2.15
133,77,val,9.607262,2.16
133,78,val,11.049965,2.16
133,79,val,32.986946,2.17
134,0,train,14.620811,0.20
134,1,train,14.202353,0.25
134,2,train,15.445993,0.28
134,3,train,9.928473,0.31
134,4,train,20.376308,0.34
134,5,train,13.774570,0.37
134,6,train,11.824907,0.41
134,7,train,13.713380,0.45
134,8,train,16.699265,0.48
134,9,train,15.102131,0.51
134,10,train,9.705723,0.54
134,11,train,18.583683,0.57
134,12,train,16.987495,0.60
134,13,train,10.640923,0.65
134,14,train,14.043264,0.69
134,15,train,13.444229,0.73
134,16,train,14.216369,0.79
134,17,train,8.829754,0.85
134,18,train,12.680065,0.88
134,19,train,26.304300,0.91
134,20,train,19.997849,0.94
134,21,train,14.051583,0.97
134,22,train,9.125865,1.00
134,23,train,13.368244,1.03
134,24,train,13.468369,1.06
134,25,train,14.100487,1.10
134,26,train,11.094164,1.12
134,27,train,23.625599,1.15
134,28,train,13.570831,1.19
134,29,train,14.321201,1.23
134,0,val,9.663202,1.47
134,1,val,14.984225,1.49
134,2,val,12.761622,1.50
134,3,val,9.687778,1.52
134,4,val,12.083506,1.52
134,5,val,17.883944,1.53
134,6,val,12.620977,1.54
134,7,val,16.199871,1.55
134,8,val,48.223106,1.56
134,9,val,31.728207,1.57
134,10,val,59.171867,1.59
134,11,val,14.805780,1.60
134,12,val,19.669701,1.61
134,13,val,23.047638,1.62
134,14,val,7.939111,1.63
134,15,val,11.689301,1.64
134,16,val,22.146994,1.65
134,17,val,66.030159,1.65
134,18,val,9.870074,1.66
134,19,val,21.799749,1.67
134,20,val,16.920839,1.67
134,21,val,6.455948,1.68
134,22,val,9.228728,1.69
134,23,val,18.190109,1.70
134,24,val,36.584438,1.70
134,25,val,68.661720,1.71
134,26,val,9.813535,1.71
134,27,val,14.613887,1.72
134,28,val,8.146898,1.73
134,29,val,8.635195,1.73
134,30,val,3.791518,1.74
134,31,val,20.456345,1.74
134,32,val,31.148993,1.75
134,33,val,9.810626,1.76
134,34,val,7.338556,1.76
134,35,val,14.160881,1.77
134,36,val,26.018551,1.77
134,37,val,12.887190,1.78
134,38,val,12.913486,1.79
134,39,val,32.756405,1.80
134,40,val,24.342281,1.80
134,41,val,10.378242,1.81
134,42,val,17.052731,1.81
134,43,val,13.161217,1.82
134,44,val,69.769455,1.83
134,45,val,31.159939,1.83
134,46,val,65.796516,1.84
134,47,val,16.159422,1.85
134,48,val,53.572384,1.85
134,49,val,8.188484,1.86
134,50,val,12.296543,1.87
134,51,val,11.998667,1.87
134,52,val,9.518153,1.88
134,53,val,8.911903,1.89
134,54,val,8.277134,1.90
134,55,val,8.349498,1.90
134,56,val,15.677340,1.91
134,57,val,12.461088,1.91
134,58,val,12.340121,1.92
134,59,val,10.454365,1.93
134,60,val,30.382458,1.93
134,61,val,20.055786,1.94
134,62,val,17.019585,1.94
134,63,val,23.866697,1.95
134,64,val,5.924061,1.96
134,65,val,65.662659,1.96
134,66,val,17.904970,1.97
134,67,val,8.259555,1.98
134,68,val,51.395103,1.98
134,69,val,13.114561,1.99
134,70,val,42.081898,2.00
134,71,val,70.864456,2.01
134,72,val,12.316649,2.01
134,73,val,6.752354,2.02
134,74,val,31.062658,2.03
134,75,val,15.528614,2.03
134,76,val,13.689906,2.04
134,77,val,14.661049,2.04
134,78,val,14.139597,2.05
134,79,val,23.493443,2.05
135,0,train,7.107526,0.11
135,1,train,8.612409,0.14
135,2,train,10.868949,0.18
135,3,train,22.027996,0.20
135,4,train,11.457397,0.23
135,5,train,9.593973,0.26
135,6,train,12.660830,0.28
135,7,train,11.249010,0.31
135,8,train,14.049746,0.33
135,9,train,8.672316,0.36
135,10,train,23.619389,0.38
135,11,train,13.645160,0.41
135,12,train,15.747242,0.43
135,13,train,22.968754,0.47
135,14,train,17.272631,0.49
135,15,train,20.439022,0.52
135,16,train,16.813528,0.54
135,17,train,10.789215,0.57
135,18,train,9.947824,0.60
135,19,train,21.627758,0.62
135,20,train,26.784153,0.65
135,21,train,16.947111,0.67
135,22,train,10.677988,0.70
135,23,train,12.025061,0.72
135,24,train,12.458600,0.75
135,25,train,17.008976,0.78
135,26,train,17.441406,0.80
135,27,train,13.762836,0.82
135,28,train,14.697395,0.85
135,29,train,19.260139,0.87
135,0,val,10.162966,0.99
135,1,val,14.806412,1.00
135,2,val,15.266601,1.01
135,3,val,9.132157,1.01
135,4,val,14.180130,1.02
135,5,val,18.572899,1.03
135,6,val,24.373074,1.04
135,7,val,15.819023,1.04
135,8,val,47.471809,1.05
135,9,val,51.871826,1.06
135,10,val,44.921230,1.06
135,11,val,18.502996,1.07
135,12,val,6.736076,1.07
135,13,val,24.205017,1.08
135,14,val,8.669563,1.09
135,15,val,9.136345,1.09
135,16,val,22.165710,1.10
135,17,val,64.065491,1.11
135,18,val,9.482157,1.11
135,19,val,22.363678,1.12
135,20,val,17.420162,1.13
135,21,val,7.087850,1.14
135,22,val,10.327822,1.14
135,23,val,18.387049,1.15
135,24,val,37.222954,1.16
135,25,val,31.733170,1.16
135,26,val,8.951919,1.17
135,27,val,14.362696,1.18
135,28,val,10.340468,1.19
135,29,val,8.458548,1.20
135,30,val,3.780751,1.21
135,31,val,22.501638,1.22
135,32,val,19.676849,1.22
135,33,val,10.208672,1.23
135,34,val,6.296118,1.24
135,35,val,14.061680,1.25
135,36,val,20.749413,1.25
135,37,val,15.496440,1.26
135,38,val,13.234457,1.26
135,39,val,33.385635,1.27
135,40,val,24.056997,1.28
135,41,val,10.740980,1.29
135,42,val,22.160172,1.29
135,43,val,33.065659,1.30
135,44,val,69.464149,1.31
135,45,val,27.287170,1.31
135,46,val,62.373642,1.32
135,47,val,18.016386,1.32
135,48,val,57.352386,1.34
135,49,val,7.281957,1.34
135,50,val,11.926186,1.35
135,51,val,15.017627,1.36
135,52,val,9.025921,1.36
135,53,val,8.208226,1.37
135,54,val,8.359145,1.38
135,55,val,10.013531,1.38
135,56,val,8.297956,1.39
135,57,val,12.330130,1.40
135,58,val,13.200357,1.40
135,59,val,11.288550,1.41
135,60,val,30.353308,1.42
135,61,val,18.426304,1.42
135,62,val,7.571137,1.43
135,63,val,31.569130,1.44
135,64,val,6.678977,1.44
135,65,val,67.702606,1.45
135,66,val,14.255202,1.46
135,67,val,9.942763,1.46
135,68,val,50.683590,1.47
135,69,val,39.992725,1.48
135,70,val,42.326626,1.48
135,71,val,70.872719,1.49
135,72,val,13.143687,1.50
135,73,val,16.829296,1.50
135,74,val,57.451866,1.51
135,75,val,17.388643,1.52
135,76,val,12.556182,1.52
135,77,val,8.357781,1.52
135,78,val,10.881579,1.53
135,79,val,31.569845,1.53
136,0,train,15.790232,0.11
136,1,train,11.889060,0.14
136,2,train,16.295898,0.17
136,3,train,9.973698,0.19
136,4,train,19.912073,0.22
136,5,train,16.091015,0.25
136,6,train,16.072868,0.27
136,7,train,15.163771,0.30
136,8,train,16.830593,0.32
136,9,train,16.334007,0.35
136,10,train,18.761936,0.38
136,11,train,21.450289,0.41
136,12,train,11.158546,0.43
136,13,train,11.668327,0.46
136,14,train,17.193130,0.48
136,15,train,11.728513,0.51
136,16,train,10.634765,0.53
136,17,train,16.274517,0.56
136,18,train,10.990620,0.59
136,19,train,12.059517,0.61
136,20,train,13.835960,0.64
136,21,train,7.023795,0.68
136,22,train,21.322418,0.70
136,23,train,16.369144,0.73
136,24,train,17.111095,0.75
136,25,train,24.591805,0.78
136,26,train,25.585995,0.80
136,27,train,15.529863,0.83
136,28,train,9.867777,0.85
136,29,train,13.168937,0.87
136,0,val,16.283369,0.99
136,1,val,14.623580,1.00
136,2,val,19.021778,1.01
136,3,val,9.865765,1.01
136,4,val,11.701728,1.03
136,5,val,18.033566,1.03
136,6,val,14.216560,1.04
136,7,val,26.244419,1.04
136,8,val,44.062557,1.05
136,9,val,36.877544,1.06
136,10,val,46.023705,1.06
136,11,val,15.955671,1.07
136,12,val,8.330247,1.08
136,13,val,22.414104,1.08
136,14,val,10.924629,1.09
136,15,val,9.669868,1.09
136,16,val,22.964890,1.10
136,17,val,78.010590,1.11
136,18,val,11.397182,1.12
136,19,val,21.563046,1.13
136,20,val,17.783157,1.13
136,21,val,6.399326,1.14
136,22,val,9.430161,1.14
136,23,val,24.223181,1.15
136,24,val,37.127621,1.16
136,25,val,33.987045,1.16
136,26,val,9.273821,1.17
136,27,val,31.839737,1.18
136,28,val,9.622465,1.18
136,29,val,9.179509,1.19
136,30,val,4.315496,1.20
136,31,val,20.052671,1.20
136,32,val,12.661695,1.21
136,33,val,9.318739,1.21
136,34,val,17.430836,1.22
136,35,val,13.368631,1.23
136,36,val,38.068012,1.24
136,37,val,12.752353,1.24
136,38,val,13.316100,1.25
136,39,val,34.624371,1.26
136,40,val,24.180891,1.26
136,41,val,24.074516,1.27
136,42,val,16.770277,1.27
136,43,val,11.324122,1.28
136,44,val,68.375504,1.29
136,45,val,28.722746,1.29
136,46,val,62.234612,1.30
136,47,val,14.462646,1.31
136,48,val,53.502563,1.31
136,49,val,7.082068,1.32
136,50,val,12.358314,1.33
136,51,val,12.782251,1.34
136,52,val,8.343035,1.34
136,53,val,8.861899,1.35
136,54,val,15.527431,1.36
136,55,val,8.839573,1.36
136,56,val,15.490646,1.37
136,57,val,15.779648,1.37
136,58,val,12.055464,1.38
136,59,val,10.526725,1.39
136,60,val,30.520481,1.39
136,61,val,18.312700,1.40
136,62,val,9.245621,1.41
136,63,val,28.387465,1.41
136,64,val,5.093711,1.42
136,65,val,65.445618,1.43
136,66,val,15.322650,1.44
136,67,val,8.504854,1.44
136,68,val,51.012566,1.45
136,69,val,11.332413,1.46
136,70,val,40.772507,1.46
136,71,val,71.468773,1.47
136,72,val,12.162715,1.48
136,73,val,14.677031,1.48
136,74,val,48.126766,1.49
136,75,val,16.490955,1.50
136,76,val,14.168967,1.50
136,77,val,7.902255,1.50
136,78,val,10.526831,1.51
136,79,val,23.203238,1.51
137,0,train,14.316727,0.16
137,1,train,13.887755,0.20
137,2,train,8.487408,0.23
137,3,train,11.557203,0.26
137,4,train,20.195719,0.29
137,5,train,16.506763,0.32
137,6,train,16.585365,0.36
137,7,train,15.277835,0.38
137,8,train,10.198851,0.41
137,9,train,9.764132,0.45
137,10,train,9.076166,0.48
137,11,train,15.453970,0.51
137,12,train,8.541016,0.54
137,13,train,13.241516,0.57
137,14,train,11.926391,0.60
137,15,train,12.397517,0.64
137,16,train,14.277530,0.66
137,17,train,7.511421,0.70
137,18,train,16.856543,0.73
137,19,train,15.080844,0.76
137,20,train,17.756805,0.79
137,21,train,10.907633,0.83
137,22,train,24.430988,0.86
137,23,train,11.508400,0.89
137,24,train,8.114554,0.92
137,25,train,15.099646,0.96
137,26,train,18.597422,0.99
137,27,train,14.429030,1.01
137,28,train,10.362961,1.04
137,29,train,14.011234,1.07
137,0,val,10.936084,1.25
137,1,val,14.880306,1.27
137,2,val,12.283281,1.28
137,3,val,9.343542,1.29
137,4,val,16.386868,1.30
137,5,val,21.757940,1.30
137,6,val,14.467947,1.31
137,7,val,15.160187,1.32
137,8,val,51.629005,1.33
137,9,val,32.482483,1.34
137,10,val,52.964081,1.34
137,11,val,16.311529,1.35
137,12,val,7.322044,1.37
137,13,val,24.942694,1.37
137,14,val,9.108177,1.38
137,15,val,10.424303,1.39
137,16,val,22.991226,1.40
137,17,val,64.581268,1.41
137,18,val,10.444813,1.42
137,19,val,29.071377,1.42
137,20,val,17.516218,1.43
137,21,val,6.011825,1.44
137,22,val,9.671311,1.45
137,23,val,20.080917,1.46
137,24,val,37.873562,1.47
137,25,val,32.756004,1.48
137,26,val,18.398205,1.48
137,27,val,14.028880,1.49
137,28,val,8.918934,1.50
137,29,val,9.556488,1.51
137,30,val,4.198818,1.52
137,31,val,20.291389,1.52
137,32,val,12.192698,1.53
137,33,val,8.580978,1.54
137,34,val,5.848876,1.55
137,35,val,14.211441,1.56
137,36,val,20.766941,1.56
137,37,val,13.524302,1.58
137,38,val,13.789955,1.59
137,39,val,34.122059,1.59
137,40,val,24.513372,1.60
137,41,val,9.983893,1.61
137,42,val,16.231850,1.62
137,43,val,10.800308,1.63
137,44,val,69.059959,1.64
137,45,val,28.601116,1.64
137,46,val,63.707344,1.65
137,47,val,14.534142,1.66
137,48,val,81.828217,1.67
137,49,val,7.435517,1.68
137,50,val,11.619431,1.69
137,51,val,12.533903,1.70
137,52,val,9.645216,1.71
137,53,val,8.556019,1.72
137,54,val,7.954032,1.72
137,55,val,10.065640,1.73
137,56,val,8.771406,1.74
137,57,val,14.967237,1.75
137,58,val,12.243675,1.75
137,59,val,11.695903,1.76
137,60,val,31.557892,1.77
137,61,val,18.019501,1.79
137,62,val,8.493010,1.80
137,63,val,24.744884,1.80
137,64,val,5.349699,1.81
137,65,val,67.359787,1.82
137,66,val,15.538328,1.83
137,67,val,7.854196,1.84
137,68,val,47.793159,1.85
137,69,val,11.935458,1.86
137,70,val,42.492744,1.86
137,71,val,69.916054,1.87
137,72,val,32.960609,1.89
137,73,val,9.034974,1.89
137,74,val,57.298943,1.90
137,75,val,16.990025,1.91
137,76,val,25.181395,1.92
137,77,val,7.851747,1.92
137,78,val,12.600580,1.93
137,79,val,23.245968,1.94
138,0,train,9.205742,0.12
138,1,train,17.772888,0.15
138,2,train,14.510117,0.18
138,3,train,20.424969,0.21
138,4,train,11.523437,0.24
138,5,train,14.766766,0.27
138,6,train,12.360086,0.29
138,7,train,19.927124,0.32
138,8,train,9.638945,0.35
138,9,train,13.309483,0.37
138,10,train,11.357220,0.40
138,11,train,12.797579,0.42
138,12,train,17.662956,0.45
138,13,train,22.743179,0.48
138,14,train,11.032951,0.50
138,15,train,13.598957,0.54
138,16,train,9.022427,0.56
138,17,train,10.582001,0.59
138,18,train,10.005554,0.62
138,19,train,21.302410,0.64
138,20,train,9.902333,0.67
138,21,train,17.940674,0.70
138,22,train,13.562636,0.72
138,23,train,19.042412,0.75
138,24,train,9.488738,0.77
138,25,train,20.101912,0.80
138,26,train,14.912241,0.82
138,27,train,16.097076,0.84
138,28,train,17.208572,0.86
138,29,train,10.306048,0.88
138,0,val,9.387800,1.01
138,1,val,14.090918,1.01
138,2,val,12.719165,1.02
138,3,val,33.381409,1.03
138,4,val,12.403091,1.03
138,5,val,17.984642,1.05
138,6,val,12.837687,1.05
138,7,val,16.315151,1.06
138,8,val,54.201843,1.07
138,9,val,55.072914,1.07
138,10,val,45.416313,1.08
138,11,val,22.161009,1.09
138,12,val,7.647529,1.09
138,13,val,22.635040,1.10
138,14,val,10.624376,1.10
138,15,val,16.688461,1.11
138,16,val,24.526974,1.12
138,17,val,66.861755,1.12
138,18,val,10.867159,1.13
138,19,val,25.151688,1.13
138,20,val,18.511532,1.14
138,21,val,7.785446,1.15
138,22,val,9.407538,1.16
138,23,val,19.147711,1.16
138,24,val,36.031910,1.17
138,25,val,32.787979,1.17
138,26,val,12.166171,1.18
138,27,val,13.689047,1.19
138,28,val,9.077726,1.19
138,29,val,10.397084,1.20
138,30,val,3.711304,1.20
138,31,val,22.779860,1.21
138,32,val,13.506621,1.22
138,33,val,8.661380,1.22
138,34,val,6.444137,1.23
138,35,val,14.453544,1.24
138,36,val,21.957195,1.25
138,37,val,24.734753,1.26
138,38,val,12.910164,1.26
138,39,val,37.228554,1.27
138,40,val,25.894028,1.28
138,41,val,10.568902,1.28
138,42,val,17.061195,1.29
138,43,val,10.150001,1.30
138,44,val,70.600403,1.30
138,45,val,28.000723,1.31
138,46,val,61.913479,1.32
138,47,val,18.351086,1.32
138,48,val,53.212097,1.33
138,49,val,8.196419,1.33
138,50,val,11.628310,1.34
138,51,val,11.017382,1.35
138,52,val,8.070354,1.36
138,53,val,11.818373,1.36
138,54,val,13.717547,1.37
138,55,val,8.706118,1.38
138,56,val,10.463882,1.38
138,57,val,13.042833,1.39
138,58,val,13.067451,1.40
138,59,val,13.454031,1.40
138,60,val,31.854170,1.41
138,61,val,18.471462,1.42
138,62,val,7.793238,1.42
138,63,val,24.146839,1.43
138,64,val,4.856598,1.44
138,65,val,67.195206,1.45
138,66,val,16.403643,1.46
138,67,val,8.064360,1.46
138,68,val,48.109108,1.47
138,69,val,11.366917,1.48
138,70,val,42.409641,1.48
138,71,val,72.361763,1.49
138,72,val,9.679947,1.50
138,73,val,7.220421,1.50
138,74,val,61.628815,1.51
138,75,val,17.817589,1.52
138,76,val,15.917239,1.52
138,77,val,8.595919,1.53
138,78,val,13.993898,1.53
138,79,val,24.594809,1.54
139,0,train,12.220701,0.11
139,1,train,10.350831,0.14
139,2,train,13.975117,0.16
139,3,train,15.822592,0.19
139,4,train,10.544607,0.21
139,5,train,19.483034,0.24
139,6,train,12.147653,0.27
139,7,train,8.962832,0.29
139,8,train,10.080317,0.32
139,9,train,14.644497,0.35
139,10,train,13.218021,0.38
139,11,train,51.780388,0.40
139,12,train,13.503046,0.43
139,13,train,19.094152,0.46
139,14,train,14.820769,0.48
139,15,train,12.774588,0.51
139,16,train,9.969846,0.53
139,17,train,17.902325,0.56
139,18,train,16.535896,0.59
139,19,train,9.267811,0.61
139,20,train,12.601408,0.64
139,21,train,14.214833,0.67
139,22,train,18.286964,0.69
139,23,train,9.979094,0.72
139,24,train,22.419800,0.74
139,25,train,21.042110,0.77
139,26,train,25.765541,0.79
139,27,train,16.427481,0.81
139,28,train,11.452007,0.84
139,29,train,20.732216,0.93
139,0,val,15.738411,1.12
139,1,val,19.838675,1.13
139,2,val,12.249039,1.15
139,3,val,10.899221,1.16
139,4,val,13.181492,1.16
139,5,val,30.924810,1.17
139,6,val,13.331038,1.18
139,7,val,15.738447,1.19
139,8,val,55.292587,1.20
139,9,val,64.290184,1.21
139,10,val,44.662888,1.21
139,11,val,18.132261,1.22
139,12,val,6.657476,1.23
139,13,val,20.795376,1.25
139,14,val,7.651818,1.26
139,15,val,11.577124,1.27
139,16,val,22.057308,1.28
139,17,val,62.973919,1.28
139,18,val,9.686826,1.29
139,19,val,21.940474,1.30
139,20,val,16.988331,1.31
139,21,val,5.678808,1.32
139,22,val,8.829996,1.32
139,23,val,18.579222,1.33
139,24,val,36.199799,1.34
139,25,val,36.154636,1.35
139,26,val,10.053617,1.36
139,27,val,13.810471,1.37
139,28,val,8.149417,1.38
139,29,val,9.416353,1.39
139,30,val,3.741057,1.39
139,31,val,20.559139,1.40
139,32,val,16.024052,1.41
139,33,val,14.854468,1.42
139,34,val,22.720892,1.43
139,35,val,14.529728,1.44
139,36,val,21.926796,1.45
139,37,val,14.414305,1.46
139,38,val,13.286723,1.47
139,39,val,34.850056,1.48
139,40,val,25.112514,1.49
139,41,val,15.806055,1.49
139,42,val,17.300316,1.50
139,43,val,10.385912,1.51
139,44,val,68.684784,1.52
139,45,val,29.296906,1.53
139,46,val,60.117256,1.54
139,47,val,15.241848,1.55
139,48,val,52.102844,1.56
139,49,val,7.321748,1.57
139,50,val,26.659079,1.58
139,51,val,11.398292,1.58
139,52,val,8.790145,1.59
139,53,val,8.354660,1.60
139,54,val,9.739483,1.61
139,55,val,7.896776,1.62
139,56,val,8.394083,1.62
139,57,val,11.861403,1.63
139,58,val,12.593986,1.64
139,59,val,10.647291,1.65
139,60,val,65.542946,1.66
139,61,val,18.637650,1.67
139,62,val,7.176308,1.68
139,63,val,23.510839,1.68
139,64,val,4.877517,1.69
139,65,val,65.537811,1.70
139,66,val,16.056980,1.71
139,67,val,7.623755,1.72
139,68,val,51.086468,1.73
139,69,val,11.552692,1.73
139,70,val,41.465508,1.74
139,71,val,70.211411,1.75
139,72,val,10.306360,1.76
139,73,val,8.535154,1.77
139,74,val,32.184002,1.78
139,75,val,15.939777,1.79
139,76,val,12.428846,1.79
139,77,val,8.460655,1.80
139,78,val,14.827398,1.80
139,79,val,22.910128,1.81
140,0,train,11.389324,0.16
140,1,train,11.179750,0.21
140,2,train,16.723890,0.24
140,3,train,11.518979,0.27
140,4,train,9.762142,0.30
140,5,train,15.059161,0.33
140,6,train,9.487000,0.36
140,7,train,24.958511,0.39
140,8,train,15.496000,0.42
140,9,train,10.055226,0.45
140,10,train,10.059677,0.48
140,11,train,13.049383,0.52
140,12,train,8.952438,0.55
140,13,train,14.062726,0.58
140,14,train,12.218257,0.61
140,15,train,16.514540,0.65
140,16,train,18.696331,0.69
140,17,train,11.193845,0.72
140,18,train,11.906678,0.75
140,19,train,14.424946,0.78
140,20,train,16.715534,0.81
140,21,train,12.114485,0.84
140,22,train,7.797355,0.87
140,23,train,11.548491,0.90
140,24,train,7.513538,0.93
140,25,train,17.885103,0.96
140,26,train,8.934239,1.00
140,27,train,20.290668,1.04
140,28,train,10.183238,1.08
140,29,train,25.328629,1.12
140,0,val,10.223745,1.29
140,1,val,15.337896,1.31
140,2,val,12.296680,1.32
140,3,val,13.601223,1.33
140,4,val,14.744102,1.33
140,5,val,19.904850,1.34
140,6,val,11.924614,1.35
140,7,val,15.356395,1.36
140,8,val,72.228943,1.37
140,9,val,33.653252,1.37
140,10,val,45.013199,1.38
140,11,val,15.326769,1.39
140,12,val,6.581804,1.40
140,13,val,21.817999,1.41
140,14,val,9.944807,1.43
140,15,val,11.775589,1.45
140,16,val,23.177612,1.46
140,17,val,62.719231,1.47
140,18,val,12.325520,1.47
140,19,val,20.487167,1.48
140,20,val,16.829071,1.49
140,21,val,8.904766,1.50
140,22,val,41.606766,1.51
140,23,val,18.995148,1.53
140,24,val,36.364120,1.54
140,25,val,33.926014,1.55
140,26,val,8.302261,1.56
140,27,val,16.373577,1.56
140,28,val,9.296649,1.57
140,29,val,13.132663,1.58
140,30,val,4.214932,1.59
140,31,val,20.379650,1.60
140,32,val,12.245964,1.61
140,33,val,8.500801,1.63
140,34,val,27.959867,1.64
140,35,val,14.303226,1.64
140,36,val,21.169270,1.65
140,37,val,15.463707,1.66
140,38,val,15.208029,1.67
140,39,val,33.734592,1.67
140,40,val,23.790775,1.68
140,41,val,9.639154,1.69
140,42,val,16.255848,1.70
140,43,val,10.748358,1.70
140,44,val,67.711182,1.71
140,45,val,27.479137,1.73
140,46,val,60.279034,1.73
140,47,val,14.391944,1.74
140,48,val,51.493149,1.75
140,49,val,11.991458,1.76
140,50,val,10.686583,1.76
140,51,val,12.203837,1.77
140,52,val,8.819880,1.78
140,53,val,16.043808,1.79
140,54,val,7.823330,1.80
140,55,val,9.609560,1.80
140,56,val,10.936446,1.81
140,57,val,12.933856,1.82
140,58,val,16.140217,1.83
140,59,val,10.588558,1.84
140,60,val,32.800186,1.84
140,61,val,17.655989,1.85
140,62,val,7.063132,1.86
140,63,val,24.069771,1.87
140,64,val,5.463645,1.88
140,65,val,64.258713,1.90
140,66,val,15.302508,1.91
140,67,val,8.198666,1.92
140,68,val,48.703060,1.93
140,69,val,11.155190,1.95
140,70,val,41.933895,1.96
140,71,val,69.077972,1.97
140,72,val,10.964836,1.98
140,73,val,9.523903,1.99
140,74,val,30.548992,2.00
140,75,val,15.320463,2.01
140,76,val,19.969772,2.01
140,77,val,13.605285,2.02
140,78,val,10.909450,2.02
140,79,val,24.570509,2.03
141,0,train,17.008484,0.17
141,1,train,9.882298,0.22
141,2,train,11.204019,0.25
141,3,train,14.247364,0.29
141,4,train,15.666952,0.33
141,5,train,11.547403,0.36
141,6,train,19.192688,0.39
141,7,train,21.180769,0.43
141,8,train,13.914129,0.46
141,9,train,13.179984,0.49
141,10,train,17.542440,0.52
141,11,train,10.419978,0.56
141,12,train,17.651810,0.60
141,13,train,17.516594,0.63
141,14,train,9.007940,0.68
141,15,train,16.539677,0.72
141,16,train,16.704315,0.76
141,17,train,16.288151,0.80
141,18,train,10.271797,0.85
141,19,train,10.297514,0.88
141,20,train,18.261421,0.92
141,21,train,20.253277,0.95
141,22,train,10.492952,0.98
141,23,train,24.980827,1.00
141,24,train,9.450581,1.03
141,25,train,16.844427,1.06
141,26,train,13.359056,1.08
141,27,train,8.625486,1.10
141,28,train,17.804976,1.15
141,29,train,19.498081,1.17
141,0,val,9.210978,1.30
141,1,val,13.487486,1.31
141,2,val,12.351843,1.32
141,3,val,40.140011,1.34
141,4,val,16.590616,1.34
141,5,val,17.739149,1.35
141,6,val,13.876143,1.36
141,7,val,15.654338,1.36
141,8,val,52.614288,1.37
141,9,val,31.515448,1.38
141,10,val,45.099438,1.38
141,11,val,15.941459,1.39
141,12,val,7.401706,1.40
141,13,val,20.690252,1.40
141,14,val,8.437770,1.41
141,15,val,12.331816,1.42
141,16,val,21.582897,1.43
141,17,val,62.850521,1.44
141,18,val,17.212847,1.45
141,19,val,22.198162,1.46
141,20,val,17.418299,1.47
141,21,val,6.815265,1.49
141,22,val,9.778942,1.50
141,23,val,18.548550,1.51
141,24,val,35.721176,1.52
141,25,val,32.193150,1.53
141,26,val,9.798288,1.54
141,27,val,13.877920,1.55
141,28,val,10.488555,1.56
141,29,val,9.839466,1.56
141,30,val,9.016613,1.57
141,31,val,40.970795,1.58
141,32,val,13.068312,1.58
141,33,val,8.195898,1.59
141,34,val,6.416882,1.60
141,35,val,14.329787,1.61
141,36,val,21.208670,1.61
141,37,val,13.139423,1.62
141,38,val,16.306194,1.63
141,39,val,67.676033,1.64
141,40,val,30.346455,1.66
141,41,val,14.712515,1.66
141,42,val,20.043350,1.67
141,43,val,10.098733,1.68
141,44,val,68.088814,1.69
141,45,val,33.676693,1.70
141,46,val,65.978882,1.70
141,47,val,14.405958,1.71
141,48,val,53.503960,1.72
141,49,val,7.640853,1.72
141,50,val,40.840054,1.73
141,51,val,13.751562,1.74
141,52,val,11.135489,1.74
141,53,val,10.906080,1.75
141,54,val,13.370068,1.76
141,55,val,14.910899,1.77
141,56,val,7.808619,1.78
141,57,val,15.901173,1.78
141,58,val,14.527611,1.79
141,59,val,11.570683,1.80
141,60,val,31.055960,1.81
141,61,val,30.325615,1.81
141,62,val,8.722422,1.82
141,63,val,27.831955,1.82
141,64,val,5.775499,1.83
141,65,val,64.200806,1.84
141,66,val,14.353801,1.84
141,67,val,7.935520,1.85
141,68,val,48.244915,1.86
141,69,val,14.413343,1.87
141,70,val,39.454727,1.87
141,71,val,69.357803,1.88
141,72,val,10.518593,1.89
141,73,val,8.244931,1.89
141,74,val,34.257393,1.90
141,75,val,15.541281,1.91
141,76,val,13.995321,1.91
141,77,val,12.054441,1.91
141,78,val,10.924678,1.92
141,79,val,22.676094,1.92
142,0,train,8.825070,0.10
142,1,train,12.982211,0.14
142,2,train,15.418343,0.16
142,3,train,14.257052,0.20
142,4,train,14.416431,0.23
142,5,train,14.009421,0.25
142,6,train,10.498894,0.28
142,7,train,10.974899,0.30
142,8,train,16.301207,0.33
142,9,train,14.538227,0.35
142,10,train,10.986546,0.38
142,11,train,17.607584,0.40
142,12,train,20.555418,0.43
142,13,train,22.372524,0.45
142,14,train,11.054711,0.48
142,15,train,12.762512,0.51
142,16,train,15.317575,0.53
142,17,train,24.047615,0.55
142,18,train,12.347172,0.58
142,19,train,17.930975,0.61
142,20,train,13.501236,0.63
142,21,train,19.107178,0.66
142,22,train,19.321331,0.68
142,23,train,20.397171,0.71
142,24,train,11.504810,0.73
142,25,train,10.208569,0.76
142,26,train,16.787872,0.79
142,27,train,12.843048,0.82
142,28,train,17.246910,0.85
142,29,train,11.919789,0.87
142,0,val,9.261835,0.99
142,1,val,14.427878,1.00
142,2,val,16.339960,1.00
142,3,val,9.524771,1.01
142,4,val,11.146976,1.02
142,5,val,19.125162,1.03
142,6,val,12.246351,1.04
142,7,val,14.885307,1.05
142,8,val,49.710938,1.05
142,9,val,32.003830,1.06
142,10,val,47.730770,1.07
142,11,val,15.352908,1.08
142,12,val,7.877396,1.08
142,13,val,36.812115,1.09
142,14,val,8.555716,1.10
142,15,val,9.516022,1.11
142,16,val,35.939796,1.11
142,17,val,64.441200,1.12
142,18,val,11.051022,1.14
142,19,val,21.853186,1.15
142,20,val,17.060843,1.16
142,21,val,9.352933,1.18
142,22,val,8.624053,1.19
142,23,val,20.521044,1.20
142,24,val,36.126602,1.22
142,25,val,44.473400,1.23
142,26,val,9.021008,1.25
142,27,val,13.846229,1.27
142,28,val,8.451867,1.28
142,29,val,10.883680,1.29
142,30,val,3.732665,1.30
142,31,val,23.471525,1.30
142,32,val,13.253416,1.31
142,33,val,8.570185,1.32
142,34,val,7.390359,1.33
142,35,val,17.474781,1.33
142,36,val,20.199562,1.34
142,37,val,13.230087,1.35
142,38,val,28.662573,1.35
142,39,val,37.917549,1.36
142,40,val,23.438238,1.37
142,41,val,10.129087,1.38
142,42,val,17.497345,1.39
142,43,val,10.308786,1.40
142,44,val,68.421890,1.41
142,45,val,27.739729,1.41
142,46,val,59.834793,1.42
142,47,val,14.648876,1.43
142,48,val,56.928886,1.44
142,49,val,6.438627,1.45
142,50,val,12.306780,1.45
142,51,val,11.456070,1.46
142,52,val,7.734678,1.47
142,53,val,8.479376,1.48
142,54,val,7.820052,1.49
142,55,val,8.230108,1.50
142,56,val,8.395216,1.50
142,57,val,12.914146,1.51
142,58,val,12.161815,1.52
142,59,val,12.582806,1.53
142,60,val,28.857412,1.53
142,61,val,17.812170,1.54
142,62,val,8.598579,1.55
142,63,val,22.483969,1.56
142,64,val,8.888541,1.57
142,65,val,63.325024,1.58
142,66,val,15.950713,1.59
142,67,val,11.824458,1.60
142,68,val,48.040813,1.61
142,69,val,13.462389,1.61
142,70,val,41.323318,1.62
142,71,val,68.136299,1.63
142,72,val,11.139034,1.63
142,73,val,8.051218,1.64
142,74,val,31.532787,1.65
142,75,val,14.534880,1.65
142,76,val,12.704082,1.66
142,77,val,8.689495,1.66
142,78,val,32.123230,1.67
142,79,val,21.872673,1.67
143,0,train,10.499803,0.21
143,1,train,21.127172,0.25
143,2,train,11.962126,0.29
143,3,train,12.109140,0.32
143,4,train,11.367561,0.35
143,5,train,13.633258,0.38
143,6,train,14.253115,0.41
143,7,train,15.773157,0.43
143,8,train,9.838696,0.46
143,9,train,17.354395,0.48
143,10,train,17.136696,0.51
143,11,train,14.979076,0.53
143,12,train,19.979652,0.56
143,13,train,14.551983,0.58
143,14,train,8.665310,0.61
143,15,train,18.207457,0.64
143,16,train,15.877328,0.69
143,17,train,17.988377,0.72
143,18,train,14.314998,0.76
143,19,train,11.971875,0.79
143,20,train,8.889320,0.82
143,21,train,10.458547,0.84
143,22,train,11.828253,0.87
143,23,train,17.633398,0.89
143,24,train,18.659569,0.92
143,25,train,22.764257,0.95
143,26,train,12.623995,0.97
143,27,train,12.312699,1.00
143,28,train,15.219233,1.02
143,29,train,17.183659,1.05
143,0,val,9.921902,1.17
143,1,val,14.427402,1.18
143,2,val,13.525073,1.18
143,3,val,13.973982,1.19
143,4,val,12.402769,1.20
143,5,val,17.922375,1.21
143,6,val,13.554756,1.22
143,7,val,17.973299,1.22
143,8,val,47.483818,1.23
143,9,val,31.493582,1.24
143,10,val,44.968864,1.24
143,11,val,14.553180,1.25
143,12,val,7.440639,1.26
143,13,val,22.788525,1.26
143,14,val,11.060303,1.27
143,15,val,9.503241,1.28
143,16,val,26.317917,1.29
143,17,val,60.211830,1.30
143,18,val,9.531504,1.32
143,19,val,25.869635,1.33
143,20,val,17.756489,1.35
143,21,val,6.069703,1.37
143,22,val,8.596460,1.38
143,23,val,20.258833,1.39
143,24,val,35.907356,1.40
143,25,val,31.778427,1.41
143,26,val,9.049566,1.42
143,27,val,12.894854,1.43
143,28,val,10.473862,1.44
143,29,val,8.608812,1.45
143,30,val,5.070426,1.45
143,31,val,21.106489,1.46
143,32,val,12.788525,1.47
143,33,val,8.248046,1.47
143,34,val,5.229427,1.48
143,35,val,13.366812,1.49
143,36,val,20.899876,1.49
143,37,val,11.233103,1.50
143,38,val,12.297348,1.51
143,39,val,32.828201,1.51
143,40,val,25.790741,1.52
143,41,val,11.581538,1.53
143,42,val,17.156776,1.53
143,43,val,12.738861,1.54
143,44,val,66.210403,1.55
143,45,val,31.622097,1.56
143,46,val,60.256630,1.56
143,47,val,14.488905,1.57
143,48,val,51.722099,1.57
143,49,val,13.222648,1.58
143,50,val,13.150724,1.59
143,51,val,11.838623,1.59
143,52,val,9.143667,1.60
143,53,val,35.881134,1.60
143,54,val,8.035497,1.61
143,55,val,9.001233,1.62
143,56,val,34.302826,1.62
143,57,val,13.642017,1.63
143,58,val,11.887919,1.64
143,59,val,10.706706,1.65
143,60,val,54.477692,1.65
143,61,val,17.445660,1.66
143,62,val,7.192924,1.67
143,63,val,24.090054,1.67
143,64,val,5.626346,1.68
143,65,val,64.754723,1.69
143,66,val,15.441406,1.69
143,67,val,7.765582,1.70
143,68,val,47.420944,1.71
143,69,val,11.111872,1.71
143,70,val,41.124039,1.72
143,71,val,69.405396,1.72
143,72,val,10.651436,1.73
143,73,val,7.769903,1.74
143,74,val,34.227730,1.75
143,75,val,14.804698,1.75
143,76,val,11.919641,1.76
143,77,val,7.754657,1.76
143,78,val,10.647181,1.77
143,79,val,25.549311,1.77
144,0,train,15.347936,0.15
144,1,train,8.640331,0.19
144,2,train,13.376518,0.22
144,3,train,13.563582,0.24
144,4,train,15.919144,0.26
144,5,train,9.334101,0.30
144,6,train,16.801210,0.33
144,7,train,9.874338,0.35
144,8,train,18.709538,0.38
144,9,train,9.336686,0.41
144,10,train,19.145241,0.43
144,11,train,16.024195,0.45
144,12,train,16.064814,0.48
144,13,train,16.899977,0.51
144,14,train,9.579066,0.53
144,15,train,11.474072,0.56
144,16,train,14.889865,0.58
144,17,train,16.122292,0.61
144,18,train,12.504363,0.64
144,19,train,8.743839,0.67
144,20,train,10.849583,0.69
144,21,train,17.519592,0.72
144,22,train,14.655005,0.74
144,23,train,7.683060,0.77
144,24,train,15.001083,0.79
144,25,train,17.020748,0.82
144,26,train,20.397869,0.84
144,27,train,14.545986,0.86
144,28,train,18.678167,0.88
144,29,train,19.526155,0.90
144,0,val,9.685451,1.02
144,1,val,14.611056,1.03
144,2,val,13.460680,1.03
144,3,val,9.455736,1.04
144,4,val,11.660441,1.05
144,5,val,17.637756,1.05
144,6,val,16.363922,1.07
144,7,val,18.539810,1.08
144,8,val,51.327873,1.08
144,9,val,31.726883,1.09
144,10,val,43.004776,1.09
144,11,val,14.622554,1.10
144,12,val,8.467432,1.11
144,13,val,21.751135,1.12
144,14,val,7.811011,1.12
144,15,val,9.217252,1.13
144,16,val,22.532024,1.13
144,17,val,62.925255,1.14
144,18,val,11.078438,1.15
144,19,val,21.273048,1.15
144,20,val,16.641050,1.16
144,21,val,5.793727,1.17
144,22,val,9.979186,1.18
144,23,val,18.866039,1.18
144,24,val,35.942139,1.19
144,25,val,33.404293,1.20
144,26,val,13.484259,1.20
144,27,val,15.403591,1.21
144,28,val,10.162216,1.21
144,29,val,34.662071,1.22
144,30,val,3.667305,1.23
144,31,val,55.629196,1.23
144,32,val,14.628227,1.24
144,33,val,8.420314,1.25
144,34,val,6.334014,1.25
144,35,val,13.287592,1.26
144,36,val,20.714443,1.27
144,37,val,12.402774,1.28
144,38,val,14.544882,1.28
144,39,val,32.303059,1.29
144,40,val,26.867641,1.29
144,41,val,9.912694,1.30
144,42,val,16.028469,1.31
144,43,val,9.733052,1.32
144,44,val,69.225517,1.33
144,45,val,27.545248,1.34
144,46,val,61.419708,1.34
144,47,val,15.744337,1.35
144,48,val,53.157730,1.36
144,49,val,6.936965,1.36
144,50,val,12.633570,1.37
144,51,val,12.382689,1.38
144,52,val,8.387447,1.39
144,53,val,8.367523,1.39
144,54,val,8.511654,1.40
144,55,val,10.866024,1.41
144,56,val,22.938511,1.41
144,57,val,13.634845,1.42
144,58,val,16.075851,1.43
144,59,val,11.421164,1.43
144,60,val,29.425797,1.44
144,61,val,20.107471,1.45
144,62,val,7.940803,1.45
144,63,val,24.078390,1.46
144,64,val,30.649321,1.47
144,65,val,67.462738,1.48
144,66,val,14.404076,1.48
144,67,val,7.761007,1.49
144,68,val,52.991570,1.50
144,69,val,11.666821,1.50
144,70,val,39.464870,1.51
144,71,val,72.554375,1.52
144,72,val,12.651882,1.52
144,73,val,7.218324,1.53
144,74,val,29.156837,1.53
144,75,val,15.258837,1.54
144,76,val,12.371433,1.55
144,77,val,11.021620,1.55
144,78,val,10.511450,1.55
144,79,val,21.924070,1.56
145,0,train,11.217009,0.10
145,1,train,9.379395,0.14
145,2,train,9.559999,0.16
145,3,train,9.732061,0.19
145,4,train,8.880697,0.21
145,5,train,8.042609,0.24
145,6,train,14.771816,0.26
145,7,train,11.013639,0.29
145,8,train,20.026386,0.31
145,9,train,20.150024,0.34
145,10,train,21.878807,0.37
145,11,train,8.451734,0.39
145,12,train,10.506189,0.42
145,13,train,13.684565,0.44
145,14,train,7.240985,0.47
145,15,train,8.668065,0.49
145,16,train,11.968351,0.52
145,17,train,9.685417,0.55
145,18,train,11.922762,0.57
145,19,train,14.641339,0.60
145,20,train,14.556931,0.62
145,21,train,13.864101,0.65
145,22,train,14.424599,0.68
145,23,train,17.244974,0.71
145,24,train,10.115137,0.73
145,25,train,8.893673,0.77
145,26,train,11.223721,0.80
145,27,train,13.551042,0.83
145,28,train,12.437725,0.86
145,29,train,11.540975,0.89
145,0,val,11.305687,1.01
145,1,val,17.232529,1.02
145,2,val,12.645259,1.03
145,3,val,10.352162,1.04
145,4,val,12.295776,1.05
145,5,val,19.155199,1.06
145,6,val,21.708776,1.07
145,7,val,14.342776,1.07
145,8,val,51.064674,1.08
145,9,val,30.656120,1.09
145,10,val,42.661530,1.09
145,11,val,14.049563,1.10
145,12,val,6.533902,1.11
145,13,val,22.142929,1.11
145,14,val,10.150153,1.12
145,15,val,16.635839,1.13
145,16,val,22.564529,1.13
145,17,val,63.608467,1.14
145,18,val,9.731868,1.15
145,19,val,21.818268,1.16
145,20,val,17.309669,1.17
145,21,val,5.631695,1.17
145,22,val,8.984969,1.18
145,23,val,19.440985,1.19
145,24,val,37.767876,1.19
145,25,val,33.169945,1.20
145,26,val,8.993932,1.21
145,27,val,41.333317,1.21
145,28,val,8.827518,1.22
145,29,val,8.744669,1.23
145,30,val,4.533528,1.23
145,31,val,20.088398,1.24
145,32,val,13.138560,1.24
145,33,val,7.967979,1.25
145,34,val,5.767704,1.26
145,35,val,13.500488,1.27
145,36,val,21.654171,1.27
145,37,val,12.710358,1.28
145,38,val,13.145338,1.29
145,39,val,33.782661,1.30
145,40,val,25.387169,1.30
145,41,val,10.583292,1.31
145,42,val,16.151217,1.32
145,43,val,10.515676,1.32
145,44,val,67.503555,1.33
145,45,val,27.408636,1.34
145,46,val,60.186947,1.34
145,47,val,14.931308,1.35
145,48,val,51.419735,1.36
145,49,val,7.203176,1.36
145,50,val,19.410339,1.37
145,51,val,11.812138,1.38
145,52,val,7.683702,1.38
145,53,val,7.806230,1.39
145,54,val,9.028357,1.40
145,55,val,24.064444,1.40
145,56,val,16.544117,1.41
145,57,val,29.199364,1.42
145,58,val,12.474836,1.42
145,59,val,11.122355,1.43
145,60,val,28.884853,1.44
145,61,val,16.950394,1.44
145,62,val,9.712984,1.45
145,63,val,23.947691,1.46
145,64,val,6.832471,1.47
145,65,val,63.050213,1.48
145,66,val,14.649399,1.48
145,67,val,7.179837,1.49
145,68,val,48.605633,1.50
145,69,val,12.898303,1.50
145,70,val,40.281734,1.51
145,71,val,68.166245,1.52
145,72,val,9.832880,1.52
145,73,val,11.431526,1.53
145,74,val,31.437283,1.54
145,75,val,15.045013,1.54
145,76,val,14.317935,1.55
145,77,val,8.034904,1.55
145,78,val,10.697635,1.55
145,79,val,21.409603,1.56
146,0,train,10.609822,0.17
146,1,train,14.079163,0.20
146,2,train,15.498597,0.23
146,3,train,11.948898,0.25
146,4,train,21.715004,0.28
146,5,train,14.689353,0.32
146,6,train,11.000151,0.34
146,7,train,8.435385,0.37
146,8,train,11.933412,0.40
146,9,train,13.642565,0.43
146,10,train,11.764332,0.45
146,11,train,13.432311,0.48
146,12,train,12.120470,0.50
146,13,train,17.639153,0.53
146,14,train,10.220270,0.56
146,15,train,8.611189,0.58
146,16,train,17.546570,0.61
146,17,train,12.478148,0.64
146,18,train,11.546701,0.67
146,19,train,9.606957,0.77
146,20,train,22.187157,0.80
146,21,train,12.191499,0.83
146,22,train,17.691072,0.86
146,23,train,23.396114,0.88
146,24,train,16.388130,0.90
146,25,train,10.330797,0.94
146,26,train,10.779496,0.97
146,27,train,15.736238,0.99
146,28,train,10.656217,1.01
146,29,train,14.246774,1.04
146,0,val,12.828979,1.15
146,1,val,16.052786,1.16
146,2,val,13.036468,1.16
146,3,val,8.887373,1.17
146,4,val,13.928188,1.18
146,5,val,17.464338,1.19
146,6,val,13.274391,1.20
146,7,val,22.132660,1.21
146,8,val,47.102585,1.21
146,9,val,30.673649,1.22
146,10,val,42.119003,1.23
146,11,val,17.779566,1.23
146,12,val,8.243381,1.24
146,13,val,21.653965,1.24
146,14,val,6.961164,1.25
146,15,val,9.391158,1.26
146,16,val,22.312325,1.26
146,17,val,60.804237,1.27
146,18,val,13.816917,1.28
146,19,val,22.297903,1.28
146,20,val,20.011467,1.29
146,21,val,6.218844,1.30
146,22,val,15.260998,1.31
146,23,val,19.215435,1.31
146,24,val,34.326584,1.32
146,25,val,34.396805,1.33
146,26,val,9.838453,1.33
146,27,val,13.557653,1.34
146,28,val,8.148044,1.35
146,29,val,13.425148,1.35
146,30,val,6.294059,1.36
146,31,val,23.824295,1.36
146,32,val,12.482344,1.37
146,33,val,7.865317,1.38
146,34,val,13.091911,1.38
146,35,val,17.155685,1.40
146,36,val,21.218260,1.41
146,37,val,35.271782,1.42
146,38,val,14.126827,1.43
146,39,val,34.386116,1.44
146,40,val,25.040039,1.45
146,41,val,9.536148,1.46
146,42,val,15.746201,1.47
146,43,val,12.565292,1.48
146,44,val,72.327774,1.49
146,45,val,26.525648,1.50
146,46,val,59.786797,1.51
146,47,val,16.986599,1.52
146,48,val,51.540661,1.53
146,49,val,8.927530,1.54
146,50,val,12.445608,1.55
146,51,val,14.174086,1.56
146,52,val,10.177883,1.57
146,53,val,9.081106,1.57
146,54,val,8.139963,1.59
146,55,val,8.659056,1.59
146,56,val,8.557491,1.60
146,57,val,13.203663,1.61
146,58,val,14.899536,1.62
146,59,val,29.129787,1.63
146,60,val,31.240116,1.64
146,61,val,22.822704,1.65
146,62,val,7.282759,1.66
146,63,val,23.524450,1.67
146,64,val,15.481910,1.68
146,65,val,63.506706,1.69
146,66,val,15.664902,1.70
146,67,val,7.732622,1.70
146,68,val,49.744263,1.71
146,69,val,11.923300,1.72
146,70,val,40.874470,1.73
146,71,val,68.386520,1.74
146,72,val,10.129803,1.75
146,73,val,9.574778,1.76
146,74,val,32.517601,1.77
146,75,val,14.549811,1.78
146,76,val,12.731567,1.78
146,77,val,8.743175,1.79
146,78,val,10.776008,1.79
146,79,val,21.877447,1.80
147,0,train,12.114305,0.16
147,1,train,13.888529,0.20
147,2,train,13.627537,0.23
147,3,train,19.677303,0.26
147,4,train,9.845615,0.30
147,5,train,11.308452,0.33
147,6,train,12.677653,0.36
147,7,train,10.017822,0.39
147,8,train,8.475198,0.42
147,9,train,15.315010,0.46
147,10,train,11.980628,0.49
147,11,train,13.837095,0.52
147,12,train,11.027817,0.56
147,13,train,16.279135,0.59
147,14,train,13.365183,0.62
147,15,train,18.547558,0.64
147,16,train,19.205982,0.68
147,17,train,14.159718,0.71
147,18,train,13.629252,0.74
147,19,train,14.316675,0.77
147,20,train,13.615322,0.81
147,21,train,12.669678,0.84
147,22,train,16.874472,0.87
147,23,train,11.224355,0.90
147,24,train,8.168534,0.94
147,25,train,8.391717,0.97
147,26,train,10.209846,0.99
147,27,train,12.064667,1.02
147,28,train,13.306708,1.05
147,29,train,16.382269,1.08
147,0,val,9.345248,1.28
147,1,val,15.630796,1.30
147,2,val,15.095457,1.31
147,3,val,10.087873,1.32
147,4,val,15.058250,1.33
147,5,val,20.055885,1.34
147,6,val,13.467410,1.35
147,7,val,15.850012,1.36
147,8,val,50.762081,1.37
147,9,val,33.218277,1.37
147,10,val,42.271103,1.38
147,11,val,16.011244,1.39
147,12,val,6.273467,1.40
147,13,val,22.541473,1.41
147,14,val,7.236925,1.42
147,15,val,9.486149,1.43
147,16,val,23.404167,1.43
147,17,val,58.386971,1.44
147,18,val,14.179174,1.45
147,19,val,21.853603,1.46
147,20,val,17.643116,1.47
147,21,val,9.255438,1.47
147,22,val,8.906752,1.48
147,23,val,22.858381,1.49
147,24,val,34.627144,1.50
147,25,val,33.373638,1.51
147,26,val,9.401735,1.52
147,27,val,14.392920,1.53
147,28,val,8.000552,1.54
147,29,val,24.864605,1.54
147,30,val,8.448751,1.55
147,31,val,22.611166,1.56
147,32,val,14.911291,1.57
147,33,val,10.762240,1.58
147,34,val,5.971500,1.59
147,35,val,20.326164,1.59
147,36,val,21.325130,1.61
147,37,val,13.827624,1.62
147,38,val,13.310263,1.62
147,39,val,36.503983,1.63
147,40,val,24.347004,1.64
147,41,val,9.250508,1.65
147,42,val,15.861418,1.65
147,43,val,10.521683,1.66
147,44,val,67.513748,1.67
147,45,val,26.815451,1.68
147,46,val,59.344498,1.69
147,47,val,15.713168,1.69
147,48,val,51.536663,1.71
147,49,val,7.065704,1.71
147,50,val,12.813501,1.72
147,51,val,12.414259,1.73
147,52,val,8.410864,1.74
147,53,val,9.183386,1.75
147,54,val,9.613828,1.75
147,55,val,8.259679,1.76
147,56,val,11.129817,1.77
147,57,val,12.528557,1.78
147,58,val,14.448576,1.79
147,59,val,12.842762,1.80
147,60,val,28.167583,1.81
147,61,val,16.781845,1.82
147,62,val,7.364843,1.83
147,63,val,23.110294,1.84
147,64,val,5.041550,1.85
147,65,val,65.644928,1.85
147,66,val,17.108696,1.86
147,67,val,8.096465,1.87
147,68,val,47.962353,1.88
147,69,val,11.403544,1.88
147,70,val,38.709606,1.89
147,71,val,68.601601,1.90
147,72,val,10.565692,1.91
147,73,val,7.598327,1.92
147,74,val,35.998806,1.93
147,75,val,15.470500,1.93
147,76,val,16.155813,1.94
147,77,val,8.373545,1.95
147,78,val,18.698011,1.95
147,79,val,22.229988,1.96
148,0,train,10.920547,0.20
148,1,train,11.984509,0.24
148,2,train,17.767330,0.27
148,3,train,8.180047,0.31
148,4,train,24.356071,0.35
148,5,train,17.625145,0.39
148,6,train,19.388163,0.42
148,7,train,8.933987,0.46
148,8,train,10.891348,0.50
148,9,train,18.398502,0.54
148,10,train,12.386558,0.58
148,11,train,9.772211,0.62
148,12,train,17.278046,0.65
148,13,train,11.444260,0.69
148,14,train,12.731221,0.72
148,15,train,14.166422,0.76
148,16,train,12.975000,0.79
148,17,train,19.318275,0.83
148,18,train,15.386241,0.86
148,19,train,12.920901,0.90
148,20,train,12.256994,0.93
148,21,train,17.484610,0.96
148,22,train,15.999412,0.99
148,23,train,10.708792,1.03
148,24,train,16.686543,1.06
148,25,train,9.830074,1.10
148,26,train,14.567200,1.13
148,27,train,19.989256,1.16
148,28,train,16.849625,1.19
148,29,train,14.231789,1.22
148,0,val,9.462405,1.39
148,1,val,13.476928,1.40
148,2,val,13.608084,1.42
148,3,val,9.591585,1.43
148,4,val,16.485256,1.44
148,5,val,17.627613,1.45
148,6,val,12.216353,1.46
148,7,val,16.202057,1.47
148,8,val,49.917339,1.48
148,9,val,34.237759,1.49
148,10,val,41.674923,1.50
148,11,val,14.606964,1.51
148,12,val,9.226498,1.52
148,13,val,22.530928,1.53
148,14,val,6.845966,1.54
148,15,val,36.194923,1.55
148,16,val,22.746868,1.56
148,17,val,59.252193,1.57
148,18,val,29.425755,1.58
148,19,val,24.781349,1.59
148,20,val,17.314163,1.61
148,21,val,8.241215,1.61
148,22,val,10.808018,1.62
148,23,val,19.161673,1.63
148,24,val,35.549271,1.64
148,25,val,34.745651,1.65
148,26,val,10.763514,1.66
148,27,val,14.861995,1.68
148,28,val,39.729023,1.68
148,29,val,9.827478,1.69
148,30,val,4.148551,1.71
148,31,val,20.242134,1.71
148,32,val,13.020042,1.72
148,33,val,7.959435,1.73
148,34,val,5.552070,1.74
148,35,val,14.015033,1.75
148,36,val,27.281599,1.76
148,37,val,14.674739,1.77
148,38,val,12.870934,1.78
148,39,val,32.632938,1.79
148,40,val,23.072884,1.79
148,41,val,9.404342,1.81
148,42,val,15.220804,1.82
148,43,val,14.646278,1.83
148,44,val,65.862091,1.83
148,45,val,26.436377,1.84
148,46,val,59.519409,1.85
148,47,val,15.421692,1.86
148,48,val,58.762585,1.87
148,49,val,7.005810,1.87
148,50,val,12.226081,1.88
148,51,val,11.549446,1.89
148,52,val,8.120252,1.90
148,53,val,9.189073,1.91
148,54,val,7.200778,1.92
148,55,val,7.890388,1.93
148,56,val,10.334089,1.94
148,57,val,12.892921,1.95
148,58,val,17.147594,1.96
148,59,val,10.376654,1.97
148,60,val,29.911327,1.98
148,61,val,17.352171,1.99
148,62,val,7.063059,2.00
148,63,val,24.049938,2.01
148,64,val,4.987229,2.03
148,65,val,64.820030,2.03
148,66,val,14.602499,2.04
148,67,val,8.319060,2.05
148,68,val,49.667004,2.06
148,69,val,20.185902,2.07
148,70,val,41.096481,2.08
148,71,val,69.728638,2.09
148,72,val,10.228245,2.10
148,73,val,7.676523,2.11
148,74,val,29.511129,2.12
148,75,val,14.189101,2.13
148,76,val,11.909583,2.14
148,77,val,8.584994,2.15
148,78,val,12.001886,2.15
148,79,val,21.014984,2.16
149,0,train,12.153126,0.15
149,1,train,13.491411,0.19
149,2,train,15.360545,0.22
149,3,train,17.654615,0.24
149,4,train,20.229677,0.27
149,5,train,11.983519,0.30
149,6,train,14.094128,0.32
149,7,train,15.746049,0.35
149,8,train,13.329720,0.37
149,9,train,7.119884,0.40
149,10,train,12.424231,0.43
149,11,train,12.823036,0.45
149,12,train,11.966656,0.48
149,13,train,13.628922,0.50
149,14,train,9.999022,0.53
149,15,train,15.974880,0.55
149,16,train,9.961786,0.58
149,17,train,16.607214,0.61
149,18,train,12.714083,0.64
149,19,train,12.095125,0.66
149,20,train,9.282353,0.68
149,21,train,17.191841,0.71
149,22,train,8.889657,0.74
149,23,train,13.761404,0.76
149,24,train,14.295137,0.79
149,25,train,14.610674,0.81
149,26,train,15.471205,0.84
149,27,train,15.984829,0.86
149,28,train,17.572035,0.88
149,29,train,10.316587,0.90
149,0,val,9.106088,1.03
149,1,val,15.735945,1.03
149,2,val,44.538952,1.04
149,3,val,10.564777,1.05
149,4,val,12.660957,1.06
149,5,val,18.118343,1.07
149,6,val,12.315779,1.08
149,7,val,15.060615,1.09
149,8,val,52.017635,1.09
149,9,val,30.163465,1.10
149,10,val,43.135818,1.10
149,11,val,14.820683,1.11
149,12,val,6.721395,1.12
149,13,val,20.342678,1.12
149,14,val,11.201915,1.13
149,15,val,10.486924,1.14
149,16,val,21.633268,1.14
149,17,val,58.340252,1.15
149,18,val,9.152239,1.16
149,19,val,21.890095,1.16
149,20,val,16.813583,1.17
149,21,val,6.177020,1.18
149,22,val,14.663607,1.18
149,23,val,19.669392,1.19
149,24,val,35.407791,1.20
149,25,val,34.742981,1.20
149,26,val,11.425377,1.21
149,27,val,12.967390,1.22
149,28,val,8.458011,1.22
149,29,val,9.164888,1.23
149,30,val,3.049714,1.24
149,31,val,21.638447,1.24
149,32,val,12.929835,1.25
149,33,val,8.045605,1.26
149,34,val,5.413898,1.27
149,35,val,18.859789,1.27
149,36,val,19.699120,1.28
149,37,val,13.862730,1.29
149,38,val,13.151313,1.29
149,39,val,35.984547,1.30
149,40,val,23.653469,1.31
149,41,val,9.489790,1.31
149,42,val,16.698507,1.32
149,43,val,10.529346,1.33
149,44,val,66.975822,1.33
149,45,val,36.542522,1.34
149,46,val,59.468761,1.35
149,47,val,18.937706,1.35
149,48,val,51.413479,1.36
149,49,val,7.342299,1.37
149,50,val,11.429594,1.37
149,51,val,16.130699,1.38
149,52,val,7.770503,1.39
149,53,val,8.935923,1.39
149,54,val,8.318592,1.40
149,55,val,39.560146,1.41
149,56,val,8.349316,1.41
149,57,val,12.989021,1.42
149,58,val,11.928011,1.42
149,59,val,11.092215,1.43
149,60,val,30.537750,1.44
149,61,val,18.899796,1.44
149,62,val,7.711438,1.45
149,63,val,24.382305,1.46
149,64,val,5.369063,1.47
149,65,val,61.904312,1.48
149,66,val,14.891318,1.48
149,67,val,7.394114,1.49
149,68,val,52.326729,1.50
149,69,val,12.008677,1.50
149,70,val,41.921471,1.51
149,71,val,71.713631,1.52
149,72,val,9.188209,1.52
149,73,val,6.579883,1.53
149,74,val,29.516331,1.54
149,75,val,15.749077,1.54
149,76,val,12.430725,1.55
149,77,val,8.440917,1.55
149,78,val,13.365901,1.55
149,79,val,21.611605,1.56
150,0,train,12.755804,0.12
150,1,train,21.926292,0.15
150,2,train,12.432067,0.17
150,3,train,10.343378,0.20
150,4,train,9.946736,0.22
150,5,train,13.569154,0.26
150,6,train,12.359738,0.29
150,7,train,14.606855,0.31
150,8,train,10.978067,0.34
150,9,train,12.390657,0.37
150,10,train,10.288298,0.39
150,11,train,9.642857,0.42
150,12,train,14.162657,0.44
150,13,train,12.909637,0.47
150,14,train,18.974909,0.50
150,15,train,16.337433,0.52
150,16,train,12.680975,0.55
150,17,train,13.257000,0.57
150,18,train,14.836889,0.60
150,19,train,12.579069,0.62
150,20,train,17.837868,0.65
150,21,train,13.273830,0.68
150,22,train,10.788507,0.70
150,23,train,11.207783,0.73
150,24,train,11.061408,0.75
150,25,train,8.469693,0.78
150,26,train,8.174459,0.81
150,27,train,19.589481,0.83
150,28,train,9.344938,0.85
150,29,train,15.232993,0.87
150,0,val,9.913658,0.99
150,1,val,15.429029,1.00
150,2,val,11.742001,1.01
150,3,val,10.404501,1.01
150,4,val,10.953499,1.02
150,5,val,17.930016,1.03
150,6,val,13.919235,1.04
150,7,val,14.657672,1.05
150,8,val,50.184155,1.05
150,9,val,32.140442,1.06
150,10,val,41.616875,1.06
150,11,val,19.623083,1.07
150,12,val,7.739699,1.08
150,13,val,27.083668,1.08
150,14,val,16.039686,1.09
150,15,val,10.726721,1.10
150,16,val,23.408138,1.10
150,17,val,58.377228,1.11
150,18,val,12.890106,1.12
150,19,val,21.619352,1.12
150,20,val,17.512779,1.13
150,21,val,5.940173,1.14
150,22,val,16.380728,1.15
150,23,val,18.334625,1.15
150,24,val,34.889130,1.16
150,25,val,44.126266,1.17
150,26,val,9.903354,1.17
150,27,val,13.980333,1.18
150,28,val,20.438824,1.18
150,29,val,8.830231,1.19
150,30,val,4.749965,1.20
150,31,val,19.696213,1.20
150,32,val,12.523852,1.21
150,33,val,7.797472,1.22
150,34,val,6.067145,1.22
150,35,val,13.604475,1.23
150,36,val,19.003965,1.24
150,37,val,12.471853,1.25
150,38,val,13.557772,1.25
150,39,val,33.925011,1.26
150,40,val,23.405758,1.26
150,41,val,8.728880,1.27
150,42,val,18.353340,1.28
150,43,val,9.349270,1.29
150,44,val,65.998787,1.30
150,45,val,25.805305,1.31
150,46,val,59.408569,1.32
150,47,val,14.036827,1.32
150,48,val,51.841820,1.33
150,49,val,8.209333,1.34
150,50,val,11.589610,1.34
150,51,val,11.345785,1.35
150,52,val,8.660900,1.36
150,53,val,27.841454,1.36
150,54,val,8.779946,1.37
150,55,val,21.006849,1.38
150,56,val,9.224228,1.38
150,57,val,14.112472,1.39
150,58,val,12.811725,1.39
150,59,val,10.249063,1.40
150,60,val,28.000288,1.41
150,61,val,17.106781,1.41
150,62,val,7.474890,1.42
150,63,val,26.297812,1.42
150,64,val,6.817100,1.43
150,65,val,60.908287,1.44
150,66,val,15.158409,1.45
150,67,val,12.011984,1.45
150,68,val,47.972698,1.46
150,69,val,18.802185,1.46
150,70,val,50.419781,1.47
150,71,val,66.837303,1.48
150,72,val,10.280281,1.48
150,73,val,7.308661,1.49
150,74,val,28.436752,1.50
150,75,val,21.787489,1.51
150,76,val,12.309637,1.51
150,77,val,8.730578,1.52
150,78,val,12.872545,1.53
150,79,val,22.554752,1.53
151,0,train,10.507496,0.11
151,1,train,12.230932,0.15
151,2,train,13.636359,0.17
151,3,train,15.720584,0.20
151,4,train,9.503268,0.22
151,5,train,17.139776,0.26
151,6,train,11.071020,0.28
151,7,train,12.620049,0.31
151,8,train,12.706150,0.33
151,9,train,13.681276,0.36
151,10,train,9.722584,0.39
151,11,train,11.849566,0.41
151,12,train,14.580652,0.44
151,13,train,16.676208,0.46
151,14,train,11.222408,0.49
151,15,train,8.540895,0.51
151,16,train,14.665922,0.54
151,17,train,14.267269,0.57
151,18,train,8.312693,0.59
151,19,train,9.890568,0.62
151,20,train,17.570152,0.64
151,21,train,13.884276,0.67
151,22,train,10.374790,0.69
151,23,train,14.650544,0.72
151,24,train,21.534094,0.76
151,25,train,11.810075,0.80
151,26,train,8.139326,0.82
151,27,train,9.851561,0.84
151,28,train,19.401396,0.86
151,29,train,10.620745,0.89
151,0,val,10.427091,1.01
151,1,val,13.215477,1.02
151,2,val,13.824499,1.02
151,3,val,9.979568,1.03
151,4,val,15.681458,1.04
151,5,val,21.656187,1.05
151,6,val,11.750484,1.05
151,7,val,15.937551,1.06
151,8,val,51.603523,1.07
151,9,val,30.503059,1.07
151,10,val,40.895714,1.08
151,11,val,14.382940,1.09
151,12,val,25.072454,1.09
151,13,val,23.736700,1.10
151,14,val,9.985631,1.11
151,15,val,21.567205,1.11
151,16,val,22.462477,1.12
151,17,val,59.829315,1.12
151,18,val,10.190983,1.13
151,19,val,28.621872,1.14
151,20,val,22.512320,1.15
151,21,val,6.902004,1.16
151,22,val,17.594074,1.16
151,23,val,21.010359,1.17
151,24,val,33.784737,1.18
151,25,val,33.219730,1.18
151,26,val,8.732828,1.19
151,27,val,13.475739,1.20
151,28,val,9.416848,1.20
151,29,val,9.475626,1.21
151,30,val,3.880569,1.22
151,31,val,19.870554,1.22
151,32,val,13.708992,1.23
151,33,val,8.357388,1.24
151,34,val,6.229632,1.24
151,35,val,14.318114,1.26
151,36,val,19.836792,1.26
151,37,val,11.740607,1.27
151,38,val,12.895401,1.28
151,39,val,32.913879,1.29
151,40,val,24.010445,1.29
151,41,val,10.047712,1.30
151,42,val,16.388351,1.31
151,43,val,9.442016,1.32
151,44,val,68.878189,1.32
151,45,val,30.138975,1.33
151,46,val,60.178570,1.34
151,47,val,16.878151,1.34
151,48,val,51.855995,1.36
151,49,val,27.351013,1.36
151,50,val,14.161914,1.37
151,51,val,11.619387,1.38
151,52,val,8.379234,1.38
151,53,val,9.112228,1.39
151,54,val,7.764163,1.40
151,55,val,8.988718,1.41
151,56,val,8.289635,1.41
151,57,val,13.844310,1.42
151,58,val,11.953545,1.43
151,59,val,10.427776,1.43
151,60,val,60.872723,1.44
151,61,val,16.990088,1.45
151,62,val,8.647982,1.46
151,63,val,23.360092,1.47
151,64,val,5.994781,1.47
151,65,val,62.126030,1.48
151,66,val,16.553921,1.49
151,67,val,10.365536,1.49
151,68,val,48.622269,1.50
151,69,val,10.795535,1.51
151,70,val,44.451263,1.51
151,71,val,72.785034,1.52
151,72,val,10.344812,1.52
151,73,val,8.384575,1.53
151,74,val,29.629227,1.54
151,75,val,14.075668,1.54
151,76,val,13.644870,1.55
151,77,val,10.004871,1.55
151,78,val,11.116741,1.56
151,79,val,24.119442,1.56
152,0,train,11.477290,0.11
152,1,train,9.348029,0.14
152,2,train,17.163052,0.17
152,3,train,12.041444,0.20
152,4,train,14.081629,0.23
152,5,train,15.644418,0.26
152,6,train,12.384582,0.28
152,7,train,17.835808,0.31
152,8,train,8.525887,0.33
152,9,train,15.620243,0.36
152,10,train,9.349010,0.39
152,11,train,12.160233,0.41
152,12,train,12.146274,0.44
152,13,train,9.171070,0.47
152,14,train,8.762022,0.49
152,15,train,8.477142,0.52
152,16,train,7.785750,0.54
152,17,train,11.329332,0.57
152,18,train,13.087429,0.59
152,19,train,12.094576,0.62
152,20,train,9.155210,0.64
152,21,train,15.703362,0.67
152,22,train,21.808702,0.70
152,23,train,10.126346,0.72
152,24,train,24.397066,0.75
152,25,train,11.528210,0.78
152,26,train,8.325132,0.80
152,27,train,14.311079,0.82
152,28,train,9.604338,0.84
152,29,train,27.215202,0.86
152,0,val,8.872458,0.99
152,1,val,14.576008,1.00
152,2,val,10.743525,1.00
152,3,val,9.013994,1.01
152,4,val,11.230316,1.02
152,5,val,18.960606,1.03
152,6,val,13.628731,1.04
152,7,val,16.462345,1.04
152,8,val,51.161766,1.05
152,9,val,31.566467,1.05
152,10,val,41.244247,1.06
152,11,val,13.550628,1.07
152,12,val,6.337067,1.07
152,13,val,42.633816,1.08
152,14,val,6.467650,1.09
152,15,val,9.883263,1.09
152,16,val,24.665632,1.10
152,17,val,57.301453,1.11
152,18,val,9.518989,1.11
152,19,val,22.022009,1.12
152,20,val,43.456467,1.13
152,21,val,5.857628,1.14
152,22,val,8.574614,1.14
152,23,val,18.322248,1.15
152,24,val,38.240818,1.16
152,25,val,32.588829,1.16
152,26,val,8.209372,1.17
152,27,val,14.453176,1.18
152,28,val,8.196291,1.18
152,29,val,14.840778,1.19
152,30,val,5.161548,1.19
152,31,val,20.751301,1.20
152,32,val,13.882006,1.21
152,33,val,10.182615,1.22
152,34,val,5.241648,1.24
152,35,val,12.030363,1.24
152,36,val,20.023832,1.25
152,37,val,12.944086,1.26
152,38,val,41.689262,1.26
152,39,val,35.399002,1.27
152,40,val,24.377951,1.28
152,41,val,10.290539,1.28
152,42,val,17.515585,1.29
152,43,val,9.873394,1.30
152,44,val,71.221664,1.30
152,45,val,32.750633,1.31
152,46,val,59.286892,1.31
152,47,val,14.495402,1.32
152,48,val,50.003365,1.33
152,49,val,10.238564,1.34
152,50,val,13.483134,1.34
152,51,val,10.804672,1.35
152,52,val,7.435351,1.36
152,53,val,9.047007,1.36
152,54,val,9.903220,1.37
152,55,val,8.347162,1.38
152,56,val,9.781787,1.38
152,57,val,13.010977,1.39
152,58,val,13.563780,1.39
152,59,val,9.968576,1.40
152,60,val,29.230673,1.41
152,61,val,16.559666,1.41
152,62,val,9.605528,1.42
152,63,val,22.430662,1.43
152,64,val,5.147450,1.43
152,65,val,62.159698,1.44
152,66,val,15.632603,1.45
152,67,val,7.084741,1.46
152,68,val,47.142242,1.46
152,69,val,14.006609,1.47
152,70,val,39.744137,1.48
152,71,val,68.307709,1.48
152,72,val,11.233929,1.49
152,73,val,7.250865,1.49
152,74,val,28.933332,1.50
152,75,val,14.274249,1.51
152,76,val,12.066035,1.51
152,77,val,8.874195,1.52
152,78,val,10.399829,1.52
152,79,val,24.714020,1.52
153,0,train,7.963458,0.11
153,1,train,10.840850,0.15
153,2,train,14.820411,0.17
153,3,train,6.835781,0.20
153,4,train,10.350780,0.22
153,5,train,12.687772,0.25
153,6,train,14.357096,0.28
153,7,train,8.995018,0.30
153,8,train,12.979654,0.33
153,9,train,18.899263,0.42
153,10,train,9.532860,0.46
153,11,train,12.303137,0.48
153,12,train,12.617535,0.50
153,13,train,10.047319,0.54
153,14,train,16.115511,0.58
153,15,train,15.546711,0.61
153,16,train,9.994772,0.65
153,17,train,18.363983,0.68
153,18,train,14.653377,0.71
153,19,train,14.178114,0.73
153,20,train,16.415661,0.76
153,21,train,13.200869,0.79
153,22,train,12.615166,0.81
153,23,train,18.646549,0.83
153,24,train,9.381100,0.87
153,25,train,9.290993,0.89
153,26,train,13.031514,0.92
153,27,train,13.091003,0.94
153,28,train,13.700935,0.97
153,29,train,17.289402,1.01
153,0,val,14.541634,1.13
153,1,val,13.166323,1.14
153,2,val,15.536037,1.15
153,3,val,8.597354,1.15
153,4,val,11.577015,1.17
153,5,val,18.593672,1.18
153,6,val,12.432899,1.19
153,7,val,14.834478,1.19
153,8,val,47.002388,1.20
153,9,val,30.270741,1.21
153,10,val,43.400890,1.21
153,11,val,13.312140,1.22
153,12,val,6.644080,1.23
153,13,val,34.453121,1.23
153,14,val,7.334229,1.24
153,15,val,9.533398,1.25
153,16,val,22.036343,1.25
153,17,val,56.563530,1.26
153,18,val,10.384115,1.27
153,19,val,26.558599,1.28
153,20,val,16.666916,1.28
153,21,val,16.466059,1.29
153,22,val,16.312748,1.30
153,23,val,22.359047,1.30
153,24,val,34.377579,1.31
153,25,val,34.536949,1.32
153,26,val,8.841792,1.33
153,27,val,14.712568,1.34
153,28,val,7.740411,1.35
153,29,val,36.168159,1.36
153,30,val,5.005996,1.37
153,31,val,20.765907,1.39
153,32,val,16.004276,1.40
153,33,val,10.087374,1.41
153,34,val,5.961507,1.42
153,35,val,15.532413,1.43
153,36,val,18.413654,1.45
153,37,val,13.248759,1.46
153,38,val,12.231749,1.47
153,39,val,31.300930,1.48
153,40,val,23.845060,1.49
153,41,val,8.870041,1.50
153,42,val,16.014454,1.52
153,43,val,9.765339,1.54
153,44,val,66.863884,1.54
153,45,val,65.862854,1.55
153,46,val,89.467377,1.56
153,47,val,13.487857,1.57
153,48,val,50.510658,1.58
153,49,val,7.544021,1.59
153,50,val,16.195511,1.59
153,51,val,21.201040,1.60
153,52,val,12.136965,1.61
153,53,val,8.142024,1.63
153,54,val,8.049701,1.64
153,55,val,8.335052,1.64
153,56,val,13.812166,1.65
153,57,val,13.114801,1.66
153,58,val,12.246740,1.67
153,59,val,11.570131,1.68
153,60,val,28.520727,1.68
153,61,val,16.673122,1.69
153,62,val,7.121349,1.70
153,63,val,24.760817,1.71
153,64,val,4.411971,1.73
153,65,val,61.395859,1.74
153,66,val,14.660711,1.76
153,67,val,7.709807,1.77
153,68,val,49.209351,1.77
153,69,val,12.042259,1.78
153,70,val,41.971821,1.79
153,71,val,66.819977,1.80
153,72,val,9.121479,1.81
153,73,val,6.756372,1.82
153,74,val,29.379583,1.82
153,75,val,14.504352,1.84
153,76,val,14.379911,1.84
153,77,val,9.220265,1.85
153,78,val,10.342885,1.85
153,79,val,20.878069,1.86
154,0,train,10.166420,0.19
154,1,train,13.132622,0.27
154,2,train,19.491383,0.32
154,3,train,9.341934,0.37
154,4,train,14.437757,0.46
154,5,train,7.901173,0.51
154,6,train,8.545565,0.56
154,7,train,10.673270,0.59
154,8,train,7.982913,0.63
154,9,train,13.163633,0.66
154,10,train,12.358760,0.69
154,11,train,14.477665,0.73
154,12,train,19.067310,0.77
154,13,train,13.942257,0.80
154,14,train,16.923897,0.84
154,15,train,10.461205,0.88
154,16,train,7.432671,0.92
154,17,train,14.136831,0.96
154,18,train,11.555426,0.99
154,19,train,19.119522,1.03
154,20,train,13.830975,1.07
154,21,train,19.821693,1.10
154,22,train,8.470351,1.13
154,23,train,18.239958,1.16
154,24,train,10.937368,1.19
154,25,train,12.210026,1.23
154,26,train,20.822472,1.25
154,27,train,14.336907,1.29
154,28,train,22.199913,1.32
154,29,train,10.556535,1.36
154,0,val,8.856552,1.56
154,1,val,13.752775,1.57
154,2,val,12.315048,1.58
154,3,val,9.470126,1.59
154,4,val,11.475334,1.60
154,5,val,17.784073,1.61
154,6,val,17.646885,1.61
154,7,val,14.798632,1.62
154,8,val,48.824989,1.63
154,9,val,30.348217,1.64
154,10,val,41.672234,1.64
154,11,val,14.217255,1.65
154,12,val,8.897026,1.66
154,13,val,21.441389,1.67
154,14,val,7.144897,1.68
154,15,val,42.235332,1.68
154,16,val,23.533756,1.69
154,17,val,56.402954,1.70
154,18,val,10.806762,1.71
154,19,val,40.292973,1.72
154,20,val,16.434116,1.72
154,21,val,6.191663,1.73
154,22,val,23.425461,1.74
154,23,val,18.341103,1.75
154,24,val,33.138100,1.75
154,25,val,33.693043,1.76
154,26,val,10.603260,1.79
154,27,val,13.531703,1.80
154,28,val,12.049472,1.81
154,29,val,11.281264,1.82
154,30,val,3.251951,1.84
154,31,val,21.572842,1.84
154,32,val,14.500639,1.85
154,33,val,8.688624,1.86
154,34,val,6.914094,1.87
154,35,val,13.279392,1.89
154,36,val,19.214504,1.90
154,37,val,13.747878,1.91
154,38,val,14.659788,1.91
154,39,val,32.108192,1.92
154,40,val,24.126122,1.93
154,41,val,9.655530,1.95
154,42,val,15.495082,1.95
154,43,val,9.504377,1.96
154,44,val,65.272934,1.97
154,45,val,26.303650,1.98
154,46,val,59.878319,1.98
154,47,val,18.981943,1.99
154,48,val,50.042870,2.00
154,49,val,7.428846,2.01
154,50,val,12.298080,2.02
154,51,val,12.592237,2.03
154,52,val,8.414441,2.03
154,53,val,7.607201,2.04
154,54,val,7.802171,2.05
154,55,val,9.623348,2.06
154,56,val,35.540535,2.07
154,57,val,14.924932,2.08
154,58,val,11.537055,2.09
154,59,val,12.336266,2.10
154,60,val,28.164518,2.11
154,61,val,16.704369,2.12
154,62,val,7.842612,2.13
154,63,val,23.779942,2.14
154,64,val,8.059344,2.14
154,65,val,68.317909,2.15
154,66,val,14.917323,2.16
154,67,val,14.660029,2.17
154,68,val,49.064678,2.18
154,69,val,18.026388,2.18
154,70,val,37.522400,2.19
154,71,val,67.232170,2.20
154,72,val,9.943625,2.21
154,73,val,6.724283,2.22
154,74,val,31.704628,2.23
154,75,val,14.016670,2.25
154,76,val,11.702517,2.26
154,77,val,7.832710,2.27
154,78,val,10.646090,2.28
154,79,val,21.582575,2.28
155,0,train,16.369694,0.16
155,1,train,12.223003,0.21
155,2,train,12.698364,0.25
155,3,train,14.815095,0.28
155,4,train,19.137508,0.32
155,5,train,12.359945,0.36
155,6,train,9.060965,0.41
155,7,train,17.806454,0.45
155,8,train,11.133402,0.49
155,9,train,9.592316,0.52
155,10,train,12.313316,0.56
155,11,train,11.715364,0.59
155,12,train,10.852119,0.61
155,13,train,15.531701,0.64
155,14,train,8.964645,0.68
155,15,train,12.207117,0.71
155,16,train,16.681585,0.74
155,17,train,10.860539,0.77
155,18,train,12.432285,0.82
155,19,train,9.764925,0.86
155,20,train,14.737538,0.89
155,21,train,15.095591,0.93
155,22,train,8.492027,0.97
155,23,train,13.447439,1.01
155,24,train,12.884447,1.05
155,25,train,14.577751,1.08
155,26,train,16.094114,1.11
155,27,train,18.326056,1.15
155,28,train,9.911770,1.18
155,29,train,9.987058,1.21
155,0,val,8.524145,1.43
155,1,val,13.787830,1.45
155,2,val,11.680183,1.46
155,3,val,8.972633,1.47
155,4,val,13.745867,1.48
155,5,val,19.498455,1.49
155,6,val,13.623180,1.50
155,7,val,14.790614,1.51
155,8,val,50.588680,1.51
155,9,val,30.542980,1.52
155,10,val,40.425194,1.53
155,11,val,15.544874,1.54
155,12,val,6.486818,1.55
155,13,val,22.301174,1.56
155,14,val,7.841080,1.57
155,15,val,8.803556,1.58
155,16,val,23.257488,1.58
155,17,val,58.373714,1.60
155,18,val,10.589342,1.60
155,19,val,23.751740,1.61
155,20,val,17.663158,1.62
155,21,val,25.448044,1.63
155,22,val,8.748457,1.64
155,23,val,34.036846,1.64
155,24,val,33.713852,1.65
155,25,val,34.559036,1.66
155,26,val,8.785287,1.67
155,27,val,18.704002,1.68
155,28,val,9.087589,1.69
155,29,val,10.136956,1.69
155,30,val,18.461189,1.70
155,31,val,21.433645,1.71
155,32,val,12.832026,1.72
155,33,val,15.004412,1.73
155,34,val,5.939883,1.74
155,35,val,13.792526,1.75
155,36,val,19.256264,1.76
155,37,val,25.113621,1.77
155,38,val,13.454697,1.78
155,39,val,33.460361,1.78
155,40,val,23.635923,1.79
155,41,val,11.237056,1.80
155,42,val,16.391754,1.81
155,43,val,10.752729,1.81
155,44,val,65.141853,1.82
155,45,val,25.406073,1.83
155,46,val,61.217903,1.84
155,47,val,15.037275,1.84
155,48,val,52.109360,1.85
155,49,val,17.392616,1.86
155,50,val,12.667770,1.87
155,51,val,11.203705,1.88
155,52,val,8.167621,1.89
155,53,val,8.605271,1.90
155,54,val,7.653299,1.90
155,55,val,9.336020,1.91
155,56,val,8.241112,1.92
155,57,val,15.429351,1.93
155,58,val,11.582005,1.94
155,59,val,11.519028,1.95
155,60,val,29.370817,1.95
155,61,val,17.100819,1.96
155,62,val,7.624074,1.97
155,63,val,22.558498,1.98
155,64,val,5.208030,1.99
155,65,val,61.390114,2.00
155,66,val,14.234770,2.01
155,67,val,7.289468,2.02
155,68,val,58.880260,2.03
155,69,val,12.049856,2.04
155,70,val,36.607159,2.05
155,71,val,83.360008,2.05
155,72,val,9.968646,2.06
155,73,val,10.057913,2.07
155,74,val,28.981369,2.08
155,75,val,14.389842,2.09
155,76,val,38.097775,2.09
155,77,val,10.305467,2.10
155,78,val,10.552386,2.10
155,79,val,22.574661,2.11
156,0,train,10.037278,0.17
156,1,train,15.844824,0.23
156,2,train,13.707275,0.26
156,3,train,10.623409,0.29
156,4,train,12.401836,0.33
156,5,train,10.071064,0.37
156,6,train,7.896119,0.40
156,7,train,20.733652,0.43
156,8,train,13.336578,0.47
156,9,train,22.632549,0.50
156,10,train,16.844810,0.53
156,11,train,6.845170,0.58
156,12,train,13.667801,0.61
156,13,train,7.957043,0.64
156,14,train,11.435457,0.69
156,15,train,9.066120,0.72
156,16,train,14.283627,0.75
156,17,train,15.696394,0.79
156,18,train,13.171966,0.82
156,19,train,15.445955,0.86
156,20,train,17.636261,0.90
156,21,train,16.479717,0.93
156,22,train,19.872475,0.95
156,23,train,22.309948,0.98
156,24,train,8.277020,1.01
156,25,train,7.163908,1.03
156,26,train,10.674171,1.05
156,27,train,11.453255,1.07
156,28,train,14.841019,1.10
156,29,train,9.480435,1.12
156,0,val,10.408918,1.26
156,1,val,17.152264,1.27
156,2,val,12.792236,1.28
156,3,val,9.406210,1.29
156,4,val,12.118541,1.30
156,5,val,17.277836,1.30
156,6,val,13.018461,1.31
156,7,val,14.622879,1.32
156,8,val,50.002441,1.32
156,9,val,30.228102,1.33
156,10,val,40.118927,1.34
156,11,val,13.457610,1.34
156,12,val,6.075726,1.35
156,13,val,22.022171,1.35
156,14,val,15.756121,1.36
156,15,val,8.518992,1.37
156,16,val,34.429710,1.37
156,17,val,55.891006,1.38
156,18,val,9.583422,1.39
156,19,val,24.701178,1.40
156,20,val,21.913761,1.40
156,21,val,6.454719,1.41
156,22,val,10.254017,1.42
156,23,val,18.704855,1.42
156,24,val,53.361862,1.43
156,25,val,33.609184,1.43
156,26,val,8.464068,1.44
156,27,val,13.446650,1.45
156,28,val,9.374762,1.45
156,29,val,8.912218,1.46
156,30,val,3.548209,1.47
156,31,val,19.459549,1.47
156,32,val,12.922258,1.48
156,33,val,9.143900,1.49
156,34,val,6.219447,1.49
156,35,val,13.030635,1.50
156,36,val,18.785244,1.51
156,37,val,29.164228,1.51
156,38,val,12.710113,1.52
156,39,val,33.034863,1.53
156,40,val,23.670792,1.53
156,41,val,10.260685,1.54
156,42,val,15.830181,1.55
156,43,val,9.844614,1.55
156,44,val,65.225220,1.56
156,45,val,25.850607,1.56
156,46,val,58.548214,1.57
156,47,val,28.081024,1.58
156,48,val,49.725815,1.58
156,49,val,7.662491,1.59
156,50,val,11.723979,1.60
156,51,val,10.658209,1.61
156,52,val,11.414888,1.61
156,53,val,12.094763,1.62
156,54,val,8.025087,1.63
156,55,val,9.416058,1.63
156,56,val,9.854133,1.64
156,57,val,14.225628,1.65
156,58,val,11.658682,1.65
156,59,val,10.741459,1.66
156,60,val,57.882782,1.67
156,61,val,17.365875,1.67
156,62,val,7.692184,1.68
156,63,val,25.075277,1.69
156,64,val,9.057421,1.70
156,65,val,63.169380,1.70
156,66,val,14.533313,1.71
156,67,val,7.680274,1.71
156,68,val,47.119030,1.72
156,69,val,11.636897,1.73
156,70,val,39.714745,1.73
156,71,val,75.265289,1.74
156,72,val,11.800579,1.75
156,73,val,6.783552,1.75
156,74,val,31.067768,1.76
156,75,val,14.650359,1.77
156,76,val,13.001745,1.77
156,77,val,8.595679,1.77
156,78,val,10.392506,1.78
156,79,val,22.318129,1.78
157,0,train,9.408598,0.11
157,1,train,23.746433,0.14
157,2,train,12.579130,0.16
157,3,train,14.109407,0.19
157,4,train,12.170331,0.21
157,5,train,11.580145,0.24
157,6,train,12.178606,0.27
157,7,train,18.258057,0.29
157,8,train,16.403984,0.32
157,9,train,10.021393,0.35
157,10,train,18.622143,0.38
157,11,train,8.178097,0.40
157,12,train,13.993292,0.43
157,13,train,15.893508,0.47
157,14,train,14.163477,0.50
157,15,train,13.030043,0.52
157,16,train,9.065359,0.55
157,17,train,6.608571,0.57
157,18,train,11.379961,0.60
157,19,train,18.563595,0.62
157,20,train,16.528086,0.65
157,21,train,9.148755,0.67
157,22,train,17.478491,0.70
157,23,train,15.614075,0.73
157,24,train,14.062203,0.75
157,25,train,11.072857,0.78
157,26,train,11.829719,0.80
157,27,train,11.972235,0.82
157,28,train,8.946642,0.84
157,29,train,8.958130,0.87
157,0,val,9.853713,0.99
157,1,val,13.359388,0.99
157,2,val,13.348202,1.00
157,3,val,9.377895,1.01
157,4,val,12.219999,1.01
157,5,val,19.137299,1.03
157,6,val,13.190802,1.03
157,7,val,16.335899,1.04
157,8,val,52.796642,1.05
157,9,val,43.194206,1.05
157,10,val,40.670269,1.06
157,11,val,15.111919,1.06
157,12,val,7.477561,1.07
157,13,val,23.246559,1.08
157,14,val,7.960394,1.08
157,15,val,10.028631,1.09
157,16,val,23.488997,1.10
157,17,val,55.238609,1.10
157,18,val,9.261256,1.11
157,19,val,23.285423,1.12
157,20,val,16.445776,1.13
157,21,val,11.060252,1.14
157,22,val,8.631507,1.14
157,23,val,18.738663,1.15
157,24,val,36.046963,1.16
157,25,val,35.157867,1.17
157,26,val,8.412555,1.18
157,27,val,15.893591,1.18
157,28,val,9.366873,1.19
157,29,val,8.673162,1.20
157,30,val,3.382070,1.21
157,31,val,19.962137,1.21
157,32,val,12.188505,1.22
157,33,val,7.997086,1.23
157,34,val,5.546344,1.24
157,35,val,12.884775,1.25
157,36,val,19.963421,1.26
157,37,val,13.233047,1.26
157,38,val,20.369331,1.27
157,39,val,35.490444,1.28
157,40,val,27.580269,1.28
157,41,val,10.430641,1.29
157,42,val,15.534668,1.30
157,43,val,9.116201,1.30
157,44,val,65.039703,1.31
157,45,val,27.167128,1.32
157,46,val,60.759499,1.32
157,47,val,28.715612,1.34
157,48,val,49.505867,1.34
157,49,val,8.583695,1.35
157,50,val,11.809507,1.36
157,51,val,12.118126,1.36
157,52,val,8.029386,1.37
157,53,val,9.483145,1.38
157,54,val,8.831314,1.38
157,55,val,38.082973,1.39
157,56,val,7.791635,1.40
157,57,val,12.232265,1.40
157,58,val,12.667370,1.41
157,59,val,33.286888,1.42
157,60,val,32.564110,1.42
157,61,val,17.722912,1.43
157,62,val,7.664554,1.44
157,63,val,23.877903,1.44
157,64,val,5.418518,1.45
157,65,val,61.593010,1.46
157,66,val,15.124329,1.46
157,67,val,8.567748,1.47
157,68,val,47.967880,1.48
157,69,val,23.149311,1.49
157,70,val,42.117126,1.50
157,71,val,67.548370,1.51
157,72,val,10.244834,1.52
157,73,val,8.914524,1.52
157,74,val,41.524277,1.53
157,75,val,14.381218,1.54
157,76,val,11.857539,1.54
157,77,val,7.600286,1.55
157,78,val,13.234900,1.55
157,79,val,21.894440,1.56
158,0,train,12.038809,0.11
158,1,train,24.514839,0.14
158,2,train,14.346569,0.17
158,3,train,10.000134,0.19
158,4,train,15.398689,0.22
158,5,train,13.411442,0.25
158,6,train,18.488209,0.28
158,7,train,13.314112,0.30
158,8,train,14.828485,0.33
158,9,train,16.076488,0.35
158,10,train,14.209300,0.38
158,11,train,5.992872,0.40
158,12,train,14.289053,0.43
158,13,train,10.088785,0.46
158,14,train,13.971166,0.48
158,15,train,6.426220,0.51
158,16,train,19.372698,0.53
158,17,train,8.382288,0.56
158,18,train,8.186174,0.58
158,19,train,9.924754,0.61
158,20,train,18.314766,0.63
158,21,train,9.652839,0.66
158,22,train,7.440858,0.69
158,23,train,6.909129,0.71
158,24,train,8.766538,0.73
158,25,train,7.237776,0.76
158,26,train,13.422991,0.79
158,27,train,9.967722,0.81
158,28,train,16.823492,0.83
158,29,train,11.566713,0.85
158,0,val,8.773788,0.98
158,1,val,14.085406,0.99
158,2,val,12.914991,1.00
158,3,val,8.586035,1.01
158,4,val,22.109198,1.02
158,5,val,18.177685,1.02
158,6,val,17.645256,1.03
158,7,val,14.932779,1.04
158,8,val,52.940956,1.04
158,9,val,30.470058,1.05
158,10,val,40.622971,1.06
158,11,val,14.333365,1.06
158,12,val,6.509646,1.07
158,13,val,22.676491,1.07
158,14,val,30.209240,1.08
158,15,val,8.769275,1.09
158,16,val,25.367733,1.09
158,17,val,55.444481,1.10
158,18,val,9.578896,1.11
158,19,val,22.525173,1.12
158,20,val,18.202595,1.12
158,21,val,7.044981,1.13
158,22,val,8.086441,1.14
158,23,val,22.027634,1.14
158,24,val,34.136299,1.15
158,25,val,32.902763,1.16
158,26,val,9.534747,1.16
158,27,val,15.203925,1.17
158,28,val,12.584518,1.17
158,29,val,12.200943,1.18
158,30,val,7.296124,1.19
158,31,val,23.066639,1.19
158,32,val,12.332987,1.20
158,33,val,8.179229,1.20
158,34,val,5.201592,1.21
158,35,val,13.059452,1.22
158,36,val,35.059494,1.23
158,37,val,25.281425,1.23
158,38,val,14.327494,1.24
158,39,val,48.784386,1.25
158,40,val,23.191387,1.25
158,41,val,9.226389,1.26
158,42,val,17.773376,1.26
158,43,val,10.117852,1.27
158,44,val,65.969879,1.28
158,45,val,26.009785,1.28
158,46,val,56.958553,1.29
158,47,val,16.261997,1.30
158,48,val,50.155376,1.30
158,49,val,6.594533,1.31
158,50,val,12.565115,1.32
158,51,val,11.325938,1.33
158,52,val,15.151939,1.33
158,53,val,8.113866,1.34
158,54,val,10.399919,1.34
158,55,val,8.439485,1.35
158,56,val,8.103060,1.36
158,57,val,12.396978,1.36
158,58,val,11.608607,1.37
158,59,val,10.687587,1.38
158,60,val,30.564688,1.38
158,61,val,16.586521,1.39
158,62,val,7.407004,1.40
158,63,val,25.871954,1.40
158,64,val,6.471828,1.41
158,65,val,61.538677,1.41
158,66,val,17.046736,1.42
158,67,val,7.097491,1.43
158,68,val,48.601418,1.44
158,69,val,13.669744,1.44
158,70,val,39.077789,1.45
158,71,val,69.157791,1.45
158,72,val,11.539272,1.46
158,73,val,8.064934,1.47
158,74,val,31.643133,1.47
158,75,val,14.064110,1.48
158,76,val,11.585040,1.48
158,77,val,7.747972,1.49
158,78,val,11.908531,1.49
158,79,val,20.309540,1.49
159,0,train,18.014894,0.11
159,1,train,9.118246,0.14
159,2,train,13.787539,0.16
159,3,train,10.985900,0.19
159,4,train,9.184498,0.21
159,5,train,10.618818,0.24
159,6,train,8.395654,0.27
159,7,train,8.427662,0.29
159,8,train,11.814576,0.32
159,9,train,13.935802,0.35
159,10,train,10.429446,0.37
159,11,train,18.510538,0.40
159,12,train,13.714437,0.42
159,13,train,11.084429,0.45
159,14,train,10.665325,0.48
159,15,train,16.521757,0.51
159,16,train,9.854952,0.53
159,17,train,10.454280,0.56
159,18,train,10.119944,0.59
159,19,train,8.327121,0.62
159,20,train,18.833414,0.65
159,21,train,8.067383,0.69
159,22,train,13.515295,0.73
159,23,train,9.302332,0.75
159,24,train,9.527620,0.79
159,25,train,10.114845,0.82
159,26,train,15.036402,0.84
159,27,train,11.935305,0.86
159,28,train,7.401430,0.88
159,29,train,12.579109,0.97
159,0,val,11.592037,1.10
159,1,val,13.199524,1.10
159,2,val,12.174712,1.11
159,3,val,11.457999,1.12
159,4,val,11.039026,1.13
159,5,val,17.965694,1.14
159,6,val,12.785617,1.14
159,7,val,14.760706,1.15
159,8,val,47.661545,1.16
159,9,val,37.328671,1.16
159,10,val,42.446686,1.17
159,11,val,13.181366,1.18
159,12,val,9.125337,1.18
159,13,val,26.892460,1.19
159,14,val,7.785495,1.20
159,15,val,8.134805,1.20
159,16,val,22.867407,1.21
159,17,val,54.964245,1.22
159,18,val,9.730910,1.22
159,19,val,21.624920,1.23
159,20,val,17.553482,1.24
159,21,val,10.103788,1.25
159,22,val,7.768928,1.25
159,23,val,18.136482,1.26
159,24,val,34.393394,1.27
159,25,val,33.655704,1.27
159,26,val,9.322788,1.28
159,27,val,13.587557,1.29
159,28,val,8.558743,1.29
159,29,val,9.586432,1.30
159,30,val,3.195455,1.30
159,31,val,19.817204,1.31
159,32,val,13.128466,1.32
159,33,val,9.108656,1.32
159,34,val,5.450287,1.33
159,35,val,18.410744,1.34
159,36,val,22.338682,1.35
159,37,val,12.563106,1.35
159,38,val,13.134001,1.36
159,39,val,31.486919,1.37
159,40,val,26.005882,1.37
159,41,val,8.872396,1.38
159,42,val,16.877331,1.39
159,43,val,42.766357,1.39
159,44,val,64.588448,1.40
159,45,val,24.957388,1.40
159,46,val,55.625290,1.41
159,47,val,14.666397,1.42
159,48,val,50.198616,1.42
159,49,val,8.236590,1.43
159,50,val,12.205290,1.44
159,51,val,11.792986,1.45
159,52,val,8.922083,1.45
159,53,val,7.982484,1.46
159,54,val,7.982089,1.47
159,55,val,8.683818,1.48
159,56,val,7.269231,1.49
159,57,val,20.544258,1.49
159,58,val,26.481588,1.50
159,59,val,10.928139,1.51
159,60,val,28.701145,1.52
159,61,val,28.191162,1.52
159,62,val,6.998382,1.53
159,63,val,23.633558,1.54
159,64,val,6.291978,1.54
159,65,val,60.811531,1.55
159,66,val,14.206821,1.56
159,67,val,9.416896,1.56
159,68,val,65.624069,1.57
159,69,val,15.110607,1.58
159,70,val,38.728756,1.59
159,71,val,66.912804,1.59
159,72,val,10.381340,1.60
159,73,val,9.676591,1.60
159,74,val,29.726521,1.61
159,75,val,13.553103,1.62
159,76,val,12.145183,1.62
159,77,val,8.334860,1.63
159,78,val,10.650378,1.63
159,79,val,22.438236,1.64
160,0,train,17.843567,0.11
160,1,train,8.980958,0.15
160,2,train,17.332542,0.18
160,3,train,15.038014,0.21
160,4,train,6.711911,0.24
160,5,train,9.247816,0.26
160,6,train,19.531761,0.29
160,7,train,9.430894,0.32
160,8,train,14.495655,0.34
160,9,train,15.325382,0.38
160,10,train,18.997911,0.40
160,11,train,8.645582,0.42
160,12,train,11.880031,0.45
160,13,train,13.899578,0.48
160,14,train,9.102198,0.51
160,15,train,28.785553,0.53
160,16,train,10.484708,0.56
160,17,train,9.266076,0.59
160,18,train,12.743843,0.61
160,19,train,20.969059,0.63
160,20,train,17.478033,0.66
160,21,train,12.682925,0.69
160,22,train,11.972496,0.71
160,23,train,11.558014,0.74
160,24,train,26.661129,0.76
160,25,train,13.611502,0.79
160,26,train,10.387263,0.82
160,27,train,7.819523,0.84
160,28,train,12.767134,0.86
160,29,train,7.078004,0.89
160,0,val,8.190269,1.01
160,1,val,15.640089,1.02
160,2,val,13.126274,1.03
160,3,val,8.800795,1.04
160,4,val,14.368782,1.05
160,5,val,19.056690,1.06
160,6,val,12.740654,1.07
160,7,val,15.514580,1.07
160,8,val,46.282742,1.08
160,9,val,28.620255,1.09
160,10,val,38.607594,1.09
160,11,val,13.353922,1.10
160,12,val,5.839921,1.11
160,13,val,22.221222,1.11
160,14,val,6.688802,1.12
160,15,val,8.936701,1.12
160,16,val,22.021221,1.13
160,17,val,54.768379,1.14
160,18,val,10.212627,1.14
160,19,val,22.795528,1.15
160,20,val,19.533291,1.16
160,21,val,7.292557,1.17
160,22,val,13.439835,1.17
160,23,val,17.831722,1.18
160,24,val,33.226151,1.19
160,25,val,33.397617,1.19
160,26,val,12.436728,1.20
160,27,val,14.100267,1.21
160,28,val,8.105263,1.21
160,29,val,9.701267,1.22
160,30,val,3.130244,1.23
160,31,val,19.786160,1.23
160,32,val,11.823919,1.24
160,33,val,8.958187,1.25
160,34,val,5.071912,1.26
160,35,val,12.274376,1.26
160,36,val,19.938103,1.27
160,37,val,12.219737,1.28
160,38,val,30.851845,1.28
160,39,val,30.839451,1.29
160,40,val,23.964931,1.29
160,41,val,10.818871,1.30
160,42,val,15.463781,1.31
160,43,val,13.203627,1.32
160,44,val,68.621155,1.32
160,45,val,25.060646,1.33
160,46,val,55.900780,1.34
160,47,val,15.013344,1.34
160,48,val,50.493774,1.35
160,49,val,6.935448,1.36
160,50,val,12.419357,1.37
160,51,val,11.252813,1.37
160,52,val,7.050174,1.38
160,53,val,17.357450,1.39
160,54,val,13.195869,1.39
160,55,val,9.433172,1.40
160,56,val,7.745368,1.40
160,57,val,12.597462,1.41
160,58,val,13.748645,1.42
160,59,val,10.846199,1.42
160,60,val,27.823050,1.43
160,61,val,16.293989,1.44
160,62,val,7.440417,1.44
160,63,val,22.566717,1.45
160,64,val,13.622916,1.46
160,65,val,61.085114,1.47
160,66,val,22.825432,1.47
160,67,val,7.244015,1.48
160,68,val,46.201202,1.49
160,69,val,10.832973,1.49
160,70,val,37.003185,1.50
160,71,val,66.711594,1.50
160,72,val,12.415256,1.51
160,73,val,7.349545,1.52
160,74,val,35.819214,1.52
160,75,val,14.192203,1.53
160,76,val,12.266910,1.53
160,77,val,8.578114,1.54
160,78,val,28.641630,1.54
160,79,val,21.821466,1.55
161,0,train,15.627390,0.13
161,1,train,13.631264,0.17
161,2,train,14.351876,0.20
161,3,train,8.087512,0.22
161,4,train,10.488380,0.25
161,5,train,15.432259,0.28
161,6,train,12.597882,0.31
161,7,train,13.900081,0.33
161,8,train,11.466322,0.36
161,9,train,34.795589,0.39
161,10,train,14.729815,0.42
161,11,train,10.965055,0.45
161,12,train,12.428279,0.47
161,13,train,11.845915,0.51
161,14,train,7.198229,0.54
161,15,train,14.304767,0.56
161,16,train,14.320517,0.59
161,17,train,12.331707,0.62
161,18,train,15.297598,0.64
161,19,train,15.546141,0.67
161,20,train,8.301743,0.69
161,21,train,14.567192,0.72
161,22,train,9.157513,0.75
161,23,train,17.143681,0.77
161,24,train,8.902406,0.80
161,25,train,16.036304,0.82
161,26,train,12.302477,0.85
161,27,train,8.118578,0.87
161,28,train,9.123981,0.89
161,29,train,13.102336,0.91
161,0,val,9.515305,1.03
161,1,val,13.183563,1.04
161,2,val,11.967471,1.05
161,3,val,9.512066,1.05
161,4,val,12.998153,1.06
161,5,val,18.785933,1.07
161,6,val,13.375819,1.08
161,7,val,14.897844,1.09
161,8,val,53.450680,1.09
161,9,val,29.873947,1.10
161,10,val,39.267963,1.11
161,11,val,14.232193,1.11
161,12,val,6.773955,1.12
161,13,val,22.911093,1.13
161,14,val,7.714189,1.13
161,15,val,13.748405,1.14
161,16,val,22.416607,1.15
161,17,val,54.613705,1.16
161,18,val,11.300737,1.17
161,19,val,22.101421,1.18
161,20,val,17.565834,1.19
161,21,val,6.425163,1.20
161,22,val,10.424881,1.20
161,23,val,17.716286,1.21
161,24,val,33.811581,1.22
161,25,val,33.841629,1.22
161,26,val,8.925669,1.23
161,27,val,14.098400,1.23
161,28,val,8.244754,1.24
161,29,val,9.199469,1.25
161,30,val,4.784359,1.26
161,31,val,20.331144,1.26
161,32,val,11.965697,1.27
161,33,val,30.179672,1.28
161,34,val,7.678144,1.29
161,35,val,12.839462,1.30
161,36,val,19.309591,1.30
161,37,val,12.884590,1.31
161,38,val,14.470496,1.31
161,39,val,31.987743,1.32
161,40,val,23.575138,1.33
161,41,val,9.738964,1.33
161,42,val,16.961414,1.34
161,43,val,8.830694,1.35
161,44,val,63.724358,1.35
161,45,val,25.126415,1.36
161,46,val,56.310589,1.37
161,47,val,17.949615,1.37
161,48,val,51.458080,1.38
161,49,val,9.203287,1.39
161,50,val,15.115245,1.40
161,51,val,12.636488,1.40
161,52,val,27.528103,1.41
161,53,val,8.798483,1.42
161,54,val,8.356074,1.42
161,55,val,8.591596,1.43
161,56,val,8.279926,1.44
161,57,val,15.896845,1.44
161,58,val,11.850588,1.45
161,59,val,11.101260,1.46
161,60,val,29.216461,1.47
161,61,val,16.313995,1.48
161,62,val,8.345801,1.49
161,63,val,48.539318,1.50
161,64,val,5.418230,1.51
161,65,val,62.828396,1.52
161,66,val,13.460522,1.53
161,67,val,8.296787,1.54
161,68,val,52.312836,1.55
161,69,val,10.721969,1.56
161,70,val,44.975998,1.57
161,71,val,66.123489,1.58
161,72,val,10.621166,1.59
161,73,val,6.624662,1.60
161,74,val,27.065207,1.61
161,75,val,14.412350,1.62
161,76,val,15.666866,1.63
161,77,val,9.176959,1.64
161,78,val,9.839535,1.64
161,79,val,23.670071,1.65
162,0,train,19.186281,0.14
162,1,train,9.197889,0.19
162,2,train,8.428455,0.22
162,3,train,7.577304,0.25
162,4,train,13.878807,0.29
162,5,train,12.131603,0.32
162,6,train,15.245285,0.35
162,7,train,14.963436,0.39
162,8,train,11.575777,0.43
162,9,train,14.475060,0.46
162,10,train,32.616638,0.49
162,11,train,13.266788,0.53
162,12,train,19.283455,0.56
162,13,train,12.532213,0.59
162,14,train,13.956516,0.63
162,15,train,13.081932,0.66
162,16,train,16.028114,0.69
162,17,train,9.632818,0.72
162,18,train,12.764799,0.75
162,19,train,15.113106,0.78
162,20,train,15.035275,0.81
162,21,train,7.726118,0.85
162,22,train,16.246788,0.88
162,23,train,11.800600,0.91
162,24,train,11.503338,0.94
162,25,train,14.249966,0.97
162,26,train,10.066925,1.00
162,27,train,11.197930,1.02
162,28,train,9.951683,1.05
162,29,train,15.653966,1.07
162,0,val,8.832460,1.23
162,1,val,22.459740,1.26
162,2,val,16.761665,1.28
162,3,val,9.876198,1.28
162,4,val,11.463043,1.29
162,5,val,17.848030,1.30
162,6,val,12.253193,1.31
162,7,val,17.418951,1.31
162,8,val,51.309578,1.32
162,9,val,29.826553,1.33
162,10,val,38.726250,1.34
162,11,val,16.715216,1.35
162,12,val,5.740790,1.36
162,13,val,22.530636,1.36
162,14,val,8.435122,1.38
162,15,val,12.068726,1.38
162,16,val,22.066198,1.40
162,17,val,53.410809,1.41
162,18,val,9.586181,1.42
162,19,val,25.192986,1.43
162,20,val,23.469128,1.45
162,21,val,5.773923,1.46
162,22,val,7.809524,1.49
162,23,val,18.169216,1.50
162,24,val,33.012955,1.51
162,25,val,33.301880,1.52
162,26,val,8.667414,1.53
162,27,val,14.249472,1.55
162,28,val,19.054436,1.57
162,29,val,10.571100,1.59
162,30,val,4.038946,1.61
162,31,val,20.749702,1.62
162,32,val,12.946630,1.63
162,33,val,8.321803,1.64
162,34,val,6.000185,1.66
162,35,val,13.065783,1.67
162,36,val,18.913595,1.67
162,37,val,13.990952,1.68
162,38,val,11.958620,1.69
162,39,val,35.741058,1.71
162,40,val,24.942318,1.72
162,41,val,9.430029,1.73
162,42,val,15.305186,1.74
162,43,val,8.847404,1.74
162,44,val,64.090027,1.75
162,45,val,24.751440,1.76
162,46,val,56.194672,1.77
162,47,val,14.077291,1.77
162,48,val,66.180435,1.78
162,49,val,7.369429,1.79
162,50,val,15.302057,1.80
162,51,val,12.401964,1.82
162,52,val,7.492294,1.82
162,53,val,7.944963,1.83
162,54,val,9.549839,1.84
162,55,val,9.726660,1.85
162,56,val,7.884355,1.86
162,57,val,12.815845,1.86
162,58,val,10.971872,1.87
162,59,val,11.115623,1.88
162,60,val,27.109367,1.89
162,61,val,16.484671,1.90
162,62,val,7.010717,1.91
162,63,val,25.970425,1.92
162,64,val,5.180021,1.93
162,65,val,60.185760,1.94
162,66,val,14.262674,1.95
162,67,val,7.575990,1.95
162,68,val,50.359615,1.96
162,69,val,10.826286,1.97
162,70,val,37.758224,1.98
162,71,val,64.411499,1.99
162,72,val,11.050550,1.99
162,73,val,11.881869,2.00
162,74,val,30.292334,2.01
162,75,val,14.081546,2.02
162,76,val,14.602504,2.03
162,77,val,8.660009,2.03
162,78,val,9.476738,2.04
162,79,val,21.660479,2.04
163,0,train,8.872995,0.23
163,1,train,13.003649,0.28
163,2,train,9.067107,0.32
163,3,train,12.309389,0.35
163,4,train,18.906403,0.39
163,5,train,8.557453,0.42
163,6,train,20.223732,0.45
163,7,train,14.962075,0.48
163,8,train,16.087658,0.53
163,9,train,16.001354,0.57
163,10,train,11.600706,0.63
163,11,train,20.359936,0.69
163,12,train,7.280779,0.73
163,13,train,15.029906,0.77
163,14,train,12.047726,0.81
163,15,train,12.139391,0.84
163,16,train,14.969461,0.87
163,17,train,15.954641,0.93
163,18,train,13.415612,0.97
163,19,train,15.854287,1.00
163,20,train,9.788092,1.04
163,21,train,13.539653,1.07
163,22,train,10.801953,1.11
163,23,train,8.539572,1.15
163,24,train,8.687314,1.19
163,25,train,8.624377,1.24
163,26,train,18.509548,1.28
163,27,train,16.442841,1.31
163,28,train,8.794312,1.35
163,29,train,9.875707,1.40
163,0,val,8.812285,1.60
163,1,val,13.206969,1.62
163,2,val,11.607260,1.63
163,3,val,9.675379,1.64
163,4,val,12.415619,1.65
163,5,val,22.267075,1.65
163,6,val,12.951278,1.66
163,7,val,15.179729,1.67
163,8,val,48.349983,1.68
163,9,val,35.166847,1.68
163,10,val,39.282242,1.69
163,11,val,13.423640,1.70
163,12,val,6.240776,1.71
163,13,val,23.141104,1.72
163,14,val,14.438017,1.73
163,15,val,8.700187,1.74
163,16,val,22.971447,1.75
163,17,val,53.168579,1.76
163,18,val,9.246290,1.77
163,19,val,21.219221,1.77
163,20,val,17.267262,1.78
163,21,val,6.519913,1.79
163,22,val,9.199738,1.80
163,23,val,17.535061,1.81
163,24,val,33.621380,1.82
163,25,val,33.937027,1.83
163,26,val,9.678511,1.84
163,27,val,14.682579,1.85
163,28,val,8.335848,1.85
163,29,val,8.913145,1.86
163,30,val,3.356995,1.87
163,31,val,21.491882,1.89
163,32,val,24.941700,1.90
163,33,val,8.237651,1.91
163,34,val,6.661136,1.92
163,35,val,12.231253,1.93
163,36,val,18.280989,1.94
163,37,val,13.165808,1.95
163,38,val,15.308944,1.96
163,39,val,32.186588,1.97
163,40,val,25.264990,1.98
163,41,val,18.600533,1.99
163,42,val,15.390263,2.00
163,43,val,10.484966,2.01
163,44,val,63.314476,2.02
163,45,val,24.776854,2.03
163,46,val,54.428448,2.04
163,47,val,14.438098,2.04
163,48,val,49.346081,2.05
163,49,val,9.481516,2.06
163,50,val,12.485423,2.07
163,51,val,11.831458,2.08
163,52,val,7.142762,2.08
163,53,val,22.506218,2.09
163,54,val,8.143839,2.10
163,55,val,14.486961,2.11
163,56,val,12.140661,2.11
163,57,val,12.172087,2.13
163,58,val,15.435881,2.14
163,59,val,11.404072,2.15
163,60,val,33.679214,2.16
163,61,val,15.843967,2.17
163,62,val,7.012684,2.17
163,63,val,22.961643,2.18
163,64,val,8.319515,2.19
163,65,val,60.051476,2.20
163,66,val,14.154966,2.20
163,67,val,7.177391,2.21
163,68,val,47.144875,2.22
163,69,val,10.594172,2.23
163,70,val,37.521553,2.24
163,71,val,65.992905,2.25
163,72,val,9.424528,2.26
163,73,val,6.941526,2.27
163,74,val,29.472754,2.27
163,75,val,14.116798,2.28
163,76,val,13.532298,2.29
163,77,val,8.396957,2.29
163,78,val,9.478413,2.30
163,79,val,20.827356,2.30
164,0,train,10.553391,0.18
164,1,train,13.011208,0.22
164,2,train,11.534508,0.24
164,3,train,16.909037,0.27
164,4,train,7.356353,0.29
164,5,train,15.927553,0.32
164,6,train,9.346237,0.35
164,7,train,13.992993,0.37
164,8,train,11.967908,0.39
164,9,train,22.667437,0.42
164,10,train,13.172627,0.45
164,11,train,11.089622,0.47
164,12,train,9.746155,0.50
164,13,train,12.586399,0.53
164,14,train,13.428576,0.55
164,15,train,9.959785,0.57
164,16,train,22.979040,0.60
164,17,train,16.065329,0.63
164,18,train,10.251562,0.65
164,19,train,13.780197,0.67
164,20,train,10.076487,0.70
164,21,train,9.585703,0.73
164,22,train,18.944578,0.75
164,23,train,9.377379,0.78
164,24,train,16.208267,0.80
164,25,train,11.112239,0.84
164,26,train,11.401011,0.86
164,27,train,11.315205,0.89
164,28,train,18.683575,0.91
164,29,train,14.977054,0.94
164,0,val,9.218225,1.08
164,1,val,13.833892,1.08
164,2,val,12.932109,1.09
164,3,val,9.844292,1.11
164,4,val,11.736612,1.11
164,5,val,19.563335,1.12
164,6,val,14.566666,1.13
164,7,val,16.747322,1.14
164,8,val,47.406231,1.14
164,9,val,27.905636,1.15
164,10,val,38.387962,1.16
164,11,val,15.214129,1.16
164,12,val,23.448536,1.17
164,13,val,23.608196,1.18
164,14,val,7.680147,1.19
164,15,val,15.648451,1.19
164,16,val,22.438391,1.21
164,17,val,53.382774,1.21
164,18,val,10.872934,1.22
164,19,val,21.358114,1.23
164,20,val,16.268097,1.24
164,21,val,7.719076,1.24
164,22,val,11.368064,1.25
164,23,val,25.697311,1.26
164,24,val,32.665432,1.26
164,25,val,43.965710,1.27
164,26,val,9.954632,1.27
164,27,val,13.923446,1.28
164,28,val,9.380428,1.29
164,29,val,10.600479,1.29
164,30,val,3.437739,1.30
164,31,val,20.900242,1.31
164,32,val,13.564703,1.32
164,33,val,11.161476,1.32
164,34,val,4.629402,1.33
164,35,val,14.683844,1.33
164,36,val,18.230560,1.34
164,37,val,17.989061,1.35
164,38,val,12.759577,1.35
164,39,val,36.120689,1.36
164,40,val,28.085064,1.37
164,41,val,11.121723,1.37
164,42,val,15.317026,1.38
164,43,val,9.004124,1.39
164,44,val,62.801552,1.39
164,45,val,24.457296,1.40
164,46,val,56.073212,1.41
164,47,val,13.717474,1.42
164,48,val,49.965008,1.42
164,49,val,8.029029,1.43
164,50,val,13.174189,1.44
164,51,val,11.906403,1.44
164,52,val,8.862629,1.45
164,53,val,9.442308,1.46
164,54,val,8.085167,1.46
164,55,val,9.340115,1.47
164,56,val,8.006875,1.47
164,57,val,20.453957,1.48
164,58,val,13.070610,1.49
164,59,val,12.770663,1.49
164,60,val,31.408718,1.50
164,61,val,16.027325,1.51
164,62,val,8.324110,1.52
164,63,val,22.794342,1.52
164,64,val,18.946564,1.53
164,65,val,61.462994,1.54
164,66,val,15.362442,1.54
164,67,val,7.492231,1.55
164,68,val,47.651165,1.56
164,69,val,11.567719,1.56
164,70,val,39.097115,1.57
164,71,val,66.607132,1.58
164,72,val,10.679484,1.58
164,73,val,6.832342,1.59
164,74,val,29.905493,1.60
164,75,val,13.304736,1.60
164,76,val,12.069087,1.61
164,77,val,8.558212,1.62
164,78,val,9.438144,1.62
164,79,val,20.801531,1.63
165,0,train,8.246295,0.11
165,1,train,7.423530,0.15
165,2,train,15.037870,0.17
165,3,train,15.150858,0.20
165,4,train,6.909925,0.23
165,5,train,8.464088,0.26
165,6,train,11.023909,0.29
165,7,train,17.885221,0.31
165,8,train,10.329265,0.34
165,9,train,13.126894,0.36
165,10,train,11.630550,0.39
165,11,train,10.070501,0.41
165,12,train,9.046690,0.44
165,13,train,10.394432,0.47
165,14,train,20.831745,0.49
165,15,train,11.202123,0.52
165,16,train,12.718233,0.54
165,17,train,13.908533,0.57
165,18,train,13.588948,0.59
165,19,train,8.328664,0.62
165,20,train,12.060020,0.64
165,21,train,16.448711,0.67
165,22,train,11.862549,0.69
165,23,train,7.988059,0.72
165,24,train,8.875877,0.74
165,25,train,7.601625,0.77
165,26,train,15.895937,0.79
165,27,train,23.716457,0.81
165,28,train,9.550956,0.84
165,29,train,9.674171,0.86
165,0,val,9.052172,0.98
165,1,val,13.895409,0.99
165,2,val,12.327075,0.99
165,3,val,9.629348,1.00
165,4,val,12.782100,1.01
165,5,val,18.455452,1.02
165,6,val,14.147797,1.02
165,7,val,15.167685,1.03
165,8,val,51.015148,1.04
165,9,val,58.221130,1.04
165,10,val,37.671982,1.05
165,11,val,12.567825,1.06
165,12,val,7.513508,1.06
165,13,val,22.643784,1.07
165,14,val,7.408595,1.08
165,15,val,8.554857,1.09
165,16,val,24.995626,1.09
165,17,val,56.981575,1.10
165,18,val,9.040569,1.11
165,19,val,22.298679,1.12
165,20,val,22.639288,1.12
165,21,val,5.979751,1.13
165,22,val,9.527084,1.14
165,23,val,17.920052,1.14
165,24,val,34.815975,1.15
165,25,val,35.301121,1.16
165,26,val,11.168436,1.16
165,27,val,14.030451,1.17
165,28,val,8.940331,1.17
165,29,val,9.463722,1.18
165,30,val,3.190181,1.19
165,31,val,21.009537,1.19
165,32,val,12.074652,1.20
165,33,val,8.657005,1.21
165,34,val,8.284933,1.22
165,35,val,12.568336,1.23
165,36,val,18.120853,1.24
165,37,val,13.204069,1.25
165,38,val,12.314362,1.26
165,39,val,30.656597,1.26
165,40,val,34.026783,1.27
165,41,val,9.412186,1.28
165,42,val,16.529812,1.28
165,43,val,8.998964,1.29
165,44,val,64.339981,1.29
165,45,val,24.577452,1.30
165,46,val,55.921257,1.31
165,47,val,14.420361,1.32
165,48,val,49.070900,1.33
165,49,val,10.932567,1.33
165,50,val,11.809711,1.34
165,51,val,11.713987,1.35
165,52,val,7.679934,1.35
165,53,val,7.550696,1.36
165,54,val,10.802498,1.36
165,55,val,8.064603,1.37
165,56,val,7.757463,1.38
165,57,val,12.335349,1.38
165,58,val,11.692740,1.39
165,59,val,10.569686,1.40
165,60,val,26.792326,1.40
165,61,val,15.842405,1.41
165,62,val,7.377501,1.42
165,63,val,22.480751,1.43
165,64,val,5.240278,1.44
165,65,val,59.338974,1.44
165,66,val,22.118031,1.45
165,67,val,7.496726,1.45
165,68,val,46.743095,1.46
165,69,val,11.003769,1.47
165,70,val,40.125992,1.47
165,71,val,65.238388,1.48
165,72,val,15.704082,1.49
165,73,val,6.715993,1.49
165,74,val,31.759809,1.50
165,75,val,13.936801,1.51
165,76,val,13.557289,1.51
165,77,val,9.027767,1.52
165,78,val,30.238552,1.52
165,79,val,19.969128,1.53
166,0,train,12.361710,0.11
166,1,train,15.557066,0.15
166,2,train,11.849873,0.17
166,3,train,23.774286,0.20
166,4,train,15.294595,0.22
166,5,train,9.987237,0.25
166,6,train,12.517040,0.27
166,7,train,10.883370,0.30
166,8,train,20.624298,0.32
166,9,train,17.303707,0.35
166,10,train,8.680241,0.38
166,11,train,12.640819,0.40
166,12,train,9.326094,0.42
166,13,train,12.457616,0.46
166,14,train,11.531687,0.48
166,15,train,15.539716,0.51
166,16,train,18.641068,0.53
166,17,train,15.109934,0.56
166,18,train,13.648092,0.58
166,19,train,6.749186,0.68
166,20,train,14.999035,0.72
166,21,train,13.787870,0.75
166,22,train,10.505373,0.78
166,23,train,12.483522,0.80
166,24,train,10.062510,0.83
166,25,train,7.207343,0.85
166,26,train,9.860336,0.88
166,27,train,10.895254,0.90
166,28,train,12.872474,0.92
166,29,train,14.904366,0.94
166,0,val,8.902610,1.07
166,1,val,14.782106,1.07
166,2,val,12.662494,1.08
166,3,val,9.745023,1.09
166,4,val,12.268511,1.10
166,5,val,22.079849,1.11
166,6,val,11.797905,1.11
166,7,val,14.171771,1.12
166,8,val,50.532013,1.13
166,9,val,30.678381,1.13
166,10,val,38.982738,1.14
166,11,val,12.498770,1.15
166,12,val,6.168026,1.15
166,13,val,21.997997,1.16
166,14,val,9.439137,1.17
166,15,val,10.433064,1.17
166,16,val,24.349211,1.18
166,17,val,52.535992,1.19
166,18,val,9.290495,1.19
166,19,val,23.250570,1.20
166,20,val,17.564470,1.21
166,21,val,8.546013,1.22
166,22,val,8.864660,1.22
166,23,val,17.939659,1.23
166,24,val,33.075546,1.24
166,25,val,34.429749,1.24
166,26,val,9.154374,1.25
166,27,val,13.999039,1.26
166,28,val,8.172258,1.26
166,29,val,9.331884,1.27
166,30,val,4.686035,1.28
166,31,val,21.679527,1.28
166,32,val,21.192219,1.29
166,33,val,8.056894,1.30
166,34,val,4.569743,1.31
166,35,val,12.472445,1.31
166,36,val,17.930763,1.32
166,37,val,22.837093,1.32
166,38,val,12.733027,1.33
166,39,val,30.608953,1.34
166,40,val,27.632523,1.34
166,41,val,10.468063,1.35
166,42,val,16.825390,1.36
166,43,val,9.292887,1.36
166,44,val,64.135368,1.37
166,45,val,28.105358,1.38
166,46,val,53.336205,1.38
166,47,val,14.185175,1.39
166,48,val,59.674328,1.40
166,49,val,7.191795,1.40
166,50,val,15.706450,1.41
166,51,val,31.762192,1.42
166,52,val,8.073883,1.42
166,53,val,9.536606,1.43
166,54,val,7.626318,1.44
166,55,val,10.131900,1.44
166,56,val,7.865208,1.45
166,57,val,12.996498,1.46
166,58,val,12.630043,1.46
166,59,val,10.582045,1.47
166,60,val,27.633652,1.47
166,61,val,18.264921,1.48
166,62,val,8.837550,1.49
166,63,val,24.000870,1.49
166,64,val,4.157696,1.50
166,65,val,61.274857,1.51
166,66,val,15.218852,1.52
166,67,val,7.954031,1.52
166,68,val,48.110943,1.53
166,69,val,10.814394,1.54
166,70,val,38.011974,1.54
166,71,val,65.223701,1.55
166,72,val,10.063152,1.55
166,73,val,20.528984,1.56
166,74,val,29.111217,1.57
166,75,val,14.383956,1.57
166,76,val,13.881544,1.58
166,77,val,8.166428,1.58
166,78,val,10.677080,1.59
166,79,val,20.008968,1.59
167,0,train,9.964825,0.13
167,1,train,9.613264,0.16
167,2,train,11.259958,0.19
167,3,train,9.665031,0.21
167,4,train,11.795130,0.24
167,5,train,13.611908,0.27
167,6,train,22.098331,0.29
167,7,train,21.463531,0.32
167,8,train,7.785385,0.34
167,9,train,8.997929,0.37
167,10,train,10.048485,0.40
167,11,train,7.319750,0.42
167,12,train,19.494865,0.44
167,13,train,25.413502,0.47
167,14,train,9.910872,0.50
167,15,train,12.404442,0.52
167,16,train,16.306585,0.55
167,17,train,10.118950,0.57
167,18,train,14.486336,0.60
167,19,train,9.886973,0.63
167,20,train,11.957409,0.65
167,21,train,14.657237,0.68
167,22,train,9.334841,0.70
167,23,train,9.499831,0.73
167,24,train,11.199800,0.75
167,25,train,11.547337,0.78
167,26,train,12.871966,0.80
167,27,train,13.795602,0.83
167,28,train,7.912032,0.85
167,29,train,10.570300,0.87
167,0,val,9.073431,0.99
167,1,val,12.746719,1.00
167,2,val,12.085718,1.01
167,3,val,8.943922,1.01
167,4,val,10.649469,1.03
167,5,val,18.238890,1.03
167,6,val,15.698328,1.04
167,7,val,15.360596,1.05
167,8,val,48.348824,1.05
167,9,val,29.482771,1.06
167,10,val,44.941696,1.07
167,11,val,17.697163,1.07
167,12,val,6.283884,1.08
167,13,val,21.130169,1.09
167,14,val,6.983931,1.09
167,15,val,9.026232,1.10
167,16,val,22.927116,1.11
167,17,val,52.977047,1.11
167,18,val,14.447200,1.12
167,19,val,22.293911,1.13
167,20,val,17.412849,1.14
167,21,val,5.401618,1.15
167,22,val,10.317587,1.16
167,23,val,17.642437,1.17
167,24,val,33.791981,1.17
167,25,val,32.826553,1.18
167,26,val,11.544665,1.19
167,27,val,13.783188,1.19
167,28,val,9.135754,1.20
167,29,val,8.776725,1.21
167,30,val,3.339394,1.21
167,31,val,20.863398,1.22
167,32,val,12.619324,1.23
167,33,val,8.460810,1.24
167,34,val,11.036944,1.24
167,35,val,12.741790,1.25
167,36,val,18.607946,1.26
167,37,val,12.674494,1.26
167,38,val,12.638540,1.27
167,39,val,30.612946,1.28
167,40,val,24.755127,1.28
167,41,val,10.551375,1.29
167,42,val,16.349701,1.30
167,43,val,26.610760,1.30
167,44,val,63.473854,1.31
167,45,val,23.510231,1.32
167,46,val,52.913422,1.32
167,47,val,14.471416,1.33
167,48,val,49.636959,1.34
167,49,val,6.446432,1.35
167,50,val,11.882964,1.36
167,51,val,11.166227,1.36
167,52,val,9.493547,1.37
167,53,val,8.853460,1.37
167,54,val,7.922000,1.38
167,55,val,10.122150,1.39
167,56,val,8.302031,1.39
167,57,val,12.825609,1.40
167,58,val,11.469714,1.41
167,59,val,10.080321,1.41
167,60,val,28.509132,1.42
167,61,val,17.013187,1.43
167,62,val,7.117340,1.43
167,63,val,23.560116,1.44
167,64,val,5.044612,1.45
167,65,val,59.880306,1.46
167,66,val,16.436636,1.46
167,67,val,7.814224,1.47
167,68,val,47.758278,1.47
167,69,val,19.471798,1.48
167,70,val,38.493057,1.49
167,71,val,65.094849,1.49
167,72,val,12.533194,1.50
167,73,val,7.078533,1.51
167,74,val,29.329109,1.51
167,75,val,13.915785,1.52
167,76,val,13.005519,1.52
167,77,val,8.405096,1.53
167,78,val,23.702354,1.53
167,79,val,20.228947,1.53
168,0,train,8.583948,0.17
168,1,train,14.558147,0.20
168,2,train,12.267500,0.23
168,3,train,11.148127,0.25
168,4,train,13.652687,0.28
168,5,train,7.587706,0.31
168,6,train,8.811519,0.35
168,7,train,11.017953,0.38
168,8,train,10.008018,0.41
168,9,train,12.462062,0.44
168,10,train,12.120478,0.46
168,11,train,11.977753,0.49
168,12,train,15.258312,0.52
168,13,train,10.308447,0.54
168,14,train,14.882774,0.57
168,15,train,12.962057,0.59
168,16,train,12.628397,0.62
168,17,train,12.882572,0.65
168,18,train,11.566496,0.67
168,19,train,11.822274,0.70
168,20,train,13.201467,0.72
168,21,train,20.179949,0.75
168,22,train,12.680122,0.77
168,23,train,16.460373,0.80
168,24,train,11.974940,0.82
168,25,train,8.697906,0.85
168,26,train,7.931554,0.87
168,27,train,11.911606,0.89
168,28,train,14.009186,0.92
168,29,train,13.296810,0.95
168,0,val,9.054041,1.07
168,1,val,13.341602,1.07
168,2,val,12.293780,1.08
168,3,val,8.761831,1.09
168,4,val,11.775500,1.10
168,5,val,19.208054,1.11
168,6,val,20.905197,1.12
168,7,val,15.048079,1.12
168,8,val,51.282665,1.13
168,9,val,29.416519,1.14
168,10,val,58.672970,1.14
168,11,val,13.758184,1.15
168,12,val,6.022268,1.16
168,13,val,22.434317,1.16
168,14,val,7.004669,1.17
168,15,val,10.273119,1.18
168,16,val,22.334959,1.18
168,17,val,52.462509,1.19
168,18,val,11.585501,1.19
168,19,val,22.780468,1.21
168,20,val,16.539982,1.21
168,21,val,6.482211,1.22
168,22,val,9.057546,1.23
168,23,val,17.229572,1.24
168,24,val,32.485039,1.24
168,25,val,31.833517,1.25
168,26,val,9.456156,1.26
168,27,val,12.996563,1.27
168,28,val,10.188952,1.27
168,29,val,9.522452,1.28
168,30,val,9.626831,1.29
168,31,val,20.662714,1.29
168,32,val,11.221888,1.30
168,33,val,9.504124,1.31
168,34,val,5.860654,1.32
168,35,val,11.817774,1.33
168,36,val,18.477442,1.33
168,37,val,11.494125,1.34
168,38,val,14.883793,1.35
168,39,val,32.959095,1.36
168,40,val,24.819550,1.37
168,41,val,9.804259,1.38
168,42,val,25.177984,1.39
168,43,val,12.687198,1.40
168,44,val,66.688385,1.41
168,45,val,25.080997,1.43
168,46,val,53.918877,1.44
168,47,val,13.996691,1.44
168,48,val,50.534233,1.45
168,49,val,6.585397,1.46
168,50,val,19.812405,1.46
168,51,val,13.852417,1.47
168,52,val,9.399281,1.48
168,53,val,11.031351,1.48
168,54,val,13.792353,1.49
168,55,val,8.000229,1.50
168,56,val,8.612101,1.50
168,57,val,12.357025,1.51
168,58,val,10.596652,1.52
168,59,val,10.476444,1.53
168,60,val,33.819645,1.54
168,61,val,18.495245,1.54
168,62,val,7.993447,1.55
168,63,val,23.120129,1.56
168,64,val,4.791526,1.56
168,65,val,65.909210,1.57
168,66,val,14.776251,1.57
168,67,val,7.951312,1.58
168,68,val,48.059734,1.59
168,69,val,10.933578,1.59
168,70,val,41.521606,1.60
168,71,val,65.242996,1.61
168,72,val,9.443632,1.61
168,73,val,8.357604,1.62
168,74,val,32.983532,1.63
168,75,val,20.160231,1.64
168,76,val,12.980754,1.64
168,77,val,9.152601,1.65
168,78,val,9.363394,1.65
168,79,val,19.740049,1.65
169,0,train,13.096996,0.11
169,1,train,14.438095,0.14
169,2,train,11.455610,0.17
169,3,train,7.243649,0.19
169,4,train,12.831872,0.22
169,5,train,19.312174,0.25
169,6,train,9.076448,0.27
169,7,train,15.137453,0.30
169,8,train,13.271835,0.32
169,9,train,17.719858,0.35
169,10,train,7.549798,0.38
169,11,train,13.282352,0.40
169,12,train,8.776506,0.43
169,13,train,11.568723,0.46
169,14,train,12.414830,0.48
169,15,train,11.938095,0.51
169,16,train,18.064579,0.53
169,17,train,9.598808,0.56
169,18,train,15.353108,0.59
169,19,train,12.192608,0.61
169,20,train,7.082203,0.64
169,21,train,8.863808,0.67
169,22,train,12.976916,0.69
169,23,train,11.529421,0.73
169,24,train,9.656490,0.75
169,25,train,15.355198,0.78
169,26,train,8.125196,0.81
169,27,train,9.674568,0.83
169,28,train,10.365526,0.85
169,29,train,14.451114,0.87
169,0,val,9.089561,0.99
169,1,val,12.944899,1.00
169,2,val,14.823774,1.01
169,3,val,9.367767,1.01
169,4,val,11.511217,1.02
169,5,val,18.686642,1.04
169,6,val,12.235060,1.04
169,7,val,14.163652,1.05
169,8,val,51.774075,1.06
169,9,val,42.699440,1.06
169,10,val,37.890274,1.07
169,11,val,14.441459,1.07
169,12,val,7.161842,1.08
169,13,val,25.198858,1.09
169,14,val,7.303493,1.09
169,15,val,40.934109,1.10
169,16,val,22.293570,1.11
169,17,val,52.053051,1.11
169,18,val,9.354536,1.12
169,19,val,22.169201,1.13
169,20,val,16.587242,1.14
169,21,val,11.001918,1.14
169,22,val,10.601313,1.15
169,23,val,17.467602,1.15
169,24,val,34.727551,1.16
169,25,val,31.795296,1.17
169,26,val,8.811850,1.17
169,27,val,16.906261,1.18
169,28,val,8.769131,1.19
169,29,val,8.911680,1.20
169,30,val,3.045395,1.20
169,31,val,20.129993,1.21
169,32,val,17.966650,1.21
169,33,val,8.875843,1.22
169,34,val,5.583354,1.23
169,35,val,12.450285,1.24
169,36,val,23.055792,1.24
169,37,val,12.348933,1.25
169,38,val,12.671710,1.26
169,39,val,30.862373,1.26
169,40,val,24.168076,1.27
169,41,val,9.132033,1.28
169,42,val,15.965755,1.28
169,43,val,10.055941,1.29
169,44,val,70.107674,1.29
169,45,val,24.344273,1.30
169,46,val,52.993038,1.31
169,47,val,13.712069,1.32
169,48,val,56.815075,1.32
169,49,val,7.138439,1.33
169,50,val,11.528609,1.34
169,51,val,12.020278,1.35
169,52,val,8.686691,1.35
169,53,val,10.742727,1.36
169,54,val,8.155848,1.37
169,55,val,8.119123,1.37
169,56,val,8.864439,1.38
169,57,val,19.980280,1.39
169,58,val,10.927904,1.40
169,59,val,10.566944,1.41
169,60,val,30.225172,1.41
169,61,val,16.155621,1.42
169,62,val,6.765100,1.43
169,63,val,43.884682,1.44
169,64,val,4.568199,1.45
169,65,val,61.178986,1.46
169,66,val,14.251758,1.46
169,67,val,7.884579,1.47
169,68,val,49.986916,1.48
169,69,val,11.292234,1.49
169,70,val,37.661121,1.49
169,71,val,66.085854,1.50
169,72,val,11.728823,1.51
169,73,val,6.982848,1.51
169,74,val,28.982452,1.52
169,75,val,15.099762,1.53
169,76,val,43.834911,1.53
169,77,val,8.048870,1.54
169,78,val,9.259175,1.55
169,79,val,20.716803,1.55
170,0,train,7.740409,0.16
170,1,train,8.153858,0.20
170,2,train,13.084824,0.23
170,3,train,15.523132,0.26
170,4,train,11.027267,0.30
170,5,train,13.256541,0.33
170,6,train,14.485674,0.36
170,7,train,13.169816,0.40
170,8,train,12.599899,0.43
170,9,train,11.823914,0.46
170,10,train,9.939580,0.49
170,11,train,8.588520,0.53
170,12,train,9.529706,0.56
170,13,train,14.855822,0.59
170,14,train,8.496683,0.62
170,15,train,11.024042,0.66
170,16,train,14.518616,0.69
170,17,train,11.915545,0.72
170,18,train,6.738889,0.75
170,19,train,13.224980,0.79
170,20,train,11.604289,0.82
170,21,train,8.825398,0.86
170,22,train,13.990639,0.90
170,23,train,14.600958,0.93
170,24,train,9.959492,0.96
170,25,train,17.347923,1.00
170,26,train,8.629309,1.02
170,27,train,13.848546,1.05
170,28,train,13.841099,1.08
170,29,train,10.842601,1.10
170,0,val,10.949466,1.28
170,1,val,12.781128,1.29
170,2,val,12.690401,1.30
170,3,val,12.678180,1.31
170,4,val,11.809950,1.32
170,5,val,18.530649,1.32
170,6,val,13.371115,1.33
170,7,val,14.635368,1.34
170,8,val,51.077511,1.35
170,9,val,28.010231,1.35
170,10,val,36.788578,1.36
170,11,val,15.112002,1.37
170,12,val,6.590341,1.38
170,13,val,20.738297,1.38
170,14,val,7.281341,1.39
170,15,val,10.387867,1.40
170,16,val,23.860367,1.41
170,17,val,51.442513,1.42
170,18,val,9.254198,1.43
170,19,val,23.722504,1.43
170,20,val,17.211737,1.44
170,21,val,8.705444,1.45
170,22,val,31.756155,1.46
170,23,val,19.435383,1.46
170,24,val,32.328026,1.47
170,25,val,33.021610,1.48
170,26,val,9.175605,1.49
170,27,val,21.459057,1.50
170,28,val,17.113945,1.51
170,29,val,9.287177,1.52
170,30,val,4.202132,1.53
170,31,val,22.116146,1.54
170,32,val,25.527687,1.55
170,33,val,8.631273,1.55
170,34,val,5.886957,1.56
170,35,val,12.666281,1.57
170,36,val,18.074863,1.58
170,37,val,14.694571,1.59
170,38,val,13.635028,1.61
170,39,val,32.704124,1.62
170,40,val,24.522217,1.63
170,41,val,18.758659,1.64
170,42,val,15.679707,1.65
170,43,val,14.976274,1.66
170,44,val,67.554947,1.66
170,45,val,26.488491,1.67
170,46,val,54.263702,1.68
170,47,val,19.919258,1.69
170,48,val,49.673462,1.70
170,49,val,7.298353,1.71
170,50,val,23.524330,1.72
170,51,val,13.264921,1.73
170,52,val,49.889446,1.74
170,53,val,27.500332,1.74
170,54,val,16.257481,1.75
170,55,val,9.723782,1.76
170,56,val,8.983940,1.77
170,57,val,13.836224,1.77
170,58,val,11.394829,1.78
170,59,val,10.262169,1.79
170,60,val,26.803585,1.80
170,61,val,16.115286,1.81
170,62,val,7.337935,1.82
170,63,val,23.499065,1.83
170,64,val,4.578386,1.84
170,65,val,62.750957,1.84
170,66,val,18.048317,1.85
170,67,val,7.187119,1.86
170,68,val,45.666588,1.87
170,69,val,12.562545,1.87
170,70,val,38.336254,1.88
170,71,val,66.516655,1.89
170,72,val,9.321774,1.90
170,73,val,7.339268,1.92
170,74,val,29.233501,1.93
170,75,val,14.840190,1.94
170,76,val,13.280681,1.95
170,77,val,8.804876,1.95
170,78,val,9.221996,1.96
170,79,val,19.569365,1.97
171,0,train,10.489610,0.16
171,1,train,8.002944,0.20
171,2,train,10.152210,0.23
171,3,train,15.476162,0.26
171,4,train,15.806233,0.29
171,5,train,14.033234,0.32
171,6,train,10.987329,0.35
171,7,train,15.567727,0.38
171,8,train,9.572676,0.42
171,9,train,14.133543,0.45
171,10,train,18.769196,0.48
171,11,train,10.739066,0.51
171,12,train,11.957066,0.54
171,13,train,15.887894,0.57
171,14,train,6.215934,0.60
171,15,train,13.484631,0.63
171,16,train,15.692389,0.67
171,17,train,7.372031,0.70
171,18,train,16.777164,0.74
171,19,train,10.995068,0.79
171,20,train,14.962439,0.84
171,21,train,11.796146,0.89
171,22,train,10.415669,0.97
171,23,train,9.408578,1.03
171,24,train,14.867048,1.08
171,25,train,19.573559,1.14
171,26,train,10.065957,1.18
171,27,train,8.501805,1.22
171,28,train,18.932018,1.27
171,29,train,12.337995,1.32
171,0,val,8.432815,1.63
171,1,val,13.274483,1.66
171,2,val,13.377876,1.67
171,3,val,9.551538,1.68
171,4,val,11.530833,1.69
171,5,val,18.334265,1.69
171,6,val,11.477629,1.70
171,7,val,57.354523,1.71
171,8,val,49.920422,1.72
171,9,val,29.830168,1.73
171,10,val,38.682049,1.73
171,11,val,12.516154,1.75
171,12,val,6.823365,1.76
171,13,val,23.802887,1.78
171,14,val,7.101790,1.79
171,15,val,13.809909,1.80
171,16,val,27.973700,1.82
171,17,val,51.641968,1.83
171,18,val,12.873034,1.84
171,19,val,21.954891,1.86
171,20,val,17.295998,1.88
171,21,val,8.728737,1.89
171,22,val,10.398048,1.91
171,23,val,16.694946,1.92
171,24,val,32.482311,1.94
171,25,val,31.776922,1.95
171,26,val,9.176294,1.98
171,27,val,13.677782,2.00
171,28,val,8.616426,2.03
171,29,val,8.599554,2.06
171,30,val,3.427592,2.09
171,31,val,23.178305,2.11
171,32,val,13.791601,2.12
171,33,val,8.492366,2.15
171,34,val,5.292325,2.16
171,35,val,12.512919,2.18
171,36,val,17.044529,2.20
171,37,val,15.717756,2.21
171,38,val,13.368834,2.23
171,39,val,40.026913,2.25
171,40,val,23.830147,2.26
171,41,val,9.157821,2.28
171,42,val,16.421272,2.29
171,43,val,9.027533,2.31
171,44,val,62.840271,2.32
171,45,val,26.977188,2.34
171,46,val,53.195389,2.37
171,47,val,15.560955,2.38
171,48,val,49.248177,2.40
171,49,val,6.889997,2.42
171,50,val,12.036723,2.43
171,51,val,11.502067,2.45
171,52,val,7.512448,2.47
171,53,val,11.860484,2.48
171,54,val,8.138827,2.50
171,55,val,7.834800,2.51
171,56,val,8.247267,2.53
171,57,val,13.175230,2.54
171,58,val,12.907947,2.55
171,59,val,9.942398,2.58
171,60,val,29.171577,2.59
171,61,val,16.150188,2.61
171,62,val,6.735328,2.63
171,63,val,23.057674,2.65
171,64,val,4.797999,2.66
171,65,val,58.623688,2.68
171,66,val,18.725147,2.70
171,67,val,11.347410,2.71
171,68,val,46.974556,2.72
171,69,val,11.064762,2.73
171,70,val,37.877590,2.74
171,71,val,64.796371,2.76
171,72,val,9.585440,2.77
171,73,val,9.373141,2.78
171,74,val,57.251198,2.81
171,75,val,13.585526,2.82
171,76,val,13.557829,2.83
171,77,val,8.101008,2.84
171,78,val,10.681393,2.86
171,79,val,19.050249,2.87
172,0,train,15.898493,0.16
172,1,train,10.181523,0.19
172,2,train,17.198723,0.22
172,3,train,10.647394,0.24
172,4,train,10.155260,0.27
172,5,train,6.796483,0.31
172,6,train,10.977365,0.33
172,7,train,11.729174,0.36
172,8,train,15.795606,0.38
172,9,train,12.302862,0.41
172,10,train,8.749887,0.43
172,11,train,13.225065,0.46
172,12,train,10.806222,0.49
172,13,train,8.570731,0.52
172,14,train,9.637356,0.54
172,15,train,8.196694,0.57
172,16,train,8.478031,0.59
172,17,train,13.725889,0.62
172,18,train,8.766847,0.64
172,19,train,62.528915,0.67
172,20,train,10.760324,0.69
172,21,train,15.386843,0.72
172,22,train,6.220482,0.74
172,23,train,7.905305,0.77
172,24,train,5.981618,0.79
172,25,train,9.147005,0.82
172,26,train,5.852814,0.84
172,27,train,8.627548,0.87
172,28,train,23.936684,0.90
172,29,train,10.495887,0.94
172,0,val,9.463104,1.12
172,1,val,13.103481,1.13
172,2,val,12.092078,1.14
172,3,val,10.528362,1.15
172,4,val,11.265707,1.15
172,5,val,19.399700,1.16
172,6,val,12.648544,1.17
172,7,val,14.359337,1.17
172,8,val,51.751873,1.18
172,9,val,27.867016,1.18
172,10,val,37.212475,1.19
172,11,val,12.937273,1.20
172,12,val,6.240549,1.20
172,13,val,22.925606,1.21
172,14,val,8.825935,1.22
172,15,val,9.839899,1.22
172,16,val,24.809299,1.23
172,17,val,51.220669,1.24
172,18,val,22.019806,1.25
172,19,val,21.325712,1.26
172,20,val,16.581038,1.26
172,21,val,6.086074,1.27
172,22,val,9.271189,1.28
172,23,val,29.824657,1.28
172,24,val,34.488007,1.29
172,25,val,32.415066,1.29
172,26,val,9.295572,1.30
172,27,val,14.657825,1.31
172,28,val,12.719584,1.31
172,29,val,9.092022,1.32
172,30,val,3.491981,1.33
172,31,val,22.451488,1.34
172,32,val,12.206965,1.34
172,33,val,16.445057,1.35
172,34,val,5.180094,1.36
172,35,val,12.483054,1.37
172,36,val,16.971439,1.37
172,37,val,13.176231,1.38
172,38,val,14.355932,1.39
172,39,val,31.447010,1.39
172,40,val,25.946861,1.40
172,41,val,8.319696,1.41
172,42,val,15.268995,1.41
172,43,val,28.824165,1.42
172,44,val,62.794628,1.42
172,45,val,24.834616,1.43
172,46,val,52.713585,1.44
172,47,val,13.867317,1.45
172,48,val,49.318253,1.45
172,49,val,8.081183,1.46
172,50,val,11.578277,1.47
172,51,val,13.921793,1.47
172,52,val,7.228446,1.48
172,53,val,10.498825,1.48
172,54,val,12.333593,1.49
172,55,val,47.369987,1.50
172,56,val,10.534744,1.51
172,57,val,12.507804,1.51
172,58,val,11.891129,1.52
172,59,val,12.347393,1.53
172,60,val,27.680550,1.53
172,61,val,25.082413,1.54
172,62,val,7.629025,1.55
172,63,val,25.180891,1.56
172,64,val,8.461898,1.56
172,65,val,58.479698,1.57
172,66,val,14.986956,1.58
172,67,val,7.766862,1.58
172,68,val,155.150116,1.59
172,69,val,11.725485,1.60
172,70,val,44.147682,1.61
172,71,val,65.016899,1.62
172,72,val,11.633304,1.63
172,73,val,7.582496,1.64
172,74,val,30.518543,1.65
172,75,val,13.769207,1.67
172,76,val,27.723923,1.67
172,77,val,7.969844,1.68
172,78,val,11.946081,1.69
172,79,val,18.464331,1.70
173,0,train,17.460995,0.16
173,1,train,13.729104,0.20
173,2,train,9.609402,0.24
173,3,train,13.369691,0.28
173,4,train,8.819942,0.32
173,5,train,9.580538,0.35
173,6,train,13.129976,0.38
173,7,train,9.053768,0.40
173,8,train,9.374841,0.43
173,9,train,34.862244,0.54
173,10,train,9.311029,0.57
173,11,train,9.091261,0.60
173,12,train,5.465770,0.63
173,13,train,13.821910,0.65
173,14,train,15.098166,0.68
173,15,train,10.350172,0.72
173,16,train,10.745943,0.74
173,17,train,11.152042,0.77
173,18,train,11.516403,0.79
173,19,train,10.905361,0.83
173,20,train,18.297083,0.85
173,21,train,9.129279,0.89
173,22,train,11.225861,0.91
173,23,train,14.544868,0.95
173,24,train,7.427060,0.98
173,25,train,11.170135,1.01
173,26,train,15.099080,1.03
173,27,train,11.347027,1.05
173,28,train,9.556726,1.08
173,29,train,10.174039,1.10
173,0,val,9.871509,1.21
173,1,val,22.405239,1.22
173,2,val,11.819487,1.23
173,3,val,9.320207,1.23
173,4,val,13.261347,1.24
173,5,val,50.205360,1.26
173,6,val,12.918231,1.26
173,7,val,13.822332,1.27
173,8,val,46.646561,1.28
173,9,val,27.775686,1.29
173,10,val,37.648788,1.30
173,11,val,12.950298,1.31
173,12,val,18.101353,1.32
173,13,val,23.287884,1.33
173,14,val,9.722635,1.34
173,15,val,8.767100,1.34
173,16,val,24.634291,1.35
173,17,val,51.171719,1.36
173,18,val,10.500652,1.37
173,19,val,23.344311,1.38
173,20,val,17.819859,1.39
173,21,val,18.473993,1.39
173,22,val,12.453781,1.40
173,23,val,19.801266,1.41
173,24,val,32.789131,1.42
173,25,val,33.439705,1.43
173,26,val,9.821328,1.43
173,27,val,14.675761,1.44
173,28,val,7.726232,1.44
173,29,val,8.202003,1.45
173,30,val,3.992216,1.46
173,31,val,20.338894,1.47
173,32,val,12.346521,1.48
173,33,val,9.947500,1.48
173,34,val,5.984783,1.49
173,35,val,15.084709,1.49
173,36,val,17.494579,1.50
173,37,val,13.435385,1.51
173,38,val,17.034176,1.51
173,39,val,30.662014,1.52
173,40,val,24.502142,1.53
173,41,val,10.722736,1.53
173,42,val,17.260723,1.54
173,43,val,8.440428,1.55
173,44,val,61.324142,1.55
173,45,val,24.155670,1.57
173,46,val,57.124767,1.57
173,47,val,13.940042,1.58
173,48,val,91.369255,1.59
173,49,val,7.634201,1.59
173,50,val,12.626135,1.60
173,51,val,39.319252,1.61
173,52,val,7.409890,1.61
173,53,val,9.737067,1.62
173,54,val,8.597431,1.63
173,55,val,7.846977,1.63
173,56,val,8.441174,1.64
173,57,val,13.958560,1.64
173,58,val,25.260368,1.65
173,59,val,10.501202,1.66
173,60,val,28.290695,1.67
173,61,val,26.991665,1.67
173,62,val,7.894674,1.68
173,63,val,23.235535,1.69
173,64,val,4.620697,1.69
173,65,val,74.683823,1.70
173,66,val,15.868495,1.71
173,67,val,6.545005,1.73
173,68,val,53.881912,1.75
173,69,val,16.039238,1.75
173,70,val,36.326881,1.77
173,71,val,67.130737,1.77
173,72,val,10.499762,1.78
173,73,val,7.030796,1.79
173,74,val,28.518051,1.80
173,75,val,13.425528,1.81
173,76,val,13.054988,1.81
173,77,val,8.130999,1.82
173,78,val,9.898626,1.82
173,79,val,80.762222,1.83
174,0,train,11.100218,0.12
174,1,train,12.658145,0.16
174,2,train,23.885262,0.18
174,3,train,10.447727,0.21
174,4,train,8.211977,0.23
174,5,train,12.096256,0.27
174,6,train,9.432640,0.30
174,7,train,14.460887,0.33
174,8,train,12.932126,0.36
174,9,train,16.595867,0.39
174,10,train,9.543126,0.42
174,11,train,16.837334,0.44
174,12,train,10.490376,0.47
174,13,train,12.152725,0.50
174,14,train,8.744442,0.52
174,15,train,11.577878,0.54
174,16,train,14.454365,0.57
174,17,train,8.435782,0.60
174,18,train,11.294689,0.62
174,19,train,16.513437,0.65
174,20,train,14.403499,0.67
174,21,train,19.316729,0.71
174,22,train,14.080841,0.74
174,23,train,13.808084,0.77
174,24,train,14.177689,0.80
174,25,train,7.734763,0.83
174,26,train,19.634768,0.85
174,27,train,9.477482,0.87
174,28,train,9.751163,0.91
174,29,train,9.260858,0.94
174,0,val,9.382431,1.06
174,1,val,12.740189,1.06
174,2,val,13.771832,1.07
174,3,val,9.391239,1.08
174,4,val,11.974704,1.09
174,5,val,18.442223,1.10
174,6,val,13.701250,1.11
174,7,val,17.055626,1.11
174,8,val,50.802277,1.12
174,9,val,28.102715,1.13
174,10,val,38.581360,1.14
174,11,val,14.559711,1.15
174,12,val,6.722265,1.16
174,13,val,21.456320,1.17
174,14,val,7.496973,1.18
174,15,val,12.308017,1.19
174,16,val,23.553741,1.20
174,17,val,51.715477,1.20
174,18,val,11.532640,1.21
174,19,val,23.299795,1.22
174,20,val,18.192480,1.23
174,21,val,6.318164,1.23
174,22,val,8.253284,1.24
174,23,val,16.850286,1.25
174,24,val,31.189642,1.26
174,25,val,32.152664,1.26
174,26,val,9.962064,1.27
174,27,val,14.738795,1.28
174,28,val,8.355890,1.29
174,29,val,9.800385,1.30
174,30,val,5.027081,1.31
174,31,val,19.834782,1.31
174,32,val,12.934086,1.32
174,33,val,13.324636,1.32
174,34,val,5.139236,1.33
174,35,val,12.451953,1.34
174,36,val,16.907843,1.34
174,37,val,13.536804,1.35
174,38,val,13.734282,1.36
174,39,val,31.345373,1.36
174,40,val,27.723412,1.37
174,41,val,12.090992,1.38
174,42,val,17.442894,1.38
174,43,val,9.682775,1.39
174,44,val,61.974907,1.40
174,45,val,27.543058,1.41
174,46,val,52.929237,1.41
174,47,val,14.030912,1.42
174,48,val,50.320766,1.42
174,49,val,7.311565,1.43
174,50,val,11.653601,1.44
174,51,val,14.039150,1.44
174,52,val,7.956079,1.45
174,53,val,9.814098,1.46
174,54,val,8.150398,1.47
174,55,val,13.748541,1.47
174,56,val,9.085140,1.48
174,57,val,13.504534,1.48
174,58,val,11.665159,1.49
174,59,val,11.166624,1.50
174,60,val,27.605185,1.51
174,61,val,15.572600,1.52
174,62,val,7.152799,1.52
174,63,val,22.516762,1.53
174,64,val,4.661233,1.54
174,65,val,59.521172,1.54
174,66,val,14.994347,1.55
174,67,val,9.740661,1.55
174,68,val,47.155640,1.56
174,69,val,13.663913,1.57
174,70,val,38.528698,1.57
174,71,val,64.796555,1.58
174,72,val,10.828970,1.59
174,73,val,7.117792,1.60
174,74,val,31.605450,1.61
174,75,val,17.147202,1.62
174,76,val,39.205971,1.63
174,77,val,21.871740,1.63
174,78,val,9.097301,1.64
174,79,val,22.346506,1.65
175,0,train,7.368844,0.11
175,1,train,9.264818,0.14
175,2,train,10.980598,0.17
175,3,train,18.124054,0.19
175,4,train,15.147775,0.23
175,5,train,6.488361,0.26
175,6,train,8.155834,0.28
175,7,train,7.228083,0.31
175,8,train,13.660858,0.34
175,9,train,16.590611,0.37
175,10,train,15.943874,0.40
175,11,train,13.877068,0.42
175,12,train,10.019156,0.45
175,13,train,5.942286,0.48
175,14,train,12.345087,0.50
175,15,train,11.485423,0.53
175,16,train,8.239813,0.55
175,17,train,8.121529,0.58
175,18,train,8.890783,0.61
175,19,train,18.505972,0.63
175,20,train,9.463383,0.66
175,21,train,13.217561,0.68
175,22,train,11.515894,0.71
175,23,train,10.910202,0.73
175,24,train,10.748857,0.76
175,25,train,7.997674,0.79
175,26,train,16.664923,0.81
175,27,train,7.500904,0.83
175,28,train,12.550215,0.85
175,29,train,16.782875,0.88
175,0,val,8.670207,1.00
175,1,val,14.072367,1.01
175,2,val,12.179663,1.01
175,3,val,9.000252,1.02
175,4,val,11.669012,1.03
175,5,val,27.173412,1.04
175,6,val,13.414135,1.05
175,7,val,26.667210,1.06
175,8,val,51.359825,1.07
175,9,val,37.672318,1.07
175,10,val,36.141144,1.08
175,11,val,13.040466,1.09
175,12,val,7.016300,1.09
175,13,val,21.226980,1.10
175,14,val,7.147349,1.11
175,15,val,9.006717,1.11
175,16,val,23.756882,1.12
175,17,val,53.471931,1.12
175,18,val,9.687580,1.13
175,19,val,27.081104,1.14
175,20,val,23.084644,1.15
175,21,val,6.159183,1.15
175,22,val,8.572384,1.16
175,23,val,17.060642,1.17
175,24,val,31.762207,1.17
175,25,val,32.623852,1.18
175,26,val,15.225327,1.19
175,27,val,14.579555,1.19
175,28,val,9.552820,1.20
175,29,val,8.737908,1.21
175,30,val,3.210414,1.21
175,31,val,20.207069,1.22
175,32,val,12.225983,1.22
175,33,val,8.480334,1.23
175,34,val,6.415867,1.25
175,35,val,12.816511,1.26
175,36,val,17.155663,1.27
175,37,val,21.531637,1.28
175,38,val,12.516815,1.28
175,39,val,31.628006,1.29
175,40,val,24.665655,1.30
175,41,val,8.866594,1.30
175,42,val,16.708630,1.31
175,43,val,9.982503,1.32
175,44,val,62.209976,1.32
175,45,val,22.988516,1.33
175,46,val,52.258434,1.34
175,47,val,14.275602,1.35
175,48,val,55.231812,1.36
175,49,val,6.843629,1.36
175,50,val,13.604625,1.37
175,51,val,18.506542,1.38
175,52,val,7.632539,1.38
175,53,val,9.599783,1.39
175,54,val,8.177136,1.39
175,55,val,9.218207,1.40
175,56,val,9.116499,1.41
175,57,val,12.032331,1.41
175,58,val,11.993376,1.42
175,59,val,11.310904,1.43
175,60,val,27.411613,1.43
175,61,val,17.061092,1.44
175,62,val,7.357233,1.45
175,63,val,24.644199,1.46
175,64,val,20.588684,1.46
175,65,val,60.952942,1.47
175,66,val,16.060612,1.48
175,67,val,7.391333,1.48
175,68,val,46.956524,1.49
175,69,val,26.239059,1.50
175,70,val,38.395576,1.51
175,71,val,69.245155,1.51
175,72,val,10.481522,1.52
175,73,val,6.743168,1.52
175,74,val,31.837399,1.53
175,75,val,17.370014,1.54
175,76,val,12.370617,1.54
175,77,val,11.091894,1.55
175,78,val,10.155012,1.56
175,79,val,19.005192,1.56
176,0,train,8.209118,0.11
176,1,train,14.568525,0.14
176,2,train,14.409653,0.17
176,3,train,11.559747,0.20
176,4,train,7.781050,0.22
176,5,train,9.236696,0.25
176,6,train,13.617325,0.28
176,7,train,10.954039,0.30
176,8,train,16.265759,0.33
176,9,train,14.341426,0.36
176,10,train,15.215613,0.39
176,11,train,10.922579,0.41
176,12,train,7.456489,0.46
176,13,train,9.933005,0.51
176,14,train,17.784208,0.54
176,15,train,10.952850,0.58
176,16,train,12.185381,0.61
176,17,train,7.574270,0.65
176,18,train,10.660518,0.69
176,19,train,14.738846,0.73
176,20,train,8.447502,0.77
176,21,train,11.402128,0.80
176,22,train,8.130713,0.83
176,23,train,7.061255,0.87
176,24,train,9.221504,0.90
176,25,train,9.514775,0.93
176,26,train,12.004292,0.96
176,27,train,14.528152,1.00
176,28,train,11.963121,1.03
176,29,train,6.687385,1.06
176,0,val,12.714323,1.22
176,1,val,14.989079,1.23
176,2,val,11.019945,1.24
176,3,val,9.901470,1.25
176,4,val,11.846686,1.26
176,5,val,20.832373,1.27
176,6,val,13.016584,1.28
176,7,val,34.036995,1.29
176,8,val,63.251110,1.29
176,9,val,27.588604,1.30
176,10,val,35.834064,1.31
176,11,val,12.866473,1.32
176,12,val,6.353570,1.32
176,13,val,24.631414,1.34
176,14,val,7.785530,1.34
176,15,val,9.404593,1.35
176,16,val,26.818199,1.36
176,17,val,51.391018,1.37
176,18,val,9.728362,1.38
176,19,val,28.912636,1.39
176,20,val,17.078381,1.40
176,21,val,6.402605,1.40
176,22,val,20.283712,1.41
176,23,val,20.443531,1.42
176,24,val,39.963951,1.43
176,25,val,32.492348,1.44
176,26,val,9.107004,1.45
176,27,val,23.301296,1.46
176,28,val,10.736799,1.47
176,29,val,8.468573,1.48
176,30,val,12.750200,1.49
176,31,val,21.049404,1.49
176,32,val,11.799498,1.50
176,33,val,8.942621,1.51
176,34,val,6.539802,1.52
176,35,val,13.955650,1.52
176,36,val,17.652870,1.53
176,37,val,13.859450,1.54
176,38,val,13.555059,1.55
176,39,val,31.428381,1.56
176,40,val,23.932745,1.57
176,41,val,10.422698,1.58
176,42,val,15.418567,1.58
176,43,val,8.962481,1.59
176,44,val,62.815136,1.60
176,45,val,23.520895,1.61
176,46,val,51.249187,1.61
176,47,val,13.570917,1.62
176,48,val,50.246658,1.63
176,49,val,8.626194,1.64
176,50,val,12.138858,1.65
176,51,val,12.901393,1.66
176,52,val,8.034668,1.67
176,53,val,9.399822,1.68
176,54,val,7.950494,1.69
176,55,val,34.352028,1.69
176,56,val,8.431865,1.70
176,57,val,39.540737,1.71
176,58,val,19.160450,1.72
176,59,val,11.795349,1.73
176,60,val,27.056602,1.73
176,61,val,16.348381,1.75
176,62,val,8.951732,1.76
176,63,val,22.469391,1.77
176,64,val,6.256564,1.78
176,65,val,81.982773,1.79
176,66,val,14.398664,1.80
176,67,val,10.294068,1.81
176,68,val,47.857052,1.81
176,69,val,12.557899,1.82
176,70,val,37.692688,1.83
176,71,val,65.116943,1.84
176,72,val,9.915379,1.85
176,73,val,7.012998,1.85
176,74,val,30.425871,1.87
176,75,val,17.012913,1.88
176,76,val,11.923224,1.88
176,77,val,8.029320,1.89
176,78,val,9.022392,1.89
176,79,val,18.748739,1.90
177,0,train,7.965685,0.15
177,1,train,13.338869,0.18
177,2,train,14.086565,0.21
177,3,train,13.722176,0.24
177,4,train,18.599289,0.28
177,5,train,13.352863,0.31
177,6,train,8.296331,0.35
177,7,train,8.690779,0.38
177,8,train,15.553528,0.41
177,9,train,7.601385,0.45
177,10,train,6.122669,0.48
177,11,train,8.257050,0.51
177,12,train,10.202579,0.54
177,13,train,12.488943,0.57
177,14,train,21.684441,0.61
177,15,train,12.639102,0.64
177,16,train,7.639718,0.68
177,17,train,14.270205,0.71
177,18,train,13.927794,0.74
177,19,train,15.009449,0.77
177,20,train,11.724918,0.80
177,21,train,9.885025,0.84
177,22,train,12.098413,0.87
177,23,train,9.728380,0.91
177,24,train,16.393307,0.94
177,25,train,15.487511,0.98
177,26,train,8.066256,1.00
177,27,train,15.686255,1.03
177,28,train,9.937672,1.05
177,29,train,8.128857,1.08
177,0,val,23.731110,1.25
177,1,val,13.363254,1.28
177,2,val,14.144491,1.29
177,3,val,9.098850,1.30
177,4,val,11.926563,1.31
177,5,val,18.111609,1.31
177,6,val,16.990486,1.32
177,7,val,14.313065,1.33
177,8,val,51.816063,1.34
177,9,val,34.603363,1.34
177,10,val,39.275047,1.35
177,11,val,12.213504,1.36
177,12,val,6.118796,1.37
177,13,val,21.416393,1.37
177,14,val,6.560925,1.38
177,15,val,11.176646,1.39
177,16,val,22.769705,1.40
177,17,val,50.266151,1.41
177,18,val,9.824916,1.42
177,19,val,22.060101,1.43
177,20,val,17.201633,1.44
177,21,val,6.105180,1.45
177,22,val,8.911989,1.46
177,23,val,18.794403,1.46
177,24,val,31.518393,1.47
177,25,val,32.023003,1.48
177,26,val,9.299376,1.49
177,27,val,22.576038,1.50
177,28,val,9.868431,1.51
177,29,val,8.161777,1.52
177,30,val,2.906634,1.52
177,31,val,22.395397,1.53
177,32,val,12.476047,1.54
177,33,val,8.468419,1.55
177,34,val,4.998590,1.56
177,35,val,14.900378,1.56
177,36,val,17.211243,1.57
177,37,val,15.722586,1.58
177,38,val,15.135696,1.59
177,39,val,32.707420,1.60
177,40,val,28.514044,1.61
177,41,val,9.516046,1.62
177,42,val,15.177767,1.62
177,43,val,8.621862,1.63
177,44,val,63.116375,1.64
177,45,val,23.039022,1.65
177,46,val,54.625549,1.66
177,47,val,14.592430,1.67
177,48,val,48.792244,1.68
177,49,val,7.800117,1.69
177,50,val,18.193012,1.70
177,51,val,13.271850,1.71
177,52,val,7.803915,1.72
177,53,val,8.098552,1.73
177,54,val,7.412845,1.74
177,55,val,9.709994,1.75
177,56,val,11.483429,1.76
177,57,val,14.142681,1.77
177,58,val,31.549858,1.78
177,59,val,9.984528,1.79
177,60,val,27.210501,1.80
177,61,val,16.509697,1.81
177,62,val,9.888050,1.82
177,63,val,23.492828,1.83
177,64,val,12.552257,1.84
177,65,val,63.116573,1.85
177,66,val,14.723620,1.85
177,67,val,7.347183,1.87
177,68,val,46.518486,1.87
177,69,val,12.848299,1.88
177,70,val,39.463631,1.89
177,71,val,63.456017,1.90
177,72,val,10.096122,1.91
177,73,val,6.473880,1.93
177,74,val,59.027130,1.94
177,75,val,13.699896,1.95
177,76,val,12.025795,1.96
177,77,val,7.997370,1.97
177,78,val,9.290682,1.98
177,79,val,18.821373,1.98
178,0,train,7.619822,0.17
178,1,train,9.742865,0.21
178,2,train,7.090456,0.24
178,3,train,9.858122,0.27
178,4,train,11.568897,0.31
178,5,train,11.144737,0.34
178,6,train,10.567883,0.37
178,7,train,10.762512,0.40
178,8,train,12.770746,0.44
178,9,train,8.611523,0.46
178,10,train,7.844235,0.50
178,11,train,12.063832,0.53
178,12,train,10.427051,0.57
178,13,train,14.333367,0.60
178,14,train,7.489091,0.63
178,15,train,18.519455,0.66
178,16,train,18.851267,0.70
178,17,train,11.493000,0.74
178,18,train,12.255427,0.78
178,19,train,8.978523,0.82
178,20,train,9.007863,0.86
178,21,train,10.115799,0.89
178,22,train,7.863853,0.93
178,23,train,11.403737,0.96
178,24,train,8.395776,0.99
178,25,train,8.310360,1.03
178,26,train,8.341095,1.06
178,27,train,10.508022,1.08
178,28,train,9.022421,1.11
178,29,train,15.951879,1.14
178,0,val,9.072594,1.32
178,1,val,15.150028,1.34
178,2,val,12.263601,1.35
178,3,val,9.377683,1.36
178,4,val,14.273077,1.37
178,5,val,17.316048,1.38
178,6,val,14.043882,1.39
178,7,val,16.618685,1.40
178,8,val,48.425667,1.41
178,9,val,28.368034,1.42
178,10,val,35.520218,1.44
178,11,val,13.053238,1.45
178,12,val,7.658695,1.46
178,13,val,23.316910,1.47
178,14,val,11.742311,1.48
178,15,val,9.434340,1.49
178,16,val,22.570166,1.50
178,17,val,51.892532,1.51
178,18,val,9.935787,1.52
178,19,val,22.884235,1.52
178,20,val,16.446091,1.53
178,21,val,7.108343,1.55
178,22,val,11.013039,1.56
178,23,val,17.239559,1.57
178,24,val,30.513168,1.58
178,25,val,33.698830,1.59
178,26,val,10.368721,1.60
178,27,val,13.192074,1.60
178,28,val,8.384335,1.61
178,29,val,7.657057,1.63
178,30,val,3.585656,1.63
178,31,val,22.213387,1.65
178,32,val,13.558996,1.66
178,33,val,8.050671,1.67
178,34,val,4.896619,1.68
178,35,val,12.288412,1.69
178,36,val,17.053444,1.69
178,37,val,13.451854,1.70
178,38,val,12.444728,1.71
178,39,val,30.720327,1.71
178,40,val,27.462469,1.72
178,41,val,8.329268,1.72
178,42,val,15.322517,1.73
178,43,val,9.928684,1.74
178,44,val,68.872986,1.75
178,45,val,23.843246,1.75
178,46,val,52.550858,1.76
178,47,val,14.984221,1.77
178,48,val,51.948479,1.77
178,49,val,7.168505,1.78
178,50,val,12.024614,1.78
178,51,val,31.305807,1.79
178,52,val,7.430124,1.80
178,53,val,9.930388,1.80
178,54,val,7.063980,1.81
178,55,val,9.663944,1.82
178,56,val,10.826724,1.82
178,57,val,11.835611,1.83
178,58,val,11.785888,1.84
178,59,val,10.791927,1.85
178,60,val,27.179577,1.86
178,61,val,14.560083,1.86
178,62,val,7.468497,1.87
178,63,val,23.411057,1.88
178,64,val,4.512382,1.88
178,65,val,60.151497,1.89
178,66,val,14.950216,1.89
178,67,val,6.770988,1.90
178,68,val,46.001114,1.91
178,69,val,11.287050,1.91
178,70,val,37.082584,1.92
178,71,val,64.570251,1.93
178,72,val,11.175956,1.93
178,73,val,6.921757,1.94
178,74,val,28.052023,1.95
178,75,val,14.506056,1.96
178,76,val,11.907351,1.96
178,77,val,7.918976,1.97
178,78,val,9.041621,1.98
178,79,val,20.104773,1.99
179,0,train,9.644816,0.15
179,1,train,12.554070,0.18
179,2,train,7.975099,0.20
179,3,train,6.464827,0.23
179,4,train,10.610456,0.25
179,5,train,11.824924,0.28
179,6,train,22.530159,0.31
179,7,train,10.354869,0.33
179,8,train,13.898342,0.36
179,9,train,9.049670,0.38
179,10,train,5.829755,0.41
179,11,train,6.607630,0.43
179,12,train,11.935347,0.46
179,13,train,13.735735,0.50
179,14,train,8.666187,0.52
179,15,train,12.884024,0.55
179,16,train,10.736174,0.57
179,17,train,14.076340,0.60
179,18,train,13.254488,0.63
179,19,train,7.551824,0.66
179,20,train,9.822775,0.68
179,21,train,14.346027,0.72
179,22,train,11.715883,0.75
179,23,train,8.474403,0.78
179,24,train,9.040998,0.81
179,25,train,13.756848,0.85
179,26,train,10.522993,0.87
179,27,train,9.546722,0.89
179,28,train,8.818047,0.92
179,29,train,23.034857,1.02
179,0,val,9.510883,1.14
179,1,val,14.056921,1.15
179,2,val,13.661367,1.16
179,3,val,9.551894,1.16
179,4,val,10.956915,1.17
179,5,val,17.478918,1.18
179,6,val,13.811213,1.19
179,7,val,15.923541,1.19
179,8,val,47.742325,1.20
179,9,val,26.986349,1.21
179,10,val,36.151627,1.21
179,11,val,12.897673,1.22
179,12,val,6.508155,1.23
179,13,val,22.110744,1.23
179,14,val,7.815115,1.24
179,15,val,9.001892,1.24
179,16,val,23.925894,1.25
179,17,val,50.112091,1.26
179,18,val,10.749305,1.26
179,19,val,22.824492,1.27
179,20,val,16.539536,1.28
179,21,val,27.158001,1.29
179,22,val,7.857837,1.29
179,23,val,17.296671,1.30
179,24,val,30.967451,1.31
179,25,val,34.663139,1.31
179,26,val,8.858685,1.32
179,27,val,13.198153,1.32
179,28,val,18.916777,1.33
179,29,val,13.290515,1.34
179,30,val,3.357658,1.34
179,31,val,21.524559,1.35
179,32,val,11.929718,1.36
179,33,val,8.497398,1.36
179,34,val,4.781360,1.37
179,35,val,12.255065,1.38
179,36,val,17.059704,1.38
179,37,val,12.344456,1.39
179,38,val,12.916042,1.40
179,39,val,42.006882,1.40
179,40,val,24.170898,1.41
179,41,val,9.072289,1.42
179,42,val,13.942927,1.42
179,43,val,8.336496,1.43
179,44,val,72.542435,1.44
179,45,val,24.068235,1.44
179,46,val,51.391106,1.45
179,47,val,14.373931,1.46
179,48,val,49.568321,1.46
179,49,val,7.387407,1.47
179,50,val,12.268341,1.47
179,51,val,12.817561,1.49
179,52,val,10.106222,1.49
179,53,val,9.401642,1.50
179,54,val,7.919370,1.51
179,55,val,7.884563,1.51
179,56,val,7.680687,1.52
179,57,val,13.920790,1.53
179,58,val,11.804619,1.53
179,59,val,16.789845,1.54
179,60,val,28.527920,1.55
179,61,val,15.153656,1.56
179,62,val,7.943069,1.56
179,63,val,22.127094,1.57
179,64,val,6.219162,1.58
179,65,val,61.108578,1.59
179,66,val,16.772741,1.59
179,67,val,6.925865,1.60
179,68,val,68.945114,1.61
179,69,val,14.586284,1.61
179,70,val,37.863579,1.62
179,71,val,63.556164,1.63
179,72,val,14.249792,1.63
179,73,val,9.368618,1.64
179,74,val,28.773064,1.65
179,75,val,13.792255,1.65
179,76,val,12.295126,1.66
179,77,val,8.196536,1.66
179,78,val,15.060572,1.67
179,79,val,18.335503,1.67
180,0,train,10.933846,0.11
180,1,train,10.473808,0.14
180,2,train,14.059240,0.17
180,3,train,10.072557,0.19
180,4,train,10.559141,0.22
180,5,train,9.401745,0.25
180,6,train,14.035633,0.27
180,7,train,11.784115,0.30
180,8,train,10.586832,0.32
180,9,train,10.969160,0.35
180,10,train,12.926247,0.37
180,11,train,13.929626,0.40
180,12,train,8.378126,0.42
180,13,train,17.131306,0.45
180,14,train,11.038260,0.47
180,15,train,16.628262,0.50
180,16,train,5.821279,0.53
180,17,train,10.219704,0.56
180,18,train,9.809889,0.58
180,19,train,10.089399,0.61
180,20,train,8.531412,0.64
180,21,train,10.745517,0.67
180,22,train,10.771692,0.69
180,23,train,16.686928,0.72
180,24,train,17.876129,0.74
180,25,train,9.726059,0.77
180,26,train,8.004280,0.79
180,27,train,9.761270,0.82
180,28,train,10.782686,0.84
180,29,train,14.250381,0.86
180,0,val,9.378248,1.00
180,1,val,13.609187,1.00
180,2,val,11.551071,1.01
180,3,val,8.577477,1.02
180,4,val,11.254245,1.03
180,5,val,19.534445,1.04
180,6,val,14.616092,1.05
180,7,val,13.895441,1.05
180,8,val,45.088112,1.06
180,9,val,27.741766,1.07
180,10,val,35.714645,1.07
180,11,val,12.811979,1.08
180,12,val,6.494193,1.09
180,13,val,23.742508,1.09
180,14,val,7.657369,1.10
180,15,val,9.454067,1.10
180,16,val,23.949097,1.11
180,17,val,50.340393,1.12
180,18,val,10.034813,1.13
180,19,val,26.113262,1.13
180,20,val,29.831465,1.14
180,21,val,22.078876,1.15
180,22,val,8.145414,1.15
180,23,val,18.684050,1.16
180,24,val,32.149178,1.17
180,25,val,35.614464,1.17
180,26,val,9.244304,1.18
180,27,val,13.337538,1.19
180,28,val,7.832355,1.19
180,29,val,10.516172,1.20
180,30,val,4.605340,1.21
180,31,val,23.427238,1.21
180,32,val,12.173140,1.22
180,33,val,9.011508,1.23
180,34,val,6.082876,1.23
180,35,val,13.547596,1.24
180,36,val,19.079638,1.25
180,37,val,12.584343,1.25
180,38,val,13.157860,1.26
180,39,val,29.388113,1.27
180,40,val,24.649868,1.27
180,41,val,9.205688,1.28
180,42,val,17.413109,1.29
180,43,val,8.599092,1.29
180,44,val,61.295876,1.30
180,45,val,27.051861,1.31
180,46,val,52.033607,1.31
180,47,val,13.604469,1.32
180,48,val,49.411926,1.32
180,49,val,6.515583,1.33
180,50,val,18.575203,1.34
180,51,val,12.014964,1.35
180,52,val,8.476902,1.35
180,53,val,8.397336,1.36
180,54,val,16.045706,1.37
180,55,val,8.398286,1.37
180,56,val,8.110662,1.38
180,57,val,12.665572,1.38
180,58,val,11.176207,1.39
180,59,val,10.688125,1.40
180,60,val,27.204388,1.40
180,61,val,14.795260,1.41
180,62,val,7.202707,1.42
180,63,val,23.756432,1.42
180,64,val,4.530979,1.43
180,65,val,60.202328,1.44
180,66,val,16.516644,1.44
180,67,val,7.820299,1.45
180,68,val,45.810192,1.46
180,69,val,12.138977,1.46
180,70,val,38.806213,1.47
180,71,val,63.341106,1.48
180,72,val,13.732399,1.48
180,73,val,7.566236,1.49
180,74,val,28.159603,1.50
180,75,val,12.748871,1.50
180,76,val,12.935596,1.51
180,77,val,8.160159,1.51
180,78,val,8.934845,1.52
180,79,val,18.110979,1.52
181,0,train,7.401673,0.11
181,1,train,11.003109,0.15
181,2,train,15.355245,0.17
181,3,train,12.754192,0.20
181,4,train,12.735369,0.22
181,5,train,9.920218,0.25
181,6,train,13.645633,0.28
181,7,train,12.253048,0.30
181,8,train,14.489311,0.33
181,9,train,9.422671,0.36
181,10,train,10.214165,0.38
181,11,train,12.592136,0.42
181,12,train,8.334840,0.45
181,13,train,11.372106,0.48
181,14,train,11.365007,0.50
181,15,train,7.309662,0.53
181,16,train,8.542952,0.55
181,17,train,10.240711,0.58
181,18,train,17.874020,0.61
181,19,train,6.132732,0.63
181,20,train,24.576469,0.65
181,21,train,11.611149,0.68
181,22,train,6.157721,0.71
181,23,train,9.202633,0.73
181,24,train,6.266412,0.76
181,25,train,8.561920,0.81
181,26,train,7.524386,0.83
181,27,train,8.256796,0.86
181,28,train,11.571513,0.88
181,29,train,19.972004,0.91
181,0,val,9.033702,1.03
181,1,val,14.259556,1.03
181,2,val,11.247242,1.04
181,3,val,9.160442,1.05
181,4,val,11.586825,1.05
181,5,val,17.783146,1.07
181,6,val,27.926975,1.07
181,7,val,13.565803,1.08
181,8,val,46.439842,1.09
181,9,val,27.786163,1.10
181,10,val,35.136707,1.10
181,11,val,12.871939,1.11
181,12,val,13.193488,1.11
181,13,val,22.368671,1.12
181,14,val,9.116252,1.13
181,15,val,8.486450,1.13
181,16,val,24.815079,1.14
181,17,val,49.000134,1.15
181,18,val,9.825274,1.15
181,19,val,51.046062,1.16
181,20,val,17.373571,1.17
181,21,val,10.143847,1.18
181,22,val,12.866047,1.18
181,23,val,16.675377,1.19
181,24,val,31.756598,1.19
181,25,val,33.799042,1.20
181,26,val,18.442060,1.21
181,27,val,14.505690,1.21
181,28,val,7.830886,1.22
181,29,val,10.625523,1.23
181,30,val,4.143878,1.23
181,31,val,22.055357,1.24
181,32,val,12.721953,1.24
181,33,val,10.034643,1.25
181,34,val,7.187086,1.26
181,35,val,11.883319,1.27
181,36,val,17.101776,1.28
181,37,val,24.483692,1.28
181,38,val,15.008914,1.29
181,39,val,31.160671,1.30
181,40,val,28.934715,1.31
181,41,val,8.175585,1.32
181,42,val,15.685762,1.33
181,43,val,8.447025,1.34
181,44,val,59.494637,1.34
181,45,val,22.852234,1.35
181,46,val,57.587414,1.36
181,47,val,15.847663,1.36
181,48,val,50.210739,1.38
181,49,val,6.333560,1.39
181,50,val,12.301973,1.40
181,51,val,13.297253,1.40
181,52,val,7.882530,1.41
181,53,val,8.133877,1.42
181,54,val,6.839460,1.43
181,55,val,8.195514,1.44
181,56,val,8.622972,1.45
181,57,val,15.328052,1.46
181,58,val,10.750499,1.47
181,59,val,11.099162,1.48
181,60,val,27.564713,1.49
181,61,val,16.730583,1.50
181,62,val,8.029076,1.51
181,63,val,22.508125,1.51
181,64,val,4.863515,1.52
181,65,val,62.386864,1.53
181,66,val,13.938976,1.53
181,67,val,8.088263,1.54
181,68,val,50.120941,1.55
181,69,val,12.951751,1.56
181,70,val,39.268463,1.56
181,71,val,63.259903,1.57
181,72,val,13.185951,1.58
181,73,val,7.319640,1.59
181,74,val,32.790123,1.60
181,75,val,13.702880,1.61
181,76,val,13.317640,1.61
181,77,val,9.470084,1.61
181,78,val,9.471123,1.62
181,79,val,18.204350,1.62
182,0,train,6.388936,0.11
182,1,train,13.822071,0.14
182,2,train,10.591957,0.17
182,3,train,12.131916,0.19
182,4,train,15.406943,0.22
182,5,train,13.570158,0.25
182,6,train,11.807627,0.28
182,7,train,12.038092,0.30
182,8,train,10.314229,0.33
182,9,train,7.807914,0.36
182,10,train,12.098206,0.38
182,11,train,7.209153,0.41
182,12,train,8.815865,0.43
182,13,train,12.018954,0.46
182,14,train,11.231260,0.48
182,15,train,8.184101,0.51
182,16,train,13.214294,0.54
182,17,train,7.335008,0.56
182,18,train,12.536148,0.59
182,19,train,15.893250,0.61
182,20,train,9.884510,0.64
182,21,train,10.252319,0.68
182,22,train,6.943190,0.70
182,23,train,9.264890,0.73
182,24,train,9.712591,0.75
182,25,train,8.655987,0.78
182,26,train,8.065961,0.81
182,27,train,11.122085,0.84
182,28,train,13.430470,0.86
182,29,train,11.530474,0.89
182,0,val,9.516028,1.01
182,1,val,14.048386,1.02
182,2,val,13.598366,1.02
182,3,val,10.226489,1.03
182,4,val,12.049026,1.04
182,5,val,19.043541,1.05
182,6,val,16.551908,1.06
182,7,val,15.372358,1.06
182,8,val,43.135159,1.07
182,9,val,30.194647,1.08
182,10,val,35.997215,1.08
182,11,val,15.571688,1.09
182,12,val,6.426296,1.09
182,13,val,22.984844,1.10
182,14,val,7.074042,1.11
182,15,val,8.840932,1.11
182,16,val,29.678116,1.12
182,17,val,51.091850,1.13
182,18,val,13.520072,1.13
182,19,val,23.239035,1.14
182,20,val,16.244345,1.15
182,21,val,6.083181,1.16
182,22,val,8.683781,1.16
182,23,val,17.938713,1.17
182,24,val,31.276608,1.18
182,25,val,33.345772,1.18
182,26,val,11.038943,1.19
182,27,val,13.185153,1.20
182,28,val,11.106090,1.20
182,29,val,9.436449,1.21
182,30,val,5.922664,1.21
182,31,val,20.470648,1.22
182,32,val,12.312590,1.23
182,33,val,8.208000,1.23
182,34,val,5.156850,1.24
182,35,val,20.101616,1.25
182,36,val,17.341709,1.26
182,37,val,13.112127,1.26
182,38,val,13.348559,1.27
182,39,val,29.557011,1.28
182,40,val,24.085880,1.28
182,41,val,9.363088,1.29
182,42,val,17.226986,1.30
182,43,val,10.077884,1.31
182,44,val,58.842846,1.31
182,45,val,22.304611,1.32
182,46,val,53.939556,1.33
182,47,val,15.302137,1.33
182,48,val,50.716915,1.34
182,49,val,8.704876,1.35
182,50,val,13.284086,1.36
182,51,val,12.368475,1.37
182,52,val,9.248375,1.38
182,53,val,18.782522,1.38
182,54,val,9.607299,1.39
182,55,val,20.604198,1.40
182,56,val,14.389807,1.40
182,57,val,14.587016,1.41
182,58,val,15.668180,1.42
182,59,val,11.908355,1.42
182,60,val,27.446173,1.43
182,61,val,15.607328,1.44
182,62,val,9.634724,1.45
182,63,val,23.173290,1.45
182,64,val,4.710619,1.46
182,65,val,63.270397,1.47
182,66,val,14.648663,1.48
182,67,val,13.126551,1.48
182,68,val,45.965057,1.49
182,69,val,12.705702,1.50
182,70,val,36.482342,1.51
182,71,val,65.673462,1.51
182,72,val,9.950575,1.52
182,73,val,6.794727,1.53
182,74,val,29.486584,1.53
182,75,val,13.260482,1.54
182,76,val,12.035635,1.55
182,77,val,8.616051,1.55
182,78,val,8.858361,1.55
182,79,val,18.008829,1.56
183,0,train,8.846554,0.12
183,1,train,6.029488,0.15
183,2,train,6.997113,0.18
183,3,train,9.553538,0.20
183,4,train,14.480294,0.23
183,5,train,10.289396,0.27
183,6,train,18.482872,0.29
183,7,train,7.014751,0.32
183,8,train,9.864583,0.34
183,9,train,10.781911,0.38
183,10,train,12.739762,0.40
183,11,train,9.760557,0.43
183,12,train,6.766143,0.45
183,13,train,13.140193,0.48
183,14,train,10.782781,0.51
183,15,train,8.621576,0.53
183,16,train,12.652340,0.56
183,17,train,14.528636,0.59
183,18,train,8.019505,0.62
183,19,train,10.921686,0.65
183,20,train,8.391547,0.69
183,21,train,14.595566,0.72
183,22,train,10.670016,0.76
183,23,train,12.200823,0.79
183,24,train,11.606216,0.82
183,25,train,8.253544,0.86
183,26,train,7.525222,0.89
183,27,train,10.536351,0.91
183,28,train,6.031478,0.94
183,29,train,15.627006,0.97
183,0,val,9.005418,1.14
183,1,val,13.622710,1.15
183,2,val,11.885515,1.16
183,3,val,13.285751,1.18
183,4,val,14.653682,1.19
183,5,val,20.774208,1.20
183,6,val,15.212950,1.20
183,7,val,14.243462,1.21
183,8,val,42.967087,1.22
183,9,val,27.271324,1.23
183,10,val,34.985847,1.24
183,11,val,12.545492,1.24
183,12,val,15.328882,1.25
183,13,val,24.446768,1.27
183,14,val,32.838089,1.28
183,15,val,8.837919,1.29
183,16,val,22.985516,1.30
183,17,val,48.694134,1.31
183,18,val,17.973333,1.32
183,19,val,21.827160,1.33
183,20,val,17.571947,1.34
183,21,val,8.382397,1.34
183,22,val,10.072276,1.35
183,23,val,16.847397,1.36
183,24,val,31.238989,1.38
183,25,val,32.505783,1.38
183,26,val,9.300598,1.39
183,27,val,14.146087,1.40
183,28,val,9.393269,1.41
183,29,val,8.494619,1.42
183,30,val,3.173883,1.42
183,31,val,20.216419,1.43
183,32,val,13.835841,1.44
183,33,val,11.311745,1.45
183,34,val,5.024861,1.46
183,35,val,11.477541,1.47
183,36,val,17.603317,1.48
183,37,val,12.644260,1.49
183,38,val,14.513980,1.50
183,39,val,30.867462,1.50
183,40,val,26.394012,1.51
183,41,val,9.394817,1.52
183,42,val,16.482809,1.53
183,43,val,8.769333,1.54
183,44,val,59.213085,1.54
183,45,val,23.074896,1.55
183,46,val,51.736359,1.56
183,47,val,15.137518,1.57
183,48,val,51.374084,1.58
183,49,val,11.518808,1.59
183,50,val,11.674125,1.60
183,51,val,13.725688,1.61
183,52,val,7.638649,1.61
183,53,val,9.951946,1.62
183,54,val,7.090679,1.63
183,55,val,15.476236,1.64
183,56,val,13.158836,1.65
183,57,val,12.012678,1.65
183,58,val,10.690666,1.66
183,59,val,25.128683,1.67
183,60,val,27.893278,1.68
183,61,val,14.291723,1.69
183,62,val,7.813513,1.70
183,63,val,22.930359,1.71
183,64,val,6.137535,1.72
183,65,val,60.062294,1.73
183,66,val,16.185694,1.74
183,67,val,9.161266,1.75
183,68,val,44.909924,1.75
183,69,val,11.749037,1.76
183,70,val,34.367947,1.77
183,71,val,64.381760,1.79
183,72,val,9.997225,1.80
183,73,val,7.311796,1.81
183,74,val,29.278683,1.81
183,75,val,13.394913,1.82
183,76,val,12.845218,1.83
183,77,val,7.578410,1.84
183,78,val,9.151953,1.84
183,79,val,18.039385,1.85
184,0,train,15.989850,0.20
184,1,train,11.069677,0.29
184,2,train,5.853802,0.33
184,3,train,11.623495,0.36
184,4,train,8.368178,0.40
184,5,train,12.768656,0.43
184,6,train,9.691189,0.46
184,7,train,6.936713,0.49
184,8,train,12.632823,0.53
184,9,train,8.090817,0.57
184,10,train,10.755763,0.61
184,11,train,7.922703,0.64
184,12,train,7.427270,0.67
184,13,train,14.478364,0.71
184,14,train,9.296633,0.74
184,15,train,10.153722,0.77
184,16,train,20.165709,0.80
184,17,train,9.314975,0.84
184,18,train,8.917132,0.87
184,19,train,15.989061,0.91
184,20,train,15.591616,0.96
184,21,train,11.600608,1.01
184,22,train,15.665038,1.05
184,23,train,8.609797,1.13
184,24,train,14.408442,1.17
184,25,train,13.303902,1.20
184,26,train,11.427557,1.24
184,27,train,17.163671,1.27
184,28,train,16.772724,1.29
184,29,train,11.056645,1.32
184,0,val,12.469966,1.52
184,1,val,13.593391,1.56
184,2,val,12.228413,1.57
184,3,val,13.836393,1.58
184,4,val,17.733154,1.58
184,5,val,17.787659,1.59
184,6,val,12.929260,1.60
184,7,val,15.149153,1.61
184,8,val,43.309387,1.62
184,9,val,27.158203,1.64
184,10,val,36.381580,1.66
184,11,val,11.775003,1.68
184,12,val,6.386555,1.69
184,13,val,28.263287,1.71
184,14,val,7.113315,1.72
184,15,val,9.315201,1.74
184,16,val,26.498283,1.76
184,17,val,50.008495,1.78
184,18,val,10.570353,1.79
184,19,val,21.341904,1.81
184,20,val,47.444378,1.82
184,21,val,33.770554,1.83
184,22,val,8.082439,1.85
184,23,val,17.828985,1.87
184,24,val,30.919811,1.90
184,25,val,32.969204,1.92
184,26,val,10.101418,1.94
184,27,val,13.490137,1.96
184,28,val,9.623783,1.97
184,29,val,8.425688,1.98
184,30,val,3.893855,2.00
184,31,val,19.291828,2.01
184,32,val,12.035575,2.02
184,33,val,12.520035,2.03
184,34,val,10.421991,2.03
184,35,val,12.847790,2.04
184,36,val,17.046608,2.06
184,37,val,14.746612,2.06
184,38,val,12.805893,2.07
184,39,val,30.552544,2.08
184,40,val,24.374662,2.10
184,41,val,27.279165,2.11
184,42,val,15.510801,2.12
184,43,val,39.050541,2.12
184,44,val,63.496178,2.13
184,45,val,22.860929,2.14
184,46,val,52.249695,2.15
184,47,val,13.750082,2.15
184,48,val,50.006512,2.16
184,49,val,8.230312,2.17
184,50,val,11.089320,2.18
184,51,val,12.979559,2.18
184,52,val,16.191257,2.20
184,53,val,9.237252,2.21
184,54,val,7.483007,2.21
184,55,val,7.566274,2.22
184,56,val,7.544052,2.23
184,57,val,14.541853,2.24
184,58,val,12.085269,2.24
184,59,val,15.978004,2.25
184,60,val,27.696371,2.26
184,61,val,21.365765,2.27
184,62,val,7.427931,2.27
184,63,val,22.510254,2.28
184,64,val,4.757939,2.29
184,65,val,58.615051,2.31
184,66,val,14.391174,2.33
184,67,val,7.368313,2.34
184,68,val,44.668785,2.36
184,69,val,11.394989,2.37
184,70,val,36.855186,2.38
184,71,val,63.083282,2.40
184,72,val,10.886013,2.41
184,73,val,7.419282,2.43
184,74,val,29.682446,2.44
184,75,val,17.129379,2.47
184,76,val,12.963142,2.48
184,77,val,8.108796,2.49
184,78,val,9.274586,2.50
184,79,val,25.540567,2.51
185,0,train,9.677799,0.18
185,1,train,7.187226,0.23
185,2,train,5.863500,0.26
185,3,train,13.870763,0.30
185,4,train,6.613561,0.34
185,5,train,6.713001,0.38
185,6,train,9.287277,0.42
185,7,train,8.800803,0.45
185,8,train,10.518852,0.48
185,9,train,10.795595,0.52
185,10,train,9.400458,0.55
185,11,train,8.108274,0.59
185,12,train,13.832195,0.62
185,13,train,11.254705,0.68
185,14,train,7.861311,0.71
185,15,train,11.108931,0.76
185,16,train,11.382835,0.80
185,17,train,8.073691,0.83
185,18,train,8.715188,0.87
185,19,train,12.477153,0.91
185,20,train,12.558002,0.94
185,21,train,9.987079,0.97
185,22,train,8.290317,1.01
185,23,train,10.332585,1.04
185,24,train,10.039173,1.07
185,25,train,7.917252,1.12
185,26,train,15.296032,1.15
185,27,train,10.684097,1.19
185,28,train,14.970913,1.23
185,29,train,8.677716,1.26
185,0,val,9.104662,1.44
185,1,val,15.538780,1.45
185,2,val,12.357787,1.46
185,3,val,9.675166,1.47
185,4,val,12.363291,1.48
185,5,val,17.736914,1.49
185,6,val,13.671062,1.51
185,7,val,14.845866,1.52
185,8,val,46.456078,1.53
185,9,val,27.568848,1.53
185,10,val,38.506126,1.54
185,11,val,15.062992,1.56
185,12,val,6.376649,1.57
185,13,val,43.180550,1.59
185,14,val,8.303088,1.60
185,15,val,37.968185,1.60
185,16,val,25.614002,1.61
185,17,val,48.865841,1.62
185,18,val,8.994046,1.63
185,19,val,22.767517,1.64
185,20,val,16.808023,1.64
185,21,val,7.033712,1.65
185,22,val,8.540905,1.66
185,23,val,18.368889,1.67
185,24,val,34.158077,1.68
185,25,val,33.062870,1.69
185,26,val,9.605315,1.70
185,27,val,13.474201,1.71
185,28,val,11.752487,1.72
185,29,val,8.017202,1.73
185,30,val,3.054397,1.73
185,31,val,20.276199,1.74
185,32,val,15.630861,1.75
185,33,val,8.059201,1.76
185,34,val,5.710933,1.77
185,35,val,11.318156,1.78
185,36,val,16.466288,1.79
185,37,val,13.038109,1.79
185,38,val,14.321471,1.80
185,39,val,29.547132,1.81
185,40,val,24.080101,1.82
185,41,val,11.894699,1.83
185,42,val,16.586052,1.83
185,43,val,23.548531,1.84
185,44,val,59.023346,1.85
185,45,val,22.661648,1.86
185,46,val,50.698822,1.87
185,47,val,14.139669,1.88
185,48,val,52.447838,1.89
185,49,val,7.709436,1.90
185,50,val,12.016884,1.91
185,51,val,14.217372,1.92
185,52,val,8.157176,1.93
185,53,val,9.225662,1.94
185,54,val,8.101901,1.95
185,55,val,8.029216,1.96
185,56,val,8.161385,1.97
185,57,val,18.710712,1.99
185,58,val,11.496960,2.00
185,59,val,10.255545,2.01
185,60,val,26.190878,2.02
185,61,val,14.778122,2.03
185,62,val,7.049004,2.04
185,63,val,25.809402,2.05
185,64,val,4.966996,2.06
185,65,val,58.406776,2.07
185,66,val,16.533381,2.08
185,67,val,7.362434,2.09
185,68,val,45.278809,2.11
185,69,val,11.224703,2.12
185,70,val,37.149536,2.13
185,71,val,62.042229,2.14
185,72,val,13.432758,2.15
185,73,val,8.073767,2.16
185,74,val,28.812771,2.17
185,75,val,13.524081,2.17
185,76,val,11.976157,2.18
185,77,val,10.717861,2.19
185,78,val,9.032017,2.19
185,79,val,18.364990,2.21
186,0,train,9.239010,0.15
186,1,train,9.983667,0.19
186,2,train,10.080956,0.21
186,3,train,10.712285,0.24
186,4,train,7.556730,0.27
186,5,train,14.517859,0.30
186,6,train,10.129232,0.33
186,7,train,12.055369,0.36
186,8,train,12.819031,0.38
186,9,train,10.640642,0.41
186,10,train,8.013371,0.44
186,11,train,7.594666,0.47
186,12,train,9.557898,0.49
186,13,train,7.630021,0.52
186,14,train,17.465567,0.54
186,15,train,6.571330,0.57
186,16,train,9.750552,0.60
186,17,train,12.349932,0.63
186,18,train,13.186886,0.66
186,19,train,17.915077,0.77
186,20,train,8.528952,0.81
186,21,train,10.619356,0.84
186,22,train,13.653286,0.87
186,23,train,15.867934,0.90
186,24,train,11.483050,0.92
186,25,train,8.887733,0.95
186,26,train,10.920203,0.98
186,27,train,13.919338,1.00
186,28,train,16.592821,1.02
186,29,train,6.986315,1.04
186,0,val,8.650509,1.17
186,1,val,13.807236,1.18
186,2,val,11.818796,1.18
186,3,val,11.127058,1.19
186,4,val,10.965876,1.19
186,5,val,18.447577,1.21
186,6,val,13.212822,1.21
186,7,val,13.841642,1.22
186,8,val,45.953625,1.23
186,9,val,28.016491,1.24
186,10,val,33.370621,1.24
186,11,val,13.487175,1.25
186,12,val,8.068469,1.25
186,13,val,22.554802,1.26
186,14,val,7.651725,1.27
186,15,val,8.271021,1.27
186,16,val,27.359177,1.28
186,17,val,47.666046,1.29
186,18,val,9.881989,1.29
186,19,val,22.478134,1.30
186,20,val,16.155258,1.31
186,21,val,5.672234,1.32
186,22,val,8.453009,1.32
186,23,val,17.542068,1.33
186,24,val,30.647785,1.34
186,25,val,33.709732,1.34
186,26,val,10.285338,1.35
186,27,val,13.813507,1.36
186,28,val,10.085246,1.36
186,29,val,9.268807,1.37
186,30,val,4.408761,1.38
186,31,val,19.990063,1.38
186,32,val,18.460424,1.39
186,33,val,7.942152,1.39
186,34,val,5.428905,1.40
186,35,val,11.886298,1.41
186,36,val,16.358847,1.42
186,37,val,24.213820,1.43
186,38,val,12.824013,1.43
186,39,val,30.718399,1.44
186,40,val,23.963905,1.44
186,41,val,8.694312,1.45
186,42,val,33.545372,1.46
186,43,val,8.617034,1.46
186,44,val,58.344002,1.47
186,45,val,22.305202,1.48
186,46,val,51.514664,1.48
186,47,val,14.153593,1.49
186,48,val,53.791122,1.50
186,49,val,19.071301,1.50
186,50,val,12.364436,1.52
186,51,val,12.417004,1.52
186,52,val,7.703682,1.53
186,53,val,10.928378,1.54
186,54,val,6.995743,1.54
186,55,val,8.918556,1.55
186,56,val,8.416751,1.55
186,57,val,22.665436,1.56
186,58,val,13.287878,1.57
186,59,val,9.915820,1.57
186,60,val,26.781057,1.58
186,61,val,14.166087,1.59
186,62,val,7.740615,1.59
186,63,val,23.066921,1.60
186,64,val,5.077305,1.61
186,65,val,61.575005,1.61
186,66,val,14.107141,1.62
186,67,val,7.474384,1.63
186,68,val,49.078484,1.63
186,69,val,18.989956,1.64
186,70,val,37.135609,1.65
186,71,val,62.727509,1.65
186,72,val,10.517704,1.66
186,73,val,9.358199,1.67
186,74,val,29.418114,1.67
186,75,val,22.794661,1.68
186,76,val,12.172569,1.69
186,77,val,7.733475,1.69
186,78,val,9.586718,1.70
186,79,val,18.682339,1.70
187,0,train,36.431244,0.13
187,1,train,6.647744,0.16
187,2,train,11.663096,0.19
187,3,train,11.948885,0.21
187,4,train,9.833148,0.24
187,5,train,10.901002,0.27
187,6,train,10.364439,0.30
187,7,train,17.700714,0.32
187,8,train,7.163206,0.35
187,9,train,8.613784,0.38
187,10,train,8.019197,0.40
187,11,train,10.585786,0.43
187,12,train,28.009731,0.45
187,13,train,12.275919,0.48
187,14,train,16.323992,0.51
187,15,train,9.482195,0.53
187,16,train,13.431188,0.56
187,17,train,11.025591,0.59
187,18,train,8.054365,0.61
187,19,train,8.454280,0.64
187,20,train,11.678043,0.66
187,21,train,10.485509,0.69
187,22,train,10.366652,0.72
187,23,train,15.193003,0.74
187,24,train,13.390219,0.77
187,25,train,7.856394,0.80
187,26,train,15.424741,0.82
187,27,train,14.502554,0.84
187,28,train,12.153776,0.86
187,29,train,15.905485,0.88
187,0,val,8.924186,1.00
187,1,val,26.670935,1.01
187,2,val,12.042747,1.02
187,3,val,9.464872,1.02
187,4,val,14.662533,1.03
187,5,val,18.910059,1.04
187,6,val,15.004723,1.05
187,7,val,14.062518,1.06
187,8,val,45.225922,1.06
187,9,val,26.938187,1.07
187,10,val,34.444935,1.08
187,11,val,12.668356,1.08
187,12,val,14.181028,1.10
187,13,val,23.456594,1.10
187,14,val,6.818821,1.11
187,15,val,8.316174,1.12
187,16,val,24.807278,1.13
187,17,val,49.152824,1.14
187,18,val,19.110306,1.15
187,19,val,21.550823,1.16
187,20,val,17.134417,1.16
187,21,val,5.551563,1.17
187,22,val,7.908532,1.17
187,23,val,16.706112,1.18
187,24,val,30.369873,1.19
187,25,val,34.185692,1.19
187,26,val,9.350807,1.20
187,27,val,21.469528,1.21
187,28,val,9.089426,1.21
187,29,val,8.080592,1.22
187,30,val,3.819904,1.23
187,31,val,19.742531,1.23
187,32,val,21.106594,1.24
187,33,val,7.995014,1.25
187,34,val,4.539327,1.26
187,35,val,13.114321,1.26
187,36,val,20.011166,1.27
187,37,val,11.964007,1.28
187,38,val,13.682712,1.28
187,39,val,33.046078,1.29
187,40,val,24.854713,1.30
187,41,val,9.229888,1.30
187,42,val,16.117237,1.31
187,43,val,9.194725,1.32
187,44,val,59.542412,1.33
187,45,val,25.094481,1.33
187,46,val,49.279842,1.34
187,47,val,14.598690,1.35
187,48,val,53.779816,1.36
187,49,val,6.703180,1.36
187,50,val,15.493065,1.37
187,51,val,12.092344,1.38
187,52,val,7.376643,1.38
187,53,val,8.402858,1.39
187,54,val,7.370698,1.40
187,55,val,8.507488,1.40
187,56,val,8.266611,1.41
187,57,val,13.056345,1.42
187,58,val,10.807615,1.42
187,59,val,11.754263,1.43
187,60,val,29.032995,1.44
187,61,val,14.817360,1.44
187,62,val,7.814083,1.45
187,63,val,22.599419,1.46
187,64,val,5.606917,1.47
187,65,val,58.444733,1.48
187,66,val,16.085640,1.48
187,67,val,6.770803,1.49
187,68,val,45.739803,1.49
187,69,val,12.519347,1.50
187,70,val,37.680054,1.51
187,71,val,71.351868,1.51
187,72,val,10.745373,1.52
187,73,val,7.813426,1.53
187,74,val,30.141781,1.53
187,75,val,13.260891,1.54
187,76,val,16.043760,1.54
187,77,val,7.920137,1.55
187,78,val,8.779254,1.55
187,79,val,17.660521,1.56
188,0,train,13.306136,0.11
188,1,train,13.921354,0.14
188,2,train,7.655774,0.16
188,3,train,7.826249,0.19
188,4,train,7.494720,0.21
188,5,train,7.956470,0.25
188,6,train,6.701394,0.28
188,7,train,7.661379,0.31
188,8,train,16.852268,0.34
188,9,train,11.199461,0.38
188,10,train,11.204138,0.42
188,11,train,6.037343,0.45
188,12,train,11.685474,0.48
188,13,train,8.717837,0.50
188,14,train,9.811640,0.54
188,15,train,12.517212,0.57
188,16,train,7.630594,0.60
188,17,train,7.026013,0.62
188,18,train,15.172022,0.65
188,19,train,14.837525,0.67
188,20,train,10.884466,0.70
188,21,train,12.847528,0.73
188,22,train,13.636984,0.75
188,23,train,12.305005,0.78
188,24,train,9.030005,0.81
188,25,train,5.107718,0.84
188,26,train,11.738091,0.86
188,27,train,14.431734,0.88
188,28,train,8.294456,0.91
188,29,train,11.562396,0.94
188,0,val,27.816910,1.06
188,1,val,13.419971,1.06
188,2,val,11.678396,1.07
188,3,val,9.166269,1.08
188,4,val,13.060911,1.08
188,5,val,18.562586,1.10
188,6,val,13.276732,1.10
188,7,val,20.776121,1.11
188,8,val,49.092674,1.12
188,9,val,28.003391,1.12
188,10,val,35.696625,1.13
188,11,val,12.054244,1.13
188,12,val,6.334648,1.14
188,13,val,26.930550,1.15
188,14,val,7.348029,1.15
188,15,val,8.591687,1.16
188,16,val,25.520748,1.17
188,17,val,50.828243,1.17
188,18,val,14.187481,1.18
188,19,val,22.909470,1.19
188,20,val,17.957916,1.20
188,21,val,6.400268,1.21
188,22,val,17.656303,1.22
188,23,val,16.343437,1.22
188,24,val,31.515514,1.23
188,25,val,35.051643,1.24
188,26,val,9.739187,1.24
188,27,val,13.682766,1.25
188,28,val,7.824165,1.26
188,29,val,14.701610,1.26
188,30,val,3.178181,1.27
188,31,val,22.440174,1.27
188,32,val,24.098209,1.28
188,33,val,10.567325,1.29
188,34,val,5.802157,1.30
188,35,val,12.062091,1.30
188,36,val,16.748722,1.31
188,37,val,18.707644,1.32
188,38,val,13.761722,1.32
188,39,val,31.454191,1.33
188,40,val,32.638683,1.34
188,41,val,8.565019,1.34
188,42,val,16.162773,1.35
188,43,val,9.685256,1.36
188,44,val,58.667969,1.36
188,45,val,23.764296,1.37
188,46,val,50.435852,1.38
188,47,val,14.615410,1.38
188,48,val,49.699646,1.39
188,49,val,7.568830,1.40
188,50,val,12.433070,1.41
188,51,val,11.909228,1.41
188,52,val,8.386498,1.42
188,53,val,7.891029,1.43
188,54,val,7.864871,1.43
188,55,val,22.070438,1.44
188,56,val,15.898598,1.45
188,57,val,12.204294,1.45
188,58,val,15.788265,1.46
188,59,val,12.454628,1.47
188,60,val,28.519619,1.47
188,61,val,35.725689,1.48
188,62,val,7.724864,1.48
188,63,val,22.335632,1.49
188,64,val,5.739176,1.50
188,65,val,85.241867,1.51
188,66,val,14.716320,1.51
188,67,val,13.220093,1.52
188,68,val,45.993004,1.53
188,69,val,12.094446,1.53
188,70,val,38.141678,1.54
188,71,val,64.246918,1.55
188,72,val,11.002937,1.56
188,73,val,7.008298,1.57
188,74,val,30.114620,1.58
188,75,val,13.550124,1.59
188,76,val,13.502884,1.59
188,77,val,7.869789,1.60
188,78,val,9.174666,1.61
188,79,val,21.157679,1.61
189,0,train,8.423418,0.12
189,1,train,8.207983,0.16
189,2,train,9.852486,0.18
189,3,train,9.433045,0.21
189,4,train,9.338726,0.23
189,5,train,9.643675,0.26
189,6,train,11.552698,0.29
189,7,train,10.389873,0.31
189,8,train,11.230115,0.34
189,9,train,15.123457,0.37
189,10,train,10.540318,0.39
189,11,train,7.051736,0.42
189,12,train,8.508430,0.44
189,13,train,16.547472,0.47
189,14,train,10.654311,0.50
189,15,train,6.883986,0.53
189,16,train,11.460627,0.55
189,17,train,11.209233,0.58
189,18,train,9.596322,0.61
189,19,train,12.376129,0.63
189,20,train,16.105848,0.66
189,21,train,15.222319,0.69
189,22,train,6.124177,0.71
189,23,train,12.831109,0.73
189,24,train,8.476019,0.76
189,25,train,10.781252,0.79
189,26,train,8.832619,0.81
189,27,train,10.693163,0.83
189,28,train,12.191174,0.86
189,29,train,8.265660,0.88
189,0,val,19.434597,1.02
189,1,val,13.275839,1.02
189,2,val,11.518954,1.04
189,3,val,9.550804,1.04
189,4,val,12.533165,1.05
189,5,val,55.191429,1.06
189,6,val,13.030912,1.07
189,7,val,13.437433,1.07
189,8,val,71.341087,1.08
189,9,val,30.820395,1.09
189,10,val,34.083946,1.09
189,11,val,12.582129,1.10
189,12,val,5.874246,1.11
189,13,val,23.772247,1.11
189,14,val,7.328619,1.12
189,15,val,8.539512,1.13
189,16,val,23.347458,1.14
189,17,val,47.456890,1.14
189,18,val,24.642693,1.15
189,19,val,22.751217,1.16
189,20,val,15.685217,1.17
189,21,val,6.131361,1.17
189,22,val,14.044665,1.18
189,23,val,16.826710,1.18
189,24,val,29.816490,1.19
189,25,val,32.676788,1.20
189,26,val,9.626189,1.20
189,27,val,13.983348,1.21
189,28,val,10.919940,1.22
189,29,val,10.034546,1.22
189,30,val,3.995208,1.23
189,31,val,22.472656,1.24
189,32,val,12.146507,1.25
189,33,val,7.793649,1.25
189,34,val,5.058810,1.26
189,35,val,11.946081,1.27
189,36,val,16.299866,1.27
189,37,val,13.918880,1.28
189,38,val,13.734230,1.29
189,39,val,31.470417,1.29
189,40,val,23.718456,1.30
189,41,val,8.709727,1.31
189,42,val,15.671782,1.31
189,43,val,26.636946,1.32
189,44,val,60.009384,1.33
189,45,val,23.188934,1.33
189,46,val,51.430206,1.34
189,47,val,14.275943,1.35
189,48,val,48.577446,1.36
189,49,val,8.133677,1.37
189,50,val,11.897304,1.37
189,51,val,29.337599,1.38
189,52,val,6.903564,1.39
189,53,val,7.682508,1.39
189,54,val,7.641414,1.40
189,55,val,13.832523,1.41
189,56,val,8.616821,1.41
189,57,val,13.849494,1.42
189,58,val,11.183250,1.43
189,59,val,13.608763,1.43
189,60,val,25.838409,1.44
189,61,val,15.241051,1.45
189,62,val,8.551665,1.46
189,63,val,22.466558,1.46
189,64,val,7.455900,1.47
189,65,val,58.527885,1.48
189,66,val,15.799141,1.48
189,67,val,6.778921,1.49
189,68,val,67.827362,1.50
189,69,val,14.484781,1.50
189,70,val,38.307350,1.51
189,71,val,62.953194,1.52
189,72,val,10.734489,1.52
189,73,val,6.869480,1.53
189,74,val,52.900692,1.54
189,75,val,12.945036,1.55
189,76,val,40.770130,1.56
189,77,val,7.657285,1.56
189,78,val,9.375224,1.56
189,79,val,19.482704,1.57
190,0,train,8.901772,0.11
190,1,train,12.888603,0.15
190,2,train,9.994316,0.22
190,3,train,8.492743,0.26
190,4,train,5.326885,0.28
190,5,train,11.932356,0.31
190,6,train,6.814552,0.34
190,7,train,8.178385,0.37
190,8,train,12.043604,0.39
190,9,train,9.281750,0.42
190,10,train,5.921957,0.44
190,11,train,6.011690,0.48
190,12,train,11.509161,0.50
190,13,train,6.288386,0.53
190,14,train,7.749403,0.55
190,15,train,13.848913,0.58
190,16,train,17.408813,0.61
190,17,train,14.017277,0.63
190,18,train,7.155465,0.66
190,19,train,10.915728,0.69
190,20,train,10.293689,0.71
190,21,train,10.513922,0.74
190,22,train,9.834751,0.76
190,23,train,9.170998,0.79
190,24,train,13.017860,0.82
190,25,train,16.766018,0.84
190,26,train,13.033148,0.87
190,27,train,14.687670,0.89
190,28,train,8.806827,0.92
190,29,train,13.578963,0.94
190,0,val,8.682528,1.06
190,1,val,14.255629,1.06
190,2,val,12.186358,1.07
190,3,val,9.029438,1.08
190,4,val,11.270346,1.08
190,5,val,19.581198,1.10
190,6,val,14.191646,1.11
190,7,val,14.909991,1.11
190,8,val,49.639191,1.12
190,9,val,28.774651,1.13
190,10,val,34.390617,1.13
190,11,val,12.233442,1.14
190,12,val,7.642738,1.15
190,13,val,25.824524,1.15
190,14,val,7.200458,1.16
190,15,val,9.039921,1.17
190,16,val,24.505728,1.17
190,17,val,48.244759,1.18
190,18,val,9.829634,1.19
190,19,val,23.641525,1.20
190,20,val,16.455992,1.20
190,21,val,5.258277,1.21
190,22,val,8.441750,1.22
190,23,val,18.515594,1.23
190,24,val,29.889685,1.24
190,25,val,34.312874,1.25
190,26,val,13.603191,1.26
190,27,val,14.553501,1.26
190,28,val,9.096755,1.27
190,29,val,22.015408,1.28
190,30,val,3.090686,1.28
190,31,val,20.680637,1.29
190,32,val,12.412104,1.30
190,33,val,8.074320,1.31
190,34,val,5.332335,1.31
190,35,val,12.304419,1.32
190,36,val,15.895332,1.33
190,37,val,22.292599,1.33
190,38,val,13.006313,1.34
190,39,val,34.516922,1.35
190,40,val,23.488882,1.35
190,41,val,8.533944,1.36
190,42,val,14.930568,1.37
190,43,val,12.484527,1.37
190,44,val,57.750847,1.38
190,45,val,22.355045,1.39
190,46,val,49.995846,1.39
190,47,val,13.383656,1.40
190,48,val,48.693127,1.41
190,49,val,9.370075,1.42
190,50,val,12.619835,1.42
190,51,val,13.587069,1.43
190,52,val,7.510498,1.44
190,53,val,7.958527,1.44
190,54,val,14.578150,1.45
190,55,val,7.571209,1.46
190,56,val,8.308731,1.46
190,57,val,12.626101,1.47
190,58,val,10.572618,1.48
190,59,val,9.949794,1.48
190,60,val,29.491150,1.49
190,61,val,13.947210,1.50
190,62,val,7.496961,1.51
190,63,val,22.891739,1.51
190,64,val,5.037727,1.52
190,65,val,56.762726,1.52
190,66,val,16.380886,1.53
190,67,val,7.315589,1.54
190,68,val,45.826981,1.54
190,69,val,11.907638,1.55
190,70,val,38.323406,1.56
190,71,val,62.423702,1.56
190,72,val,12.050201,1.57
190,73,val,7.506620,1.58
190,74,val,29.000408,1.58
190,75,val,12.512667,1.59
190,76,val,13.032741,1.59
190,77,val,8.152411,1.60
190,78,val,9.639694,1.61
190,79,val,17.688351,1.61
191,0,train,9.681823,0.13
191,1,train,9.227030,0.17
191,2,train,12.299348,0.20
191,3,train,8.479322,0.23
191,4,train,7.160665,0.26
191,5,train,22.695404,0.29
191,6,train,6.163281,0.33
191,7,train,10.179966,0.36
191,8,train,11.755022,0.39
191,9,train,10.035226,0.42
191,10,train,11.549576,0.45
191,11,train,16.453331,0.48
191,12,train,8.660660,0.51
191,13,train,7.460620,0.54
191,14,train,15.217276,0.56
191,15,train,6.894298,0.59
191,16,train,7.564853,0.62
191,17,train,10.923155,0.65
191,18,train,12.025514,0.67
191,19,train,10.507334,0.70
191,20,train,12.958330,0.73
191,21,train,11.107052,0.75
191,22,train,12.441799,0.78
191,23,train,19.161106,0.80
191,24,train,9.510558,0.83
191,25,train,12.711201,0.86
191,26,train,11.076948,0.88
191,27,train,14.894587,0.90
191,28,train,15.928005,0.92
191,29,train,9.158899,0.95
191,0,val,8.697404,1.07
191,1,val,13.234507,1.08
191,2,val,11.806492,1.08
191,3,val,11.354899,1.09
191,4,val,11.777643,1.10
191,5,val,18.724775,1.11
191,6,val,13.040774,1.11
191,7,val,14.058357,1.12
191,8,val,49.770248,1.13
191,9,val,28.176357,1.13
191,10,val,33.561024,1.14
191,11,val,10.850716,1.15
191,12,val,6.144746,1.15
191,13,val,24.303082,1.16
191,14,val,7.796884,1.17
191,15,val,29.178345,1.17
191,16,val,27.880539,1.18
191,17,val,58.042522,1.18
191,18,val,9.657335,1.19
191,19,val,23.953472,1.20
191,20,val,16.842918,1.21
191,21,val,6.331203,1.22
191,22,val,7.902855,1.22
191,23,val,16.591301,1.23
191,24,val,30.724302,1.23
191,25,val,33.980957,1.24
191,26,val,9.573259,1.25
191,27,val,14.011016,1.25
191,28,val,8.811180,1.26
191,29,val,8.265572,1.27
191,30,val,3.668366,1.27
191,31,val,22.646362,1.28
191,32,val,12.865734,1.28
191,33,val,7.903010,1.29
191,34,val,4.845668,1.30
191,35,val,12.751799,1.30
191,36,val,15.807964,1.31
191,37,val,12.453630,1.32
191,38,val,12.598930,1.33
191,39,val,37.759804,1.33
191,40,val,24.645222,1.34
191,41,val,8.187891,1.35
191,42,val,18.039503,1.36
191,43,val,8.149744,1.37
191,44,val,59.012157,1.38
191,45,val,23.262589,1.40
191,46,val,64.293137,1.41
191,47,val,13.360057,1.42
191,48,val,49.555183,1.43
191,49,val,6.942205,1.45
191,50,val,12.389750,1.46
191,51,val,11.746997,1.47
191,52,val,7.301523,1.48
191,53,val,9.645079,1.49
191,54,val,8.538253,1.50
191,55,val,7.622993,1.51
191,56,val,7.896181,1.52
191,57,val,13.829501,1.53
191,58,val,11.287837,1.53
191,59,val,11.700469,1.54
191,60,val,29.486870,1.55
191,61,val,16.536957,1.56
191,62,val,34.957771,1.57
191,63,val,21.830511,1.58
191,64,val,5.765876,1.59
191,65,val,58.067120,1.60
191,66,val,14.804026,1.61
191,67,val,7.235711,1.61
191,68,val,45.847427,1.62
191,69,val,12.007879,1.63
191,70,val,37.731697,1.64
191,71,val,73.815140,1.64
191,72,val,11.556521,1.65
191,73,val,6.925643,1.67
191,74,val,36.885937,1.68
191,75,val,12.712691,1.69
191,76,val,12.717079,1.69
191,77,val,11.366683,1.70
191,78,val,9.450630,1.70
191,79,val,17.414925,1.71
192,0,train,15.761018,0.16
192,1,train,11.381411,0.20
192,2,train,19.176033,0.23
192,3,train,7.202026,0.27
192,4,train,8.810664,0.31
192,5,train,11.269542,0.34
192,6,train,18.731552,0.37
192,7,train,6.748710,0.41
192,8,train,14.632196,0.44
192,9,train,17.108173,0.47
192,10,train,12.449896,0.50
192,11,train,11.563996,0.53
192,12,train,6.762321,0.56
192,13,train,12.118790,0.60
192,14,train,12.681887,0.64
192,15,train,9.026775,0.68
192,16,train,10.916582,0.72
192,17,train,8.732412,0.76
192,18,train,10.592725,0.79
192,19,train,11.917491,0.82
192,20,train,11.783854,0.85
192,21,train,12.207086,0.88
192,22,train,7.835779,0.92
192,23,train,13.674395,0.95
192,24,train,12.032854,0.99
192,25,train,9.057611,1.01
192,26,train,9.053606,1.04
192,27,train,14.171457,1.07
192,28,train,9.288918,1.10
192,29,train,6.197485,1.12
192,0,val,9.181479,1.30
192,1,val,13.573634,1.34
192,2,val,13.172867,1.35
192,3,val,19.315050,1.36
192,4,val,12.956820,1.37
192,5,val,18.804707,1.38
192,6,val,15.156252,1.39
192,7,val,14.182254,1.39
192,8,val,57.874039,1.40
192,9,val,27.481329,1.41
192,10,val,32.890755,1.43
192,11,val,11.243301,1.44
192,12,val,10.447219,1.45
192,13,val,28.285233,1.46
192,14,val,7.445714,1.46
192,15,val,7.973663,1.47
192,16,val,27.696035,1.48
192,17,val,48.370647,1.49
192,18,val,10.122017,1.50
192,19,val,25.939537,1.50
192,20,val,16.474119,1.51
192,21,val,5.895294,1.52
192,22,val,7.576482,1.53
192,23,val,21.266739,1.54
192,24,val,33.688911,1.55
192,25,val,33.221527,1.56
192,26,val,9.231440,1.57
192,27,val,14.099822,1.57
192,28,val,8.342318,1.58
192,29,val,9.851265,1.59
192,30,val,4.652212,1.60
192,31,val,20.803740,1.61
192,32,val,11.841322,1.61
192,33,val,8.168276,1.63
192,34,val,4.941604,1.64
192,35,val,11.652140,1.64
192,36,val,16.721540,1.65
192,37,val,12.131107,1.66
192,38,val,14.075716,1.67
192,39,val,32.097450,1.68
192,40,val,23.971375,1.68
192,41,val,7.923400,1.69
192,42,val,16.079914,1.70
192,43,val,21.538908,1.71
192,44,val,58.604927,1.72
192,45,val,22.226171,1.73
192,46,val,53.842876,1.74
192,47,val,35.206951,1.75
192,48,val,48.963341,1.76
192,49,val,6.600459,1.77
192,50,val,10.691020,1.78
192,51,val,12.319354,1.78
192,52,val,7.726003,1.79
192,53,val,8.072712,1.80
192,54,val,8.243116,1.81
192,55,val,7.847711,1.82
192,56,val,9.640975,1.83
192,57,val,12.417000,1.84
192,58,val,10.430696,1.85
192,59,val,10.474634,1.86
192,60,val,26.779577,1.87
192,61,val,14.118216,1.87
192,62,val,8.035925,1.88
192,63,val,27.341026,1.89
192,64,val,5.783455,1.90
192,65,val,81.388741,1.91
192,66,val,14.466137,1.92
192,67,val,8.445164,1.93
192,68,val,46.438210,1.94
192,69,val,14.042913,1.95
192,70,val,40.454021,1.96
192,71,val,65.418076,1.97
192,72,val,10.504091,1.98
192,73,val,12.290530,1.98
192,74,val,32.617634,1.99
192,75,val,12.361430,2.00
192,76,val,14.190214,2.00
192,77,val,8.507252,2.01
192,78,val,9.068029,2.01
192,79,val,18.135712,2.02
193,0,train,8.193895,0.15
193,1,train,12.311161,0.20
193,2,train,16.677906,0.23
193,3,train,15.713120,0.26
193,4,train,11.356689,0.29
193,5,train,8.738034,0.33
193,6,train,7.179936,0.36
193,7,train,13.502965,0.39
193,8,train,9.030925,0.43
193,9,train,9.090857,0.53
193,10,train,11.915734,0.59
193,11,train,11.518933,0.63
193,12,train,9.441830,0.67
193,13,train,5.838234,0.70
193,14,train,7.241688,0.75
193,15,train,16.524780,0.80
193,16,train,6.538889,0.84
193,17,train,13.568745,0.88
193,18,train,9.080254,0.91
193,19,train,9.833433,0.94
193,20,train,10.986242,0.98
193,21,train,16.431305,1.01
193,22,train,11.844288,1.05
193,23,train,8.305128,1.08
193,24,train,8.113699,1.12
193,25,train,10.177491,1.15
193,26,train,10.675512,1.19
193,27,train,14.338761,1.21
193,28,train,9.877353,1.24
193,29,train,8.425673,1.26
193,0,val,9.954604,1.46
193,1,val,13.476684,1.48
193,2,val,13.286544,1.49
193,3,val,13.134336,1.50
193,4,val,16.067730,1.51
193,5,val,18.214031,1.51
193,6,val,13.214935,1.52
193,7,val,16.607016,1.53
193,8,val,52.859375,1.54
193,9,val,27.860180,1.55
193,10,val,33.415886,1.56
193,11,val,14.602983,1.56
193,12,val,27.867575,1.58
193,13,val,23.605053,1.59
193,14,val,7.638353,1.60
193,15,val,7.751998,1.60
193,16,val,28.289991,1.61
193,17,val,46.587856,1.62
193,18,val,10.036307,1.63
193,19,val,25.543961,1.63
193,20,val,15.971153,1.64
193,21,val,5.472829,1.65
193,22,val,8.360168,1.66
193,23,val,16.851048,1.67
193,24,val,29.681799,1.69
193,25,val,33.205902,1.70
193,26,val,10.276965,1.70
193,27,val,31.307804,1.71
193,28,val,7.863251,1.73
193,29,val,8.116783,1.74
193,30,val,6.013882,1.75
193,31,val,19.798483,1.76
193,32,val,11.194349,1.77
193,33,val,8.366429,1.78
193,34,val,19.636715,1.79
193,35,val,11.114521,1.80
193,36,val,16.888876,1.81
193,37,val,12.092413,1.82
193,38,val,27.285568,1.83
193,39,val,34.920799,1.84
193,40,val,24.196507,1.85
193,41,val,9.197125,1.86
193,42,val,15.937319,1.87
193,43,val,8.290446,1.88
193,44,val,60.192333,1.89
193,45,val,22.541435,1.90
193,46,val,50.672852,1.91
193,47,val,14.008074,1.92
193,48,val,48.291718,1.93
193,49,val,6.737339,1.94
193,50,val,12.089134,1.95
193,51,val,12.248240,1.95
193,52,val,7.211994,1.96
193,53,val,9.276101,1.97
193,54,val,7.569435,1.98
193,55,val,10.568706,1.99
193,56,val,8.347197,2.00
193,57,val,13.462692,2.01
193,58,val,11.309904,2.02
193,59,val,12.384058,2.02
193,60,val,26.896931,2.03
193,61,val,14.159796,2.04
193,62,val,7.420292,2.05
193,63,val,22.091225,2.06
193,64,val,6.554582,2.06
193,65,val,58.170403,2.07
193,66,val,14.165855,2.08
193,67,val,6.375164,2.09
193,68,val,50.733364,2.10
193,69,val,11.670588,2.11
193,70,val,43.360535,2.12
193,71,val,61.285412,2.13
193,72,val,10.526389,2.13
193,73,val,6.379139,2.14
193,74,val,31.252630,2.15
193,75,val,13.246478,2.16
193,76,val,12.477692,2.17
193,77,val,8.193716,2.18
193,78,val,15.598732,2.19
193,79,val,17.131411,2.20
194,0,train,19.799259,0.14
194,1,train,16.544495,0.19
194,2,train,8.979406,0.23
194,3,train,7.714162,0.26
194,4,train,8.635062,0.34
194,5,train,16.283216,0.39
194,6,train,17.655544,0.43
194,7,train,9.447876,0.46
194,8,train,10.171932,0.48
194,9,train,11.336673,0.50
194,10,train,10.988000,0.54
194,11,train,11.240256,0.56
194,12,train,20.670891,0.59
194,13,train,10.664764,0.61
194,14,train,10.003359,0.65
194,15,train,11.777306,0.68
194,16,train,10.958788,0.70
194,17,train,9.992674,0.73
194,18,train,13.976592,0.76
194,19,train,10.546607,0.79
194,20,train,8.028125,0.81
194,21,train,11.482018,0.84
194,22,train,19.057095,0.87
194,23,train,12.155046,0.89
194,24,train,10.001253,0.92
194,25,train,6.775924,0.94
194,26,train,6.223197,0.97
194,27,train,9.104107,1.00
194,28,train,8.491717,1.02
194,29,train,8.803327,1.04
194,0,val,9.061760,1.20
194,1,val,13.596264,1.22
194,2,val,12.063930,1.23
194,3,val,9.228739,1.24
194,4,val,14.377546,1.25
194,5,val,19.085049,1.26
194,6,val,14.811020,1.28
194,7,val,14.255984,1.29
194,8,val,52.583126,1.30
194,9,val,40.440746,1.31
194,10,val,44.317261,1.32
194,11,val,11.524529,1.32
194,12,val,5.998590,1.33
194,13,val,24.646252,1.34
194,14,val,11.986515,1.34
194,15,val,8.019566,1.35
194,16,val,24.461987,1.36
194,17,val,68.041000,1.36
194,18,val,12.282433,1.37
194,19,val,21.844223,1.38
194,20,val,16.033398,1.39
194,21,val,5.761668,1.39
194,22,val,7.983237,1.40
194,23,val,17.088497,1.41
194,24,val,30.142141,1.42
194,25,val,34.981003,1.43
194,26,val,10.852695,1.43
194,27,val,13.152583,1.44
194,28,val,8.004378,1.45
194,29,val,9.817415,1.45
194,30,val,8.068604,1.46
194,31,val,20.079384,1.47
194,32,val,12.930952,1.47
194,33,val,13.468246,1.48
194,34,val,7.537559,1.49
194,35,val,22.004349,1.49
194,36,val,16.147882,1.50
194,37,val,47.465935,1.51
194,38,val,13.422268,1.52
194,39,val,30.239624,1.52
194,40,val,23.671265,1.53
194,41,val,8.107685,1.54
194,42,val,18.492977,1.55
194,43,val,7.868540,1.55
194,44,val,59.672710,1.56
194,45,val,21.706985,1.57
194,46,val,48.278271,1.58
194,47,val,14.274288,1.58
194,48,val,50.593029,1.59
194,49,val,11.238846,1.60
194,50,val,11.454745,1.60
194,51,val,12.153633,1.61
194,52,val,9.600364,1.62
194,53,val,8.596008,1.63
194,54,val,8.448034,1.63
194,55,val,8.732773,1.64
194,56,val,8.312960,1.65
194,57,val,17.598942,1.65
194,58,val,10.867496,1.66
194,59,val,10.585926,1.67
194,60,val,27.045925,1.68
194,61,val,14.508173,1.69
194,62,val,7.353613,1.70
194,63,val,25.843359,1.71
194,64,val,12.445726,1.71
194,65,val,56.329556,1.72
194,66,val,14.091651,1.73
194,67,val,9.671867,1.74
194,68,val,45.164131,1.75
194,69,val,11.289785,1.75
194,70,val,37.749687,1.76
194,71,val,60.716442,1.77
194,72,val,11.419981,1.78
194,73,val,6.699762,1.79
194,74,val,29.068630,1.80
194,75,val,13.090752,1.81
194,76,val,12.097545,1.82
194,77,val,7.524007,1.82
194,78,val,9.775875,1.84
194,79,val,17.374739,1.85
195,0,train,10.641858,0.13
195,1,train,16.141464,0.16
195,2,train,13.182640,0.19
195,3,train,7.433036,0.22
195,4,train,9.527955,0.24
195,5,train,11.597046,0.27
195,6,train,10.039566,0.30
195,7,train,15.179094,0.33
195,8,train,8.591361,0.36
195,9,train,10.349283,0.39
195,10,train,14.799099,0.41
195,11,train,13.153245,0.44
195,12,train,9.523891,0.46
195,13,train,10.758107,0.50
195,14,train,12.153090,0.52
195,15,train,7.959172,0.55
195,16,train,6.561594,0.58
195,17,train,7.192615,0.63
195,18,train,13.253374,0.66
195,19,train,15.287951,0.69
195,20,train,11.209707,0.72
195,21,train,9.777149,0.76
195,22,train,10.378255,0.79
195,23,train,10.289144,0.84
195,24,train,13.354435,0.87
195,25,train,6.739383,0.91
195,26,train,13.632504,0.94
195,27,train,9.145831,0.97
195,28,train,11.165338,1.00
195,29,train,5.266984,1.03
195,0,val,9.289984,1.19
195,1,val,13.170466,1.21
195,2,val,13.146748,1.23
195,3,val,9.599011,1.24
195,4,val,12.065762,1.25
195,5,val,18.545704,1.25
195,6,val,13.280528,1.26
195,7,val,13.788845,1.27
195,8,val,57.132595,1.28
195,9,val,27.327225,1.29
195,10,val,32.262115,1.30
195,11,val,11.721065,1.31
195,12,val,6.066726,1.32
195,13,val,23.669500,1.33
195,14,val,7.639874,1.34
195,15,val,8.076205,1.35
195,16,val,29.822952,1.36
195,17,val,47.810143,1.36
195,18,val,11.297567,1.37
195,19,val,22.106710,1.38
195,20,val,25.760296,1.39
195,21,val,6.502063,1.40
195,22,val,7.858181,1.41
195,23,val,16.410149,1.42
195,24,val,30.071423,1.43
195,25,val,34.343052,1.44
195,26,val,9.088125,1.45
195,27,val,14.864906,1.46
195,28,val,11.567476,1.46
195,29,val,8.636953,1.47
195,30,val,4.130507,1.48
195,31,val,19.693832,1.49
195,32,val,11.769156,1.50
195,33,val,10.283067,1.51
195,34,val,4.634822,1.51
195,35,val,35.278999,1.52
195,36,val,19.566376,1.53
195,37,val,14.046412,1.54
195,38,val,13.643359,1.55
195,39,val,37.845329,1.56
195,40,val,24.100040,1.57
195,41,val,8.061773,1.58
195,42,val,15.832858,1.58
195,43,val,8.696444,1.59
195,44,val,63.953533,1.60
195,45,val,21.770416,1.61
195,46,val,55.568523,1.62
195,47,val,18.901421,1.63
195,48,val,48.793804,1.64
195,49,val,8.882414,1.65
195,50,val,28.417868,1.66
195,51,val,11.902136,1.67
195,52,val,9.027584,1.68
195,53,val,8.900000,1.68
195,54,val,13.653102,1.69
195,55,val,8.610757,1.70
195,56,val,8.528026,1.71
195,57,val,13.142314,1.72
195,58,val,10.476603,1.72
195,59,val,14.811792,1.73
195,60,val,28.950630,1.75
195,61,val,13.551653,1.76
195,62,val,7.014631,1.76
195,63,val,23.876331,1.77
195,64,val,11.054728,1.78
195,65,val,58.375954,1.79
195,66,val,14.343341,1.80
195,67,val,6.393661,1.81
195,68,val,46.992256,1.82
195,69,val,12.722471,1.83
195,70,val,42.405659,1.84
195,71,val,65.253456,1.87
195,72,val,11.498310,1.89
195,73,val,6.419729,1.90
195,74,val,30.687376,1.91
195,75,val,13.928873,1.92
195,76,val,13.367964,1.92
195,77,val,8.970205,1.93
195,78,val,8.470038,1.93
195,79,val,17.071381,1.94
196,0,train,7.498461,0.15
196,1,train,8.449453,0.19
196,2,train,9.397758,0.22
196,3,train,8.848996,0.24
196,4,train,9.408133,0.27
196,5,train,11.870399,0.31
196,6,train,8.923165,0.34
196,7,train,7.901793,0.36
196,8,train,11.054237,0.39
196,9,train,15.018912,0.42
196,10,train,7.713696,0.45
196,11,train,14.754236,0.47
196,12,train,10.685859,0.50
196,13,train,7.961163,0.53
196,14,train,9.431944,0.56
196,15,train,9.796657,0.58
196,16,train,10.016779,0.61
196,17,train,7.831241,0.64
196,18,train,18.829742,0.66
196,19,train,10.629061,0.69
196,20,train,8.823246,0.72
196,21,train,8.569265,0.75
196,22,train,13.899179,0.77
196,23,train,9.726951,0.80
196,24,train,9.148762,0.83
196,25,train,8.419434,0.87
196,26,train,8.480323,0.91
196,27,train,7.947876,0.93
196,28,train,9.592450,0.96
196,29,train,18.516451,1.00
196,0,val,9.338318,1.12
196,1,val,13.678901,1.13
196,2,val,14.298439,1.13
196,3,val,9.554918,1.14
196,4,val,11.284915,1.15
196,5,val,18.599941,1.16
196,6,val,13.811373,1.17
196,7,val,14.239585,1.17
196,8,val,57.850868,1.18
196,9,val,28.447353,1.19
196,10,val,33.051476,1.19
196,11,val,10.548919,1.20
196,12,val,5.548172,1.21
196,13,val,35.766571,1.21
196,14,val,7.237004,1.22
196,15,val,9.005510,1.23
196,16,val,24.934845,1.23
196,17,val,46.323158,1.24
196,18,val,10.082447,1.25
196,19,val,21.775043,1.26
196,20,val,24.867201,1.27
196,21,val,6.940094,1.27
196,22,val,8.375223,1.28
196,23,val,16.844088,1.29
196,24,val,29.377760,1.30
196,25,val,33.820168,1.31
196,26,val,9.403786,1.31
196,27,val,14.573527,1.32
196,28,val,8.984777,1.33
196,29,val,7.988504,1.34
196,30,val,3.826333,1.35
196,31,val,20.187880,1.35
196,32,val,20.886555,1.37
196,33,val,10.027231,1.37
196,34,val,4.792603,1.38
196,35,val,12.246765,1.39
196,36,val,21.593079,1.39
196,37,val,14.861998,1.41
196,38,val,12.770948,1.41
196,39,val,31.305824,1.42
196,40,val,23.831213,1.43
196,41,val,46.970989,1.43
196,42,val,19.212452,1.44
196,43,val,8.052676,1.45
196,44,val,59.913784,1.45
196,45,val,21.827742,1.47
196,46,val,48.524242,1.47
196,47,val,14.006660,1.48
196,48,val,48.130676,1.49
196,49,val,6.360493,1.50
196,50,val,11.655489,1.50
196,51,val,12.796440,1.51
196,52,val,8.452027,1.52
196,53,val,12.584308,1.52
196,54,val,7.291824,1.53
196,55,val,8.797744,1.54
196,56,val,9.839966,1.54
196,57,val,21.793610,1.55
196,58,val,10.892387,1.56
196,59,val,11.336138,1.57
196,60,val,29.744091,1.57
196,61,val,14.525755,1.58
196,62,val,15.600749,1.59
196,63,val,26.122227,1.59
196,64,val,6.294390,1.60
196,65,val,57.936104,1.60
196,66,val,17.546431,1.61
196,67,val,7.056373,1.62
196,68,val,45.663799,1.63
196,69,val,11.927882,1.63
196,70,val,37.714317,1.64
196,71,val,64.546921,1.64
196,72,val,11.708652,1.65
196,73,val,8.430019,1.66
196,74,val,33.535904,1.67
196,75,val,12.412964,1.68
196,76,val,14.051567,1.68
196,77,val,9.841830,1.68
196,78,val,8.861253,1.69
196,79,val,16.776159,1.69
197,0,train,21.558157,0.14
197,1,train,8.710390,0.19
197,2,train,4.832499,0.22
197,3,train,11.319654,0.24
197,4,train,7.247470,0.27
197,5,train,10.117418,0.30
197,6,train,8.946140,0.33
197,7,train,17.834515,0.35
197,8,train,12.039221,0.38
197,9,train,11.408140,0.41
197,10,train,11.671076,0.43
197,11,train,15.796831,0.46
197,12,train,19.461834,0.50
197,13,train,12.813581,0.53
197,14,train,10.033087,0.56
197,15,train,7.952961,0.59
197,16,train,10.676670,0.62
197,17,train,9.056774,0.65
197,18,train,8.479641,0.67
197,19,train,12.874044,0.70
197,20,train,10.542939,0.73
197,21,train,11.289366,0.76
197,22,train,13.757296,0.78
197,23,train,9.352289,0.81
197,24,train,11.070835,0.84
197,25,train,11.309311,0.86
197,26,train,14.858601,0.89
197,27,train,14.553886,0.91
197,28,train,10.286598,0.95
197,29,train,9.943098,0.97
197,0,val,8.587988,1.11
197,1,val,13.296081,1.11
197,2,val,13.905880,1.12
197,3,val,16.293474,1.14
197,4,val,22.494825,1.14
197,5,val,18.771248,1.15
197,6,val,15.162306,1.16
197,7,val,13.793638,1.16
197,8,val,52.050350,1.17
197,9,val,29.577026,1.17
197,10,val,32.190140,1.18
197,11,val,11.180240,1.19
197,12,val,5.475217,1.20
197,13,val,25.381729,1.21
197,14,val,8.287411,1.21
197,15,val,10.572407,1.22
197,16,val,32.723949,1.24
197,17,val,45.641068,1.25
197,18,val,33.338219,1.25
197,19,val,21.879116,1.26
197,20,val,17.500555,1.27
197,21,val,10.257186,1.27
197,22,val,8.012544,1.28
197,23,val,17.372753,1.29
197,24,val,29.899000,1.29
197,25,val,34.341812,1.30
197,26,val,8.784712,1.31
197,27,val,19.345224,1.31
197,28,val,8.109649,1.32
197,29,val,10.550261,1.33
197,30,val,3.047843,1.34
197,31,val,19.442059,1.34
197,32,val,11.845419,1.35
197,33,val,8.738717,1.36
197,34,val,5.773403,1.36
197,35,val,11.392184,1.37
197,36,val,15.681193,1.38
197,37,val,27.048389,1.39
197,38,val,16.733538,1.40
197,39,val,32.591625,1.41
197,40,val,29.868374,1.41
197,41,val,11.055308,1.42
197,42,val,19.166374,1.43
197,43,val,7.487308,1.45
197,44,val,59.554222,1.46
197,45,val,22.374561,1.46
197,46,val,49.073254,1.47
197,47,val,14.898524,1.48
197,48,val,54.798779,1.49
197,49,val,6.401609,1.50
197,50,val,11.634237,1.50
197,51,val,12.953898,1.51
197,52,val,7.449798,1.52
197,53,val,8.184803,1.53
197,54,val,8.307440,1.54
197,55,val,8.056664,1.55
197,56,val,7.884410,1.56
197,57,val,29.791639,1.56
197,58,val,12.227099,1.57
197,59,val,11.279567,1.58
197,60,val,27.143423,1.58
197,61,val,13.577766,1.59
197,62,val,6.600208,1.60
197,63,val,24.134342,1.60
197,64,val,4.522040,1.61
197,65,val,58.902115,1.62
197,66,val,14.987148,1.63
197,67,val,6.798721,1.63
197,68,val,46.384228,1.64
197,69,val,12.250908,1.65
197,70,val,57.961834,1.66
197,71,val,62.492920,1.66
197,72,val,10.179539,1.67
197,73,val,12.399364,1.68
197,74,val,28.519674,1.68
197,75,val,12.222445,1.69
197,76,val,12.400081,1.69
197,77,val,7.878563,1.70
197,78,val,9.230301,1.70
197,79,val,17.222628,1.71
198,0,train,16.855927,0.13
198,1,train,6.915018,0.16
198,2,train,8.222370,0.19
198,3,train,11.957957,0.22
198,4,train,6.957051,0.25
198,5,train,11.644773,0.28
198,6,train,10.352503,0.30
198,7,train,12.271335,0.33
198,8,train,8.912915,0.35
198,9,train,9.932974,0.38
198,10,train,5.758836,0.41
198,11,train,10.877206,0.43
198,12,train,6.385077,0.46
198,13,train,7.104226,0.49
198,14,train,8.851474,0.52
198,15,train,11.725523,0.55
198,16,train,9.445663,0.58
198,17,train,8.101778,0.60
198,18,train,7.402015,0.63
198,19,train,5.741482,0.65
198,20,train,10.788203,0.68
198,21,train,5.352018,0.71
198,22,train,11.387108,0.74
198,23,train,7.051499,0.76
198,24,train,7.525874,0.79
198,25,train,6.359783,0.82
198,26,train,7.855961,0.84
198,27,train,10.434074,0.87
198,28,train,15.878064,0.89
198,29,train,13.713667,0.92
198,0,val,9.189621,1.04
198,1,val,17.174757,1.05
198,2,val,12.790313,1.06
198,3,val,12.755061,1.06
198,4,val,11.712695,1.07
198,5,val,16.654316,1.08
198,6,val,13.831877,1.09
198,7,val,13.716796,1.10
198,8,val,50.600563,1.10
198,9,val,26.366697,1.11
198,10,val,33.258324,1.12
198,11,val,11.812735,1.12
198,12,val,6.613990,1.13
198,13,val,22.783554,1.14
198,14,val,7.939624,1.14
198,15,val,8.115032,1.15
198,16,val,24.843224,1.16
198,17,val,45.296532,1.16
198,18,val,9.509181,1.17
198,19,val,22.658840,1.17
198,20,val,18.020931,1.19
198,21,val,5.652860,1.19
198,22,val,7.775846,1.20
198,23,val,17.309963,1.21
198,24,val,38.034462,1.21
198,25,val,36.280102,1.22
198,26,val,10.133245,1.22
198,27,val,21.976730,1.23
198,28,val,9.256668,1.24
198,29,val,9.925887,1.24
198,30,val,5.078244,1.25
198,31,val,45.798813,1.26
198,32,val,13.504705,1.26
198,33,val,14.613131,1.27
198,34,val,4.809309,1.28
198,35,val,11.693577,1.29
198,36,val,16.965145,1.30
198,37,val,15.268724,1.30
198,38,val,14.296757,1.31
198,39,val,32.559868,1.32
198,40,val,22.848537,1.32
198,41,val,10.400410,1.33
198,42,val,15.936049,1.34
198,43,val,8.376708,1.34
198,44,val,57.647339,1.35
198,45,val,22.583136,1.36
198,46,val,47.881603,1.36
198,47,val,15.528021,1.37
198,48,val,48.080669,1.38
198,49,val,6.741363,1.38
198,50,val,11.570335,1.39
198,51,val,11.849777,1.40
198,52,val,6.953857,1.40
198,53,val,7.644180,1.41
198,54,val,7.094841,1.42
198,55,val,10.223352,1.42
198,56,val,11.957473,1.43
198,57,val,12.336706,1.44
198,58,val,10.581749,1.44
198,59,val,10.635521,1.45
198,60,val,25.943264,1.46
198,61,val,14.312521,1.46
198,62,val,9.091241,1.47
198,63,val,22.364189,1.47
198,64,val,4.986151,1.48
198,65,val,57.822918,1.49
198,66,val,14.524787,1.50
198,67,val,7.017249,1.51
198,68,val,48.575741,1.52
198,69,val,12.965582,1.53
198,70,val,36.097862,1.53
198,71,val,62.522717,1.54
198,72,val,10.400076,1.55
198,73,val,6.644849,1.56
198,74,val,31.074112,1.57
198,75,val,12.493178,1.57
198,76,val,13.762912,1.58
198,77,val,8.162976,1.58
198,78,val,9.496719,1.59
198,79,val,17.527292,1.60
199,0,train,10.148828,0.12
199,1,train,10.171497,0.16
199,2,train,10.334323,0.19
199,3,train,5.349707,0.21
199,4,train,10.899078,0.24
199,5,train,9.778527,0.27
199,6,train,13.287680,0.31
199,7,train,12.731129,0.34
199,8,train,7.975359,0.38
199,9,train,6.204173,0.42
199,10,train,11.238243,0.45
199,11,train,9.795128,0.49
199,12,train,7.326550,0.52
199,13,train,7.617647,0.56
199,14,train,12.689810,0.59
199,15,train,12.742815,0.63
199,16,train,5.948495,0.66
199,17,train,7.955225,0.71
199,18,train,9.470674,0.74
199,19,train,11.242177,0.77
199,20,train,15.158043,0.81
199,21,train,10.252059,0.84
199,22,train,8.551199,0.87
199,23,train,10.667463,0.91
199,24,train,14.535036,0.95
199,25,train,10.438863,0.99
199,26,train,10.415518,1.03
199,27,train,11.949849,1.05
199,28,train,10.241754,1.08
199,29,train,7.459017,1.19
199,0,val,9.409815,1.39
199,1,val,15.164943,1.41
199,2,val,12.561893,1.42
199,3,val,9.592174,1.42
199,4,val,12.671011,1.43
199,5,val,18.079147,1.44
199,6,val,13.679935,1.45
199,7,val,15.154930,1.45
199,8,val,53.460243,1.46
199,9,val,27.565079,1.47
199,10,val,31.695492,1.48
199,11,val,11.188004,1.49
199,12,val,5.697803,1.50
199,13,val,22.839222,1.51
199,14,val,7.753924,1.52
199,15,val,8.445572,1.53
199,16,val,23.576298,1.54
199,17,val,44.797592,1.55
199,18,val,13.454861,1.55
199,19,val,22.872030,1.56
199,20,val,38.801888,1.57
199,21,val,5.475818,1.58
199,22,val,8.352111,1.59
199,23,val,16.065367,1.59
199,24,val,32.174343,1.60
199,25,val,34.078854,1.62
199,26,val,9.023993,1.62
199,27,val,13.833807,1.63
199,28,val,11.202795,1.64
199,29,val,11.086787,1.65
199,30,val,3.339428,1.66
199,31,val,20.806061,1.66
199,32,val,11.603516,1.67
199,33,val,9.481230,1.68
199,34,val,5.195303,1.69
199,35,val,11.841624,1.69
199,36,val,20.311140,1.70
199,37,val,14.475880,1.72
199,38,val,14.513498,1.73
199,39,val,35.596321,1.73
199,40,val,23.231976,1.74
199,41,val,12.130199,1.75
199,42,val,14.843575,1.76
199,43,val,9.243622,1.77
199,44,val,57.084961,1.77
199,45,val,24.418087,1.78
199,46,val,49.471172,1.79
199,47,val,13.116728,1.80
199,48,val,47.930706,1.81
199,49,val,6.590760,1.82
199,50,val,11.518555,1.83
199,51,val,12.044574,1.84
199,52,val,7.561275,1.85
199,53,val,10.154956,1.86
199,54,val,7.934325,1.86
199,55,val,9.638064,1.87
199,56,val,8.202907,1.88
199,57,val,17.222685,1.89
199,58,val,10.886802,1.89
199,59,val,10.682037,1.90
199,60,val,26.740662,1.92
199,61,val,13.986918,1.93
199,62,val,7.877031,1.94
199,63,val,26.198593,1.95
199,64,val,5.628957,1.95
199,65,val,59.662865,1.96
199,66,val,14.789642,1.97
199,67,val,8.157553,1.98
199,68,val,45.494350,1.99
199,69,val,11.896355,2.00
199,70,val,48.351318,2.01
199,71,val,70.610809,2.02
199,72,val,11.210620,2.03
199,73,val,6.433307,2.04
199,74,val,31.130529,2.05
199,75,val,14.538698,2.06
199,76,val,11.991669,2.07
199,77,val,7.787540,2.08
199,78,val,8.599544,2.09
199,79,val,16.901415,2.10
200,0,train,11.701136,0.16
200,1,train,15.105345,0.21
200,2,train,9.577493,0.24
200,3,train,14.303343,0.27
200,4,train,11.915026,0.33
200,5,train,12.683908,0.36
200,6,train,6.487576,0.39
200,7,train,15.335930,0.42
200,8,train,8.236259,0.45
200,9,train,8.009862,0.48
200,10,train,11.625400,0.51
200,11,train,11.463742,0.55
200,12,train,8.264631,0.59
200,13,train,13.275148,0.63
200,14,train,14.793890,0.67
200,15,train,14.398485,0.72
200,16,train,9.049341,0.75
200,17,train,7.142035,0.79
200,18,train,15.631449,0.82
200,19,train,9.841476,0.85
200,20,train,10.469725,0.88
200,21,train,8.967914,0.92
200,22,train,13.943970,0.96
200,23,train,7.502294,0.99
200,24,train,11.375587,1.04
200,25,train,9.618678,1.07
200,26,train,11.335924,1.10
200,27,train,9.453026,1.13
200,28,train,10.176353,1.16
200,29,train,8.009417,1.19
200,0,val,8.477011,1.37
200,1,val,13.717051,1.39
200,2,val,12.963145,1.41
200,3,val,10.112043,1.42
200,4,val,11.699844,1.42
200,5,val,20.280792,1.43
200,6,val,13.393935,1.44
200,7,val,14.500042,1.45
200,8,val,47.821442,1.46
200,9,val,26.126593,1.46
200,10,val,30.685173,1.47
200,11,val,10.506981,1.48
200,12,val,5.776065,1.49
200,13,val,23.699240,1.49
200,14,val,7.776484,1.51
200,15,val,9.535934,1.51
200,16,val,24.324921,1.52
200,17,val,44.647240,1.53
200,18,val,9.889166,1.54
200,19,val,22.417471,1.54
200,20,val,17.020342,1.55
200,21,val,8.491107,1.56
200,22,val,8.793530,1.57
200,23,val,17.444382,1.57
200,24,val,29.480230,1.58
200,25,val,33.448929,1.59
200,26,val,9.946114,1.60
200,27,val,13.945837,1.61
200,28,val,10.098582,1.62
200,29,val,8.414240,1.63
200,30,val,3.128649,1.63
200,31,val,25.043533,1.64
200,32,val,16.652548,1.65
200,33,val,6.992414,1.66
200,34,val,4.357976,1.66
200,35,val,11.526266,1.67
200,36,val,30.687307,1.68
200,37,val,33.038971,1.69
200,38,val,12.826237,1.70
200,39,val,30.328487,1.70
200,40,val,24.594221,1.72
200,41,val,7.779335,1.73
200,42,val,15.480655,1.74
200,43,val,7.772606,1.75
200,44,val,61.008705,1.76
200,45,val,22.289684,1.77
200,46,val,48.337440,1.78
200,47,val,13.206448,1.79
200,48,val,48.550976,1.80
200,49,val,26.060322,1.80
200,50,val,45.729992,1.81
200,51,val,11.758076,1.83
200,52,val,7.555835,1.84
200,53,val,9.733806,1.84
200,54,val,7.872347,1.85
200,55,val,8.183502,1.86
200,56,val,7.838981,1.87
200,57,val,19.706478,1.88
200,58,val,11.965705,1.89
200,59,val,15.603727,1.90
200,60,val,26.784576,1.91
200,61,val,15.465248,1.91
200,62,val,7.298613,1.92
200,63,val,24.957701,1.93
200,64,val,4.884713,1.94
200,65,val,57.932899,1.95
200,66,val,18.286947,1.96
200,67,val,8.244987,1.96
200,68,val,44.012421,1.97
200,69,val,12.230528,1.98
200,70,val,34.974968,1.99
200,71,val,60.568020,1.99
200,72,val,10.655519,2.00
200,73,val,6.742675,2.01
200,74,val,28.850780,2.02
200,75,val,12.784404,2.04
200,76,val,12.917872,2.04
200,77,val,10.514317,2.05
200,78,val,8.668285,2.05
200,79,val,16.453817,2.06
201,0,train,6.308455,0.16
201,1,train,12.836640,0.21
201,2,train,6.098361,0.24
201,3,train,12.255981,0.27
201,4,train,9.741628,0.31
201,5,train,8.439505,0.34
201,6,train,5.686216,0.37
201,7,train,10.843743,0.40
201,8,train,15.114012,0.44
201,9,train,8.489316,0.48
201,10,train,6.422603,0.52
201,11,train,10.641008,0.56
201,12,train,7.891607,0.59
201,13,train,7.278637,0.63
201,14,train,14.968103,0.68
201,15,train,8.334842,0.72
201,16,train,9.546157,0.75
201,17,train,10.088813,0.78
201,18,train,5.896798,0.82
201,19,train,9.910734,0.86
201,20,train,6.568205,0.90
201,21,train,8.924151,0.93
201,22,train,9.531073,0.95
201,23,train,11.323231,0.98
201,24,train,8.583927,1.00
201,25,train,8.491741,1.03
201,26,train,10.288000,1.05
201,27,train,13.710291,1.07
201,28,train,11.846903,1.09
201,29,train,11.036325,1.12
201,0,val,9.302854,1.25
201,1,val,13.443567,1.25
201,2,val,13.999507,1.26
201,3,val,9.077486,1.28
201,4,val,13.029514,1.29
201,5,val,17.456341,1.29
201,6,val,13.148542,1.30
201,7,val,16.688864,1.31
201,8,val,46.944916,1.32
201,9,val,26.920727,1.32
201,10,val,31.050320,1.33
201,11,val,11.462019,1.34
201,12,val,6.400953,1.35
201,13,val,23.583088,1.35
201,14,val,7.626522,1.36
201,15,val,8.708229,1.37
201,16,val,27.046331,1.38
201,17,val,47.989578,1.39
201,18,val,9.896415,1.39
201,19,val,22.084568,1.40
201,20,val,17.262814,1.40
201,21,val,6.137485,1.41
201,22,val,8.282261,1.42
201,23,val,16.165386,1.42
201,24,val,32.507225,1.43
201,25,val,38.190071,1.44
201,26,val,9.317918,1.44
201,27,val,13.379348,1.45
201,28,val,8.186192,1.46
201,29,val,9.081101,1.46
201,30,val,2.923265,1.47
201,31,val,20.470901,1.48
201,32,val,12.831369,1.49
201,33,val,8.272140,1.50
201,34,val,4.564715,1.51
201,35,val,10.831328,1.51
201,36,val,15.399277,1.52
201,37,val,12.196806,1.53
201,38,val,13.639172,1.53
201,39,val,29.163647,1.54
201,40,val,23.269585,1.54
201,41,val,8.712685,1.55
201,42,val,14.982964,1.56
201,43,val,7.686605,1.56
201,44,val,57.813656,1.57
201,45,val,21.789059,1.58
201,46,val,49.481514,1.59
201,47,val,14.866486,1.59
201,48,val,48.184063,1.60
201,49,val,7.182648,1.61
201,50,val,12.177166,1.61
201,51,val,11.891685,1.62
201,52,val,10.957851,1.63
201,53,val,8.421988,1.63
201,54,val,7.171997,1.64
201,55,val,8.676929,1.65
201,56,val,7.924362,1.65
201,57,val,13.423738,1.66
201,58,val,10.382815,1.66
201,59,val,10.275638,1.67
201,60,val,27.076748,1.68
201,61,val,14.452496,1.69
201,62,val,7.848929,1.70
201,63,val,22.320175,1.70
201,64,val,5.796414,1.71
201,65,val,57.422676,1.72
201,66,val,14.848593,1.73
201,67,val,7.253633,1.74
201,68,val,55.080215,1.75
201,69,val,13.269438,1.76
201,70,val,33.594681,1.76
201,71,val,61.670696,1.77
201,72,val,13.786883,1.78
201,73,val,10.433376,1.78
201,74,val,31.346504,1.79
201,75,val,28.549393,1.80
201,76,val,13.545250,1.80
201,77,val,8.951365,1.81
201,78,val,8.283872,1.81
201,79,val,16.695322,1.82
202,0,train,11.359000,0.14
202,1,train,9.916084,0.17
202,2,train,11.082514,0.20
202,3,train,9.805649,0.23
202,4,train,11.519262,0.26
202,5,train,10.964815,0.29
202,6,train,9.317101,0.32
202,7,train,13.765306,0.35
202,8,train,8.575920,0.38
202,9,train,10.895205,0.41
202,10,train,6.614889,0.43
202,11,train,11.367084,0.46
202,12,train,8.089988,0.49
202,13,train,8.114438,0.52
202,14,train,8.371882,0.55
202,15,train,5.572386,0.58
202,16,train,13.138012,0.61
202,17,train,14.915648,0.64
202,18,train,9.096347,0.66
202,19,train,10.071066,0.69
202,20,train,11.463283,0.71
202,21,train,12.711443,0.74
202,22,train,7.757550,0.77
202,23,train,14.707525,0.79
202,24,train,11.616131,0.82
202,25,train,11.547256,0.85
202,26,train,12.919152,0.87
202,27,train,12.237533,0.89
202,28,train,7.483158,0.92
202,29,train,11.042336,0.94
202,0,val,18.728689,1.06
202,1,val,13.201625,1.06
202,2,val,13.712360,1.07
202,3,val,22.832729,1.08
202,4,val,14.589828,1.08
202,5,val,19.341146,1.09
202,6,val,14.820094,1.10
202,7,val,13.976868,1.11
202,8,val,57.407387,1.12
202,9,val,28.869549,1.12
202,10,val,33.201645,1.13
202,11,val,12.042265,1.14
202,12,val,5.932657,1.14
202,13,val,24.043243,1.15
202,14,val,21.950413,1.15
202,15,val,13.351458,1.16
202,16,val,23.680174,1.17
202,17,val,44.667435,1.17
202,18,val,10.542597,1.18
202,19,val,27.676085,1.19
202,20,val,17.131392,1.19
202,21,val,5.584506,1.20
202,22,val,8.818644,1.21
202,23,val,16.606522,1.22
202,24,val,29.050190,1.22
202,25,val,35.716377,1.23
202,26,val,9.040818,1.23
202,27,val,13.810019,1.24
202,28,val,9.913864,1.25
202,29,val,9.000026,1.25
202,30,val,3.309568,1.26
202,31,val,21.584103,1.27
202,32,val,13.880432,1.27
202,33,val,8.714965,1.28
202,34,val,4.949486,1.29
202,35,val,36.452816,1.29
202,36,val,16.687733,1.30
202,37,val,11.726109,1.31
202,38,val,13.503966,1.32
202,39,val,31.553280,1.32
202,40,val,23.793356,1.33
202,41,val,8.465153,1.34
202,42,val,16.223778,1.34
202,43,val,7.700428,1.35
202,44,val,67.550331,1.36
202,45,val,23.321486,1.36
202,46,val,49.939629,1.37
202,47,val,18.467564,1.37
202,48,val,48.583431,1.38
202,49,val,32.993786,1.39
202,50,val,13.685944,1.39
202,51,val,11.630478,1.40
202,52,val,8.363437,1.41
202,53,val,9.077330,1.42
202,54,val,9.307714,1.43
202,55,val,8.519977,1.44
202,56,val,9.344836,1.44
202,57,val,11.553879,1.45
202,58,val,11.065374,1.45
202,59,val,10.636989,1.46
202,60,val,27.171719,1.47
202,61,val,14.487324,1.47
202,62,val,7.093490,1.48
202,63,val,22.597034,1.49
202,64,val,5.540231,1.49
202,65,val,59.333935,1.50
202,66,val,15.266326,1.50
202,67,val,7.833726,1.52
202,68,val,44.109219,1.52
202,69,val,11.533888,1.53
202,70,val,41.629395,1.54
202,71,val,63.776909,1.54
202,72,val,11.759529,1.55
202,73,val,6.868410,1.55
202,74,val,40.172188,1.56
202,75,val,12.131475,1.57
202,76,val,18.608440,1.57
202,77,val,7.473466,1.57
202,78,val,8.301291,1.58
202,79,val,16.391329,1.58
203,0,train,8.507761,0.11
203,1,train,11.019438,0.14
203,2,train,11.371387,0.17
203,3,train,12.674748,0.20
203,4,train,8.123857,0.22
203,5,train,11.681094,0.25
203,6,train,6.757895,0.28
203,7,train,5.422936,0.30
203,8,train,6.814627,0.33
203,9,train,7.611071,0.36
203,10,train,11.959015,0.38
203,11,train,15.036112,0.41
203,12,train,12.666512,0.43
203,13,train,12.915786,0.46
203,14,train,10.781078,0.49
203,15,train,9.812518,0.51
203,16,train,12.371184,0.54
203,17,train,12.006074,0.56
203,18,train,13.532764,0.59
203,19,train,9.335772,0.61
203,20,train,16.456049,0.64
203,21,train,11.295784,0.67
203,22,train,6.997366,0.69
203,23,train,12.529529,0.72
203,24,train,7.095180,0.74
203,25,train,13.504930,0.77
203,26,train,8.983539,0.80
203,27,train,6.979561,0.82
203,28,train,11.110978,0.84
203,29,train,10.059834,0.86
203,0,val,9.952414,0.99
203,1,val,13.230116,1.00
203,2,val,11.701046,1.01
203,3,val,11.345844,1.01
203,4,val,11.110788,1.03
203,5,val,18.273151,1.04
203,6,val,17.116722,1.05
203,7,val,14.121702,1.05
203,8,val,56.072479,1.06
203,9,val,30.524895,1.07
203,10,val,30.469450,1.07
203,11,val,10.681862,1.08
203,12,val,8.085035,1.09
203,13,val,24.527060,1.09
203,14,val,7.251764,1.10
203,15,val,8.893187,1.11
203,16,val,25.483597,1.11
203,17,val,44.670403,1.13
203,18,val,11.241941,1.13
203,19,val,23.706160,1.14
203,20,val,18.770758,1.14
203,21,val,6.386395,1.15
203,22,val,8.364740,1.16
203,23,val,15.957973,1.17
203,24,val,28.455740,1.17
203,25,val,35.137753,1.18
203,26,val,9.160260,1.19
203,27,val,13.828391,1.20
203,28,val,9.955550,1.21
203,29,val,8.914696,1.21
203,30,val,3.264985,1.22
203,31,val,21.108894,1.24
203,32,val,13.260786,1.25
203,33,val,9.622679,1.26
203,34,val,5.020932,1.26
203,35,val,11.478404,1.27
203,36,val,14.987727,1.28
203,37,val,11.754336,1.29
203,38,val,19.558361,1.30
203,39,val,31.028851,1.31
203,40,val,33.015511,1.32
203,41,val,50.930939,1.32
203,42,val,20.895908,1.34
203,43,val,7.792358,1.35
203,44,val,59.761475,1.35
203,45,val,21.886747,1.36
203,46,val,49.793289,1.37
203,47,val,15.273922,1.38
203,48,val,50.346390,1.39
203,49,val,6.804751,1.39
203,50,val,12.426387,1.40
203,51,val,13.126139,1.40
203,52,val,8.274395,1.41
203,53,val,9.263428,1.42
203,54,val,7.589376,1.42
203,55,val,8.542583,1.43
203,56,val,8.425371,1.44
203,57,val,13.208082,1.45
203,58,val,10.601200,1.45
203,59,val,13.163267,1.46
203,60,val,28.207096,1.47
203,61,val,13.860973,1.48
203,62,val,8.160358,1.48
203,63,val,23.380287,1.49
203,64,val,6.334293,1.49
203,65,val,60.987045,1.50
203,66,val,16.783497,1.51
203,67,val,8.550857,1.51
203,68,val,44.516140,1.52
203,69,val,11.452621,1.53
203,70,val,41.447365,1.53
203,71,val,62.440777,1.54
203,72,val,13.008572,1.55
203,73,val,6.678546,1.56
203,74,val,30.893906,1.56
203,75,val,13.928027,1.57
203,76,val,13.701860,1.57
203,77,val,9.419895,1.58
203,78,val,8.394059,1.58
203,79,val,32.135399,1.59
204,0,train,16.610979,0.17
204,1,train,10.475170,0.20
204,2,train,7.103460,0.23
204,3,train,8.091322,0.25
204,4,train,8.297077,0.28
204,5,train,8.700826,0.31
204,6,train,7.103452,0.34
204,7,train,10.691291,0.36
204,8,train,15.945715,0.39
204,9,train,9.830644,0.43
204,10,train,6.522511,0.46
204,11,train,10.991778,0.49
204,12,train,10.104815,0.52
204,13,train,11.512547,0.55
204,14,train,13.311501,0.57
204,15,train,8.205443,0.60
204,16,train,8.770761,0.63
204,17,train,9.616255,0.65
204,18,train,12.288725,0.68
204,19,train,6.529292,0.70
204,20,train,6.175722,0.73
204,21,train,15.111179,0.75
204,22,train,8.774939,0.78
204,23,train,8.701056,0.80
204,24,train,13.600976,0.83
204,25,train,9.146321,0.86
204,26,train,6.854674,0.88
204,27,train,10.304283,0.91
204,28,train,8.892627,0.94
204,29,train,11.835819,0.97
204,0,val,9.053232,1.13
204,1,val,17.668264,1.14
204,2,val,12.686241,1.15
204,3,val,9.506335,1.16
204,4,val,11.672441,1.17
204,5,val,26.861038,1.17
204,6,val,15.066187,1.18
204,7,val,14.316917,1.19
204,8,val,48.605118,1.19
204,9,val,28.415421,1.20
204,10,val,30.257973,1.21
204,11,val,11.601634,1.21
204,12,val,6.205851,1.22
204,13,val,23.624510,1.22
204,14,val,7.259399,1.23
204,15,val,8.347245,1.24
204,16,val,24.721127,1.24
204,17,val,44.035992,1.26
204,18,val,10.234690,1.26
204,19,val,24.849899,1.27
204,20,val,18.037645,1.28
204,21,val,5.824117,1.28
204,22,val,8.174660,1.29
204,23,val,17.740635,1.30
204,24,val,28.790375,1.31
204,25,val,34.703224,1.31
204,26,val,10.434295,1.32
204,27,val,15.236206,1.32
204,28,val,9.437863,1.33
204,29,val,8.256335,1.34
204,30,val,3.620053,1.34
204,31,val,19.861877,1.35
204,32,val,12.442688,1.36
204,33,val,8.892679,1.37
204,34,val,6.430641,1.38
204,35,val,12.607672,1.39
204,36,val,16.507263,1.40
204,37,val,12.666861,1.40
204,38,val,13.105719,1.41
204,39,val,30.483109,1.41
204,40,val,24.812187,1.42
204,41,val,8.769788,1.43
204,42,val,16.261707,1.43
204,43,val,34.085724,1.45
204,44,val,57.205208,1.46
204,45,val,23.458950,1.47
204,46,val,47.899567,1.48
204,47,val,17.835993,1.49
204,48,val,48.847275,1.49
204,49,val,6.933830,1.50
204,50,val,14.793555,1.51
204,51,val,12.878657,1.51
204,52,val,8.040258,1.52
204,53,val,8.518867,1.53
204,54,val,8.998601,1.54
204,55,val,8.357300,1.54
204,56,val,9.201206,1.55
204,57,val,13.716223,1.56
204,58,val,11.403273,1.57
204,59,val,10.747211,1.58
204,60,val,29.009863,1.58
204,61,val,13.867190,1.59
204,62,val,7.242254,1.60
204,63,val,22.588202,1.60
204,64,val,4.899057,1.61
204,65,val,59.298714,1.61
204,66,val,14.630407,1.63
204,67,val,7.775217,1.64
204,68,val,45.506607,1.65
204,69,val,12.100426,1.66
204,70,val,35.487495,1.67
204,71,val,61.115234,1.68
204,72,val,10.301233,1.69
204,73,val,6.704303,1.70
204,74,val,30.690376,1.72
204,75,val,12.958349,1.73
204,76,val,12.568445,1.74
204,77,val,8.551040,1.74
204,78,val,8.451583,1.75
204,79,val,15.896251,1.76
205,0,train,14.209955,0.11
205,1,train,13.519274,0.14
205,2,train,6.100949,0.17
205,3,train,9.232825,0.19
205,4,train,17.853405,0.23
205,5,train,8.961590,0.27
205,6,train,10.583026,0.31
205,7,train,8.445515,0.34
205,8,train,12.328562,0.37
205,9,train,8.702641,0.39
205,10,train,9.666325,0.42
205,11,train,16.072050,0.45
205,12,train,8.787884,0.48
205,13,train,7.431499,0.50
205,14,train,9.492474,0.54
205,15,train,10.333755,0.57
205,16,train,10.642290,0.62
205,17,train,8.520437,0.64
205,18,train,5.889666,0.67
205,19,train,13.365146,0.70
205,20,train,13.038439,0.73
205,21,train,8.402973,0.76
205,22,train,9.060653,0.78
205,23,train,11.983173,0.81
205,24,train,13.677692,0.84
205,25,train,7.364528,0.86
205,26,train,16.133915,0.88
205,27,train,12.238068,0.91
205,28,train,16.430002,0.93
205,29,train,6.652011,0.96
205,0,val,9.292084,1.08
205,1,val,14.489389,1.09
205,2,val,12.539827,1.09
205,3,val,9.086822,1.10
205,4,val,12.637370,1.11
205,5,val,17.998899,1.12
205,6,val,12.906016,1.13
205,7,val,14.025783,1.13
205,8,val,47.540054,1.14
205,9,val,34.794319,1.15
205,10,val,30.696318,1.15
205,11,val,11.761047,1.16
205,12,val,5.668349,1.17
205,13,val,23.979956,1.17
205,14,val,7.496376,1.18
205,15,val,19.858051,1.19
205,16,val,27.153595,1.19
205,17,val,57.800323,1.20
205,18,val,10.816425,1.21
205,19,val,23.384640,1.22
205,20,val,15.677423,1.23
205,21,val,7.967311,1.24
205,22,val,8.799391,1.24
205,23,val,16.245499,1.25
205,24,val,36.658772,1.26
205,25,val,36.045910,1.26
205,26,val,9.491176,1.27
205,27,val,14.400473,1.28
205,28,val,7.846867,1.28
205,29,val,15.820093,1.29
205,30,val,3.115682,1.29
205,31,val,20.041775,1.30
205,32,val,11.827815,1.31
205,33,val,7.774882,1.31
205,34,val,6.313162,1.33
205,35,val,10.883945,1.33
205,36,val,15.999694,1.34
205,37,val,13.620196,1.35
205,38,val,13.391111,1.36
205,39,val,29.554173,1.36
205,40,val,24.741810,1.37
205,41,val,7.483753,1.38
205,42,val,15.299719,1.38
205,43,val,7.543008,1.39
205,44,val,57.914268,1.40
205,45,val,21.684662,1.40
205,46,val,47.548210,1.41
205,47,val,15.865881,1.41
205,48,val,50.030010,1.42
205,49,val,6.807754,1.43
205,50,val,12.886101,1.44
205,51,val,11.736307,1.45
205,52,val,7.546121,1.45
205,53,val,9.885995,1.46
205,54,val,9.091349,1.47
205,55,val,8.039527,1.47
205,56,val,7.568478,1.48
205,57,val,12.095492,1.49
205,58,val,10.533537,1.49
205,59,val,10.867294,1.50
205,60,val,29.460608,1.50
205,61,val,14.530727,1.51
205,62,val,7.363528,1.52
205,63,val,22.229465,1.52
205,64,val,5.023214,1.54
205,65,val,59.194595,1.54
205,66,val,18.375938,1.55
205,67,val,7.494130,1.55
205,68,val,44.341385,1.56
205,69,val,12.360056,1.57
205,70,val,38.848251,1.57
205,71,val,61.100842,1.58
205,72,val,10.493953,1.59
205,73,val,6.790945,1.59
205,74,val,34.400158,1.60
205,75,val,12.487514,1.60
205,76,val,13.539195,1.61
205,77,val,8.725227,1.61
205,78,val,8.066971,1.62
205,79,val,16.675945,1.62
206,0,train,9.393417,0.12
206,1,train,13.173183,0.15
206,2,train,9.009287,0.18
206,3,train,12.389534,0.20
206,4,train,7.572782,0.23
206,5,train,7.737128,0.26
206,6,train,7.249953,0.28
206,7,train,6.859204,0.31
206,8,train,8.087743,0.33
206,9,train,6.855419,0.36
206,10,train,9.904358,0.38
206,11,train,9.046021,0.41
206,12,train,13.189101,0.43
206,13,train,10.057543,0.46
206,14,train,10.128290,0.49
206,15,train,10.749924,0.51
206,16,train,16.466022,0.54
206,17,train,11.057821,0.57
206,18,train,14.289244,0.59
206,19,train,11.668988,0.70
206,20,train,6.762664,0.73
206,21,train,9.059626,0.77
206,22,train,13.712685,0.79
206,23,train,7.809502,0.82
206,24,train,13.773287,0.84
206,25,train,9.063690,0.87
206,26,train,11.441650,0.90
206,27,train,5.698570,0.92
206,28,train,9.972363,0.94
206,29,train,13.389314,0.96
206,0,val,9.140594,1.09
206,1,val,12.794210,1.10
206,2,val,14.407900,1.11
206,3,val,8.810637,1.12
206,4,val,10.977657,1.13
206,5,val,19.598577,1.13
206,6,val,16.303051,1.14
206,7,val,16.925224,1.14
206,8,val,43.400574,1.15
206,9,val,26.840576,1.16
206,10,val,29.884293,1.16
206,11,val,11.735395,1.17
206,12,val,5.477725,1.18
206,13,val,23.634443,1.18
206,14,val,7.414897,1.19
206,15,val,15.359411,1.20
206,16,val,24.182602,1.20
206,17,val,43.031906,1.21
206,18,val,17.425535,1.22
206,19,val,24.010916,1.23
206,20,val,17.515186,1.23
206,21,val,6.045887,1.24
206,22,val,7.957534,1.24
206,23,val,18.339653,1.25
206,24,val,35.745441,1.26
206,25,val,39.319530,1.26
206,26,val,8.554657,1.27
206,27,val,14.045970,1.28
206,28,val,8.736267,1.28
206,29,val,8.998019,1.29
206,30,val,2.892849,1.29
206,31,val,20.238077,1.30
206,32,val,11.597363,1.31
206,33,val,8.094768,1.32
206,34,val,4.133462,1.32
206,35,val,34.964161,1.33
206,36,val,15.230764,1.34
206,37,val,14.298119,1.34
206,38,val,13.561279,1.35
206,39,val,30.243809,1.36
206,40,val,23.489883,1.36
206,41,val,9.888813,1.37
206,42,val,15.827435,1.38
206,43,val,7.608591,1.38
206,44,val,56.224113,1.39
206,45,val,21.566351,1.39
206,46,val,48.156441,1.40
206,47,val,14.007751,1.41
206,48,val,49.544678,1.41
206,49,val,6.665578,1.42
206,50,val,12.918994,1.43
206,51,val,12.952124,1.44
206,52,val,6.996749,1.44
206,53,val,8.504885,1.45
206,54,val,7.161976,1.45
206,55,val,8.455956,1.46
206,56,val,8.377253,1.47
206,57,val,13.132647,1.47
206,58,val,13.063701,1.48
206,59,val,10.838706,1.49
206,60,val,27.197790,1.49
206,61,val,15.049446,1.50
206,62,val,7.112102,1.50
206,63,val,24.135267,1.51
206,64,val,5.106112,1.52
206,65,val,56.231468,1.53
206,66,val,15.093086,1.54
206,67,val,7.049814,1.55
206,68,val,43.872612,1.55
206,69,val,14.127792,1.56
206,70,val,38.711838,1.57
206,71,val,59.492447,1.57
206,72,val,15.502708,1.58
206,73,val,6.990409,1.59
206,74,val,30.348743,1.59
206,75,val,22.417135,1.60
206,76,val,12.322345,1.60
206,77,val,8.156775,1.61
206,78,val,12.370861,1.61
206,79,val,16.203547,1.62
207,0,train,13.225374,0.11
207,1,train,14.258564,0.14
207,2,train,13.522591,0.17
207,3,train,8.471045,0.19
207,4,train,12.802698,0.22
207,5,train,6.867387,0.25
207,6,train,16.466900,0.28
207,7,train,7.890154,0.31
207,8,train,14.538157,0.35
207,9,train,8.770103,0.40
207,10,train,8.962653,0.43
207,11,train,11.681740,0.46
207,12,train,17.011766,0.51
207,13,train,13.029171,0.55
207,14,train,10.423120,0.58
207,15,train,9.290480,0.62
207,16,train,6.622955,0.66
207,17,train,17.267506,0.69
207,18,train,14.341230,0.73
207,19,train,8.797276,0.76
207,20,train,11.293159,0.79
207,21,train,6.345724,0.82
207,22,train,14.436533,0.86
207,23,train,7.957638,0.91
207,24,train,8.205135,0.94
207,25,train,5.679240,0.99
207,26,train,6.684939,1.02
207,27,train,11.689555,1.05
207,28,train,15.229614,1.08
207,29,train,8.413811,1.11
207,0,val,9.334850,1.40
207,1,val,14.204039,1.43
207,2,val,46.904999,1.44
207,3,val,33.852036,1.45
207,4,val,12.680244,1.46
207,5,val,17.828804,1.46
207,6,val,14.441985,1.47
207,7,val,15.519511,1.48
207,8,val,56.224789,1.49
207,9,val,28.329901,1.50
207,10,val,29.463692,1.51
207,11,val,19.937305,1.53
207,12,val,6.848327,1.54
207,13,val,23.656483,1.56
207,14,val,8.781866,1.57
207,15,val,9.915623,1.59
207,16,val,26.581585,1.60
207,17,val,43.463009,1.62
207,18,val,9.846754,1.64
207,19,val,23.171360,1.66
207,20,val,19.599327,1.68
207,21,val,27.020605,1.70
207,22,val,9.372908,1.71
207,23,val,15.785927,1.72
207,24,val,29.380436,1.73
207,25,val,36.145142,1.75
207,26,val,9.786076,1.77
207,27,val,14.095673,1.78
207,28,val,13.870608,1.80
207,29,val,9.051912,1.81
207,30,val,4.062861,1.83
207,31,val,19.354181,1.84
207,32,val,14.224516,1.86
207,33,val,19.714102,1.88
207,34,val,4.756860,1.89
207,35,val,12.245608,1.90
207,36,val,14.987339,1.92
207,37,val,13.666685,1.93
207,38,val,13.476096,1.95
207,39,val,34.078743,1.97
207,40,val,23.961363,1.98
207,41,val,8.911512,1.99
207,42,val,25.787201,2.00
207,43,val,8.313971,2.02
207,44,val,58.018517,2.03
207,45,val,21.094883,2.05
207,46,val,53.810818,2.07
207,47,val,15.294851,2.08
207,48,val,49.031548,2.09
207,49,val,7.112802,2.11
207,50,val,14.219607,2.12
207,51,val,12.586554,2.14
207,52,val,8.079845,2.15
207,53,val,9.324772,2.16
207,54,val,7.726354,2.18
207,55,val,9.473162,2.19
207,56,val,9.113749,2.21
207,57,val,13.368072,2.22
207,58,val,12.866066,2.23
207,59,val,11.098015,2.24
207,60,val,26.308050,2.25
207,61,val,14.146276,2.26
207,62,val,7.083541,2.28
207,63,val,22.098127,2.28
207,64,val,5.145974,2.29
207,65,val,57.719917,2.30
207,66,val,15.834613,2.31
207,67,val,7.917283,2.33
207,68,val,44.417549,2.34
207,69,val,11.625773,2.36
207,70,val,38.833832,2.38
207,71,val,62.864685,2.40
207,72,val,10.786123,2.41
207,73,val,7.404647,2.42
207,74,val,31.261147,2.44
207,75,val,12.481062,2.45
207,76,val,12.278731,2.46
207,77,val,8.195137,2.47
207,78,val,8.180099,2.49
207,79,val,19.464443,2.51
208,0,train,10.968689,0.19
208,1,train,8.485787,0.23
208,2,train,12.070822,0.26
208,3,train,9.462385,0.29
208,4,train,8.778130,0.32
208,5,train,6.299845,0.35
208,6,train,7.529819,0.39
208,7,train,9.208544,0.43
208,8,train,8.659498,0.47
208,9,train,16.516821,0.51
208,10,train,8.551213,0.55
208,11,train,11.242263,0.60
208,12,train,8.501922,0.63
208,13,train,6.763104,0.67
208,14,train,9.351439,0.71
208,15,train,14.515537,0.75
208,16,train,8.421139,0.78
208,17,train,7.063284,0.81
208,18,train,10.887257,0.83
208,19,train,9.623638,0.86
208,20,train,9.032601,0.89
208,21,train,6.171909,0.92
208,22,train,11.113064,0.96
208,23,train,9.880703,0.99
208,24,train,8.638515,1.03
208,25,train,6.643768,1.06
208,26,train,13.350873,1.08
208,27,train,12.427773,1.11
208,28,train,9.452748,1.13
208,29,train,11.911098,1.16
208,0,val,9.267401,1.28
208,1,val,13.859034,1.28
208,2,val,12.458481,1.29
208,3,val,20.425205,1.30
208,4,val,12.041885,1.30
208,5,val,16.917898,1.32
208,6,val,13.008873,1.33
208,7,val,14.076701,1.33
208,8,val,53.639507,1.34
208,9,val,26.950729,1.35
208,10,val,31.514547,1.36
208,11,val,11.667236,1.37
208,12,val,5.893828,1.38
208,13,val,23.332830,1.39
208,14,val,8.287618,1.40
208,15,val,9.820372,1.40
208,16,val,26.073927,1.41
208,17,val,42.838676,1.42
208,18,val,9.553943,1.43
208,19,val,23.333761,1.44
208,20,val,21.333511,1.45
208,21,val,6.797259,1.45
208,22,val,7.842445,1.46
208,23,val,18.046011,1.47
208,24,val,45.356915,1.48
208,25,val,35.224583,1.49
208,26,val,8.351971,1.49
208,27,val,14.808139,1.50
208,28,val,8.079184,1.51
208,29,val,8.476688,1.51
208,30,val,28.935783,1.53
208,31,val,20.992205,1.53
208,32,val,15.170349,1.54
208,33,val,7.251081,1.54
208,34,val,5.173611,1.55
208,35,val,10.398863,1.56
208,36,val,15.036726,1.56
208,37,val,13.314674,1.57
208,38,val,14.009387,1.58
208,39,val,30.630774,1.58
208,40,val,23.388412,1.59
208,41,val,14.024492,1.59
208,42,val,15.041267,1.60
208,43,val,7.621348,1.61
208,44,val,57.204475,1.61
208,45,val,21.736120,1.63
208,46,val,92.383179,1.63
208,47,val,14.069981,1.64
208,48,val,48.156723,1.65
208,49,val,6.513869,1.65
208,50,val,11.519888,1.66
208,51,val,12.340579,1.67
208,52,val,7.111425,1.67
208,53,val,7.917032,1.68
208,54,val,7.479167,1.68
208,55,val,7.613276,1.69
208,56,val,9.224356,1.70
208,57,val,12.464145,1.70
208,58,val,10.063200,1.71
208,59,val,10.393363,1.72
208,60,val,26.433737,1.73
208,61,val,13.772032,1.73
208,62,val,14.021461,1.74
208,63,val,22.015615,1.75
208,64,val,7.790874,1.75
208,65,val,55.883942,1.76
208,66,val,14.399257,1.77
208,67,val,6.485063,1.78
208,68,val,44.385078,1.79
208,69,val,15.138344,1.79
208,70,val,35.620541,1.80
208,71,val,60.330368,1.81
208,72,val,10.985499,1.82
208,73,val,13.665951,1.83
208,74,val,27.916546,1.84
208,75,val,15.449824,1.85
208,76,val,13.034185,1.85
208,77,val,8.808926,1.86
208,78,val,8.821102,1.86
208,79,val,18.135183,1.87
209,0,train,6.045966,0.13
209,1,train,7.876056,0.16
209,2,train,6.676301,0.19
209,3,train,10.545909,0.21
209,4,train,14.572546,0.24
209,5,train,9.394442,0.27
209,6,train,7.751100,0.29
209,7,train,13.532145,0.33
209,8,train,9.169431,0.36
209,9,train,13.637515,0.39
209,10,train,5.210820,0.42
209,11,train,8.951279,0.45
209,12,train,11.024548,0.48
209,13,train,9.706583,0.51
209,14,train,7.548706,0.54
209,15,train,9.652895,0.56
209,16,train,11.794949,0.59
209,17,train,8.430190,0.62
209,18,train,8.230546,0.64
209,19,train,12.161943,0.67
209,20,train,7.845929,0.69
209,21,train,7.829719,0.72
209,22,train,15.149559,0.75
209,23,train,8.718388,0.77
209,24,train,9.476583,0.81
209,25,train,7.646406,0.84
209,26,train,9.648414,0.87
209,27,train,9.070215,0.89
209,28,train,10.641875,0.92
209,29,train,6.177855,0.96
209,0,val,8.369303,1.08
209,1,val,17.960598,1.09
209,2,val,15.115086,1.10
209,3,val,9.577465,1.12
209,4,val,11.679465,1.13
209,5,val,34.191692,1.13
209,6,val,13.341105,1.14
209,7,val,14.138052,1.15
209,8,val,49.548248,1.16
209,9,val,26.359411,1.16
209,10,val,29.513784,1.17
209,11,val,11.139511,1.18
209,12,val,14.099207,1.19
209,13,val,22.855785,1.19
209,14,val,28.363350,1.20
209,15,val,9.081092,1.21
209,16,val,48.634727,1.22
209,17,val,43.509041,1.24
209,18,val,9.513447,1.25
209,19,val,21.869902,1.25
209,20,val,17.257330,1.26
209,21,val,7.205152,1.28
209,22,val,8.283386,1.28
209,23,val,18.528477,1.29
209,24,val,30.508780,1.30
209,25,val,36.465698,1.31
209,26,val,9.341206,1.32
209,27,val,15.102386,1.33
209,28,val,10.161808,1.34
209,29,val,8.897694,1.34
209,30,val,2.782512,1.35
209,31,val,19.617413,1.36
209,32,val,12.462416,1.37
209,33,val,7.491918,1.37
209,34,val,4.312836,1.38
209,35,val,12.343272,1.39
209,36,val,15.615204,1.39
209,37,val,13.620882,1.40
209,38,val,24.911932,1.41
209,39,val,35.325462,1.41
209,40,val,22.780788,1.43
209,41,val,8.916107,1.43
209,42,val,15.449305,1.44
209,43,val,12.654089,1.45
209,44,val,59.062012,1.45
209,45,val,22.400452,1.46
209,46,val,50.344696,1.47
209,47,val,14.142204,1.47
209,48,val,48.153168,1.48
209,49,val,7.013453,1.49
209,50,val,13.381922,1.49
209,51,val,13.017966,1.50
209,52,val,21.281269,1.51
209,53,val,8.407619,1.51
209,54,val,8.084285,1.52
209,55,val,9.164356,1.53
209,56,val,7.823444,1.54
209,57,val,16.144012,1.54
209,58,val,15.452250,1.55
209,59,val,10.562406,1.56
209,60,val,32.908562,1.56
209,61,val,12.734263,1.57
209,62,val,6.657947,1.58
209,63,val,22.240814,1.58
209,64,val,5.206865,1.59
209,65,val,55.450268,1.59
209,66,val,16.507442,1.60
209,67,val,9.524509,1.61
209,68,val,44.119415,1.61
209,69,val,30.862675,1.62
209,70,val,34.372086,1.63
209,71,val,61.593182,1.64
209,72,val,11.162817,1.65
209,73,val,6.986810,1.65
209,74,val,28.556416,1.66
209,75,val,12.924534,1.67
209,76,val,12.103502,1.68
209,77,val,7.736598,1.69
209,78,val,10.814685,1.70
209,79,val,17.197599,1.70
210,0,train,7.334232,0.15
210,1,train,9.161201,0.19
210,2,train,7.668624,0.21
210,3,train,7.153425,0.24
210,4,train,11.713713,0.26
210,5,train,6.599051,0.29
210,6,train,12.332134,0.32
210,7,train,4.599336,0.34
210,8,train,14.742409,0.37
210,9,train,5.969101,0.40
210,10,train,11.721944,0.42
210,11,train,7.066052,0.45
210,12,train,10.845064,0.47
210,13,train,8.616265,0.50
210,14,train,7.581064,0.53
210,15,train,10.541037,0.56
210,16,train,8.986814,0.58
210,17,train,10.343929,0.62
210,18,train,12.176497,0.65
210,19,train,6.353963,0.68
210,20,train,14.662090,0.71
210,21,train,11.327818,0.74
210,22,train,10.362436,0.77
210,23,train,11.379397,0.79
210,24,train,12.106627,0.82
210,25,train,9.323596,0.85
210,26,train,9.916734,0.87
210,27,train,8.178391,0.89
210,28,train,10.252104,0.92
210,29,train,11.781677,0.94
210,0,val,8.735785,1.06
210,1,val,14.010769,1.07
210,2,val,13.632502,1.07
210,3,val,9.351669,1.08
210,4,val,14.206870,1.09
210,5,val,17.272856,1.11
210,6,val,14.637680,1.12
210,7,val,14.666111,1.13
210,8,val,53.599503,1.14
210,9,val,26.509434,1.15
210,10,val,29.866547,1.15
210,11,val,11.895052,1.16
210,12,val,6.199266,1.17
210,13,val,22.853148,1.17
210,14,val,8.116632,1.18
210,15,val,9.209459,1.19
210,16,val,26.089508,1.21
210,17,val,42.381329,1.21
210,18,val,11.403183,1.22
210,19,val,22.682873,1.23
210,20,val,16.863724,1.24
210,21,val,5.817586,1.24
210,22,val,10.957549,1.25
210,23,val,19.883057,1.26
210,24,val,30.222387,1.26
210,25,val,39.737808,1.27
210,26,val,9.363842,1.27
210,27,val,14.636898,1.28
210,28,val,10.319274,1.29
210,29,val,17.771084,1.29
210,30,val,3.932923,1.31
210,31,val,20.325136,1.31
210,32,val,14.360637,1.32
210,33,val,7.852512,1.33
210,34,val,4.607916,1.33
210,35,val,10.934627,1.34
210,36,val,14.412802,1.34
210,37,val,12.960769,1.35
210,38,val,17.354895,1.36
210,39,val,32.755795,1.36
210,40,val,23.224796,1.37
210,41,val,10.303440,1.38
210,42,val,17.872377,1.38
210,43,val,7.380119,1.39
210,44,val,56.429485,1.40
210,45,val,23.347622,1.41
210,46,val,47.469139,1.41
210,47,val,12.885295,1.42
210,48,val,60.766960,1.43
210,49,val,7.705059,1.43
210,50,val,12.404262,1.44
210,51,val,13.602092,1.44
210,52,val,7.320767,1.45
210,53,val,7.969324,1.46
210,54,val,9.427153,1.46
210,55,val,10.549890,1.47
210,56,val,8.280928,1.48
210,57,val,17.647839,1.48
210,58,val,10.725664,1.49
210,59,val,11.285627,1.50
210,60,val,26.305710,1.50
210,61,val,14.035070,1.51
210,62,val,8.106759,1.52
210,63,val,22.043381,1.53
210,64,val,5.027366,1.53
210,65,val,56.057022,1.54
210,66,val,15.802162,1.55
210,67,val,12.915549,1.55
210,68,val,43.595848,1.56
210,69,val,13.500916,1.57
210,70,val,34.311188,1.57
210,71,val,60.673397,1.58
210,72,val,11.150320,1.59
210,73,val,6.503648,1.59
210,74,val,29.490301,1.60
210,75,val,44.033154,1.60
210,76,val,12.588377,1.61
210,77,val,9.423544,1.62
210,78,val,10.121222,1.62
210,79,val,16.130949,1.63
211,0,train,6.898588,0.11
211,1,train,12.362090,0.15
211,2,train,11.648264,0.17
211,3,train,10.339081,0.20
211,4,train,9.688808,0.22
211,5,train,6.416705,0.25
211,6,train,14.568651,0.28
211,7,train,8.513065,0.30
211,8,train,9.527779,0.33
211,9,train,13.092462,0.36
211,10,train,7.915437,0.38
211,11,train,6.850842,0.41
211,12,train,12.457913,0.43
211,13,train,8.474710,0.46
211,14,train,11.044168,0.50
211,15,train,12.656560,0.53
211,16,train,15.046980,0.55
211,17,train,12.224917,0.58
211,18,train,11.604126,0.61
211,19,train,8.143686,0.63
211,20,train,5.521783,0.66
211,21,train,7.500216,0.69
211,22,train,12.124165,0.71
211,23,train,9.912045,0.74
211,24,train,6.636307,0.76
211,25,train,15.712164,0.79
211,26,train,9.953884,0.82
211,27,train,9.424787,0.84
211,28,train,14.291362,0.86
211,29,train,11.656620,0.88
211,0,val,9.696842,1.00
211,1,val,13.820934,1.01
211,2,val,13.143564,1.02
211,3,val,9.188631,1.02
211,4,val,11.983053,1.03
211,5,val,17.558447,1.04
211,6,val,14.638029,1.05
211,7,val,20.236305,1.06
211,8,val,55.423203,1.06
211,9,val,27.001923,1.07
211,10,val,30.204754,1.08
211,11,val,11.227687,1.08
211,12,val,7.303288,1.09
211,13,val,25.637335,1.10
211,14,val,37.981949,1.10
211,15,val,16.059568,1.11
211,16,val,29.927460,1.11
211,17,val,42.274017,1.12
211,18,val,10.580486,1.13
211,19,val,22.660442,1.13
211,20,val,15.801161,1.14
211,21,val,32.641392,1.15
211,22,val,9.350416,1.16
211,23,val,16.512650,1.16
211,24,val,28.717220,1.17
211,25,val,34.477676,1.18
211,26,val,8.768774,1.18
211,27,val,14.219427,1.19
211,28,val,8.385702,1.20
211,29,val,9.477160,1.20
211,30,val,3.892198,1.21
211,31,val,22.667198,1.21
211,32,val,14.553500,1.22
211,33,val,10.828769,1.23
211,34,val,4.188212,1.23
211,35,val,21.385132,1.24
211,36,val,14.970476,1.25
211,37,val,14.043921,1.26
211,38,val,16.584751,1.27
211,39,val,32.246750,1.27
211,40,val,23.085463,1.28
211,41,val,7.982187,1.29
211,42,val,15.322790,1.29
211,43,val,9.094197,1.30
211,44,val,55.830048,1.30
211,45,val,21.185848,1.31
211,46,val,48.424500,1.32
211,47,val,16.368927,1.32
211,48,val,48.897667,1.33
211,49,val,8.292698,1.34
211,50,val,12.003489,1.34
211,51,val,12.164686,1.36
211,52,val,7.255764,1.36
211,53,val,9.028657,1.37
211,54,val,10.540859,1.38
211,55,val,9.521734,1.38
211,56,val,7.409075,1.39
211,57,val,12.427282,1.40
211,58,val,10.668663,1.40
211,59,val,11.099418,1.41
211,60,val,26.671307,1.41
211,61,val,14.633681,1.42
211,62,val,7.432958,1.43
211,63,val,22.294609,1.43
211,64,val,5.114799,1.44
211,65,val,57.901272,1.45
211,66,val,14.017913,1.46
211,67,val,6.914081,1.46
211,68,val,50.245007,1.47
211,69,val,13.977767,1.48
211,70,val,35.532883,1.48
211,71,val,65.286339,1.49
211,72,val,10.653045,1.50
211,73,val,7.498762,1.51
211,74,val,27.967960,1.52
211,75,val,14.627601,1.53
211,76,val,12.639121,1.54
211,77,val,8.349239,1.54
211,78,val,10.581116,1.55
211,79,val,16.075350,1.55
212,0,train,9.982939,0.12
212,1,train,8.829838,0.15
212,2,train,10.390838,0.18
212,3,train,10.538994,0.21
212,4,train,11.327126,0.23
212,5,train,11.232140,0.26
212,6,train,11.472984,0.29
212,7,train,12.549215,0.31
212,8,train,18.491627,0.33
212,9,train,10.531425,0.37
212,10,train,9.639997,0.39
212,11,train,4.501530,0.41
212,12,train,9.880038,0.44
212,13,train,12.864553,0.47
212,14,train,13.510925,0.49
212,15,train,9.577206,0.51
212,16,train,9.421759,0.54
212,17,train,7.772924,0.57
212,18,train,7.326444,0.59
212,19,train,6.813606,0.62
212,20,train,15.453760,0.64
212,21,train,10.956052,0.67
212,22,train,7.156066,0.70
212,23,train,8.544457,0.72
212,24,train,10.110826,0.75
212,25,train,6.801225,0.78
212,26,train,8.495115,0.80
212,27,train,9.580495,0.82
212,28,train,8.766756,0.84
212,29,train,10.459601,0.87
212,0,val,8.889864,1.00
212,1,val,14.403183,1.01
212,2,val,13.485083,1.02
212,3,val,9.135675,1.03
212,4,val,13.583731,1.04
212,5,val,17.797224,1.04
212,6,val,15.767734,1.05
212,7,val,13.682098,1.06
212,8,val,48.353905,1.06
212,9,val,26.596844,1.07
212,10,val,29.485298,1.07
212,11,val,9.860859,1.08
212,12,val,6.171854,1.09
212,13,val,22.962799,1.09
212,14,val,9.195646,1.10
212,15,val,9.652168,1.11
212,16,val,26.370960,1.11
212,17,val,42.126801,1.12
212,18,val,10.902662,1.13
212,19,val,23.656353,1.13
212,20,val,16.398457,1.14
212,21,val,6.238151,1.15
212,22,val,8.976238,1.15
212,23,val,24.527723,1.16
212,24,val,36.982460,1.17
212,25,val,34.638031,1.17
212,26,val,9.134085,1.18
212,27,val,20.564388,1.19
212,28,val,11.294210,1.19
212,29,val,8.545107,1.20
212,30,val,3.600614,1.20
212,31,val,21.433773,1.21
212,32,val,11.507991,1.22
212,33,val,9.058784,1.23
212,34,val,6.864260,1.23
212,35,val,12.925513,1.24
212,36,val,25.953009,1.25
212,37,val,13.813347,1.25
212,38,val,12.421585,1.26
212,39,val,32.715897,1.27
212,40,val,23.295845,1.27
212,41,val,14.914405,1.28
212,42,val,16.749550,1.29
212,43,val,8.084327,1.29
212,44,val,54.956108,1.30
212,45,val,20.610733,1.30
212,46,val,47.186951,1.31
212,47,val,15.116432,1.32
212,48,val,47.223389,1.33
212,49,val,6.850665,1.33
212,50,val,16.334215,1.34
212,51,val,13.742781,1.35
212,52,val,8.266204,1.35
212,53,val,8.744282,1.36
212,54,val,12.078990,1.37
212,55,val,13.733569,1.37
212,56,val,7.842578,1.38
212,57,val,12.479690,1.38
212,58,val,10.058167,1.39
212,59,val,12.326544,1.40
212,60,val,26.044163,1.40
212,61,val,13.388840,1.41
212,62,val,6.756818,1.42
212,63,val,22.180235,1.42
212,64,val,5.022476,1.43
212,65,val,55.655914,1.44
212,66,val,14.829170,1.45
212,67,val,7.301095,1.45
212,68,val,45.155907,1.46
212,69,val,15.975330,1.47
212,70,val,34.612484,1.47
212,71,val,60.127148,1.48
212,72,val,10.818352,1.49
212,73,val,6.157440,1.49
212,74,val,27.568962,1.50
212,75,val,13.919559,1.51
212,76,val,14.034180,1.51
212,77,val,7.796069,1.51
212,78,val,8.026789,1.52
212,79,val,16.063429,1.52
213,0,train,6.980263,0.11
213,1,train,7.737250,0.14
213,2,train,10.361427,0.17
213,3,train,10.268974,0.19
213,4,train,10.049251,0.21
213,5,train,7.126948,0.24
213,6,train,16.564941,0.27
213,7,train,7.399085,0.29
213,8,train,11.781461,0.32
213,9,train,10.283719,0.42
213,10,train,9.026009,0.46
213,11,train,9.053794,0.49
213,12,train,5.472504,0.51
213,13,train,11.752609,0.54
213,14,train,5.634958,0.57
213,15,train,10.120726,0.59
213,16,train,10.696901,0.62
213,17,train,8.462296,0.64
213,18,train,7.947742,0.67
213,19,train,9.594657,0.69
213,20,train,8.398360,0.72
213,21,train,7.488300,0.75
213,22,train,9.583243,0.77
213,23,train,10.172480,0.80
213,24,train,13.245269,0.82
213,25,train,9.441566,0.85
213,26,train,10.852617,0.87
213,27,train,8.340799,0.90
213,28,train,12.694592,0.92
213,29,train,12.017343,0.94
213,0,val,10.567343,1.06
213,1,val,16.317135,1.06
213,2,val,13.483744,1.07
213,3,val,10.785533,1.08
213,4,val,11.447704,1.09
213,5,val,17.644098,1.11
213,6,val,17.624306,1.12
213,7,val,15.498856,1.14
213,8,val,52.648811,1.15
213,9,val,26.438383,1.16
213,10,val,222.929718,1.18
213,11,val,10.749590,1.19
213,12,val,15.556368,1.20
213,13,val,24.017551,1.21
213,14,val,7.083046,1.22
213,15,val,7.945942,1.23
213,16,val,27.144760,1.24
213,17,val,41.546822,1.25
213,18,val,11.714809,1.25
213,19,val,22.682888,1.26
213,20,val,50.081673,1.27
213,21,val,6.087139,1.27
213,22,val,8.175985,1.28
213,23,val,16.197258,1.29
213,24,val,27.622978,1.29
213,25,val,36.993004,1.30
213,26,val,8.775564,1.31
213,27,val,13.864966,1.32
213,28,val,9.228939,1.32
213,29,val,30.033577,1.33
213,30,val,3.529934,1.34
213,31,val,20.798504,1.34
213,32,val,12.738814,1.35
213,33,val,9.621882,1.36
213,34,val,4.838612,1.36
213,35,val,10.997184,1.37
213,36,val,14.682849,1.37
213,37,val,13.531113,1.38
213,38,val,12.971744,1.39
213,39,val,32.767887,1.39
213,40,val,24.410202,1.40
213,41,val,7.470421,1.41
213,42,val,15.652525,1.42
213,43,val,7.283414,1.43
213,44,val,57.280182,1.43
213,45,val,37.950169,1.44
213,46,val,52.489971,1.44
213,47,val,13.892376,1.45
213,48,val,62.057220,1.46
213,49,val,10.875884,1.46
213,50,val,17.303656,1.47
213,51,val,33.788647,1.48
213,52,val,7.712648,1.49
213,53,val,9.469777,1.50
213,54,val,12.390444,1.51
213,55,val,8.124543,1.52
213,56,val,7.274850,1.53
213,57,val,12.244514,1.53
213,58,val,10.211725,1.54
213,59,val,12.954799,1.55
213,60,val,26.689178,1.56
213,61,val,19.220589,1.56
213,62,val,7.260474,1.57
213,63,val,21.784094,1.58
213,64,val,6.276229,1.58
213,65,val,58.028984,1.59
213,66,val,33.270069,1.60
213,67,val,6.796012,1.60
213,68,val,44.208168,1.61
213,69,val,15.363384,1.62
213,70,val,33.226028,1.63
213,71,val,59.365398,1.63
213,72,val,9.953228,1.64
213,73,val,8.818537,1.64
213,74,val,27.675423,1.65
213,75,val,12.978565,1.66
213,76,val,11.955546,1.66
213,77,val,8.177113,1.67
213,78,val,8.136539,1.67
213,79,val,16.192225,1.67
214,0,train,12.800318,0.12
214,1,train,9.098728,0.16
214,2,train,9.993332,0.20
214,3,train,10.351374,0.27
214,4,train,9.651625,0.34
214,5,train,6.963206,0.40
214,6,train,10.271189,0.45
214,7,train,17.345486,0.48
214,8,train,8.549391,0.52
214,9,train,8.756986,0.55
214,10,train,13.683503,0.58
214,11,train,12.077816,0.61
214,12,train,14.440510,0.65
214,13,train,8.483410,0.69
214,14,train,9.064777,0.72
214,15,train,13.314571,0.75
214,16,train,14.794910,0.78
214,17,train,6.817410,0.83
214,18,train,16.042984,0.86
214,19,train,5.361125,0.91
214,20,train,4.581886,0.97
214,21,train,6.635737,1.03
214,22,train,8.750650,1.08
214,23,train,7.567087,1.12
214,24,train,10.804571,1.15
214,25,train,6.604881,1.19
214,26,train,16.927851,1.22
214,27,train,9.869915,1.25
214,28,train,11.397541,1.27
214,29,train,7.911849,1.30
214,0,val,8.807108,1.50
214,1,val,14.041808,1.51
214,2,val,11.471989,1.52
214,3,val,11.239993,1.53
214,4,val,10.971418,1.54
214,5,val,19.754364,1.55
214,6,val,15.913475,1.56
214,7,val,13.546042,1.56
214,8,val,51.485237,1.57
214,9,val,40.613083,1.58
214,10,val,29.029221,1.59
214,11,val,9.583542,1.60
214,12,val,4.758834,1.62
214,13,val,24.031538,1.63
214,14,val,7.691044,1.65
214,15,val,12.357824,1.66
214,16,val,27.540234,1.67
214,17,val,41.376671,1.68
214,18,val,10.024311,1.69
214,19,val,22.760937,1.71
214,20,val,15.916397,1.74
214,21,val,5.453851,1.76
214,22,val,8.129230,1.77
214,23,val,16.085915,1.78
214,24,val,27.590696,1.79
214,25,val,46.163692,1.80
214,26,val,9.293756,1.80
214,27,val,14.235518,1.81
214,28,val,7.960270,1.83
214,29,val,8.451859,1.84
214,30,val,5.322502,1.84
214,31,val,25.549032,1.85
214,32,val,11.466159,1.86
214,33,val,8.200535,1.87
214,34,val,9.558594,1.87
214,35,val,14.503300,1.88
214,36,val,14.983574,1.89
214,37,val,12.517445,1.90
214,38,val,33.006668,1.91
214,39,val,30.882940,1.93
214,40,val,24.773588,1.94
214,41,val,8.315313,1.95
214,42,val,14.588569,1.96
214,43,val,7.249644,1.97
214,44,val,55.366379,1.98
214,45,val,25.766438,1.99
214,46,val,46.629112,2.00
214,47,val,56.386883,2.00
214,48,val,50.808678,2.01
214,49,val,23.322096,2.02
214,50,val,15.367206,2.03
214,51,val,11.658142,2.05
214,52,val,7.036831,2.05
214,53,val,8.376212,2.06
214,54,val,8.032778,2.07
214,55,val,9.403289,2.08
214,56,val,7.781023,2.08
214,57,val,13.609503,2.09
214,58,val,11.924533,2.10
214,59,val,16.528383,2.11
214,60,val,27.399612,2.12
214,61,val,14.686262,2.13
214,62,val,6.811671,2.14
214,63,val,22.600531,2.15
214,64,val,10.522943,2.16
214,65,val,58.423073,2.17
214,66,val,16.238148,2.18
214,67,val,7.001009,2.19
214,68,val,46.461761,2.20
214,69,val,12.286593,2.20
214,70,val,33.307617,2.21
214,71,val,70.507858,2.22
214,72,val,10.494729,2.23
214,73,val,11.363213,2.23
214,74,val,32.018646,2.25
214,75,val,12.743160,2.25
214,76,val,16.301847,2.26
214,77,val,17.508284,2.27
214,78,val,9.418774,2.27
214,79,val,16.003567,2.28
215,0,train,8.473378,0.16
215,1,train,17.601110,0.20
215,2,train,6.501364,0.23
215,3,train,11.546982,0.26
215,4,train,6.719485,0.30
215,5,train,12.279640,0.33
215,6,train,9.309425,0.37
215,7,train,5.766478,0.42
215,8,train,9.009295,0.45
215,9,train,8.825037,0.48
215,10,train,9.481174,0.52
215,11,train,7.234455,0.55
215,12,train,13.222931,0.58
215,13,train,5.671827,0.61
215,14,train,8.242804,0.65
215,15,train,12.622730,0.68
215,16,train,10.971685,0.71
215,17,train,8.501883,0.76
215,18,train,10.481415,0.79
215,19,train,10.474688,0.82
215,20,train,7.201330,0.85
215,21,train,9.396686,0.88
215,22,train,19.376343,0.92
215,23,train,7.947062,0.95
215,24,train,6.486505,0.98
215,25,train,15.608957,1.01
215,26,train,9.667716,1.04
215,27,train,9.415873,1.07
215,28,train,10.468943,1.10
215,29,train,12.856450,1.13
215,0,val,9.430046,1.32
215,1,val,14.210997,1.34
215,2,val,11.608066,1.35
215,3,val,9.421778,1.36
215,4,val,15.977522,1.37
215,5,val,18.854771,1.38
215,6,val,24.599407,1.39
215,7,val,14.867214,1.40
215,8,val,47.945705,1.41
215,9,val,26.277189,1.42
215,10,val,29.215734,1.43
215,11,val,10.347081,1.44
215,12,val,5.924853,1.45
215,13,val,25.258209,1.46
215,14,val,7.315963,1.47
215,15,val,8.164759,1.48
215,16,val,25.576664,1.48
215,17,val,52.936676,1.49
215,18,val,9.473272,1.50
215,19,val,25.618078,1.51
215,20,val,17.539253,1.52
215,21,val,7.524829,1.52
215,22,val,8.041368,1.53
215,23,val,16.986990,1.55
215,24,val,27.429907,1.56
215,25,val,34.107300,1.57
215,26,val,8.531360,1.57
215,27,val,14.739729,1.58
215,28,val,8.163815,1.59
215,29,val,8.553722,1.60
215,30,val,3.128463,1.61
215,31,val,27.978237,1.61
215,32,val,12.108009,1.62
215,33,val,7.591800,1.63
215,34,val,5.476234,1.64
215,35,val,11.398223,1.65
215,36,val,24.234678,1.66
215,37,val,13.250458,1.67
215,38,val,12.505013,1.68
215,39,val,31.135578,1.69
215,40,val,23.450481,1.69
215,41,val,10.299726,1.70
215,42,val,16.515141,1.71
215,43,val,7.685886,1.72
215,44,val,56.022491,1.73
215,45,val,21.003584,1.74
215,46,val,49.466667,1.75
215,47,val,15.841192,1.76
215,48,val,48.282776,1.77
215,49,val,10.145812,1.78
215,50,val,14.967726,1.79
215,51,val,11.682060,1.80
215,52,val,8.353859,1.81
215,53,val,8.138013,1.82
215,54,val,9.623199,1.83
215,55,val,9.553758,1.84
215,56,val,9.231159,1.84
215,57,val,12.783638,1.85
215,58,val,24.450956,1.87
215,59,val,12.109657,1.87
215,60,val,26.935690,1.88
215,61,val,13.332413,1.89
215,62,val,7.387498,1.90
215,63,val,27.529526,1.90
215,64,val,6.918932,1.91
215,65,val,56.161587,1.92
215,66,val,14.544538,1.93
215,67,val,6.810831,1.93
215,68,val,44.469597,1.94
215,69,val,11.809894,1.95
215,70,val,33.019032,1.96
215,71,val,60.365051,1.97
215,72,val,10.812122,1.98
215,73,val,9.096267,1.99
215,74,val,29.769196,2.00
215,75,val,14.223056,2.01
215,76,val,12.473280,2.01
215,77,val,11.132811,2.02
215,78,val,8.032888,2.03
215,79,val,15.515429,2.03
216,0,train,9.682076,0.15
216,1,train,13.675169,0.20
216,2,train,9.089933,0.24
216,3,train,13.631037,0.28
216,4,train,7.717476,0.32
216,5,train,6.776097,0.35
216,6,train,13.248339,0.38
216,7,train,14.436516,0.42
216,8,train,7.134720,0.45
216,9,train,13.008545,0.48
216,10,train,8.498571,0.52
216,11,train,11.797495,0.55
216,12,train,10.570517,0.58
216,13,train,6.110199,0.61
216,14,train,13.892399,0.65
216,15,train,11.387334,0.68
216,16,train,13.050716,0.72
216,17,train,12.741871,0.77
216,18,train,10.169307,0.81
216,19,train,8.797313,0.84
216,20,train,8.946590,0.88
216,21,train,8.368339,0.92
216,22,train,14.978072,0.96
216,23,train,19.264236,1.00
216,24,train,16.495344,1.03
216,25,train,7.498722,1.07
216,26,train,9.308119,1.09
216,27,train,8.349463,1.11
216,28,train,7.820006,1.14
216,29,train,7.124929,1.16
216,0,val,13.642832,1.27
216,1,val,13.728584,1.28
216,2,val,14.912567,1.29
216,3,val,9.498767,1.30
216,4,val,13.283343,1.30
216,5,val,20.703888,1.32
216,6,val,13.969883,1.32
216,7,val,13.428881,1.33
216,8,val,45.655056,1.33
216,9,val,25.760138,1.34
216,10,val,29.488125,1.35
216,11,val,9.891315,1.35
216,12,val,7.687559,1.36
216,13,val,25.805328,1.37
216,14,val,8.495265,1.37
216,15,val,9.803682,1.38
216,16,val,26.526131,1.39
216,17,val,41.297539,1.39
216,18,val,11.744354,1.40
216,19,val,22.904877,1.41
216,20,val,16.132404,1.42
216,21,val,8.502567,1.42
216,22,val,9.490299,1.43
216,23,val,16.302229,1.44
216,24,val,30.327148,1.45
216,25,val,34.404781,1.45
216,26,val,9.203728,1.46
216,27,val,14.062595,1.47
216,28,val,8.130370,1.48
216,29,val,10.136443,1.48
216,30,val,4.466204,1.49
216,31,val,21.636810,1.50
216,32,val,13.379299,1.50
216,33,val,8.290020,1.51
216,34,val,5.449965,1.52
216,35,val,11.355751,1.53
216,36,val,14.888918,1.54
216,37,val,12.542326,1.55
216,38,val,13.042688,1.56
216,39,val,32.530838,1.56
216,40,val,23.911581,1.57
216,41,val,8.337337,1.58
216,42,val,16.666246,1.59
216,43,val,7.422847,1.59
216,44,val,54.930584,1.60
216,45,val,31.418251,1.60
216,46,val,54.411705,1.61
216,47,val,16.307446,1.62
216,48,val,49.155346,1.63
216,49,val,7.146287,1.64
216,50,val,15.862282,1.64
216,51,val,14.202887,1.65
216,52,val,7.257945,1.66
216,53,val,9.060764,1.67
216,54,val,8.020191,1.67
216,55,val,9.312309,1.68
216,56,val,10.777637,1.69
216,57,val,11.958492,1.69
216,58,val,10.036434,1.70
216,59,val,10.355104,1.71
216,60,val,25.807114,1.71
216,61,val,12.917334,1.73
216,62,val,7.345048,1.73
216,63,val,24.176123,1.74
216,64,val,4.638353,1.75
216,65,val,55.141113,1.75
216,66,val,16.826706,1.76
216,67,val,6.921383,1.77
216,68,val,42.768002,1.78
216,69,val,11.850157,1.79
216,70,val,32.252491,1.80
216,71,val,59.737144,1.80
216,72,val,9.893511,1.81
216,73,val,7.834884,1.82
216,74,val,29.120094,1.83
216,75,val,11.945335,1.83
216,76,val,13.287818,1.84
216,77,val,7.914802,1.85
216,78,val,8.665468,1.85
216,79,val,15.416504,1.85
217,0,train,6.273212,0.16
217,1,train,9.950512,0.19
217,2,train,13.479546,0.22
217,3,train,8.628086,0.25
217,4,train,9.806520,0.27
217,5,train,6.998969,0.31
217,6,train,11.725355,0.33
217,7,train,7.594597,0.36
217,8,train,9.370342,0.38
217,9,train,6.043416,0.41
217,10,train,6.816046,0.43
217,11,train,6.811797,0.46
217,12,train,8.292041,0.48
217,13,train,5.680992,0.51
217,14,train,7.307933,0.53
217,15,train,11.148901,0.56
217,16,train,7.584628,0.58
217,17,train,9.142929,0.61
217,18,train,11.025596,0.64
217,19,train,8.503076,0.67
217,20,train,7.683409,0.70
217,21,train,7.276981,0.72
217,22,train,6.737039,0.75
217,23,train,9.405475,0.77
217,24,train,9.453116,0.80
217,25,train,10.033358,0.83
217,26,train,9.952893,0.85
217,27,train,10.697593,0.87
217,28,train,13.351248,0.89
217,29,train,6.231637,0.91
217,0,val,10.028806,1.05
217,1,val,12.932032,1.06
217,2,val,11.994099,1.07
217,3,val,10.079609,1.08
217,4,val,12.104677,1.09
217,5,val,20.535698,1.10
217,6,val,15.327925,1.11
217,7,val,13.592055,1.12
217,8,val,46.723557,1.12
217,9,val,26.525351,1.13
217,10,val,30.566433,1.14
217,11,val,50.620129,1.15
217,12,val,5.398020,1.15
217,13,val,24.576880,1.16
217,14,val,8.741579,1.17
217,15,val,7.938625,1.18
217,16,val,30.502560,1.19
217,17,val,40.524078,1.20
217,18,val,11.543085,1.20
217,19,val,22.686071,1.21
217,20,val,16.688360,1.22
217,21,val,6.395424,1.23
217,22,val,8.829558,1.23
217,23,val,16.505203,1.24
217,24,val,28.462433,1.25
217,25,val,37.555832,1.25
217,26,val,9.134680,1.26
217,27,val,13.631244,1.27
217,28,val,8.497366,1.27
217,29,val,8.807768,1.28
217,30,val,3.113671,1.29
217,31,val,20.898682,1.30
217,32,val,14.320139,1.30
217,33,val,7.558192,1.31
217,34,val,4.182455,1.32
217,35,val,33.126003,1.32
217,36,val,14.681724,1.33
217,37,val,13.378319,1.34
217,38,val,13.770309,1.34
217,39,val,29.536428,1.35
217,40,val,24.171232,1.36
217,41,val,7.464982,1.36
217,42,val,15.353415,1.37
217,43,val,9.384226,1.38
217,44,val,55.142147,1.38
217,45,val,20.855618,1.40
217,46,val,45.415497,1.40
217,47,val,16.725193,1.41
217,48,val,80.782974,1.41
217,49,val,6.719355,1.42
217,50,val,12.651992,1.43
217,51,val,33.908318,1.43
217,52,val,7.042604,1.44
217,53,val,8.798912,1.45
217,54,val,8.243843,1.45
217,55,val,13.333656,1.46
217,56,val,10.909479,1.47
217,57,val,12.526457,1.47
217,58,val,9.964620,1.48
217,59,val,12.177771,1.49
217,60,val,26.006145,1.50
217,61,val,12.528473,1.50
217,62,val,7.390264,1.51
217,63,val,53.080383,1.52
217,64,val,6.704184,1.52
217,65,val,56.476601,1.53
217,66,val,14.102774,1.54
217,67,val,8.506083,1.54
217,68,val,43.910934,1.55
217,69,val,11.565062,1.56
217,70,val,37.206490,1.56
217,71,val,60.362770,1.57
217,72,val,10.163429,1.58
217,73,val,6.525001,1.58
217,74,val,28.686550,1.59
217,75,val,13.725032,1.60
217,76,val,12.999415,1.60
217,77,val,9.392807,1.61
217,78,val,9.549482,1.61
217,79,val,16.644541,1.62
218,0,train,10.897545,0.13
218,1,train,8.588037,0.17
218,2,train,9.577110,0.20
218,3,train,9.412726,0.22
218,4,train,8.033248,0.25
218,5,train,7.822378,0.28
218,6,train,6.638901,0.31
218,7,train,7.866529,0.33
218,8,train,19.272655,0.36
218,9,train,10.709886,0.39
218,10,train,7.053187,0.41
218,11,train,9.936424,0.44
218,12,train,10.238235,0.47
218,13,train,8.136984,0.49
218,14,train,16.816536,0.52
218,15,train,10.835394,0.55
218,16,train,16.230659,0.57
218,17,train,8.695072,0.60
218,18,train,6.259547,0.62
218,19,train,10.786798,0.65
218,20,train,8.425327,0.68
218,21,train,10.585846,0.70
218,22,train,9.834677,0.73
218,23,train,6.812591,0.76
218,24,train,8.321282,0.79
218,25,train,4.783086,0.82
218,26,train,8.219821,0.84
218,27,train,11.914275,0.86
218,28,train,8.064825,0.88
218,29,train,9.086465,0.91
218,0,val,9.181534,1.04
218,1,val,26.785421,1.06
218,2,val,12.404049,1.09
218,3,val,9.897076,1.10
218,4,val,12.775045,1.11
218,5,val,18.630959,1.12
218,6,val,14.090133,1.13
218,7,val,14.869352,1.14
218,8,val,50.265327,1.16
218,9,val,25.999920,1.16
218,10,val,28.645130,1.17
218,11,val,9.357185,1.19
218,12,val,6.781570,1.20
218,13,val,24.410604,1.21
218,14,val,7.211027,1.21
218,15,val,8.113551,1.22
218,16,val,36.217567,1.23
218,17,val,45.873352,1.23
218,18,val,12.722773,1.24
218,19,val,63.628120,1.25
218,20,val,17.116568,1.25
218,21,val,5.298280,1.26
218,22,val,8.000798,1.27
218,23,val,18.021214,1.27
218,24,val,27.837933,1.29
218,25,val,35.887085,1.29
218,26,val,9.035414,1.30
218,27,val,12.402747,1.31
218,28,val,8.055957,1.32
218,29,val,9.030355,1.33
218,30,val,3.489627,1.33
218,31,val,21.868984,1.34
218,32,val,12.643341,1.35
218,33,val,8.360282,1.35
218,34,val,5.761534,1.36
218,35,val,13.179680,1.37
218,36,val,16.238342,1.37
218,37,val,12.997950,1.38
218,38,val,26.539886,1.39
218,39,val,32.190445,1.40
218,40,val,23.646711,1.41
218,41,val,7.801193,1.42
218,42,val,24.590923,1.42
218,43,val,7.435881,1.43
218,44,val,55.769035,1.44
218,45,val,23.485327,1.44
218,46,val,71.058609,1.45
218,47,val,14.017387,1.46
218,48,val,47.306973,1.46
218,49,val,8.314941,1.47
218,50,val,12.099899,1.48
218,51,val,11.967260,1.48
218,52,val,10.674651,1.49
218,53,val,8.054935,1.50
218,54,val,7.595157,1.51
218,55,val,8.267673,1.51
218,56,val,7.826968,1.52
218,57,val,13.759396,1.53
218,58,val,11.299345,1.53
218,59,val,11.669749,1.54
218,60,val,25.705397,1.55
218,61,val,13.516647,1.55
218,62,val,6.942558,1.56
218,63,val,21.957375,1.57
218,64,val,5.081963,1.57
218,65,val,59.418365,1.58
218,66,val,13.344440,1.59
218,67,val,7.049969,1.60
218,68,val,45.948730,1.60
218,69,val,11.674990,1.61
218,70,val,35.726944,1.62
218,71,val,61.995384,1.62
218,72,val,11.125537,1.63
218,73,val,6.833344,1.63
218,74,val,28.857565,1.64
218,75,val,13.027434,1.65
218,76,val,13.258062,1.66
218,77,val,7.113121,1.66
218,78,val,9.158499,1.66
218,79,val,17.712303,1.67
219,0,train,13.119565,0.11
219,1,train,11.715900,0.15
219,2,train,9.103083,0.17
219,3,train,7.121346,0.20
219,4,train,7.752978,0.22
219,5,train,6.953995,0.25
219,6,train,10.660321,0.28
219,7,train,8.188598,0.30
219,8,train,6.543803,0.33
219,9,train,8.505938,0.36
219,10,train,15.972708,0.38
219,11,train,10.160142,0.41
219,12,train,8.932785,0.44
219,13,train,11.269266,0.47
219,14,train,9.039404,0.50
219,15,train,6.089615,0.53
219,16,train,11.619314,0.55
219,17,train,12.425024,0.58
219,18,train,11.984593,0.61
219,19,train,7.906528,0.63
219,20,train,10.601995,0.66
219,21,train,14.321402,0.69
219,22,train,8.062558,0.72
219,23,train,6.363413,0.74
219,24,train,5.571344,0.77
219,25,train,7.891772,0.80
219,26,train,7.961836,0.82
219,27,train,8.720552,0.84
219,28,train,10.521471,0.87
219,29,train,10.719171,0.96
219,0,val,13.796148,1.10
219,1,val,14.017248,1.11
219,2,val,13.657892,1.12
219,3,val,10.790449,1.12
219,4,val,10.875187,1.13
219,5,val,20.443865,1.14
219,6,val,15.302951,1.15
219,7,val,13.824812,1.16
219,8,val,52.612759,1.16
219,9,val,26.019024,1.17
219,10,val,28.226295,1.17
219,11,val,10.429922,1.18
219,12,val,7.203453,1.19
219,13,val,25.729137,1.19
219,14,val,11.855577,1.20
219,15,val,10.958800,1.21
219,16,val,26.966183,1.21
219,17,val,41.775757,1.22
219,18,val,8.766296,1.23
219,19,val,39.891735,1.23
219,20,val,16.344851,1.24
219,21,val,6.984661,1.25
219,22,val,10.065652,1.26
219,23,val,17.729483,1.27
219,24,val,35.606483,1.27
219,25,val,40.710842,1.28
219,26,val,8.895378,1.29
219,27,val,13.893225,1.29
219,28,val,8.439493,1.30
219,29,val,8.662501,1.31
219,30,val,2.799899,1.31
219,31,val,20.258873,1.32
219,32,val,12.462105,1.32
219,33,val,7.739222,1.33
219,34,val,4.055682,1.34
219,35,val,17.196602,1.35
219,36,val,15.559978,1.36
219,37,val,12.771343,1.36
219,38,val,13.040537,1.37
219,39,val,34.342354,1.38
219,40,val,26.587757,1.38
219,41,val,8.476378,1.39
219,42,val,15.000777,1.40
219,43,val,7.576717,1.40
219,44,val,55.978466,1.41
219,45,val,22.846939,1.42
219,46,val,45.679420,1.42
219,47,val,13.618692,1.43
219,48,val,47.770290,1.44
219,49,val,9.796531,1.44
219,50,val,12.518375,1.45
219,51,val,13.157656,1.46
219,52,val,7.807654,1.47
219,53,val,21.652737,1.47
219,54,val,7.639867,1.48
219,55,val,8.762083,1.49
219,56,val,42.184353,1.50
219,57,val,13.249217,1.51
219,58,val,10.859316,1.52
219,59,val,11.318083,1.52
219,60,val,26.431149,1.53
219,61,val,13.946737,1.54
219,62,val,7.340189,1.54
219,63,val,22.430517,1.55
219,64,val,4.957544,1.56
219,65,val,56.225624,1.57
219,66,val,15.454147,1.58
219,67,val,6.082458,1.58
219,68,val,44.220367,1.59
219,69,val,12.836535,1.60
219,70,val,34.598114,1.60
219,71,val,63.754070,1.61
219,72,val,10.313841,1.62
219,73,val,6.034627,1.62
219,74,val,30.199095,1.63
219,75,val,12.511011,1.64
219,76,val,13.274257,1.64
219,77,val,8.898047,1.65
219,78,val,8.292532,1.65
219,79,val,16.895145,1.66
220,0,train,10.071989,0.12
220,1,train,8.022905,0.15
220,2,train,11.105133,0.18
220,3,train,9.773403,0.20
220,4,train,8.217564,0.23
220,5,train,11.062382,0.26
220,6,train,11.380807,0.28
220,7,train,9.406507,0.31
220,8,train,7.654819,0.33
220,9,train,16.893238,0.36
220,10,train,10.149483,0.39
220,11,train,7.678276,0.41
220,12,train,8.761263,0.44
220,13,train,5.817898,0.46
220,14,train,11.565086,0.49
220,15,train,7.610285,0.52
220,16,train,16.821198,0.54
220,17,train,8.669255,0.57
220,18,train,6.939647,0.60
220,19,train,8.494911,0.63
220,20,train,27.553297,0.66
220,21,train,8.230333,0.69
220,22,train,12.655077,0.71
220,23,train,5.571037,0.74
220,24,train,7.036117,0.76
220,25,train,11.895376,0.79
220,26,train,7.254000,0.82
220,27,train,7.013604,0.84
220,28,train,9.930199,0.86
220,29,train,12.106919,0.89
220,0,val,8.528999,1.01
220,1,val,14.286949,1.02
220,2,val,12.714878,1.03
220,3,val,11.467731,1.03
220,4,val,10.595867,1.05
220,5,val,18.514191,1.05
220,6,val,13.424941,1.06
220,7,val,15.143981,1.07
220,8,val,58.241928,1.08
220,9,val,27.381985,1.08
220,10,val,28.323715,1.09
220,11,val,9.968128,1.10
220,12,val,5.719251,1.10
220,13,val,43.256332,1.11
220,14,val,7.664953,1.12
220,15,val,8.023183,1.12
220,16,val,25.910116,1.13
220,17,val,40.804909,1.14
220,18,val,34.515015,1.15
220,19,val,22.108952,1.16
220,20,val,37.628746,1.16
220,21,val,5.199103,1.17
220,22,val,8.621444,1.18
220,23,val,32.788063,1.18
220,24,val,28.519310,1.19
220,25,val,34.465065,1.20
220,26,val,8.823764,1.20
220,27,val,13.945433,1.21
220,28,val,8.502928,1.22
220,29,val,8.425050,1.22
220,30,val,2.681686,1.23
220,31,val,21.037275,1.23
220,32,val,13.874165,1.24
220,33,val,7.817247,1.25
220,34,val,16.897682,1.26
220,35,val,16.901524,1.27
220,36,val,14.272471,1.27
220,37,val,13.449421,1.28
220,38,val,15.037308,1.29
220,39,val,35.628433,1.29
220,40,val,25.072765,1.30
220,41,val,14.669189,1.31
220,42,val,14.760284,1.31
220,43,val,7.039674,1.32
220,44,val,56.154762,1.33
220,45,val,21.358662,1.33
220,46,val,47.106323,1.34
220,47,val,14.417530,1.35
220,48,val,49.673485,1.36
220,49,val,9.673180,1.37
220,50,val,12.406311,1.37
220,51,val,13.605006,1.38
220,52,val,6.959044,1.39
220,53,val,8.354550,1.39
220,54,val,7.610715,1.40
220,55,val,10.196966,1.41
220,56,val,7.535010,1.41
220,57,val,12.288521,1.42
220,58,val,15.236595,1.43
220,59,val,18.169205,1.43
220,60,val,25.826101,1.44
220,61,val,16.663666,1.44
220,62,val,6.771968,1.45
220,63,val,23.381849,1.46
220,64,val,5.488243,1.47
220,65,val,56.537899,1.47
220,66,val,14.739330,1.48
220,67,val,24.807301,1.49
220,68,val,44.976891,1.49
220,69,val,11.573321,1.50
220,70,val,33.659325,1.51
220,71,val,60.330429,1.51
220,72,val,10.511650,1.52
220,73,val,6.717872,1.53
220,74,val,28.844160,1.53
220,75,val,12.431563,1.54
220,76,val,13.392166,1.54
220,77,val,12.070300,1.55
220,78,val,8.429304,1.56
220,79,val,16.317881,1.56
221,0,train,13.644688,0.13
221,1,train,5.936555,0.16
221,2,train,8.415074,0.19
221,3,train,13.073553,0.21
221,4,train,10.329063,0.24
221,5,train,15.828222,0.27
221,6,train,8.281388,0.29
221,7,train,8.672035,0.32
221,8,train,13.398551,0.34
221,9,train,10.024725,0.37
221,10,train,8.886226,0.40
221,11,train,9.155768,0.42
221,12,train,8.523321,0.44
221,13,train,10.325926,0.47
221,14,train,9.308878,0.50
221,15,train,6.004066,0.52
221,16,train,7.631801,0.55
221,17,train,9.033320,0.58
221,18,train,8.836008,0.60
221,19,train,9.002645,0.63
221,20,train,8.432528,0.65
221,21,train,5.738311,0.68
221,22,train,5.794218,0.71
221,23,train,6.865137,0.73
221,24,train,6.875468,0.76
221,25,train,7.829324,0.78
221,26,train,5.268505,0.81
221,27,train,6.326782,0.83
221,28,train,13.273533,0.86
221,29,train,7.809184,0.90
221,0,val,15.375155,1.03
221,1,val,17.435751,1.04
221,2,val,12.407428,1.05
221,3,val,11.038006,1.05
221,4,val,13.411293,1.06
221,5,val,29.454947,1.07
221,6,val,14.719894,1.08
221,7,val,14.507839,1.09
221,8,val,53.783371,1.10
221,9,val,27.943304,1.11
221,10,val,28.453701,1.12
221,11,val,9.515516,1.13
221,12,val,5.530509,1.13
221,13,val,24.044790,1.14
221,14,val,7.451978,1.15
221,15,val,15.155676,1.15
221,16,val,26.566463,1.16
221,17,val,40.229435,1.17
221,18,val,11.632319,1.18
221,19,val,23.011093,1.19
221,20,val,16.520222,1.19
221,21,val,5.999204,1.20
221,22,val,9.236583,1.21
221,23,val,17.675955,1.21
221,24,val,27.939108,1.22
221,25,val,36.271194,1.23
221,26,val,10.327793,1.23
221,27,val,13.983034,1.24
221,28,val,9.316305,1.25
221,29,val,9.206096,1.25
221,30,val,12.059067,1.26
221,31,val,20.792048,1.27
221,32,val,11.614988,1.28
221,33,val,7.794107,1.29
221,34,val,7.387378,1.29
221,35,val,10.862129,1.30
221,36,val,14.434088,1.31
221,37,val,12.878651,1.31
221,38,val,16.424030,1.32
221,39,val,33.781944,1.33
221,40,val,22.592186,1.33
221,41,val,8.335201,1.34
221,42,val,19.362156,1.35
221,43,val,7.757253,1.35
221,44,val,55.294998,1.36
221,45,val,21.292988,1.36
221,46,val,46.067955,1.37
221,47,val,14.216411,1.38
221,48,val,48.990578,1.39
221,49,val,11.285873,1.40
221,50,val,12.344925,1.40
221,51,val,12.461540,1.41
221,52,val,7.180545,1.42
221,53,val,8.462936,1.42
221,54,val,7.081752,1.43
221,55,val,8.656200,1.44
221,56,val,12.265694,1.44
221,57,val,13.247813,1.45
221,58,val,10.639456,1.46
221,59,val,12.308932,1.46
221,60,val,25.988028,1.47
221,61,val,14.274063,1.47
221,62,val,6.795066,1.49
221,63,val,22.749680,1.49
221,64,val,5.248235,1.50
221,65,val,54.855846,1.51
221,66,val,21.010494,1.51
221,67,val,6.372911,1.52
221,68,val,42.501076,1.53
221,69,val,38.038895,1.53
221,70,val,40.642906,1.54
221,71,val,60.136108,1.54
221,72,val,11.206968,1.55
221,73,val,7.306915,1.56
221,74,val,37.837387,1.56
221,75,val,12.793270,1.57
221,76,val,12.767261,1.57
221,77,val,8.208229,1.58
221,78,val,7.601962,1.59
221,79,val,15.035799,1.59
222,0,train,7.454994,0.11
222,1,train,8.850720,0.15
222,2,train,6.519165,0.17
222,3,train,15.219888,0.20
222,4,train,7.749277,0.22
222,5,train,6.830331,0.25
222,6,train,8.760453,0.28
222,7,train,12.396225,0.31
222,8,train,11.413778,0.33
222,9,train,11.193605,0.37
222,10,train,9.195927,0.42
222,11,train,10.360609,0.46
222,12,train,13.021687,0.52
222,13,train,11.040604,0.56
222,14,train,8.977567,0.60
222,15,train,8.539069,0.64
222,16,train,11.378256,0.68
222,17,train,15.832870,0.72
222,18,train,8.273860,0.76
222,19,train,9.343584,0.79
222,20,train,10.243665,0.83
222,21,train,11.387804,0.87
222,22,train,13.291010,0.91
222,23,train,8.475887,0.94
222,24,train,6.452016,0.98
222,25,train,8.644252,1.02
222,26,train,9.731656,1.07
222,27,train,6.383623,1.12
222,28,train,17.259186,1.16
222,29,train,10.981539,1.21
222,0,val,8.838989,1.53
222,1,val,15.199982,1.56
222,2,val,13.200476,1.58
222,3,val,8.631281,1.60
222,4,val,13.089361,1.61
222,5,val,19.716633,1.63
222,6,val,13.748759,1.65
222,7,val,14.651393,1.67
222,8,val,58.647659,1.68
222,9,val,26.829641,1.69
222,10,val,28.143759,1.70
222,11,val,9.052440,1.72
222,12,val,5.749454,1.73
222,13,val,24.542187,1.75
222,14,val,7.489894,1.76
222,15,val,11.645988,1.78
222,16,val,27.418907,1.79
222,17,val,40.202347,1.80
222,18,val,11.504608,1.82
222,19,val,21.979477,1.83
222,20,val,17.247946,1.84
222,21,val,5.174019,1.87
222,22,val,7.864423,1.88
222,23,val,16.778839,1.90
222,24,val,48.242409,1.91
222,25,val,34.282257,1.92
222,26,val,33.220638,1.93
222,27,val,13.794272,1.95
222,28,val,8.415055,1.97
222,29,val,8.251393,1.98
222,30,val,2.959414,1.99
222,31,val,21.275702,2.00
222,32,val,16.870832,2.02
222,33,val,7.917455,2.03
222,34,val,4.964680,2.04
222,35,val,11.030617,2.06
222,36,val,13.844947,2.07
222,37,val,15.913589,2.09
222,38,val,13.161871,2.10
222,39,val,32.961967,2.11
222,40,val,23.557287,2.12
222,41,val,7.657640,2.14
222,42,val,17.003990,2.15
222,43,val,6.954746,2.16
222,44,val,54.221725,2.18
222,45,val,20.985106,2.19
222,46,val,46.042450,2.21
222,47,val,16.186710,2.22
222,48,val,49.628181,2.23
222,49,val,6.676536,2.25
222,50,val,16.037647,2.26
222,51,val,15.127792,2.27
222,52,val,8.502518,2.29
222,53,val,8.353168,2.31
222,54,val,6.813592,2.32
222,55,val,8.649295,2.34
222,56,val,8.063132,2.35
222,57,val,13.582581,2.36
222,58,val,10.888949,2.38
222,59,val,11.579924,2.40
222,60,val,27.925558,2.41
222,61,val,12.748607,2.42
222,62,val,6.635592,2.43
222,63,val,21.624449,2.44
222,64,val,4.913640,2.45
222,65,val,74.832886,2.46
222,66,val,16.270626,2.47
222,67,val,6.902984,2.48
222,68,val,45.468353,2.50
222,69,val,12.372351,2.51
222,70,val,35.332195,2.52
222,71,val,63.492535,2.54
222,72,val,16.413124,2.55
222,73,val,6.719608,2.56
222,74,val,29.303213,2.58
222,75,val,12.575638,2.60
222,76,val,15.929993,2.62
222,77,val,8.532371,2.63
222,78,val,12.469089,2.65
222,79,val,27.886580,2.66
223,0,train,11.207513,0.30
223,1,train,9.254168,0.34
223,2,train,8.035385,0.38
223,3,train,8.035393,0.41
223,4,train,6.423585,0.45
223,5,train,7.977411,0.48
223,6,train,13.214280,0.52
223,7,train,7.165649,0.56
223,8,train,6.884186,0.59
223,9,train,7.987171,0.62
223,10,train,7.133790,0.65
223,11,train,12.167321,0.69
223,12,train,5.929395,0.73
223,13,train,10.194117,0.80
223,14,train,13.896431,0.90
223,15,train,10.913526,0.97
223,16,train,8.512722,1.03
223,17,train,8.044475,1.10
223,18,train,9.203054,1.14
223,19,train,6.449304,1.18
223,20,train,9.076192,1.21
223,21,train,10.291378,1.23
223,22,train,10.401693,1.26
223,23,train,7.356079,1.29
223,24,train,6.811969,1.32
223,25,train,7.621785,1.35
223,26,train,8.980467,1.37
223,27,train,5.765387,1.40
223,28,train,6.675838,1.43
223,29,train,7.754800,1.45
223,0,val,9.174548,1.59
223,1,val,15.993457,1.60
223,2,val,12.626278,1.62
223,3,val,13.495586,1.63
223,4,val,10.659702,1.64
223,5,val,22.772926,1.65
223,6,val,14.464914,1.66
223,7,val,14.680519,1.67
223,8,val,55.607048,1.68
223,9,val,26.543777,1.69
223,10,val,27.531815,1.70
223,11,val,9.430081,1.71
223,12,val,5.533511,1.72
223,13,val,25.505131,1.73
223,14,val,8.611149,1.74
223,15,val,9.255206,1.75
223,16,val,24.707748,1.75
223,17,val,41.378601,1.76
223,18,val,12.028183,1.77
223,19,val,26.388607,1.78
223,20,val,18.619144,1.78
223,21,val,6.078262,1.80
223,22,val,8.086729,1.81
223,23,val,17.251043,1.82
223,24,val,27.631969,1.83
223,25,val,56.158417,1.84
223,26,val,10.750755,1.84
223,27,val,13.756079,1.85
223,28,val,8.111273,1.86
223,29,val,12.469564,1.87
223,30,val,5.151300,1.88
223,31,val,22.576237,1.88
223,32,val,11.965261,1.89
223,33,val,7.691852,1.90
223,34,val,5.877355,1.90
223,35,val,12.262214,1.91
223,36,val,14.116081,1.92
223,37,val,13.784204,1.93
223,38,val,14.573680,1.94
223,39,val,36.411629,1.94
223,40,val,23.139618,1.95
223,41,val,7.473472,1.96
223,42,val,16.098713,1.97
223,43,val,7.701682,1.98
223,44,val,53.205376,1.99
223,45,val,26.048178,2.00
223,46,val,45.238110,2.01
223,47,val,14.001837,2.01
223,48,val,47.939236,2.03
223,49,val,7.463457,2.03
223,50,val,11.819961,2.04
223,51,val,16.254000,2.05
223,52,val,7.046934,2.05
223,53,val,8.288240,2.06
223,54,val,13.377429,2.06
223,55,val,9.503330,2.07
223,56,val,8.022242,2.08
223,57,val,12.589895,2.08
223,58,val,9.867275,2.09
223,59,val,11.229335,2.10
223,60,val,28.354490,2.10
223,61,val,14.021505,2.11
223,62,val,7.038759,2.12
223,63,val,22.673683,2.13
223,64,val,5.114529,2.13
223,65,val,57.073380,2.14
223,66,val,14.495157,2.15
223,67,val,7.068936,2.15
223,68,val,44.482559,2.16
223,69,val,12.670601,2.17
223,70,val,33.572533,2.17
223,71,val,58.933380,2.18
223,72,val,11.940643,2.19
223,73,val,7.313644,2.19
223,74,val,29.634047,2.20
223,75,val,12.632906,2.20
223,76,val,12.385631,2.21
223,77,val,8.074595,2.22
223,78,val,8.823067,2.23
223,79,val,17.040449,2.24
224,0,train,12.309403,0.17
224,1,train,8.290024,0.20
224,2,train,6.493217,0.22
224,3,train,12.465565,0.25
224,4,train,12.801405,0.27
224,5,train,5.849192,0.31
224,6,train,6.122371,0.33
224,7,train,8.898443,0.35
224,8,train,18.107338,0.39
224,9,train,12.383614,0.43
224,10,train,5.752983,0.45
224,11,train,10.252993,0.48
224,12,train,9.361053,0.51
224,13,train,6.432781,0.54
224,14,train,10.309522,0.56
224,15,train,13.972972,0.59
224,16,train,5.935901,0.62
224,17,train,6.858701,0.64
224,18,train,10.452853,0.67
224,19,train,7.006343,0.69
224,20,train,8.607594,0.73
224,21,train,7.521091,0.76
224,22,train,6.548384,0.78
224,23,train,7.220948,0.80
224,24,train,9.387421,0.84
224,25,train,12.642455,0.88
224,26,train,17.380911,0.90
224,27,train,12.551394,0.93
224,28,train,11.790716,0.95
224,29,train,8.852733,0.98
224,0,val,9.876992,1.10
224,1,val,14.052589,1.11
224,2,val,12.708720,1.12
224,3,val,9.955228,1.12
224,4,val,11.450331,1.13
224,5,val,19.296549,1.14
224,6,val,27.480268,1.15
224,7,val,13.281277,1.15
224,8,val,50.916985,1.16
224,9,val,27.110325,1.17
224,10,val,44.219589,1.17
224,11,val,10.071955,1.18
224,12,val,5.901937,1.19
224,13,val,56.902462,1.19
224,14,val,7.328550,1.20
224,15,val,8.077728,1.20
224,16,val,29.823349,1.21
224,17,val,40.304935,1.22
224,18,val,9.742836,1.22
224,19,val,22.493635,1.23
224,20,val,16.805733,1.24
224,21,val,6.014172,1.25
224,22,val,9.103059,1.26
224,23,val,16.176802,1.27
224,24,val,27.401144,1.28
224,25,val,36.454247,1.29
224,26,val,10.617760,1.30
224,27,val,13.999466,1.30
224,28,val,8.646235,1.31
224,29,val,8.550007,1.32
224,30,val,3.709954,1.33
224,31,val,20.803661,1.34
224,32,val,12.490301,1.35
224,33,val,17.216660,1.35
224,34,val,8.291405,1.36
224,35,val,12.556125,1.37
224,36,val,14.321947,1.38
224,37,val,17.867092,1.38
224,38,val,12.897703,1.39
224,39,val,34.277496,1.40
224,40,val,32.525513,1.40
224,41,val,7.979711,1.41
224,42,val,14.088215,1.42
224,43,val,6.632295,1.43
224,44,val,53.839428,1.43
224,45,val,21.189978,1.44
224,46,val,44.903210,1.45
224,47,val,14.150747,1.46
224,48,val,48.517147,1.46
224,49,val,6.681903,1.47
224,50,val,12.612810,1.47
224,51,val,13.750812,1.48
224,52,val,7.141014,1.49
224,53,val,9.147927,1.49
224,54,val,7.649512,1.50
224,55,val,7.912497,1.51
224,56,val,18.008514,1.51
224,57,val,15.372650,1.52
224,58,val,10.098521,1.53
224,59,val,11.925277,1.53
224,60,val,25.795591,1.54
224,61,val,13.829832,1.55
224,62,val,9.308932,1.56
224,63,val,24.590887,1.56
224,64,val,5.033787,1.57
224,65,val,62.287319,1.58
224,66,val,15.631697,1.59
224,67,val,6.435110,1.59
224,68,val,44.025970,1.60
224,69,val,20.218563,1.61
224,70,val,35.309967,1.61
224,71,val,60.332420,1.62
224,72,val,12.298721,1.63
224,73,val,9.257084,1.63
224,74,val,28.831070,1.64
224,75,val,12.416750,1.65
224,76,val,13.618556,1.66
224,77,val,12.400467,1.66
224,78,val,8.389418,1.67
224,79,val,20.906803,1.67
225,0,train,8.337378,0.15
225,1,train,6.967103,0.18
225,2,train,8.459846,0.21
225,3,train,9.827655,0.23
225,4,train,8.648657,0.26
225,5,train,11.965279,0.29
225,6,train,8.964516,0.31
225,7,train,8.376995,0.33
225,8,train,11.734688,0.36
225,9,train,7.701989,0.39
225,10,train,9.272873,0.41
225,11,train,17.913197,0.44
225,12,train,9.075312,0.47
225,13,train,10.374138,0.50
225,14,train,5.372962,0.53
225,15,train,6.009961,0.55
225,16,train,8.700025,0.58
225,17,train,7.992758,0.61
225,18,train,16.169085,0.64
225,19,train,8.456730,0.66
225,20,train,9.401445,0.69
225,21,train,11.247959,0.72
225,22,train,5.949062,0.75
225,23,train,8.949520,0.77
225,24,train,6.294087,0.80
225,25,train,11.279013,0.83
225,26,train,5.659712,0.85
225,27,train,11.599019,0.88
225,28,train,4.946307,0.90
225,29,train,7.797959,0.93
225,0,val,9.377771,1.06
225,1,val,13.198912,1.07
225,2,val,12.131572,1.07
225,3,val,9.402540,1.09
225,4,val,11.153940,1.10
225,5,val,17.477230,1.11
225,6,val,13.862017,1.12
225,7,val,14.261107,1.13
225,8,val,49.132195,1.14
225,9,val,54.494488,1.15
225,10,val,32.265953,1.15
225,11,val,8.943652,1.16
225,12,val,5.834606,1.17
225,13,val,25.212051,1.17
225,14,val,7.482969,1.18
225,15,val,9.705519,1.19
225,16,val,25.277538,1.20
225,17,val,39.595253,1.21
225,18,val,10.001326,1.21
225,19,val,22.257574,1.22
225,20,val,18.210896,1.23
225,21,val,6.008368,1.23
225,22,val,9.391189,1.24
225,23,val,17.029699,1.24
225,24,val,27.815825,1.25
225,25,val,38.256531,1.26
225,26,val,12.453352,1.26
225,27,val,13.580512,1.27
225,28,val,8.555029,1.28
225,29,val,10.542418,1.28
225,30,val,11.321898,1.29
225,31,val,21.004427,1.30
225,32,val,11.759504,1.31
225,33,val,8.177872,1.31
225,34,val,4.332862,1.32
225,35,val,11.085098,1.33
225,36,val,16.281363,1.33
225,37,val,13.283716,1.34
225,38,val,12.630857,1.35
225,39,val,30.580633,1.35
225,40,val,23.632820,1.36
225,41,val,8.043100,1.37
225,42,val,14.789153,1.37
225,43,val,7.595336,1.38
225,44,val,52.714348,1.38
225,45,val,20.415611,1.40
225,46,val,45.994991,1.41
225,47,val,17.472332,1.41
225,48,val,48.603119,1.42
225,49,val,6.643143,1.43
225,50,val,12.346893,1.43
225,51,val,13.314189,1.44
225,52,val,7.569479,1.45
225,53,val,9.131086,1.45
225,54,val,6.840209,1.46
225,55,val,8.766088,1.47
225,56,val,8.751902,1.47
225,57,val,13.658465,1.48
225,58,val,11.422266,1.49
225,59,val,11.965426,1.50
225,60,val,25.332510,1.50
225,61,val,13.200026,1.51
225,62,val,6.624134,1.52
225,63,val,22.951597,1.52
225,64,val,4.416655,1.53
225,65,val,56.245354,1.54
225,66,val,15.493589,1.54
225,67,val,6.934377,1.55
225,68,val,42.690735,1.56
225,69,val,11.910411,1.56
225,70,val,32.297367,1.57
225,71,val,60.716736,1.58
225,72,val,10.934673,1.58
225,73,val,7.324234,1.59
225,74,val,27.668381,1.60
225,75,val,13.881896,1.61
225,76,val,19.180988,1.61
225,77,val,7.378736,1.62
225,78,val,9.341279,1.62
225,79,val,19.010361,1.62
226,0,train,8.438601,0.12
226,1,train,6.314066,0.15
226,2,train,7.712986,0.18
226,3,train,8.613494,0.20
226,4,train,4.666401,0.23
226,5,train,8.437292,0.26
226,6,train,13.702816,0.28
226,7,train,11.471314,0.31
226,8,train,6.437853,0.33
226,9,train,8.303390,0.36
226,10,train,7.374938,0.39
226,11,train,10.228353,0.41
226,12,train,6.449758,0.44
226,13,train,6.642300,0.47
226,14,train,11.079792,0.50
226,15,train,9.179774,0.52
226,16,train,10.097068,0.55
226,17,train,16.254726,0.58
226,18,train,6.578318,0.60
226,19,train,5.978312,0.70
226,20,train,9.527847,0.73
226,21,train,8.763736,0.76
226,22,train,16.390707,0.79
226,23,train,8.528137,0.81
226,24,train,8.193348,0.84
226,25,train,10.579575,0.87
226,26,train,7.584175,0.90
226,27,train,9.411967,0.92
226,28,train,10.654534,0.94
226,29,train,12.839695,0.97
226,0,val,9.024733,1.09
226,1,val,14.201758,1.10
226,2,val,12.023520,1.10
226,3,val,9.824862,1.11
226,4,val,12.928909,1.12
226,5,val,18.246891,1.13
226,6,val,14.606845,1.14
226,7,val,13.767650,1.14
226,8,val,67.491486,1.15
226,9,val,27.558317,1.15
226,10,val,28.851650,1.16
226,11,val,9.442345,1.17
226,12,val,5.912221,1.17
226,13,val,25.535034,1.18
226,14,val,7.567389,1.19
226,15,val,8.693390,1.19
226,16,val,25.224800,1.20
226,17,val,39.325768,1.21
226,18,val,11.539531,1.22
226,19,val,26.366390,1.23
226,20,val,16.521568,1.24
226,21,val,5.629320,1.24
226,22,val,8.323200,1.25
226,23,val,16.401333,1.26
226,24,val,28.501144,1.26
226,25,val,35.433041,1.27
226,26,val,9.501060,1.28
226,27,val,14.389578,1.28
226,28,val,8.205187,1.29
226,29,val,8.931628,1.29
226,30,val,2.721143,1.30
226,31,val,20.589237,1.31
226,32,val,12.040781,1.31
226,33,val,7.876009,1.32
226,34,val,4.979568,1.33
226,35,val,11.392147,1.34
226,36,val,14.132266,1.35
226,37,val,13.472766,1.35
226,38,val,19.651930,1.36
226,39,val,31.888731,1.37
226,40,val,24.406464,1.37
226,41,val,9.253811,1.38
226,42,val,14.969432,1.38
226,43,val,6.869445,1.39
226,44,val,53.753410,1.40
226,45,val,23.650318,1.40
226,46,val,55.391476,1.41
226,47,val,14.269626,1.42
226,48,val,46.711254,1.42
226,49,val,6.292110,1.43
226,50,val,12.851932,1.44
226,51,val,15.385707,1.44
226,52,val,8.243133,1.45
226,53,val,7.970987,1.46
226,54,val,7.562963,1.46
226,55,val,9.233730,1.47
226,56,val,8.906352,1.48
226,57,val,12.062662,1.48
226,58,val,10.760608,1.49
226,59,val,11.387412,1.49
226,60,val,26.100708,1.50
226,61,val,19.731592,1.51
226,62,val,7.573897,1.52
226,63,val,26.891048,1.53
226,64,val,4.446676,1.54
226,65,val,59.149654,1.55
226,66,val,14.831062,1.56
226,67,val,6.456060,1.56
226,68,val,45.341797,1.57
226,69,val,11.708540,1.58
226,70,val,31.755325,1.58
226,71,val,60.321819,1.59
226,72,val,10.757731,1.60
226,73,val,7.165859,1.60
226,74,val,30.294247,1.61
226,75,val,20.047630,1.61
226,76,val,13.742094,1.62
226,77,val,8.108119,1.62
226,78,val,9.206059,1.63
226,79,val,15.408112,1.63
227,0,train,8.082574,0.11
227,1,train,5.307735,0.15
227,2,train,13.026534,0.17
227,3,train,6.421380,0.20
227,4,train,6.988883,0.23
227,5,train,6.401043,0.26
227,6,train,5.208824,0.29
227,7,train,8.891689,0.31
227,8,train,9.622291,0.34
227,9,train,7.200931,0.36
227,10,train,7.441438,0.39
227,11,train,11.156620,0.41
227,12,train,8.540905,0.44
227,13,train,6.720973,0.47
227,14,train,9.744164,0.49
227,15,train,12.224474,0.52
227,16,train,5.784322,0.55
227,17,train,5.859567,0.58
227,18,train,8.249128,0.60
227,19,train,9.517313,0.63
227,20,train,11.729115,0.66
227,21,train,16.583035,0.69
227,22,train,8.055024,0.71
227,23,train,7.218714,0.74
227,24,train,6.940835,0.76
227,25,train,10.924805,0.79
227,26,train,10.801582,0.81
227,27,train,11.700785,0.84
227,28,train,9.923304,0.86
227,29,train,10.572402,0.89
227,0,val,9.081942,1.02
227,1,val,13.151691,1.02
227,2,val,12.655857,1.03
227,3,val,9.511517,1.04
227,4,val,36.334248,1.05
227,5,val,34.314953,1.06
227,6,val,14.495222,1.07
227,7,val,13.497494,1.07
227,8,val,54.489910,1.08
227,9,val,26.081413,1.09
227,10,val,27.353895,1.09
227,11,val,9.477734,1.10
227,12,val,8.771326,1.11
227,13,val,27.446053,1.12
227,14,val,6.485607,1.12
227,15,val,8.345190,1.13
227,16,val,24.141838,1.14
227,17,val,40.579098,1.14
227,18,val,10.486927,1.15
227,19,val,25.453884,1.16
227,20,val,19.976484,1.17
227,21,val,5.944529,1.17
227,22,val,8.401972,1.18
227,23,val,16.228962,1.19
227,24,val,28.061689,1.19
227,25,val,34.778725,1.20
227,26,val,8.750476,1.21
227,27,val,15.951399,1.21
227,28,val,8.146759,1.22
227,29,val,8.366695,1.22
227,30,val,5.360593,1.23
227,31,val,22.458397,1.24
227,32,val,14.528538,1.24
227,33,val,9.436480,1.25
227,34,val,4.349444,1.26
227,35,val,14.549197,1.27
227,36,val,14.155611,1.28
227,37,val,12.877615,1.28
227,38,val,13.593079,1.29
227,39,val,33.159626,1.29
227,40,val,24.088081,1.30
227,41,val,7.963886,1.31
227,42,val,17.621595,1.31
227,43,val,7.011809,1.32
227,44,val,53.615093,1.33
227,45,val,43.918499,1.33
227,46,val,45.708862,1.34
227,47,val,13.924540,1.35
227,48,val,48.735924,1.35
227,49,val,10.841639,1.36
227,50,val,13.267730,1.37
227,51,val,13.086111,1.38
227,52,val,7.262613,1.38
227,53,val,7.859802,1.39
227,54,val,7.559698,1.39
227,55,val,9.000075,1.40
227,56,val,8.335478,1.41
227,57,val,13.439457,1.41
227,58,val,12.298590,1.42
227,59,val,10.884977,1.43
227,60,val,25.219046,1.43
227,61,val,12.990614,1.44
227,62,val,7.356307,1.44
227,63,val,22.644096,1.45
227,64,val,5.167169,1.46
227,65,val,55.427979,1.47
227,66,val,15.615397,1.47
227,67,val,6.821756,1.48
227,68,val,53.504650,1.49
227,69,val,12.519511,1.49
227,70,val,33.243813,1.50
227,71,val,59.642471,1.51
227,72,val,11.926531,1.51
227,73,val,5.967331,1.52
227,74,val,30.897583,1.53
227,75,val,12.808600,1.54
227,76,val,13.044139,1.54
227,77,val,8.978637,1.55
227,78,val,7.453380,1.55
227,79,val,15.529977,1.55
228,0,train,8.341494,0.11
228,1,train,13.485047,0.14
228,2,train,8.917050,0.17
228,3,train,9.952925,0.19
228,4,train,8.610065,0.22
228,5,train,7.198022,0.25
228,6,train,12.204857,0.27
228,7,train,5.475490,0.30
228,8,train,8.662640,0.33
228,9,train,9.880242,0.37
228,10,train,9.861784,0.39
228,11,train,6.220519,0.42
228,12,train,12.073421,0.44
228,13,train,8.932547,0.47
228,14,train,5.884624,0.49
228,15,train,11.142660,0.52
228,16,train,10.763127,0.54
228,17,train,6.529828,0.57
228,18,train,8.558765,0.60
228,19,train,4.944487,0.62
228,20,train,9.297501,0.65
228,21,train,5.531928,0.68
228,22,train,14.426092,0.70
228,23,train,9.417667,0.73
228,24,train,6.420475,0.75
228,25,train,8.918459,0.78
228,26,train,10.079255,0.80
228,27,train,6.430058,0.82
228,28,train,6.013524,0.85
228,29,train,19.375435,0.87
228,0,val,9.178943,1.00
228,1,val,13.402855,1.01
228,2,val,12.186640,1.02
228,3,val,9.849546,1.03
228,4,val,11.632865,1.04
228,5,val,18.869564,1.05
228,6,val,14.803515,1.05
228,7,val,14.067950,1.06
228,8,val,48.167389,1.07
228,9,val,49.819191,1.07
228,10,val,28.774261,1.08
228,11,val,17.340780,1.09
228,12,val,7.005580,1.10
228,13,val,25.559906,1.10
228,14,val,7.082975,1.11
228,15,val,7.702805,1.12
228,16,val,25.313131,1.13
228,17,val,39.370605,1.13
228,18,val,18.893042,1.14
228,19,val,23.790495,1.15
228,20,val,16.727974,1.16
228,21,val,5.569442,1.16
228,22,val,13.645355,1.17
228,23,val,17.315702,1.18
228,24,val,27.996428,1.19
228,25,val,34.228004,1.19
228,26,val,9.010705,1.20
228,27,val,16.293528,1.20
228,28,val,7.507408,1.21
228,29,val,8.383968,1.22
228,30,val,4.236960,1.23
228,31,val,21.045780,1.23
228,32,val,11.119525,1.24
228,33,val,7.404310,1.25
228,34,val,4.047433,1.25
228,35,val,11.269278,1.26
228,36,val,15.083576,1.27
228,37,val,14.377368,1.27
228,38,val,13.639781,1.28
228,39,val,30.440281,1.28
228,40,val,24.616917,1.29
228,41,val,8.578959,1.30
228,42,val,15.939540,1.30
228,43,val,6.928070,1.31
228,44,val,53.889954,1.32
228,45,val,21.818954,1.32
228,46,val,44.711010,1.34
228,47,val,15.355614,1.35
228,48,val,55.166729,1.36
228,49,val,11.444929,1.37
228,50,val,12.288814,1.37
228,51,val,13.301448,1.38
228,52,val,6.996587,1.39
228,53,val,7.873096,1.39
228,54,val,10.777824,1.40
228,55,val,36.944405,1.40
228,56,val,8.954199,1.41
228,57,val,13.565822,1.42
228,58,val,9.871696,1.42
228,59,val,12.730955,1.43
228,60,val,35.546413,1.44
228,61,val,13.081251,1.45
228,62,val,7.264541,1.45
228,63,val,22.555418,1.46
228,64,val,5.699239,1.46
228,65,val,58.662811,1.47
228,66,val,14.703672,1.48
228,67,val,6.445501,1.48
228,68,val,44.348625,1.49
228,69,val,12.208061,1.49
228,70,val,31.826275,1.50
228,71,val,61.013550,1.51
228,72,val,11.653293,1.51
228,73,val,8.239141,1.52
228,74,val,29.424406,1.53
228,75,val,12.747801,1.54
228,76,val,12.536146,1.54
228,77,val,10.015790,1.55
228,78,val,8.599660,1.55
228,79,val,15.574948,1.55
229,0,train,7.001311,0.11
229,1,train,10.703170,0.14
229,2,train,9.765652,0.17
229,3,train,12.337963,0.19
229,4,train,9.089016,0.22
229,5,train,7.519057,0.25
229,6,train,7.238085,0.27
229,7,train,8.381136,0.30
229,8,train,5.191002,0.32
229,9,train,11.893610,0.35
229,10,train,5.327134,0.38
229,11,train,8.455935,0.40
229,12,train,6.312278,0.43
229,13,train,8.448225,0.45
229,14,train,8.521118,0.48
229,15,train,7.402735,0.50
229,16,train,7.795781,0.53
229,17,train,8.746052,0.56
229,18,train,6.612545,0.58
229,19,train,15.330711,0.61
229,20,train,8.121986,0.64
229,21,train,5.250938,0.69
229,22,train,6.854884,0.72
229,23,train,5.850573,0.76
229,24,train,11.957038,0.79
229,25,train,7.770144,0.84
229,26,train,10.270811,0.87
229,27,train,10.708518,0.90
229,28,train,11.138596,0.92
229,29,train,9.644666,0.96
229,0,val,11.068763,1.11
229,1,val,13.580994,1.12
229,2,val,12.046542,1.14
229,3,val,11.001933,1.15
229,4,val,11.206195,1.16
229,5,val,18.548849,1.16
229,6,val,14.185450,1.17
229,7,val,13.751637,1.18
229,8,val,52.296234,1.19
229,9,val,26.432501,1.19
229,10,val,27.418056,1.20
229,11,val,10.206953,1.21
229,12,val,6.475509,1.22
229,13,val,24.646910,1.23
229,14,val,7.773389,1.24
229,15,val,8.150492,1.25
229,16,val,27.615149,1.26
229,17,val,40.155491,1.27
229,18,val,10.864143,1.28
229,19,val,43.187309,1.29
229,20,val,19.145845,1.29
229,21,val,5.430181,1.30
229,22,val,8.319351,1.31
229,23,val,16.520161,1.32
229,24,val,28.230206,1.32
229,25,val,40.975899,1.33
229,26,val,9.848166,1.34
229,27,val,14.243370,1.35
229,28,val,8.412280,1.36
229,29,val,10.441476,1.37
229,30,val,4.180810,1.38
229,31,val,22.116779,1.39
229,32,val,13.714296,1.39
229,33,val,8.069048,1.40
229,34,val,4.380749,1.41
229,35,val,10.752934,1.42
229,36,val,15.233367,1.42
229,37,val,13.001005,1.43
229,38,val,12.830914,1.44
229,39,val,33.881477,1.45
229,40,val,24.003395,1.46
229,41,val,7.380550,1.47
229,42,val,14.082274,1.47
229,43,val,32.507507,1.48
229,44,val,57.423874,1.49
229,45,val,20.357376,1.50
229,46,val,46.481640,1.50
229,47,val,13.567009,1.51
229,48,val,48.309723,1.52
229,49,val,6.995380,1.53
229,50,val,12.063087,1.53
229,51,val,14.079248,1.54
229,52,val,8.039514,1.56
229,53,val,8.436884,1.56
229,54,val,7.804578,1.57
229,55,val,8.634212,1.58
229,56,val,8.656637,1.59
229,57,val,15.678844,1.60
229,58,val,44.050869,1.60
229,59,val,11.240156,1.61
229,60,val,36.159607,1.62
229,61,val,18.875908,1.63
229,62,val,6.828132,1.64
229,63,val,23.908958,1.64
229,64,val,4.896033,1.66
229,65,val,54.918884,1.67
229,66,val,16.141651,1.67
229,67,val,6.363266,1.68
229,68,val,43.729103,1.69
229,69,val,14.515705,1.70
229,70,val,33.651051,1.70
229,71,val,59.945889,1.71
229,72,val,11.155791,1.72
229,73,val,11.209946,1.72
229,74,val,55.337334,1.73
229,75,val,12.615652,1.74
229,76,val,12.982936,1.75
229,77,val,7.931923,1.76
229,78,val,7.806732,1.76
229,79,val,15.293308,1.77
230,0,train,5.687748,0.15
230,1,train,6.764260,0.20
230,2,train,9.271900,0.25
230,3,train,6.263606,0.28
230,4,train,13.109538,0.32
230,5,train,6.664891,0.35
230,6,train,9.614864,0.38
230,7,train,12.340523,0.40
230,8,train,7.584346,0.44
230,9,train,7.298503,0.47
230,10,train,7.085197,0.50
230,11,train,5.757526,0.53
230,12,train,8.948351,0.57
230,13,train,11.013659,0.60
230,14,train,14.532134,0.63
230,15,train,8.350704,0.66
230,16,train,11.106007,0.70
230,17,train,6.585343,0.73
230,18,train,10.301485,0.76
230,19,train,8.944033,0.81
230,20,train,10.163507,0.85
230,21,train,5.710165,0.88
230,22,train,8.696773,0.93
230,23,train,7.115380,0.96
230,24,train,6.343737,0.99
230,25,train,7.917156,1.02
230,26,train,9.313817,1.05
230,27,train,12.696924,1.07
230,28,train,10.452997,1.10
230,29,train,13.894798,1.13
230,0,val,9.327711,1.32
230,1,val,12.983028,1.33
230,2,val,13.386709,1.34
230,3,val,29.174332,1.35
230,4,val,11.921465,1.36
230,5,val,20.599249,1.37
230,6,val,20.027014,1.37
230,7,val,16.204281,1.38
230,8,val,51.755733,1.39
230,9,val,26.299511,1.40
230,10,val,27.351940,1.40
230,11,val,10.074505,1.41
230,12,val,6.968462,1.42
230,13,val,24.038742,1.44
230,14,val,7.595979,1.44
230,15,val,10.981123,1.45
230,16,val,25.480139,1.46
230,17,val,40.948860,1.47
230,18,val,36.999893,1.47
230,19,val,22.769583,1.48
230,20,val,15.965202,1.49
230,21,val,5.538318,1.50
230,22,val,8.099579,1.51
230,23,val,15.643202,1.52
230,24,val,28.722357,1.53
230,25,val,38.407635,1.54
230,26,val,9.343287,1.55
230,27,val,36.379852,1.56
230,28,val,9.771817,1.57
230,29,val,10.810847,1.58
230,30,val,3.058871,1.59
230,31,val,20.556805,1.60
230,32,val,11.968437,1.61
230,33,val,31.957520,1.62
230,34,val,4.214060,1.63
230,35,val,10.255065,1.65
230,36,val,16.477978,1.66
230,37,val,14.194786,1.66
230,38,val,13.960592,1.67
230,39,val,30.971663,1.68
230,40,val,24.256268,1.69
230,41,val,7.706666,1.70
230,42,val,15.602534,1.71
230,43,val,6.534092,1.71
230,44,val,52.763561,1.73
230,45,val,21.184933,1.73
230,46,val,46.109734,1.75
230,47,val,14.029852,1.76
230,48,val,49.664452,1.76
230,49,val,6.371782,1.78
230,50,val,20.537006,1.79
230,51,val,15.285515,1.80
230,52,val,7.531459,1.80
230,53,val,8.011587,1.81
230,54,val,7.471966,1.82
230,55,val,11.217588,1.83
230,56,val,8.340931,1.84
230,57,val,11.970382,1.85
230,58,val,12.461467,1.87
230,59,val,11.419678,1.87
230,60,val,26.323498,1.88
230,61,val,11.818747,1.89
230,62,val,38.419312,1.90
230,63,val,23.635269,1.91
230,64,val,4.066061,1.92
230,65,val,56.336548,1.93
230,66,val,16.566931,1.93
230,67,val,8.922916,1.94
230,68,val,44.225929,1.96
230,69,val,12.622962,1.96
230,70,val,33.456451,1.97
230,71,val,60.510185,1.98
230,72,val,10.435216,1.99
230,73,val,8.616011,1.99
230,74,val,31.454779,2.00
230,75,val,12.694227,2.01
230,76,val,13.044891,2.02
230,77,val,11.346266,2.02
230,78,val,7.309971,2.03
230,79,val,14.528377,2.03
231,0,train,5.210480,0.14
231,1,train,7.168566,0.18
231,2,train,10.843809,0.22
231,3,train,8.355467,0.25
231,4,train,6.304629,0.30
231,5,train,6.136120,0.33
231,6,train,10.075053,0.37
231,7,train,12.674699,0.42
231,8,train,9.421705,0.47
231,9,train,23.111967,0.52
231,10,train,8.139963,0.56
231,11,train,13.102704,0.60
231,12,train,7.218104,0.64
231,13,train,6.115782,0.68
231,14,train,10.063009,0.72
231,15,train,7.651024,0.76
231,16,train,5.233534,0.80
231,17,train,12.758394,0.83
231,18,train,7.651644,0.87
231,19,train,15.816887,0.91
231,20,train,8.778063,0.94
231,21,train,5.987292,0.97
231,22,train,12.546692,1.01
231,23,train,9.801982,1.04
231,24,train,10.655129,1.06
231,25,train,9.014387,1.09
231,26,train,8.894613,1.12
231,27,train,16.372971,1.16
231,28,train,10.666289,1.19
231,29,train,8.719967,1.22
231,0,val,9.273334,1.39
231,1,val,14.973170,1.40
231,2,val,11.906249,1.42
231,3,val,9.555952,1.43
231,4,val,12.091693,1.44
231,5,val,19.697609,1.45
231,6,val,15.697716,1.46
231,7,val,14.667439,1.46
231,8,val,53.418915,1.47
231,9,val,27.439278,1.48
231,10,val,27.118820,1.49
231,11,val,9.390202,1.50
231,12,val,5.792618,1.51
231,13,val,24.691710,1.52
231,14,val,8.376301,1.53
231,15,val,31.220640,1.54
231,16,val,27.333218,1.55
231,17,val,38.419098,1.56
231,18,val,11.363129,1.57
231,19,val,23.255001,1.58
231,20,val,17.060972,1.59
231,21,val,5.381990,1.60
231,22,val,8.929536,1.60
231,23,val,16.201378,1.61
231,24,val,28.784010,1.62
231,25,val,35.005962,1.63
231,26,val,9.374032,1.63
231,27,val,13.571938,1.64
231,28,val,7.921701,1.64
231,29,val,11.186206,1.65
231,30,val,3.114501,1.66
231,31,val,20.324371,1.66
231,32,val,10.701098,1.67
231,33,val,10.413473,1.68
231,34,val,4.397519,1.68
231,35,val,12.037071,1.69
231,36,val,14.427085,1.70
231,37,val,14.717928,1.70
231,38,val,13.176127,1.71
231,39,val,36.446682,1.71
231,40,val,27.296103,1.72
231,41,val,23.637640,1.73
231,42,val,16.400230,1.74
231,43,val,7.857704,1.74
231,44,val,55.655739,1.75
231,45,val,24.680746,1.76
231,46,val,44.435223,1.76
231,47,val,14.755966,1.77
231,48,val,47.758392,1.78
231,49,val,6.951898,1.78
231,50,val,12.106430,1.79
231,51,val,12.523108,1.80
231,52,val,7.049486,1.80
231,53,val,8.749350,1.81
231,54,val,7.381325,1.81
231,55,val,9.287286,1.82
231,56,val,12.030241,1.83
231,57,val,11.885260,1.84
231,58,val,10.294363,1.85
231,59,val,10.662721,1.85
231,60,val,26.697805,1.86
231,61,val,12.194014,1.87
231,62,val,7.765749,1.87
231,63,val,26.953075,1.88
231,64,val,4.631505,1.88
231,65,val,55.202541,1.89
231,66,val,14.604804,1.90
231,67,val,6.522783,1.91
231,68,val,63.753876,1.92
231,69,val,13.645264,1.93
231,70,val,48.799408,1.94
231,71,val,59.220165,1.95
231,72,val,11.579031,1.96
231,73,val,6.131397,1.96
231,74,val,30.230343,1.97
231,75,val,12.516273,1.98
231,76,val,13.428169,1.98
231,77,val,8.093508,1.98
231,78,val,7.756760,1.99
231,79,val,16.124208,1.99
232,0,train,14.336188,0.11
232,1,train,9.334381,0.14
232,2,train,5.891839,0.17
232,3,train,6.463008,0.19
232,4,train,8.388982,0.22
232,5,train,7.015807,0.25
232,6,train,7.157061,0.27
232,7,train,8.662317,0.29
232,8,train,6.413853,0.32
232,9,train,8.805707,0.35
232,10,train,4.901068,0.37
232,11,train,14.587172,0.40
232,12,train,8.564880,0.42
232,13,train,7.042039,0.45
232,14,train,5.746249,0.47
232,15,train,5.619381,0.50
232,16,train,11.828402,0.52
232,17,train,10.993725,0.56
232,18,train,12.606449,0.58
232,19,train,9.980019,0.60
232,20,train,13.135874,0.63
232,21,train,7.869044,0.66
232,22,train,9.558486,0.68
232,23,train,11.888819,0.70
232,24,train,13.581391,0.73
232,25,train,9.236106,0.76
232,26,train,7.815812,0.78
232,27,train,7.523899,0.80
232,28,train,13.129051,0.83
232,29,train,6.111988,0.85
232,0,val,11.931093,0.99
232,1,val,13.892467,0.99
232,2,val,21.566364,1.00
232,3,val,15.972148,1.01
232,4,val,11.317518,1.02
232,5,val,49.838196,1.02
232,6,val,15.007658,1.03
232,7,val,13.757053,1.04
232,8,val,49.606255,1.04
232,9,val,26.313566,1.05
232,10,val,26.475843,1.05
232,11,val,8.993351,1.06
232,12,val,9.319828,1.07
232,13,val,24.576031,1.07
232,14,val,37.876228,1.08
232,15,val,9.201081,1.09
232,16,val,28.273602,1.09
232,17,val,40.692417,1.10
232,18,val,9.895081,1.11
232,19,val,26.368736,1.12
232,20,val,16.656477,1.12
232,21,val,5.657597,1.13
232,22,val,8.452202,1.13
232,23,val,15.804661,1.14
232,24,val,31.553768,1.15
232,25,val,33.524780,1.15
232,26,val,33.477669,1.16
232,27,val,14.610640,1.16
232,28,val,7.677906,1.17
232,29,val,8.805351,1.18
232,30,val,3.119731,1.18
232,31,val,21.717680,1.19
232,32,val,11.319109,1.20
232,33,val,7.666005,1.20
232,34,val,4.362520,1.21
232,35,val,10.499043,1.22
232,36,val,14.357826,1.22
232,37,val,12.784153,1.23
232,38,val,13.771301,1.24
232,39,val,33.890816,1.24
232,40,val,25.109268,1.25
232,41,val,8.058348,1.26
232,42,val,16.047630,1.26
232,43,val,6.460983,1.27
232,44,val,53.187225,1.28
232,45,val,39.705795,1.28
232,46,val,45.775543,1.29
232,47,val,14.001421,1.30
232,48,val,48.183849,1.30
232,49,val,6.898033,1.31
232,50,val,11.791446,1.32
232,51,val,12.489143,1.33
232,52,val,12.921519,1.33
232,53,val,8.432476,1.34
232,54,val,9.299454,1.35
232,55,val,9.234962,1.35
232,56,val,8.122713,1.36
232,57,val,12.122211,1.36
232,58,val,11.209631,1.37
232,59,val,12.730913,1.38
232,60,val,29.724852,1.38
232,61,val,12.764697,1.39
232,62,val,6.873553,1.40
232,63,val,22.928947,1.40
232,64,val,6.890413,1.41
232,65,val,57.999748,1.42
232,66,val,16.918930,1.43
232,67,val,7.209259,1.43
232,68,val,42.248734,1.44
232,69,val,13.072508,1.44
232,70,val,32.390198,1.45
232,71,val,61.125439,1.46
232,72,val,14.510069,1.46
232,73,val,6.788657,1.47
232,74,val,27.427731,1.48
232,75,val,12.800822,1.48
232,76,val,12.546261,1.49
232,77,val,8.851374,1.49
232,78,val,8.965740,1.49
232,79,val,15.338788,1.50
233,0,train,9.614326,0.11
233,1,train,6.406178,0.14
233,2,train,8.010156,0.16
233,3,train,8.114532,0.19
233,4,train,6.954712,0.21
233,5,train,9.435611,0.24
233,6,train,11.628405,0.27
233,7,train,7.311699,0.29
233,8,train,7.200103,0.32
233,9,train,7.088244,0.42
233,10,train,9.066993,0.47
233,11,train,6.324055,0.49
233,12,train,7.033456,0.52
233,13,train,7.917664,0.55
233,14,train,11.427402,0.59
233,15,train,5.022807,0.61
233,16,train,7.452386,0.64
233,17,train,9.697459,0.67
233,18,train,10.224762,0.70
233,19,train,10.717450,0.73
233,20,train,8.779741,0.75
233,21,train,5.956618,0.79
233,22,train,8.462443,0.81
233,23,train,7.324379,0.84
233,24,train,11.041571,0.87
233,25,train,11.703274,0.90
233,26,train,10.916807,0.92
233,27,train,10.188427,0.94
233,28,train,8.819492,0.97
233,29,train,14.327314,0.99
233,0,val,8.736149,1.12
233,1,val,17.108017,1.12
233,2,val,12.629578,1.13
233,3,val,12.205794,1.13
233,4,val,11.010040,1.14
233,5,val,18.783466,1.15
233,6,val,15.458923,1.16
233,7,val,18.287411,1.17
233,8,val,55.369942,1.17
233,9,val,25.252462,1.18
233,10,val,26.428946,1.19
233,11,val,8.563721,1.19
233,12,val,7.098836,1.20
233,13,val,25.331488,1.21
233,14,val,8.422800,1.22
233,15,val,8.991224,1.23
233,16,val,24.452457,1.24
233,17,val,39.581924,1.25
233,18,val,9.585922,1.26
233,19,val,23.413403,1.27
233,20,val,20.782120,1.28
233,21,val,6.401811,1.29
233,22,val,8.661792,1.30
233,23,val,16.932045,1.31
233,24,val,26.515341,1.31
233,25,val,34.129097,1.32
233,26,val,8.999746,1.33
233,27,val,14.411999,1.34
233,28,val,9.133498,1.35
233,29,val,8.754321,1.36
233,30,val,3.333320,1.37
233,31,val,21.994816,1.38
233,32,val,13.778893,1.39
233,33,val,13.148677,1.39
233,34,val,4.273241,1.40
233,35,val,11.150725,1.41
233,36,val,13.859184,1.41
233,37,val,13.621178,1.42
233,38,val,12.183047,1.43
233,39,val,40.561596,1.43
233,40,val,28.694595,1.44
233,41,val,12.263723,1.45
233,42,val,15.161407,1.45
233,43,val,14.572206,1.46
233,44,val,53.014980,1.47
233,45,val,20.762957,1.48
233,46,val,44.675568,1.49
233,47,val,14.114139,1.50
233,48,val,49.610394,1.51
233,49,val,11.774832,1.51
233,50,val,12.679176,1.52
233,51,val,14.213336,1.53
233,52,val,13.196934,1.53
233,53,val,23.992458,1.54
233,54,val,7.673280,1.54
233,55,val,9.739603,1.55
233,56,val,8.451607,1.56
233,57,val,11.899529,1.56
233,58,val,11.067813,1.58
233,59,val,13.161686,1.59
233,60,val,25.975227,1.60
233,61,val,12.799641,1.61
233,62,val,6.645808,1.62
233,63,val,23.036175,1.63
233,64,val,5.662654,1.64
233,65,val,68.043869,1.65
233,66,val,16.523371,1.66
233,67,val,6.455984,1.67
233,68,val,44.106121,1.68
233,69,val,12.875671,1.69
233,70,val,34.648598,1.70
233,71,val,61.011093,1.71
233,72,val,11.141369,1.72
233,73,val,6.143550,1.72
233,74,val,27.836544,1.73
233,75,val,12.441997,1.74
233,76,val,12.672600,1.74
233,77,val,9.399558,1.75
233,78,val,8.515240,1.75
233,79,val,15.078064,1.76
234,0,train,11.185789,0.10
234,1,train,9.346650,0.13
234,2,train,8.247927,0.16
234,3,train,6.559162,0.18
234,4,train,12.319485,0.21
234,5,train,7.438902,0.24
234,6,train,9.613306,0.27
234,7,train,8.648819,0.29
234,8,train,7.248349,0.32
234,9,train,6.627610,0.35
234,10,train,6.720840,0.37
234,11,train,8.977407,0.40
234,12,train,12.069937,0.42
234,13,train,8.679972,0.45
234,14,train,6.262653,0.47
234,15,train,5.670562,0.50
234,16,train,7.569691,0.53
234,17,train,7.541945,0.57
234,18,train,8.674251,0.61
234,19,train,7.513623,0.65
234,20,train,6.669834,0.68
234,21,train,8.700664,0.72
234,22,train,9.211586,0.75
234,23,train,12.992984,0.78
234,24,train,6.023642,0.80
234,25,train,13.081758,0.83
234,26,train,9.374132,0.85
234,27,train,6.394794,0.87
234,28,train,8.574282,0.89
234,29,train,8.700748,0.91
234,0,val,9.325842,1.08
234,1,val,12.762099,1.09
234,2,val,13.579768,1.09
234,3,val,9.726806,1.10
234,4,val,10.891383,1.11
234,5,val,18.025326,1.11
234,6,val,13.757072,1.12
234,7,val,13.272052,1.13
234,8,val,53.784805,1.13
234,9,val,25.863150,1.14
234,10,val,48.341568,1.14
234,11,val,8.979603,1.15
234,12,val,7.984671,1.16
234,13,val,22.917870,1.16
234,14,val,8.008356,1.17
234,15,val,9.418726,1.18
234,16,val,24.742842,1.19
234,17,val,40.728825,1.20
234,18,val,9.591000,1.20
234,19,val,22.523308,1.21
234,20,val,17.661806,1.21
234,21,val,6.380910,1.22
234,22,val,8.384057,1.23
234,23,val,15.860153,1.24
234,24,val,27.054062,1.25
234,25,val,37.481171,1.25
234,26,val,11.791630,1.26
234,27,val,14.212599,1.26
234,28,val,8.509120,1.27
234,29,val,8.414757,1.28
234,30,val,4.964702,1.28
234,31,val,21.244595,1.29
234,32,val,18.590393,1.30
234,33,val,9.236766,1.30
234,34,val,4.504816,1.31
234,35,val,9.764353,1.32
234,36,val,13.560656,1.32
234,37,val,14.527565,1.33
234,38,val,13.957556,1.33
234,39,val,32.428837,1.34
234,40,val,24.274321,1.35
234,41,val,19.554045,1.35
234,42,val,15.607378,1.36
234,43,val,6.752995,1.37
234,44,val,52.114937,1.37
234,45,val,21.563093,1.38
234,46,val,44.558167,1.38
234,47,val,15.789382,1.39
234,48,val,48.410538,1.40
234,49,val,17.837023,1.41
234,50,val,11.418300,1.42
234,51,val,12.707900,1.43
234,52,val,8.880561,1.43
234,53,val,8.319671,1.44
234,54,val,10.992126,1.45
234,55,val,10.453911,1.45
234,56,val,10.420607,1.46
234,57,val,14.618857,1.47
234,58,val,9.887614,1.48
234,59,val,12.443768,1.49
234,60,val,25.962688,1.50
234,61,val,14.302517,1.51
234,62,val,6.957922,1.52
234,63,val,24.045652,1.54
234,64,val,4.883000,1.55
234,65,val,55.738266,1.56
234,66,val,18.508450,1.57
234,67,val,9.014572,1.58
234,68,val,42.597107,1.59
234,69,val,12.823534,1.60
234,70,val,36.233452,1.61
234,71,val,59.354919,1.62
234,72,val,11.402938,1.63
234,73,val,7.119779,1.64
234,74,val,34.673611,1.66
234,75,val,12.564731,1.68
234,76,val,12.857979,1.68
234,77,val,8.813618,1.69
234,78,val,8.615236,1.69
234,79,val,15.161908,1.70
235,0,train,7.739680,0.13
235,1,train,11.629015,0.17
235,2,train,6.571016,0.20
235,3,train,12.142037,0.22
235,4,train,7.888406,0.25
235,5,train,8.184521,0.28
235,6,train,7.152138,0.30
235,7,train,10.817539,0.33
235,8,train,9.229872,0.35
235,9,train,6.357092,0.38
235,10,train,7.243827,0.41
235,11,train,6.536313,0.44
235,12,train,14.127641,0.47
235,13,train,7.128294,0.50
235,14,train,6.398819,0.52
235,15,train,9.516266,0.54
235,16,train,8.154653,0.57
235,17,train,7.555034,0.60
235,18,train,10.867066,0.62
235,19,train,12.651377,0.64
235,20,train,6.241054,0.67
235,21,train,8.487337,0.70
235,22,train,11.713032,0.72
235,23,train,11.511643,0.75
235,24,train,4.809294,0.77
235,25,train,11.456516,0.81
235,26,train,5.494240,0.83
235,27,train,11.321699,0.85
235,28,train,10.727449,0.87
235,29,train,9.811991,0.90
235,0,val,9.086108,1.02
235,1,val,13.759840,1.03
235,2,val,12.179474,1.04
235,3,val,9.128291,1.05
235,4,val,11.206965,1.07
235,5,val,19.046253,1.07
235,6,val,14.452017,1.08
235,7,val,14.785744,1.09
235,8,val,50.570629,1.10
235,9,val,25.825119,1.10
235,10,val,26.097618,1.11
235,11,val,10.392901,1.12
235,12,val,5.539451,1.13
235,13,val,26.116314,1.13
235,14,val,7.607156,1.14
235,15,val,26.717451,1.15
235,16,val,26.621887,1.15
235,17,val,38.323727,1.16
235,18,val,9.389127,1.17
235,19,val,23.010227,1.18
235,20,val,17.184462,1.19
235,21,val,5.856145,1.20
235,22,val,14.520027,1.20
235,23,val,15.662899,1.21
235,24,val,28.225792,1.22
235,25,val,34.226017,1.22
235,26,val,9.166670,1.23
235,27,val,31.529476,1.23
235,28,val,9.128709,1.24
235,29,val,9.907261,1.25
235,30,val,3.787104,1.25
235,31,val,21.703144,1.26
235,32,val,12.260742,1.27
235,33,val,8.267825,1.28
235,34,val,4.904832,1.28
235,35,val,12.301916,1.29
235,36,val,13.449802,1.29
235,37,val,12.196718,1.30
235,38,val,12.457687,1.31
235,39,val,35.200363,1.31
235,40,val,24.174892,1.32
235,41,val,10.355554,1.33
235,42,val,35.845039,1.33
235,43,val,6.691098,1.34
235,44,val,52.336632,1.34
235,45,val,21.170528,1.35
235,46,val,44.911572,1.36
235,47,val,14.238724,1.37
235,48,val,48.348106,1.37
235,49,val,6.875202,1.38
235,50,val,11.759649,1.38
235,51,val,14.447683,1.39
235,52,val,9.710032,1.40
235,53,val,8.239805,1.40
235,54,val,7.436279,1.41
235,55,val,9.124522,1.42
235,56,val,25.802120,1.42
235,57,val,11.865207,1.43
235,58,val,14.940308,1.44
235,59,val,11.056549,1.44
235,60,val,29.726568,1.45
235,61,val,12.454387,1.45
235,62,val,14.861416,1.46
235,63,val,27.011688,1.47
235,64,val,4.941081,1.48
235,65,val,54.138958,1.48
235,66,val,20.529711,1.49
235,67,val,24.177856,1.50
235,68,val,42.247971,1.50
235,69,val,12.797722,1.51
235,70,val,33.380646,1.51
235,71,val,58.734142,1.52
235,72,val,11.585876,1.53
235,73,val,7.339952,1.53
235,74,val,28.237469,1.54
235,75,val,13.009865,1.55
235,76,val,13.003337,1.55
235,77,val,8.831304,1.55
235,78,val,7.383580,1.56
235,79,val,14.398804,1.56
236,0,train,40.108353,0.11
236,1,train,11.055783,0.15
236,2,train,10.426285,0.17
236,3,train,21.093470,0.20
236,4,train,6.903687,0.22
236,5,train,8.007883,0.25
236,6,train,10.717700,0.28
236,7,train,10.139981,0.30
236,8,train,11.004194,0.33
236,9,train,7.227078,0.36
236,10,train,9.125216,0.38
236,11,train,7.954255,0.41
236,12,train,9.243637,0.44
236,13,train,10.763036,0.47
236,14,train,5.499400,0.50
236,15,train,12.631839,0.53
236,16,train,7.457408,0.55
236,17,train,4.615154,0.58
236,18,train,5.904476,0.61
236,19,train,9.582547,0.63
236,20,train,10.882257,0.66
236,21,train,5.862209,0.68
236,22,train,8.523268,0.71
236,23,train,12.239037,0.73
236,24,train,5.610495,0.76
236,25,train,10.076117,0.79
236,26,train,6.736977,0.81
236,27,train,7.773674,0.83
236,28,train,11.837643,0.86
236,29,train,4.232842,0.88
236,0,val,8.374788,1.00
236,1,val,13.857939,1.00
236,2,val,12.459290,1.01
236,3,val,11.223727,1.02
236,4,val,12.246539,1.02
236,5,val,17.308765,1.04
236,6,val,14.823582,1.04
236,7,val,14.249637,1.05
236,8,val,48.033997,1.06
236,9,val,25.642776,1.06
236,10,val,26.019278,1.07
236,11,val,8.657627,1.08
236,12,val,6.047479,1.09
236,13,val,24.502478,1.09
236,14,val,7.532909,1.10
236,15,val,8.190001,1.11
236,16,val,26.237705,1.11
236,17,val,37.808464,1.12
236,18,val,10.485784,1.12
236,19,val,23.193703,1.13
236,20,val,16.476723,1.14
236,21,val,5.614113,1.15
236,22,val,11.982909,1.15
236,23,val,15.731377,1.16
236,24,val,27.644131,1.17
236,25,val,35.642151,1.18
236,26,val,10.242740,1.18
236,27,val,16.005997,1.19
236,28,val,8.792648,1.19
236,29,val,9.571876,1.20
236,30,val,3.574007,1.21
236,31,val,21.452246,1.21
236,32,val,11.941902,1.22
236,33,val,7.864742,1.23
236,34,val,4.279325,1.24
236,35,val,10.775124,1.24
236,36,val,13.681700,1.25
236,37,val,14.659760,1.26
236,38,val,12.538943,1.26
236,39,val,35.656754,1.27
236,40,val,23.612463,1.28
236,41,val,7.645256,1.28
236,42,val,15.357929,1.29
236,43,val,7.311239,1.30
236,44,val,53.854183,1.30
236,45,val,21.072388,1.31
236,46,val,43.282345,1.32
236,47,val,14.207626,1.32
236,48,val,47.280739,1.33
236,49,val,7.832710,1.34
236,50,val,11.577200,1.35
236,51,val,12.890517,1.35
236,52,val,7.335100,1.36
236,53,val,8.798150,1.36
236,54,val,7.226858,1.37
236,55,val,8.967105,1.38
236,56,val,8.860796,1.38
236,57,val,12.482989,1.39
236,58,val,9.720081,1.40
236,59,val,12.633853,1.40
236,60,val,26.312962,1.41
236,61,val,12.452941,1.42
236,62,val,15.831203,1.42
236,63,val,30.047865,1.43
236,64,val,5.542650,1.45
236,65,val,55.042175,1.45
236,66,val,14.774825,1.46
236,67,val,6.486509,1.46
236,68,val,41.414238,1.47
236,69,val,14.063744,1.48
236,70,val,32.203423,1.48
236,71,val,59.297527,1.49
236,72,val,10.888624,1.50
236,73,val,6.156766,1.50
236,74,val,29.170139,1.51
236,75,val,12.133398,1.52
236,76,val,14.125717,1.53
236,77,val,9.218895,1.53
236,78,val,8.334948,1.54
236,79,val,16.377567,1.55
237,0,train,7.297894,0.17
237,1,train,12.008612,0.20
237,2,train,7.106664,0.22
237,3,train,9.668437,0.25
237,4,train,7.235485,0.27
237,5,train,12.390224,0.30
237,6,train,9.440664,0.33
237,7,train,7.466051,0.35
237,8,train,8.184530,0.38
237,9,train,8.355253,0.41
237,10,train,8.167595,0.43
237,11,train,8.852293,0.46
237,12,train,8.028124,0.49
237,13,train,10.789074,0.52
237,14,train,8.788715,0.54
237,15,train,7.996821,0.57
237,16,train,5.389856,0.59
237,17,train,7.738875,0.63
237,18,train,14.723301,0.65
237,19,train,11.158333,0.67
237,20,train,11.442050,0.70
237,21,train,12.279470,0.74
237,22,train,4.952569,0.76
237,23,train,6.136149,0.79
237,24,train,7.039635,0.81
237,25,train,7.361503,0.84
237,26,train,8.119386,0.86
237,27,train,9.401304,0.89
237,28,train,8.497439,0.91
237,29,train,8.623477,0.93
237,0,val,37.313278,1.09
237,1,val,16.501722,1.12
237,2,val,13.051952,1.13
237,3,val,9.195477,1.14
237,4,val,11.968425,1.14
237,5,val,18.844374,1.15
237,6,val,14.857242,1.16
237,7,val,36.950768,1.17
237,8,val,48.789730,1.18
237,9,val,25.248138,1.19
237,10,val,26.930069,1.20
237,11,val,8.495192,1.21
237,12,val,6.252542,1.22
237,13,val,25.471169,1.23
237,14,val,7.482568,1.24
237,15,val,8.911616,1.25
237,16,val,28.111111,1.25
237,17,val,37.840649,1.26
237,18,val,9.220114,1.27
237,19,val,23.096760,1.28
237,20,val,16.648550,1.29
237,21,val,10.794832,1.30
237,22,val,8.461432,1.31
237,23,val,16.511765,1.32
237,24,val,29.501539,1.33
237,25,val,35.160484,1.34
237,26,val,9.261600,1.34
237,27,val,14.980253,1.35
237,28,val,8.975446,1.36
237,29,val,9.450150,1.37
237,30,val,3.353635,1.38
237,31,val,20.452204,1.39
237,32,val,11.957670,1.39
237,33,val,7.843511,1.40
237,34,val,22.750713,1.41
237,35,val,13.820694,1.42
237,36,val,14.041416,1.43
237,37,val,13.505627,1.44
237,38,val,14.047408,1.45
237,39,val,34.572792,1.45
237,40,val,25.527924,1.46
237,41,val,7.833711,1.47
237,42,val,15.251105,1.48
237,43,val,22.199955,1.48
237,44,val,56.934471,1.49
237,45,val,34.866577,1.50
237,46,val,44.286877,1.52
237,47,val,14.709824,1.53
237,48,val,57.121288,1.53
237,49,val,6.579787,1.54
237,50,val,11.199745,1.55
237,51,val,12.771491,1.56
237,52,val,9.232659,1.57
237,53,val,8.774139,1.58
237,54,val,7.282297,1.59
237,55,val,8.574523,1.59
237,56,val,8.131022,1.60
237,57,val,19.341137,1.61
237,58,val,9.611579,1.63
237,59,val,11.998672,1.63
237,60,val,25.620525,1.64
237,61,val,12.411475,1.65
237,62,val,7.283786,1.66
237,63,val,22.484900,1.67
237,64,val,5.445749,1.67
237,65,val,54.339470,1.68
237,66,val,15.133947,1.69
237,67,val,7.185499,1.70
237,68,val,49.931572,1.70
237,69,val,12.223361,1.71
237,70,val,32.197605,1.72
237,71,val,58.630844,1.74
237,72,val,16.212568,1.75
237,73,val,6.491021,1.76
237,74,val,28.247412,1.77
237,75,val,26.378317,1.78
237,76,val,19.993896,1.79
237,77,val,7.909490,1.80
237,78,val,7.129878,1.81
237,79,val,15.776564,1.82
238,0,train,6.464735,0.15
238,1,train,11.460609,0.19
238,2,train,5.002212,0.22
238,3,train,16.193821,0.25
238,4,train,4.585457,0.28
238,5,train,8.063251,0.32
238,6,train,9.294187,0.35
238,7,train,8.075169,0.38
238,8,train,10.313103,0.41
238,9,train,11.570232,0.45
238,10,train,7.239901,0.47
238,11,train,11.619358,0.50
238,12,train,8.326447,0.53
238,13,train,5.942888,0.57
238,14,train,15.014950,0.60
238,15,train,7.532023,0.63
238,16,train,5.156919,0.66
238,17,train,6.890048,0.70
238,18,train,10.188536,0.73
238,19,train,11.152040,0.77
238,20,train,13.217487,0.80
238,21,train,12.689594,0.83
238,22,train,8.394609,0.86
238,23,train,8.160192,0.89
238,24,train,8.735788,0.93
238,25,train,9.589162,0.97
238,26,train,7.319072,1.01
238,27,train,14.770342,1.04
238,28,train,11.923512,1.07
238,29,train,10.406970,1.10
238,0,val,10.641531,1.26
238,1,val,12.847800,1.28
238,2,val,12.578741,1.29
238,3,val,9.225147,1.30
238,4,val,11.261747,1.30
238,5,val,18.757248,1.31
238,6,val,27.593954,1.32
238,7,val,13.699583,1.33
238,8,val,58.041893,1.33
238,9,val,29.904669,1.34
238,10,val,25.441433,1.35
238,11,val,8.820635,1.36
238,12,val,7.485822,1.37
238,13,val,24.489025,1.38
238,14,val,8.036388,1.39
238,15,val,8.150234,1.40
238,16,val,26.214325,1.41
238,17,val,37.709541,1.42
238,18,val,10.048422,1.42
238,19,val,24.950699,1.43
238,20,val,17.564619,1.44
238,21,val,6.345155,1.45
238,22,val,8.075224,1.46
238,23,val,21.686413,1.46
238,24,val,27.294958,1.47
238,25,val,39.303280,1.49
238,26,val,8.988884,1.49
238,27,val,14.848915,1.50
238,28,val,11.063025,1.51
238,29,val,13.707629,1.52
238,30,val,2.776101,1.53
238,31,val,20.404749,1.53
238,32,val,12.659362,1.54
238,33,val,14.720531,1.55
238,34,val,4.609296,1.56
238,35,val,11.415797,1.57
238,36,val,15.008209,1.58
238,37,val,34.358059,1.59
238,38,val,12.749308,1.60
238,39,val,29.579853,1.61
238,40,val,24.304932,1.62
238,41,val,13.587425,1.63
238,42,val,15.722084,1.63
238,43,val,6.676682,1.64
238,44,val,57.126190,1.65
238,45,val,20.747595,1.66
238,46,val,44.540833,1.66
238,47,val,15.451775,1.67
238,48,val,47.747128,1.68
238,49,val,6.663187,1.70
238,50,val,15.623356,1.70
238,51,val,14.751926,1.71
238,52,val,6.692340,1.72
238,53,val,8.190341,1.73
238,54,val,21.168465,1.74
238,55,val,9.412027,1.74
238,56,val,7.579950,1.75
238,57,val,17.728651,1.76
238,58,val,13.631851,1.77
238,59,val,10.561702,1.78
238,60,val,27.276505,1.78
238,61,val,11.623970,1.79
238,62,val,13.887121,1.80
238,63,val,26.665497,1.81
238,64,val,6.413856,1.82
238,65,val,54.831676,1.83
238,66,val,18.468435,1.83
238,67,val,7.834680,1.84
238,68,val,42.253563,1.85
238,69,val,13.172279,1.86
238,70,val,35.135315,1.86
238,71,val,61.539501,1.87
238,72,val,31.093075,1.88
238,73,val,5.970884,1.89
238,74,val,29.111067,1.90
238,75,val,12.847521,1.91
238,76,val,13.092932,1.91
238,77,val,9.049402,1.92
238,78,val,7.122236,1.93
238,79,val,14.724197,1.93
239,0,train,4.055288,0.16
239,1,train,12.527181,0.20
239,2,train,4.698467,0.24
239,3,train,5.154984,0.27
239,4,train,9.614682,0.31
239,5,train,7.250519,0.35
239,6,train,8.247845,0.38
239,7,train,4.491224,0.43
239,8,train,6.375513,0.47
239,9,train,8.822259,0.50
239,10,train,5.346232,0.54
239,11,train,8.787009,0.57
239,12,train,4.788132,0.60
239,13,train,8.462161,0.66
239,14,train,9.318716,0.69
239,15,train,6.620337,0.73
239,16,train,7.889416,0.76
239,17,train,9.530025,0.79
239,18,train,8.042228,0.82
239,19,train,9.194676,0.85
239,20,train,6.315051,0.89
239,21,train,9.553799,0.92
239,22,train,7.093528,0.95
239,23,train,9.040934,0.98
239,24,train,10.543303,1.01
239,25,train,6.638065,1.04
239,26,train,8.900527,1.07
239,27,train,9.661666,1.09
239,28,train,13.414072,1.13
239,29,train,8.893821,1.24
239,0,val,8.848125,1.42
239,1,val,13.510342,1.44
239,2,val,12.086596,1.46
239,3,val,8.880823,1.47
239,4,val,13.602092,1.47
239,5,val,18.373133,1.49
239,6,val,16.455881,1.50
239,7,val,13.761741,1.50
239,8,val,76.833366,1.51
239,9,val,25.563665,1.52
239,10,val,27.281155,1.53
239,11,val,9.531567,1.54
239,12,val,7.029390,1.56
239,13,val,24.190624,1.57
239,14,val,7.865539,1.58
239,15,val,8.228038,1.59
239,16,val,51.270699,1.60
239,17,val,48.523857,1.61
239,18,val,9.962152,1.61
239,19,val,23.593136,1.62
239,20,val,21.841482,1.63
239,21,val,6.040765,1.64
239,22,val,8.649093,1.64
239,23,val,15.245316,1.65
239,24,val,28.604330,1.66
239,25,val,34.300110,1.67
239,26,val,9.746290,1.68
239,27,val,14.367744,1.68
239,28,val,9.371208,1.69
239,29,val,9.845734,1.70
239,30,val,2.989512,1.71
239,31,val,52.248810,1.72
239,32,val,11.556185,1.73
239,33,val,8.216641,1.74
239,34,val,5.043383,1.75
239,35,val,10.457267,1.76
239,36,val,13.644447,1.77
239,37,val,12.848806,1.77
239,38,val,15.110394,1.78
239,39,val,33.381943,1.79
239,40,val,27.356543,1.80
239,41,val,7.377754,1.80
239,42,val,15.752432,1.81
239,43,val,7.099057,1.82
239,44,val,88.460136,1.83
239,45,val,22.171398,1.84
239,46,val,43.779903,1.84
239,47,val,18.041889,1.85
239,48,val,48.561745,1.86
239,49,val,8.175206,1.87
239,50,val,12.893593,1.88
239,51,val,20.583145,1.89
239,52,val,13.854406,1.90
239,53,val,7.672606,1.90
239,54,val,6.962193,1.91
239,55,val,7.877611,1.92
239,56,val,10.133476,1.93
239,57,val,12.700412,1.93
239,58,val,9.829865,1.94
239,59,val,11.447597,1.95
239,60,val,27.484406,1.97
239,61,val,11.651858,1.97
239,62,val,6.530550,1.98
239,63,val,33.121429,1.99
239,64,val,5.146784,2.00
239,65,val,54.373505,2.01
239,66,val,16.976994,2.02
239,67,val,7.250448,2.03
239,68,val,42.864792,2.04
239,69,val,12.648852,2.05
239,70,val,33.124134,2.06
239,71,val,61.964569,2.07
239,72,val,11.587366,2.08
239,73,val,6.470771,2.09
239,74,val,28.921410,2.10
239,75,val,11.589546,2.11
239,76,val,13.062963,2.12
239,77,val,13.552810,2.12
239,78,val,7.821609,2.13
239,79,val,14.118529,2.14
240,0,train,10.310675,0.11
240,1,train,11.247937,0.14
240,2,train,6.121307,0.17
240,3,train,9.363582,0.19
240,4,train,10.568356,0.22
240,5,train,9.789835,0.25
240,6,train,7.720820,0.28
240,7,train,10.096029,0.30
240,8,train,6.667118,0.32
240,9,train,7.296735,0.36
240,10,train,5.054767,0.38
240,11,train,7.954325,0.40
240,12,train,6.787125,0.43
240,13,train,11.025528,0.46
240,14,train,8.937464,0.48
240,15,train,8.921857,0.51
240,16,train,8.501530,0.53
240,17,train,6.870667,0.56
240,18,train,6.998410,0.58
240,19,train,8.493387,0.61
240,20,train,9.004478,0.64
240,21,train,9.037422,0.67
240,22,train,5.041613,0.69
240,23,train,11.809566,0.71
240,24,train,9.754089,0.74
240,25,train,4.573236,0.77
240,26,train,6.938179,0.80
240,27,train,9.282860,0.82
240,28,train,4.978050,0.84
240,29,train,8.238070,0.87
240,0,val,9.870729,0.99
240,1,val,13.961207,1.00
240,2,val,12.796081,1.01
240,3,val,10.089956,1.01
240,4,val,10.264174,1.02
240,5,val,20.398380,1.03
240,6,val,16.237137,1.04
240,7,val,14.164692,1.05
240,8,val,45.677460,1.05
240,9,val,27.274084,1.06
240,10,val,25.898148,1.07
240,11,val,9.752878,1.07
240,12,val,10.393777,1.08
240,13,val,24.865072,1.09
240,14,val,7.612711,1.09
240,15,val,14.863368,1.10
240,16,val,27.421865,1.10
240,17,val,37.262276,1.11
240,18,val,9.044033,1.12
240,19,val,26.343121,1.12
240,20,val,16.948174,1.14
240,21,val,5.640915,1.14
240,22,val,9.800012,1.15
240,23,val,15.126221,1.16
240,24,val,28.528992,1.16
240,25,val,36.269470,1.17
240,26,val,9.741245,1.17
240,27,val,15.038672,1.18
240,28,val,9.823971,1.19
240,29,val,9.551529,1.19
240,30,val,5.651590,1.20
240,31,val,21.326584,1.20
240,32,val,12.039592,1.21
240,33,val,8.033609,1.22
240,34,val,4.676179,1.22
240,35,val,10.277437,1.23
240,36,val,14.118376,1.24
240,37,val,13.422042,1.25
240,38,val,12.656713,1.26
240,39,val,31.190475,1.27
240,40,val,34.915691,1.27
240,41,val,7.600586,1.28
240,42,val,15.074226,1.28
240,43,val,6.508115,1.29
240,44,val,52.080460,1.30
240,45,val,21.796902,1.30
240,46,val,45.289230,1.31
240,47,val,14.822683,1.31
240,48,val,49.059795,1.32
240,49,val,6.032794,1.33
240,50,val,11.628795,1.33
240,51,val,12.939277,1.34
240,52,val,7.779231,1.35
240,53,val,10.141226,1.36
240,54,val,7.017078,1.36
240,55,val,9.183119,1.37
240,56,val,8.774312,1.37
240,57,val,12.708616,1.38
240,58,val,11.401930,1.39
240,59,val,13.206381,1.39
240,60,val,26.461477,1.40
240,61,val,12.611547,1.41
240,62,val,8.679733,1.41
240,63,val,22.391781,1.42
240,64,val,4.703454,1.43
240,65,val,56.043457,1.43
240,66,val,15.095851,1.44
240,67,val,6.752492,1.45
240,68,val,42.072395,1.46
240,69,val,12.726290,1.46
240,70,val,32.383186,1.47
240,71,val,61.392937,1.48
240,72,val,11.742846,1.48
240,73,val,5.977432,1.49
240,74,val,31.200500,1.50
240,75,val,37.034290,1.50
240,76,val,13.180309,1.51
240,77,val,8.380014,1.51
240,78,val,7.894292,1.52
240,79,val,14.496647,1.52
241,0,train,10.698696,0.11
241,1,train,4.954082,0.14
241,2,train,9.630065,0.17
241,3,train,7.848005,0.19
241,4,train,8.548914,0.21
241,5,train,6.220681,0.24
241,6,train,9.919571,0.28
241,7,train,6.825972,0.30
241,8,train,6.277072,0.33
241,9,train,8.150183,0.35
241,10,train,7.057425,0.38
241,11,train,10.064548,0.40
241,12,train,14.936930,0.43
241,13,train,8.335346,0.45
241,14,train,8.144019,0.48
241,15,train,7.256066,0.51
241,16,train,8.952917,0.53
241,17,train,6.872023,0.55
241,18,train,8.342634,0.58
241,19,train,10.354849,0.61
241,20,train,5.719164,0.63
241,21,train,5.666605,0.66
241,22,train,4.792088,0.69
241,23,train,6.044430,0.71
241,24,train,6.636736,0.74
241,25,train,10.492205,0.77
241,26,train,9.361816,0.80
241,27,train,5.793182,0.82
241,28,train,11.589069,0.84
241,29,train,7.092181,0.86
241,0,val,9.563026,0.98
241,1,val,13.896490,0.98
241,2,val,14.667903,0.99
241,3,val,10.553296,1.00
241,4,val,11.307391,1.00
241,5,val,17.856171,1.01
241,6,val,18.629856,1.02
241,7,val,25.464827,1.03
241,8,val,51.694054,1.04
241,9,val,27.230114,1.04
241,10,val,25.182789,1.05
241,11,val,9.067654,1.06
241,12,val,6.663618,1.06
241,13,val,25.068035,1.07
241,14,val,7.825142,1.08
241,15,val,9.864145,1.08
241,16,val,29.070354,1.09
241,17,val,38.495594,1.10
241,18,val,15.078410,1.10
241,19,val,23.282103,1.11
241,20,val,15.777888,1.12
241,21,val,10.142515,1.13
241,22,val,8.424851,1.13
241,23,val,16.094551,1.14
241,24,val,27.307165,1.14
241,25,val,34.344765,1.15
241,26,val,10.268061,1.16
241,27,val,17.571157,1.16
241,28,val,12.436680,1.17
241,29,val,7.858892,1.18
241,30,val,3.343901,1.18
241,31,val,21.391317,1.19
241,32,val,12.717278,1.20
241,33,val,8.265950,1.20
241,34,val,4.477590,1.21
241,35,val,22.503223,1.22
241,36,val,14.293495,1.22
241,37,val,12.361572,1.24
241,38,val,12.828074,1.24
241,39,val,32.640095,1.25
241,40,val,25.557867,1.25
241,41,val,8.034489,1.26
241,42,val,14.873781,1.27
241,43,val,9.186027,1.28
241,44,val,55.415829,1.28
241,45,val,21.159002,1.29
241,46,val,44.815868,1.30
241,47,val,13.888557,1.31
241,48,val,48.814545,1.32
241,49,val,7.469530,1.33
241,50,val,13.261345,1.34
241,51,val,14.531054,1.35
241,52,val,7.065906,1.36
241,53,val,8.651205,1.37
241,54,val,7.470535,1.38
241,55,val,8.298669,1.39
241,56,val,9.300795,1.40
241,57,val,12.724953,1.41
241,58,val,11.715723,1.41
241,59,val,11.897530,1.42
241,60,val,25.243073,1.43
241,61,val,13.041202,1.44
241,62,val,7.238908,1.45
241,63,val,22.923019,1.46
241,64,val,6.418529,1.47
241,65,val,54.391083,1.48
241,66,val,15.443263,1.49
241,67,val,7.268245,1.49
241,68,val,46.835365,1.50
241,69,val,13.723285,1.51
241,70,val,33.873970,1.52
241,71,val,61.580673,1.53
241,72,val,10.557340,1.54
241,73,val,6.023685,1.55
241,74,val,28.095215,1.55
241,75,val,11.808561,1.57
241,76,val,14.478394,1.58
241,77,val,9.104231,1.58
241,78,val,8.926901,1.59
241,79,val,14.022458,1.60
242,0,train,12.032296,0.15
242,1,train,10.600770,0.24
242,2,train,6.712504,0.27
242,3,train,9.164660,0.31
242,4,train,5.522734,0.33
242,5,train,10.576540,0.36
242,6,train,13.292633,0.39
242,7,train,9.889385,0.42
242,8,train,10.616831,0.44
242,9,train,9.107575,0.47
242,10,train,15.358351,0.50
242,11,train,12.144726,0.53
242,12,train,6.504707,0.55
242,13,train,10.120322,0.58
242,14,train,7.780272,0.60
242,15,train,9.268763,0.63
242,16,train,8.430677,0.66
242,17,train,5.348087,0.68
242,18,train,14.058464,0.71
242,19,train,6.457285,0.74
242,20,train,8.281625,0.76
242,21,train,8.753766,0.78
242,22,train,8.084887,0.81
242,23,train,5.613331,0.84
242,24,train,7.391080,0.87
242,25,train,6.335611,0.89
242,26,train,6.755437,0.92
242,27,train,6.002220,0.96
242,28,train,8.562998,0.98
242,29,train,11.744519,1.00
242,0,val,9.489040,1.13
242,1,val,13.211219,1.14
242,2,val,13.033546,1.14
242,3,val,9.594799,1.15
242,4,val,13.001028,1.17
242,5,val,21.605408,1.17
242,6,val,18.128763,1.18
242,7,val,14.122068,1.19
242,8,val,67.819901,1.19
242,9,val,24.991882,1.20
242,10,val,25.417738,1.21
242,11,val,9.119929,1.21
242,12,val,6.083817,1.22
242,13,val,27.258240,1.23
242,14,val,7.845434,1.24
242,15,val,9.684932,1.25
242,16,val,31.657200,1.26
242,17,val,36.472008,1.27
242,18,val,9.576118,1.28
242,19,val,24.804913,1.29
242,20,val,17.414589,1.30
242,21,val,5.802994,1.30
242,22,val,8.640981,1.31
242,23,val,15.699885,1.32
242,24,val,30.117188,1.32
242,25,val,34.599369,1.33
242,26,val,11.742590,1.34
242,27,val,14.458397,1.34
242,28,val,8.672710,1.35
242,29,val,8.150431,1.36
242,30,val,3.016775,1.38
242,31,val,21.069862,1.39
242,32,val,12.200521,1.39
242,33,val,7.624212,1.40
242,34,val,5.401990,1.41
242,35,val,12.143275,1.42
242,36,val,16.010605,1.43
242,37,val,13.698389,1.43
242,38,val,13.402525,1.44
242,39,val,38.684898,1.45
242,40,val,26.591679,1.46
242,41,val,8.194536,1.47
242,42,val,15.708315,1.48
242,43,val,7.118155,1.49
242,44,val,52.649162,1.50
242,45,val,21.700796,1.51
242,46,val,44.709946,1.52
242,47,val,14.762356,1.52
242,48,val,48.406414,1.53
242,49,val,6.323289,1.54
242,50,val,29.931282,1.54
242,51,val,12.184566,1.55
242,52,val,7.833107,1.56
242,53,val,10.520646,1.57
242,54,val,7.276137,1.57
242,55,val,8.224665,1.58
242,56,val,22.110069,1.59
242,57,val,13.617430,1.60
242,58,val,11.115134,1.61
242,59,val,12.070266,1.61
242,60,val,25.099171,1.62
242,61,val,12.118984,1.63
242,62,val,7.089101,1.63
242,63,val,28.217102,1.64
242,64,val,7.183187,1.65
242,65,val,55.152386,1.65
242,66,val,14.713389,1.66
242,67,val,6.711778,1.66
242,68,val,43.971657,1.67
242,69,val,13.568667,1.68
242,70,val,34.834717,1.69
242,71,val,58.067364,1.69
242,72,val,11.067760,1.70
242,73,val,19.257542,1.71
242,74,val,27.639463,1.71
242,75,val,14.553488,1.72
242,76,val,12.888288,1.72
242,77,val,8.163115,1.73
242,78,val,7.352394,1.73
242,79,val,14.792463,1.74
243,0,train,9.243257,0.13
243,1,train,7.913836,0.17
243,2,train,4.146032,0.20
243,3,train,8.039755,0.22
243,4,train,5.167393,0.25
243,5,train,12.407159,0.28
243,6,train,6.790478,0.30
243,7,train,4.826756,0.33
243,8,train,12.186316,0.35
243,9,train,13.561804,0.38
243,10,train,8.476948,0.41
243,11,train,16.009800,0.43
243,12,train,7.544519,0.46
243,13,train,9.882918,0.50
243,14,train,6.649256,0.53
243,15,train,8.894855,0.57
243,16,train,10.335272,0.59
243,17,train,8.608389,0.62
243,18,train,7.655907,0.65
243,19,train,9.328058,0.67
243,20,train,9.111414,0.70
243,21,train,10.687244,0.73
243,22,train,10.616460,0.76
243,23,train,9.025751,0.78
243,24,train,6.538788,0.81
243,25,train,4.967296,0.84
243,26,train,7.318871,0.86
243,27,train,6.873667,0.88
243,28,train,9.398664,0.92
243,29,train,13.114886,0.95
243,0,val,10.517408,1.07
243,1,val,14.270948,1.08
243,2,val,15.738333,1.08
243,3,val,9.497382,1.09
243,4,val,10.679267,1.10
243,5,val,17.684151,1.11
243,6,val,16.636425,1.12
243,7,val,13.042694,1.13
243,8,val,56.880676,1.13
243,9,val,47.148769,1.14
243,10,val,25.507675,1.15
243,11,val,8.618362,1.15
243,12,val,11.574511,1.16
243,13,val,24.883972,1.17
243,14,val,7.346885,1.17
243,15,val,8.714376,1.18
243,16,val,29.883106,1.18
243,17,val,38.838806,1.19
243,18,val,11.053715,1.20
243,19,val,24.442535,1.21
243,20,val,16.403992,1.21
243,21,val,11.212845,1.22
243,22,val,8.291101,1.23
243,23,val,16.982494,1.23
243,24,val,28.718914,1.24
243,25,val,41.483994,1.25
243,26,val,11.050853,1.25
243,27,val,14.994410,1.26
243,28,val,8.589847,1.26
243,29,val,9.049311,1.27
243,30,val,3.004162,1.28
243,31,val,21.751318,1.28
243,32,val,11.838378,1.29
243,33,val,9.597370,1.30
243,34,val,4.675752,1.31
243,35,val,10.499788,1.31
243,36,val,14.494243,1.32
243,37,val,13.387893,1.33
243,38,val,12.249565,1.34
243,39,val,37.905342,1.35
243,40,val,26.695173,1.36
243,41,val,8.871281,1.36
243,42,val,22.293789,1.37
243,43,val,8.825193,1.38
243,44,val,52.047405,1.39
243,45,val,20.741528,1.40
243,46,val,44.720409,1.40
243,47,val,14.121196,1.41
243,48,val,48.232143,1.42
243,49,val,6.584445,1.43
243,50,val,13.068108,1.44
243,51,val,13.353159,1.45
243,52,val,6.965669,1.45
243,53,val,9.397368,1.46
243,54,val,7.063440,1.46
243,55,val,10.881541,1.47
243,56,val,10.121709,1.48
243,57,val,13.808742,1.49
243,58,val,9.434969,1.50
243,59,val,13.567011,1.50
243,60,val,27.608231,1.51
243,61,val,11.119800,1.52
243,62,val,13.830836,1.53
243,63,val,22.503849,1.53
243,64,val,4.708500,1.54
243,65,val,56.713356,1.55
243,66,val,14.426439,1.56
243,67,val,11.924932,1.57
243,68,val,43.206520,1.58
243,69,val,13.880435,1.58
243,70,val,35.654732,1.59
243,71,val,57.413124,1.60
243,72,val,11.145549,1.60
243,73,val,8.392964,1.61
243,74,val,38.809120,1.62
243,75,val,12.836543,1.63
243,76,val,13.731489,1.63
243,77,val,9.381031,1.64
243,78,val,7.247715,1.64
243,79,val,14.429040,1.65
244,0,train,7.334431,0.17
244,1,train,5.029651,0.21
244,2,train,7.091452,0.24
244,3,train,6.570305,0.26
244,4,train,9.116604,0.29
244,5,train,6.598193,0.32
244,6,train,6.262007,0.34
244,7,train,8.020405,0.37
244,8,train,9.040449,0.39
244,9,train,7.257689,0.42
244,10,train,7.440487,0.45
244,11,train,7.964417,0.47
244,12,train,9.688291,0.50
244,13,train,4.358170,0.53
244,14,train,9.352993,0.56
244,15,train,6.927657,0.58
244,16,train,6.093788,0.61
244,17,train,12.424650,0.64
244,18,train,9.811439,0.66
244,19,train,10.268046,0.69
244,20,train,8.584340,0.71
244,21,train,6.869666,0.74
244,22,train,11.721593,0.77
244,23,train,9.878521,0.80
244,24,train,7.948303,0.83
244,25,train,9.681140,0.87
244,26,train,9.380981,0.94
244,27,train,8.945374,0.98
244,28,train,10.046316,1.01
244,29,train,6.927949,1.04
244,0,val,8.704605,1.17
244,1,val,13.025249,1.18
244,2,val,12.930167,1.19
244,3,val,9.469368,1.20
244,4,val,10.961485,1.21
244,5,val,19.242943,1.22
244,6,val,15.239487,1.23
244,7,val,13.712680,1.24
244,8,val,87.410942,1.25
244,9,val,37.328793,1.26
244,10,val,26.424658,1.26
244,11,val,8.342642,1.27
244,12,val,18.168648,1.28
244,13,val,25.355080,1.29
244,14,val,7.505176,1.30
244,15,val,8.161694,1.31
244,16,val,30.131582,1.32
244,17,val,36.437653,1.33
244,18,val,11.168078,1.33
244,19,val,22.516090,1.34
244,20,val,16.933325,1.35
244,21,val,5.749141,1.35
244,22,val,9.114156,1.36
244,23,val,14.802191,1.37
244,24,val,27.901703,1.37
244,25,val,36.564255,1.38
244,26,val,14.568844,1.39
244,27,val,14.829735,1.39
244,28,val,8.767711,1.40
244,29,val,10.110315,1.41
244,30,val,4.825821,1.42
244,31,val,21.580170,1.42
244,32,val,11.573092,1.43
244,33,val,7.561038,1.44
244,34,val,3.972897,1.44
244,35,val,10.654806,1.45
244,36,val,14.677641,1.46
244,37,val,13.354590,1.46
244,38,val,11.883494,1.47
244,39,val,32.097549,1.47
244,40,val,24.501951,1.48
244,41,val,7.490245,1.49
244,42,val,15.600673,1.49
244,43,val,7.332726,1.50
244,44,val,66.117462,1.52
244,45,val,20.013073,1.53
244,46,val,47.246349,1.54
244,47,val,19.252098,1.54
244,48,val,48.705025,1.56
244,49,val,7.081467,1.57
244,50,val,12.212095,1.58
244,51,val,12.243529,1.59
244,52,val,7.111259,1.60
244,53,val,8.005375,1.61
244,54,val,8.293029,1.62
244,55,val,11.391888,1.62
244,56,val,7.638794,1.63
244,57,val,12.575668,1.65
244,58,val,12.068123,1.66
244,59,val,10.738216,1.67
244,60,val,25.141623,1.68
244,61,val,11.539877,1.69
244,62,val,8.286653,1.70
244,63,val,22.216560,1.71
244,64,val,5.376670,1.72
244,65,val,58.621010,1.74
244,66,val,15.664228,1.74
244,67,val,7.045728,1.75
244,68,val,43.626869,1.76
244,69,val,12.318912,1.78
244,70,val,32.227989,1.79
244,71,val,57.045235,1.80
244,72,val,11.950294,1.81
244,73,val,5.920341,1.82
244,74,val,29.350155,1.83
244,75,val,12.284492,1.83
244,76,val,13.544909,1.84
244,77,val,7.751867,1.85
244,78,val,7.198678,1.86
244,79,val,14.659956,1.86
245,0,train,9.023779,0.17
245,1,train,8.992882,0.21
245,2,train,6.795558,0.25
245,3,train,9.273796,0.28
245,4,train,9.329168,0.34
245,5,train,10.161612,0.37
245,6,train,7.547535,0.43
245,7,train,5.839477,0.49
245,8,train,6.827533,0.52
245,9,train,10.382883,0.55
245,10,train,8.806418,0.60
245,11,train,7.684200,0.63
245,12,train,10.238074,0.66
245,13,train,6.623340,0.69
245,14,train,9.719200,0.72
245,15,train,5.075169,0.75
245,16,train,8.821894,0.78
245,17,train,5.960770,0.82
245,18,train,9.600714,0.85
245,19,train,9.269812,0.88
245,20,train,8.957191,0.93
245,21,train,7.984571,0.96
245,22,train,6.770706,0.99
245,23,train,5.143869,1.03
245,24,train,6.804138,1.06
245,25,train,6.128853,1.09
245,26,train,5.899412,1.11
245,27,train,4.519476,1.15
245,28,train,8.127337,1.18
245,29,train,14.338093,1.21
245,0,val,9.698264,1.38
245,1,val,13.323591,1.40
245,2,val,12.730762,1.41
245,3,val,9.265676,1.42
245,4,val,12.415481,1.42
245,5,val,18.233099,1.43
245,6,val,39.904095,1.44
245,7,val,17.483425,1.45
245,8,val,62.869659,1.45
245,9,val,25.153303,1.46
245,10,val,24.832151,1.47
245,11,val,8.341497,1.48
245,12,val,6.341163,1.48
245,13,val,26.461121,1.49
245,14,val,7.614919,1.50
245,15,val,9.514347,1.51
245,16,val,32.912361,1.52
245,17,val,36.112541,1.53
245,18,val,9.511820,1.53
245,19,val,22.869194,1.54
245,20,val,19.336775,1.55
245,21,val,5.594455,1.56
245,22,val,11.758574,1.56
245,23,val,16.950134,1.57
245,24,val,55.634518,1.58
245,25,val,35.751022,1.59
245,26,val,9.895523,1.60
245,27,val,14.815765,1.60
245,28,val,8.998536,1.61
245,29,val,9.479593,1.62
245,30,val,24.649754,1.63
245,31,val,20.991070,1.63
245,32,val,13.842776,1.64
245,33,val,9.375234,1.65
245,34,val,4.405008,1.66
245,35,val,10.632012,1.67
245,36,val,15.065536,1.67
245,37,val,16.048748,1.68
245,38,val,17.109138,1.69
245,39,val,33.786812,1.70
245,40,val,24.880630,1.71
245,41,val,30.572433,1.72
245,42,val,29.129852,1.73
245,43,val,6.428692,1.74
245,44,val,52.283516,1.75
245,45,val,20.638582,1.75
245,46,val,56.881584,1.76
245,47,val,14.869655,1.77
245,48,val,48.355572,1.78
245,49,val,7.521074,1.78
245,50,val,20.229568,1.79
245,51,val,13.502749,1.80
245,52,val,7.979026,1.81
245,53,val,8.148007,1.82
245,54,val,9.945612,1.83
245,55,val,8.748095,1.84
245,56,val,7.883554,1.84
245,57,val,13.394134,1.85
245,58,val,9.670940,1.86
245,59,val,20.299589,1.87
245,60,val,25.693808,1.88
245,61,val,11.499628,1.88
245,62,val,7.637936,1.89
245,63,val,41.661137,1.90
245,64,val,5.446308,1.91
245,65,val,58.518204,1.92
245,66,val,16.966885,1.92
245,67,val,6.360452,1.93
245,68,val,42.829185,1.94
245,69,val,13.857178,1.95
245,70,val,41.682243,1.96
245,71,val,56.957817,1.96
245,72,val,14.761396,1.97
245,73,val,6.349677,1.98
245,74,val,34.399055,1.99
245,75,val,12.032065,2.00
245,76,val,12.953522,2.00
245,77,val,8.672552,2.01
245,78,val,11.116011,2.02
245,79,val,14.142171,2.02
246,0,train,9.421984,0.17
246,1,train,6.334924,0.22
246,2,train,7.250439,0.25
246,3,train,10.988997,0.28
246,4,train,14.097320,0.32
246,5,train,9.159241,0.35
246,6,train,5.249282,0.38
246,7,train,6.936943,0.40
246,8,train,6.398807,0.44
246,9,train,5.986076,0.47
246,10,train,10.303911,0.50
246,11,train,6.115841,0.53
246,12,train,6.442645,0.57
246,13,train,4.620599,0.60
246,14,train,6.313381,0.63
246,15,train,11.629963,0.66
246,16,train,12.126822,0.70
246,17,train,5.783306,0.72
246,18,train,6.211020,0.75
246,19,train,5.793623,0.86
246,20,train,6.866055,0.91
246,21,train,8.204395,0.95
246,22,train,9.673705,0.98
246,23,train,5.754787,1.02
246,24,train,6.932384,1.05
246,25,train,10.099344,1.08
246,26,train,8.245729,1.12
246,27,train,11.218019,1.15
246,28,train,5.858335,1.19
246,29,train,11.928868,1.23
246,0,val,10.373549,1.42
246,1,val,13.172404,1.44
246,2,val,12.446625,1.44
246,3,val,11.846863,1.46
246,4,val,11.570366,1.46
246,5,val,18.253403,1.47
246,6,val,14.909275,1.48
246,7,val,13.563690,1.49
246,8,val,58.037350,1.49
246,9,val,25.314804,1.50
246,10,val,26.127090,1.51
246,11,val,11.402346,1.52
246,12,val,5.722717,1.53
246,13,val,27.207876,1.55
246,14,val,7.653554,1.56
246,15,val,9.715388,1.57
246,16,val,31.134497,1.57
246,17,val,40.487591,1.58
246,18,val,10.049077,1.59
246,19,val,22.408550,1.60
246,20,val,15.548332,1.60
246,21,val,5.818096,1.61
246,22,val,8.338245,1.62
246,23,val,17.567978,1.63
246,24,val,27.382252,1.63
246,25,val,34.892403,1.65
246,26,val,9.498355,1.65
246,27,val,16.375223,1.66
246,28,val,8.013786,1.67
246,29,val,27.042486,1.68
246,30,val,3.608415,1.68
246,31,val,21.075947,1.69
246,32,val,31.806423,1.70
246,33,val,8.107990,1.71
246,34,val,4.564375,1.71
246,35,val,9.804122,1.72
246,36,val,13.693823,1.73
246,37,val,12.270227,1.74
246,38,val,13.138483,1.75
246,39,val,56.534195,1.76
246,40,val,24.309277,1.76
246,41,val,7.278739,1.77
246,42,val,15.416433,1.78
246,43,val,7.078277,1.79
246,44,val,53.257702,1.80
246,45,val,19.353012,1.81
246,46,val,45.282345,1.81
246,47,val,28.047867,1.82
246,48,val,49.210136,1.83
246,49,val,9.135893,1.84
246,50,val,18.719831,1.85
246,51,val,30.858307,1.86
246,52,val,7.342452,1.87
246,53,val,8.173981,1.88
246,54,val,7.347314,1.88
246,55,val,9.087364,1.89
246,56,val,10.792232,1.90
246,57,val,12.517245,1.91
246,58,val,9.876772,1.92
246,59,val,11.725937,1.92
246,60,val,25.596962,1.93
246,61,val,12.082714,1.94
246,62,val,9.521549,1.95
246,63,val,23.840742,1.96
246,64,val,4.791508,1.97
246,65,val,55.911709,1.98
246,66,val,15.245825,1.98
246,67,val,7.485289,1.99
246,68,val,43.771786,2.00
246,69,val,18.777266,2.01
246,70,val,34.537514,2.02
246,71,val,57.974129,2.03
246,72,val,10.449149,2.04
246,73,val,6.622319,2.05
246,74,val,29.586075,2.06
246,75,val,14.905472,2.07
246,76,val,13.472087,2.08
246,77,val,8.015658,2.09
246,78,val,7.198702,2.10
246,79,val,13.811102,2.11
247,0,train,12.988138,0.16
247,1,train,4.816738,0.20
247,2,train,11.127056,0.23
247,3,train,7.865434,0.26
247,4,train,4.883615,0.30
247,5,train,10.985296,0.33
247,6,train,9.197138,0.36
247,7,train,5.095077,0.39
247,8,train,5.689064,0.43
247,9,train,7.670002,0.46
247,10,train,9.732373,0.49
247,11,train,13.526953,0.53
247,12,train,6.825215,0.56
247,13,train,5.950750,0.60
247,14,train,11.463673,0.64
247,15,train,4.903914,0.68
247,16,train,9.322315,0.71
247,17,train,6.200337,0.75
247,18,train,7.324157,0.79
247,19,train,6.193426,0.81
247,20,train,6.595156,0.85
247,21,train,6.916935,0.88
247,22,train,8.132030,0.90
247,23,train,4.438701,0.93
247,24,train,9.824327,0.96
247,25,train,6.345171,0.98
247,26,train,10.720846,1.01
247,27,train,6.011541,1.03
247,28,train,5.388885,1.05
247,29,train,6.527795,1.08
247,0,val,11.335780,1.21
247,1,val,19.335279,1.22
247,2,val,12.144173,1.22
247,3,val,12.262553,1.24
247,4,val,23.629286,1.25
247,5,val,18.462114,1.25
247,6,val,17.236778,1.26
247,7,val,12.618347,1.27
247,8,val,64.092529,1.27
247,9,val,27.174078,1.28
247,10,val,25.533216,1.28
247,11,val,9.285594,1.29
247,12,val,6.410066,1.30
247,13,val,29.899519,1.30
247,14,val,11.114874,1.31
247,15,val,9.157971,1.31
247,16,val,32.135387,1.32
247,17,val,37.041084,1.33
247,18,val,16.822014,1.34
247,19,val,23.020452,1.34
247,20,val,18.735981,1.35
247,21,val,6.771392,1.36
247,22,val,9.247623,1.36
247,23,val,17.236946,1.37
247,24,val,29.024519,1.38
247,25,val,35.175385,1.38
247,26,val,9.302715,1.39
247,27,val,14.479221,1.39
247,28,val,10.480303,1.40
247,29,val,8.479410,1.41
247,30,val,3.041754,1.41
247,31,val,21.392513,1.42
247,32,val,18.048687,1.42
247,33,val,10.160440,1.43
247,34,val,6.590262,1.44
247,35,val,9.946314,1.45
247,36,val,14.695633,1.45
247,37,val,12.911089,1.46
247,38,val,13.264256,1.47
247,39,val,30.138403,1.47
247,40,val,27.990728,1.48
247,41,val,18.911722,1.48
247,42,val,17.750343,1.49
247,43,val,6.362826,1.50
247,44,val,53.044762,1.50
247,45,val,20.260345,1.51
247,46,val,47.635590,1.52
247,47,val,14.663722,1.52
247,48,val,51.419872,1.53
247,49,val,8.120654,1.54
247,50,val,12.603530,1.55
247,51,val,14.065855,1.55
247,52,val,9.359699,1.56
247,53,val,12.505828,1.57
247,54,val,7.569375,1.57
247,55,val,8.814590,1.58
247,56,val,8.791074,1.59
247,57,val,12.379314,1.59
247,58,val,9.771969,1.60
247,59,val,12.167663,1.60
247,60,val,27.008299,1.61
247,61,val,48.347103,1.62
247,62,val,7.888425,1.62
247,63,val,22.947968,1.63
247,64,val,5.051387,1.64
247,65,val,53.930054,1.65
247,66,val,16.705557,1.65
247,67,val,6.294328,1.66
247,68,val,45.575680,1.67
247,69,val,12.678328,1.67
247,70,val,34.893467,1.68
247,71,val,57.323875,1.68
247,72,val,11.570254,1.69
247,73,val,8.007262,1.70
247,74,val,33.540878,1.70
247,75,val,12.960811,1.71
247,76,val,14.451132,1.71
247,77,val,10.761917,1.72
247,78,val,7.790733,1.72
247,79,val,14.016666,1.73
248,0,train,9.977386,0.11
248,1,train,11.610376,0.15
248,2,train,15.691612,0.17
248,3,train,7.123055,0.20
248,4,train,10.020289,0.22
248,5,train,13.981417,0.25
248,6,train,9.379333,0.28
248,7,train,8.329805,0.30
248,8,train,11.077858,0.32
248,9,train,10.519374,0.35
248,10,train,10.271244,0.38
248,11,train,5.835488,0.40
248,12,train,8.630705,0.43
248,13,train,8.284087,0.47
248,14,train,11.411514,0.49
248,15,train,9.846368,0.52
248,16,train,4.852399,0.54
248,17,train,9.266605,0.57
248,18,train,4.380253,0.60
248,19,train,11.285066,0.62
248,20,train,7.264019,0.65
248,21,train,6.426390,0.68
248,22,train,5.697881,0.70
248,23,train,5.385073,0.73
248,24,train,10.852037,0.75
248,25,train,8.142015,0.78
248,26,train,6.272777,0.80
248,27,train,12.582232,0.82
248,28,train,6.359404,0.84
248,29,train,9.541659,0.87
248,0,val,9.540356,0.99
248,1,val,13.222933,1.00
248,2,val,13.073786,1.01
248,3,val,9.486824,1.01
248,4,val,11.786423,1.03
248,5,val,19.702202,1.04
248,6,val,15.063070,1.05
248,7,val,13.374765,1.05
248,8,val,58.968239,1.06
248,9,val,26.204906,1.07
248,10,val,24.440283,1.07
248,11,val,9.508584,1.08
248,12,val,6.328696,1.09
248,13,val,25.316547,1.09
248,14,val,18.877609,1.10
248,15,val,8.794392,1.11
248,16,val,28.050640,1.11
248,17,val,36.452362,1.12
248,18,val,9.961922,1.13
248,19,val,23.128006,1.14
248,20,val,18.701756,1.15
248,21,val,5.683414,1.15
248,22,val,8.920042,1.16
248,23,val,16.575796,1.17
248,24,val,27.785427,1.17
248,25,val,35.862732,1.18
248,26,val,9.529371,1.19
248,27,val,15.965438,1.19
248,28,val,9.659190,1.20
248,29,val,9.555250,1.21
248,30,val,19.546200,1.21
248,31,val,22.095154,1.22
248,32,val,12.718008,1.23
248,33,val,8.756907,1.24
248,34,val,6.590396,1.24
248,35,val,10.086031,1.25
248,36,val,14.206637,1.26
248,37,val,14.484130,1.26
248,38,val,13.734884,1.27
248,39,val,35.950821,1.27
248,40,val,30.900795,1.28
248,41,val,8.423824,1.29
248,42,val,16.045963,1.29
248,43,val,10.284075,1.30
248,44,val,51.148193,1.31
248,45,val,20.193867,1.31
248,46,val,47.500103,1.32
248,47,val,15.042560,1.32
248,48,val,49.799736,1.33
248,49,val,10.658356,1.34
248,50,val,12.198444,1.35
248,51,val,26.501198,1.35
248,52,val,6.591759,1.36
248,53,val,8.246931,1.37
248,54,val,8.207204,1.37
248,55,val,7.749470,1.38
248,56,val,7.529845,1.39
248,57,val,14.630382,1.39
248,58,val,9.898621,1.40
248,59,val,11.345930,1.41
248,60,val,26.672359,1.41
248,61,val,11.202014,1.42
248,62,val,7.761092,1.43
248,63,val,24.031584,1.44
248,64,val,5.498245,1.45
248,65,val,55.103851,1.45
248,66,val,23.656376,1.46
248,67,val,7.162950,1.47
248,68,val,43.984627,1.48
248,69,val,13.990789,1.49
248,70,val,34.988598,1.50
248,71,val,88.772964,1.51
248,72,val,14.800422,1.51
248,73,val,8.167267,1.52
248,74,val,30.251663,1.53
248,75,val,12.325709,1.53
248,76,val,13.752846,1.54
248,77,val,8.377398,1.54
248,78,val,6.793437,1.55
248,79,val,14.850408,1.55
249,0,train,11.973974,0.11
249,1,train,13.180128,0.14
249,2,train,10.494543,0.17
249,3,train,5.299948,0.19
249,4,train,5.605915,0.22
249,5,train,8.668388,0.24
249,6,train,10.280261,0.27
249,7,train,11.513336,0.29
249,8,train,9.505473,0.32
249,9,train,7.663166,0.35
249,10,train,4.876640,0.37
249,11,train,8.174473,0.40
249,12,train,5.691507,0.42
249,13,train,8.589483,0.45
249,14,train,6.434002,0.49
249,15,train,11.900810,0.52
249,16,train,7.782609,0.56
249,17,train,6.258894,0.60
249,18,train,7.333089,0.63
249,19,train,6.155971,0.66
249,20,train,7.063284,0.69
249,21,train,9.142996,0.72
249,22,train,9.947141,0.74
249,23,train,8.678728,0.77
249,24,train,10.371450,0.79
249,25,train,12.062465,0.82
249,26,train,5.382035,0.84
249,27,train,5.406535,0.86
249,28,train,5.446922,0.89
249,29,train,9.159940,0.91
249,0,val,8.755735,1.05
249,1,val,12.946489,1.05
249,2,val,12.917463,1.06
249,3,val,10.850716,1.07
249,4,val,12.639969,1.07
249,5,val,22.006926,1.09
249,6,val,20.486439,1.09
249,7,val,14.893049,1.10
249,8,val,59.703094,1.10
249,9,val,26.366455,1.11
249,10,val,25.380074,1.12
249,11,val,9.055771,1.12
249,12,val,5.745467,1.13
249,13,val,25.085920,1.14
249,14,val,7.558832,1.14
249,15,val,14.210964,1.15
249,16,val,34.548756,1.15
249,17,val,36.885658,1.16
249,18,val,12.361307,1.17
249,19,val,23.547436,1.17
249,20,val,34.557762,1.18
249,21,val,6.381345,1.19
249,22,val,8.524096,1.20
249,23,val,18.239374,1.20
249,24,val,27.289917,1.21
249,25,val,34.945675,1.21
249,26,val,9.501999,1.22
249,27,val,15.493225,1.23
249,28,val,9.821213,1.23
249,29,val,10.022914,1.24
249,30,val,2.932688,1.25
249,31,val,25.500420,1.25
249,32,val,12.607716,1.26
249,33,val,8.027373,1.26
249,34,val,4.764244,1.27
249,35,val,10.037544,1.28
249,36,val,13.618391,1.28
249,37,val,12.693829,1.29
249,38,val,18.545876,1.30
249,39,val,31.393894,1.31
249,40,val,24.854744,1.31
249,41,val,7.412456,1.32
249,42,val,19.135239,1.32
249,43,val,6.485172,1.33
249,44,val,51.592636,1.34
249,45,val,19.727932,1.34
249,46,val,45.711044,1.35
249,47,val,14.951476,1.36
249,48,val,47.964149,1.36
249,49,val,9.026194,1.37
249,50,val,17.654850,1.38
249,51,val,19.942036,1.38
249,52,val,7.348937,1.39
249,53,val,7.864529,1.40
249,54,val,8.263084,1.41
249,55,val,8.485173,1.42
249,56,val,7.887771,1.42
249,57,val,13.282149,1.43
249,58,val,16.943893,1.44
249,59,val,11.714716,1.44
249,60,val,30.200623,1.45
249,61,val,14.598356,1.46
249,62,val,8.004648,1.46
249,63,val,24.693968,1.47
249,64,val,4.540696,1.48
249,65,val,55.511780,1.48
249,66,val,20.888981,1.49
249,67,val,6.857784,1.50
249,68,val,42.685287,1.51
249,69,val,13.469496,1.52
249,70,val,35.844887,1.52
249,71,val,57.996452,1.53
249,72,val,12.534504,1.54
249,73,val,6.989191,1.54
249,74,val,29.980841,1.55
249,75,val,13.057001,1.56
249,76,val,14.443024,1.56
249,77,val,7.826942,1.57
249,78,val,7.135075,1.57
249,79,val,15.082750,1.57
250,0,train,13.826760,0.13
250,1,train,6.188584,0.16
250,2,train,10.952059,0.19
250,3,train,10.207758,0.22
250,4,train,7.127518,0.24
250,5,train,9.255856,0.27
250,6,train,8.444868,0.29
250,7,train,7.407107,0.32
250,8,train,8.014740,0.34
250,9,train,10.054245,0.37
250,10,train,8.377261,0.39
250,11,train,10.566844,0.42
250,12,train,11.900216,0.44
250,13,train,4.527644,0.47
250,14,train,7.842094,0.50
250,15,train,10.473375,0.52
250,16,train,6.947175,0.55
250,17,train,16.269547,0.58
250,18,train,5.251110,0.61
250,19,train,11.650656,0.63
250,20,train,6.251182,0.66
250,21,train,7.962945,0.69
250,22,train,9.181269,0.71
250,23,train,6.123055,0.74
250,24,train,9.323706,0.76
250,25,train,8.724331,0.79
250,26,train,8.719669,0.82
250,27,train,6.310422,0.84
250,28,train,13.938086,0.86
250,29,train,10.714915,0.88
250,0,val,9.547516,1.00
250,1,val,13.298384,1.01
250,2,val,12.094870,1.02
250,3,val,9.317461,1.02
250,4,val,11.921961,1.03
250,5,val,18.641884,1.04
250,6,val,29.820965,1.05
250,7,val,13.443091,1.06
250,8,val,67.160355,1.06
250,9,val,25.564619,1.07
250,10,val,24.334209,1.08
250,11,val,8.496704,1.09
250,12,val,7.043934,1.10
250,13,val,35.633213,1.11
250,14,val,7.230709,1.13
250,15,val,8.231031,1.14
250,16,val,27.282898,1.15
250,17,val,41.694378,1.16
250,18,val,11.525810,1.17
250,19,val,25.054848,1.18
250,20,val,27.398632,1.18
250,21,val,5.743114,1.19
250,22,val,10.135059,1.20
250,23,val,15.242500,1.20
250,24,val,26.965656,1.21
250,25,val,39.459961,1.21
250,26,val,10.131878,1.22
250,27,val,14.949786,1.23
250,28,val,7.684583,1.23
250,29,val,8.413371,1.24
250,30,val,2.532740,1.25
250,31,val,22.203327,1.26
250,32,val,18.357162,1.27
250,33,val,7.807336,1.27
250,34,val,4.114199,1.28
250,35,val,10.188794,1.29
250,36,val,15.697958,1.29
250,37,val,15.284854,1.30
250,38,val,12.635028,1.31
250,39,val,33.518635,1.31
250,40,val,25.940926,1.32
250,41,val,8.052737,1.33
250,42,val,15.914126,1.33
250,43,val,6.909471,1.34
250,44,val,53.341217,1.35
250,45,val,20.248047,1.36
250,46,val,89.025620,1.36
250,47,val,14.917091,1.37
250,48,val,48.616791,1.38
250,49,val,8.059893,1.39
250,50,val,12.204575,1.39
250,51,val,22.170134,1.40
250,52,val,7.336902,1.41
250,53,val,9.602017,1.41
250,54,val,7.110328,1.42
250,55,val,8.506934,1.43
250,56,val,8.003344,1.43
250,57,val,12.746246,1.44
250,58,val,10.447447,1.45
250,59,val,30.231970,1.45
250,60,val,26.452383,1.46
250,61,val,12.378460,1.47
250,62,val,7.835103,1.48
250,63,val,23.702124,1.48
250,64,val,5.739752,1.49
250,65,val,56.503838,1.50
250,66,val,15.840033,1.51
250,67,val,6.512630,1.51
250,68,val,44.101685,1.52
250,69,val,13.015754,1.53
250,70,val,34.661003,1.53
250,71,val,59.170208,1.54
250,72,val,11.648273,1.55
250,73,val,6.868415,1.55
250,74,val,31.402761,1.56
250,75,val,12.590294,1.57
250,76,val,14.637328,1.58
250,77,val,10.562452,1.58
250,78,val,24.419966,1.59
250,79,val,14.140078,1.59
251,0,train,11.479265,0.11
251,1,train,6.123256,0.15
251,2,train,7.090444,0.17
251,3,train,5.815748,0.20
251,4,train,5.919910,0.22
251,5,train,8.894628,0.25
251,6,train,7.524404,0.28
251,7,train,14.162454,0.30
251,8,train,10.904847,0.32
251,9,train,5.660203,0.35
251,10,train,8.624944,0.38
251,11,train,6.357642,0.40
251,12,train,9.019464,0.43
251,13,train,9.489656,0.46
251,14,train,12.537184,0.48
251,15,train,10.490264,0.51
251,16,train,9.368338,0.54
251,17,train,7.882549,0.58
251,18,train,12.128420,0.60
251,19,train,8.581388,0.63
251,20,train,5.664954,0.65
251,21,train,7.998718,0.68
251,22,train,9.893027,0.71
251,23,train,6.951136,0.73
251,24,train,7.217623,0.76
251,25,train,6.717215,0.78
251,26,train,8.601406,0.81
251,27,train,8.203672,0.83
251,28,train,8.516256,0.85
251,29,train,6.278181,0.87
251,0,val,9.015039,1.00
251,1,val,14.741217,1.00
251,2,val,14.527405,1.01
251,3,val,9.451103,1.02
251,4,val,11.782391,1.03
251,5,val,20.612514,1.04
251,6,val,15.114304,1.04
251,7,val,14.157580,1.05
251,8,val,61.716656,1.06
251,9,val,23.855207,1.06
251,10,val,46.109463,1.07
251,11,val,8.352136,1.08
251,12,val,5.248027,1.08
251,13,val,26.900503,1.09
251,14,val,9.606857,1.10
251,15,val,12.437831,1.10
251,16,val,27.389530,1.11
251,17,val,36.159527,1.12
251,18,val,9.880615,1.12
251,19,val,27.235769,1.14
251,20,val,16.172268,1.14
251,21,val,5.432124,1.15
251,22,val,7.934774,1.16
251,23,val,26.240246,1.16
251,24,val,29.242363,1.17
251,25,val,36.920670,1.18
251,26,val,9.765830,1.18
251,27,val,14.515361,1.19
251,28,val,8.499650,1.20
251,29,val,7.972034,1.20
251,30,val,3.487905,1.21
251,31,val,20.291515,1.22
251,32,val,12.697486,1.22
251,33,val,7.697448,1.23
251,34,val,6.944703,1.24
251,35,val,9.921761,1.25
251,36,val,13.913992,1.25
251,37,val,16.597488,1.26
251,38,val,13.315425,1.27
251,39,val,40.256828,1.27
251,40,val,26.745022,1.28
251,41,val,12.412681,1.29
251,42,val,15.269081,1.29
251,43,val,7.805643,1.30
251,44,val,52.700878,1.31
251,45,val,21.455986,1.31
251,46,val,46.253609,1.32
251,47,val,15.094730,1.32
251,48,val,47.879524,1.33
251,49,val,6.781414,1.34
251,50,val,11.975460,1.35
251,51,val,34.611084,1.36
251,52,val,10.661564,1.36
251,53,val,9.560591,1.37
251,54,val,8.370523,1.38
251,55,val,21.125446,1.38
251,56,val,7.910162,1.39
251,57,val,12.847929,1.40
251,58,val,11.899246,1.40
251,59,val,12.057681,1.41
251,60,val,25.499062,1.42
251,61,val,11.159798,1.42
251,62,val,7.441558,1.43
251,63,val,48.491867,1.43
251,64,val,4.692032,1.45
251,65,val,56.188946,1.45
251,66,val,14.986239,1.46
251,67,val,6.384634,1.47
251,68,val,43.646755,1.47
251,69,val,17.753162,1.48
251,70,val,35.247990,1.48
251,71,val,57.825447,1.49
251,72,val,11.090034,1.50
251,73,val,7.160371,1.50
251,74,val,39.678921,1.51
251,75,val,12.426074,1.52
251,76,val,14.959983,1.52
251,77,val,7.844890,1.53
251,78,val,8.541449,1.53
251,79,val,14.220563,1.53
252,0,train,8.617190,0.13
252,1,train,7.704913,0.16
252,2,train,8.355404,0.19
252,3,train,6.113501,0.21
252,4,train,5.910288,0.23
252,5,train,5.244076,0.26
252,6,train,8.919191,0.29
252,7,train,8.550034,0.31
252,8,train,7.626290,0.34
252,9,train,9.502119,0.37
252,10,train,9.367943,0.39
252,11,train,8.200411,0.42
252,12,train,8.588878,0.45
252,13,train,11.786412,0.48
252,14,train,11.165762,0.50
252,15,train,10.007904,0.53
252,16,train,5.704738,0.55
252,17,train,9.276579,0.58
252,18,train,13.330574,0.61
252,19,train,7.705828,0.63
252,20,train,5.412192,0.65
252,21,train,5.053094,0.68
252,22,train,5.823747,0.71
252,23,train,9.019258,0.73
252,24,train,7.218638,0.75
252,25,train,4.803460,0.78
252,26,train,7.945512,0.81
252,27,train,7.374626,0.83
252,28,train,5.998861,0.85
252,29,train,7.548854,0.87
252,0,val,9.156248,0.98
252,1,val,14.880350,0.99
252,2,val,13.746637,0.99
252,3,val,9.743834,1.00
252,4,val,11.078113,1.01
252,5,val,19.776234,1.01
252,6,val,14.229361,1.03
252,7,val,14.290709,1.04
252,8,val,55.634888,1.04
252,9,val,23.931549,1.05
252,10,val,34.848537,1.06
252,11,val,8.568394,1.07
252,12,val,5.992195,1.08
252,13,val,44.955929,1.08
252,14,val,7.092664,1.09
252,15,val,9.051603,1.10
252,16,val,27.425812,1.10
252,17,val,35.457176,1.11
252,18,val,14.042753,1.12
252,19,val,23.541822,1.13
252,20,val,16.266678,1.13
252,21,val,6.266105,1.14
252,22,val,8.815218,1.15
252,23,val,16.809780,1.15
252,24,val,26.452755,1.16
252,25,val,36.148483,1.17
252,26,val,8.943511,1.17
252,27,val,14.288223,1.18
252,28,val,19.068335,1.19
252,29,val,9.228034,1.19
252,30,val,3.315842,1.20
252,31,val,23.841995,1.21
252,32,val,12.096924,1.21
252,33,val,9.571814,1.22
252,34,val,4.439751,1.23
252,35,val,23.494823,1.23
252,36,val,14.383175,1.24
252,37,val,14.053233,1.25
252,38,val,15.537310,1.25
252,39,val,32.380295,1.26
252,40,val,26.833546,1.26
252,41,val,8.271539,1.27
252,42,val,25.398581,1.28
252,43,val,6.386285,1.28
252,44,val,58.652233,1.29
252,45,val,22.609207,1.29
252,46,val,45.088165,1.30
252,47,val,14.682804,1.31
252,48,val,48.828197,1.31
252,49,val,7.521606,1.32
252,50,val,12.102345,1.33
252,51,val,12.238785,1.34
252,52,val,6.886572,1.34
252,53,val,8.347568,1.35
252,54,val,7.404508,1.35
252,55,val,8.580265,1.36
252,56,val,7.428718,1.37
252,57,val,12.855213,1.37
252,58,val,11.667392,1.38
252,59,val,12.153068,1.39
252,60,val,26.144924,1.39
252,61,val,11.020331,1.40
252,62,val,8.400208,1.40
252,63,val,22.502399,1.41
252,64,val,7.465986,1.42
252,65,val,54.815456,1.42
252,66,val,16.665638,1.44
252,67,val,6.500850,1.44
252,68,val,43.322582,1.45
252,69,val,12.519968,1.46
252,70,val,33.114319,1.46
252,71,val,57.559219,1.47
252,72,val,11.373416,1.48
252,73,val,6.611701,1.48
252,74,val,31.317810,1.49
252,75,val,12.116995,1.50
252,76,val,17.081554,1.50
252,77,val,9.375020,1.51
252,78,val,7.119206,1.51
252,79,val,21.675699,1.51
253,0,train,3.837245,0.12
253,1,train,5.712679,0.15
253,2,train,7.283138,0.18
253,3,train,8.828265,0.20
253,4,train,7.272101,0.23
253,5,train,5.949965,0.26
253,6,train,10.759309,0.28
253,7,train,5.114951,0.31
253,8,train,7.100920,0.33
253,9,train,7.514419,0.43
253,10,train,7.893622,0.46
253,11,train,4.437455,0.48
253,12,train,10.153342,0.51
253,13,train,8.820946,0.55
253,14,train,7.214172,0.57
253,15,train,9.346523,0.60
253,16,train,7.046960,0.62
253,17,train,7.662705,0.65
253,18,train,7.982405,0.67
253,19,train,9.444825,0.70
253,20,train,10.501693,0.72
253,21,train,11.091035,0.76
253,22,train,11.173213,0.79
253,23,train,7.077504,0.83
253,24,train,6.957672,0.86
253,25,train,8.854218,0.90
253,26,train,8.866422,0.93
253,27,train,6.569895,0.96
253,28,train,5.615164,0.99
253,29,train,7.374389,1.01
253,0,val,8.585518,1.18
253,1,val,13.185648,1.20
253,2,val,13.589371,1.21
253,3,val,12.704967,1.22
253,4,val,10.479534,1.23
253,5,val,18.934845,1.24
253,6,val,16.889225,1.25
253,7,val,13.980773,1.26
253,8,val,61.474300,1.26
253,9,val,26.421738,1.27
253,10,val,24.624777,1.28
253,11,val,9.197584,1.29
253,12,val,6.594017,1.30
253,13,val,24.939640,1.31
253,14,val,7.277637,1.32
253,15,val,9.849026,1.33
253,16,val,29.242422,1.33
253,17,val,39.005569,1.34
253,18,val,10.217208,1.35
253,19,val,26.436718,1.36
253,20,val,16.647726,1.37
253,21,val,5.569715,1.37
253,22,val,8.331684,1.38
253,23,val,15.015227,1.40
253,24,val,28.955030,1.41
253,25,val,36.953854,1.41
253,26,val,9.341750,1.42
253,27,val,15.489920,1.43
253,28,val,8.261748,1.44
253,29,val,8.798418,1.45
253,30,val,4.229331,1.46
253,31,val,22.647619,1.48
253,32,val,12.060911,1.49
253,33,val,8.743597,1.50
253,34,val,4.242401,1.51
253,35,val,10.476057,1.52
253,36,val,16.547066,1.53
253,37,val,15.963920,1.53
253,38,val,12.898895,1.54
253,39,val,31.367176,1.55
253,40,val,25.202620,1.56
253,41,val,7.925380,1.57
253,42,val,18.010956,1.58
253,43,val,8.378925,1.59
253,44,val,57.415276,1.60
253,45,val,20.360794,1.61
253,46,val,44.252316,1.61
253,47,val,14.789045,1.62
253,48,val,47.331833,1.63
253,49,val,7.082763,1.64
253,50,val,12.097049,1.65
253,51,val,13.932025,1.66
253,52,val,6.548933,1.66
253,53,val,7.972721,1.67
253,54,val,6.991411,1.68
253,55,val,8.243941,1.69
253,56,val,9.316900,1.70
253,57,val,12.508838,1.71
253,58,val,9.776900,1.71
253,59,val,34.801849,1.72
253,60,val,26.133520,1.73
253,61,val,12.121433,1.74
253,62,val,7.052078,1.74
253,63,val,26.165161,1.75
253,64,val,6.715384,1.76
253,65,val,54.506950,1.77
253,66,val,27.807812,1.77
253,67,val,17.076672,1.78
253,68,val,44.444637,1.79
253,69,val,19.703432,1.80
253,70,val,34.604893,1.81
253,71,val,59.183559,1.82
253,72,val,11.321869,1.83
253,73,val,6.642784,1.84
253,74,val,37.071129,1.84
253,75,val,11.883797,1.85
253,76,val,12.811416,1.86
253,77,val,8.347631,1.87
253,78,val,7.074872,1.87
253,79,val,14.291987,1.88
254,0,train,9.746232,0.15
254,1,train,7.086862,0.19
254,2,train,6.309122,0.22
254,3,train,14.167940,0.25
254,4,train,7.006690,0.29
254,5,train,5.403980,0.32
254,6,train,7.104452,0.35
254,7,train,11.555387,0.38
254,8,train,7.701620,0.42
254,9,train,5.695183,0.44
254,10,train,10.070670,0.47
254,11,train,4.213655,0.50
254,12,train,9.183067,0.54
254,13,train,13.783784,0.57
254,14,train,7.866824,0.59
254,15,train,12.102974,0.63
254,16,train,11.688229,0.67
254,17,train,8.339193,0.70
254,18,train,5.200480,0.74
254,19,train,8.491225,0.78
254,20,train,7.076615,0.81
254,21,train,5.400840,0.84
254,22,train,6.543449,0.89
254,23,train,9.191459,0.92
254,24,train,6.221444,0.95
254,25,train,6.744090,0.99
254,26,train,8.121534,1.02
254,27,train,6.453989,1.04
254,28,train,10.461913,1.07
254,29,train,5.299835,1.10
254,0,val,8.657629,1.27
254,1,val,13.617263,1.28
254,2,val,13.195038,1.30
254,3,val,9.339949,1.31
254,4,val,12.578891,1.32
254,5,val,19.895466,1.33
254,6,val,15.065757,1.34
254,7,val,14.659567,1.34
254,8,val,61.221355,1.35
254,9,val,27.011465,1.36
254,10,val,23.789948,1.37
254,11,val,9.462292,1.37
254,12,val,5.531089,1.38
254,13,val,24.032200,1.39
254,14,val,8.327890,1.41
254,15,val,9.091911,1.41
254,16,val,32.239777,1.42
254,17,val,38.043892,1.43
254,18,val,9.480990,1.43
254,19,val,22.967686,1.44
254,20,val,17.061872,1.45
254,21,val,6.144280,1.46
254,22,val,8.269892,1.46
254,23,val,15.860512,1.47
254,24,val,28.216408,1.48
254,25,val,38.478622,1.48
254,26,val,10.816133,1.49
254,27,val,14.691872,1.51
254,28,val,8.363798,1.51
254,29,val,8.503798,1.52
254,30,val,3.534451,1.53
254,31,val,21.623404,1.54
254,32,val,12.922361,1.54
254,33,val,7.844346,1.55
254,34,val,6.004781,1.56
254,35,val,10.918025,1.56
254,36,val,33.057396,1.57
254,37,val,12.946903,1.58
254,38,val,12.771093,1.58
254,39,val,33.798172,1.59
254,40,val,29.158272,1.61
254,41,val,8.653338,1.61
254,42,val,15.418544,1.62
254,43,val,6.162421,1.63
254,44,val,53.983398,1.64
254,45,val,20.482927,1.65
254,46,val,44.798965,1.65
254,47,val,14.210041,1.66
254,48,val,48.424438,1.67
254,49,val,12.478811,1.68
254,50,val,12.870982,1.68
254,51,val,14.229864,1.69
254,52,val,6.593490,1.71
254,53,val,8.413437,1.72
254,54,val,9.154516,1.72
254,55,val,12.080811,1.73
254,56,val,7.951309,1.74
254,57,val,15.397724,1.75
254,58,val,10.486632,1.75
254,59,val,11.359881,1.76
254,60,val,26.289419,1.77
254,61,val,11.724339,1.78
254,62,val,7.071736,1.80
254,63,val,24.630711,1.81
254,64,val,6.306178,1.86
254,65,val,54.768967,1.88
254,66,val,15.713084,1.90
254,67,val,6.435854,1.92
254,68,val,41.786045,1.93
254,69,val,13.128130,1.93
254,70,val,36.246590,1.94
254,71,val,56.844612,1.96
254,72,val,11.417605,1.97
254,73,val,7.503746,1.98
254,74,val,32.863403,1.99
254,75,val,11.937963,2.00
254,76,val,13.009074,2.01
254,77,val,8.517416,2.02
254,78,val,6.915844,2.03
254,79,val,15.848775,2.03
255,0,train,8.094250,0.15
255,1,train,7.336909,0.19
255,2,train,37.782383,0.23
255,3,train,14.333197,0.26
255,4,train,8.111240,0.31
255,5,train,5.822081,0.34
255,6,train,9.177632,0.36
255,7,train,5.883028,0.40
255,8,train,5.161045,0.45
255,9,train,5.640444,0.51
255,10,train,5.565470,0.56
255,11,train,7.380075,0.60
255,12,train,8.735270,0.63
255,13,train,7.500083,0.67
255,14,train,7.786335,0.70
255,15,train,4.987690,0.73
255,16,train,7.803211,0.76
255,17,train,7.618128,0.79
255,18,train,6.563879,0.82
255,19,train,6.419784,0.85
255,20,train,8.908386,0.90
255,21,train,9.531896,0.94
255,22,train,7.875031,0.97
255,23,train,8.633656,1.00
255,24,train,12.705990,1.04
255,25,train,9.447117,1.07
255,26,train,6.677201,1.10
255,27,train,9.637539,1.13
255,28,train,7.863254,1.21
255,29,train,10.273841,1.27
255,0,val,8.930796,1.49
255,1,val,12.594812,1.50
255,2,val,21.647572,1.51
255,3,val,10.655321,1.52
255,4,val,14.046362,1.53
255,5,val,20.591026,1.54
255,6,val,16.993111,1.54
255,7,val,14.578892,1.55
255,8,val,63.546883,1.56
255,9,val,27.688116,1.56
255,10,val,24.799414,1.58
255,11,val,9.262400,1.59
255,12,val,6.693152,1.59
255,13,val,27.989975,1.60
255,14,val,22.086170,1.61
255,15,val,9.943733,1.62
255,16,val,27.532238,1.63
255,17,val,36.267776,1.64
255,18,val,9.330383,1.64
255,19,val,23.839859,1.65
255,20,val,16.614202,1.66
255,21,val,5.204481,1.67
255,22,val,7.965903,1.67
255,23,val,15.135023,1.68
255,24,val,26.654686,1.69
255,25,val,37.481899,1.70
255,26,val,9.363279,1.71
255,27,val,14.965292,1.72
255,28,val,34.054008,1.73
255,29,val,12.411705,1.74
255,30,val,3.731473,1.75
255,31,val,20.148779,1.76
255,32,val,11.593693,1.77
255,33,val,8.894629,1.78
255,34,val,4.489576,1.79
255,35,val,10.292345,1.80
255,36,val,15.421634,1.83
255,37,val,14.239061,1.85
255,38,val,13.607989,1.87
255,39,val,32.911697,1.88
255,40,val,24.128502,1.89
255,41,val,7.945421,1.91
255,42,val,14.921076,1.93
255,43,val,7.117567,1.94
255,44,val,52.331581,1.96
255,45,val,21.027563,1.99
255,46,val,44.011536,2.01
255,47,val,14.938377,2.03
255,48,val,47.726151,2.05
255,49,val,7.140181,2.07
255,50,val,26.464756,2.08
255,51,val,13.818626,2.09
255,52,val,6.766851,2.10
255,53,val,7.761713,2.11
255,54,val,7.885170,2.12
255,55,val,8.479499,2.13
255,56,val,8.858181,2.14
255,57,val,12.133609,2.15
255,58,val,10.023335,2.15
255,59,val,12.997343,2.16
255,60,val,39.842751,2.17
255,61,val,10.996016,2.18
255,62,val,8.213427,2.19
255,63,val,25.181946,2.20
255,64,val,5.846222,2.21
255,65,val,52.689388,2.22
255,66,val,16.332100,2.23
255,67,val,6.746957,2.24
255,68,val,42.513981,2.24
255,69,val,13.785873,2.25
255,70,val,35.756771,2.26
255,71,val,56.728508,2.26
255,72,val,11.590098,2.27
255,73,val,16.463633,2.28
255,74,val,58.996330,2.29
255,75,val,42.621899,2.29
255,76,val,13.082793,2.30
255,77,val,8.097233,2.30
255,78,val,6.685843,2.31
255,79,val,14.533671,2.31
256,0,train,6.708255,0.10
256,1,train,6.203332,0.13
256,2,train,7.597241,0.16
256,3,train,9.027573,0.19
256,4,train,5.878343,0.21
256,5,train,5.877094,0.24
256,6,train,9.018488,0.27
256,7,train,8.655815,0.29
256,8,train,8.183182,0.32
256,9,train,9.256985,0.35
256,10,train,5.096704,0.38
256,11,train,4.484026,0.40
256,12,train,9.220179,0.43
256,13,train,7.379872,0.46
256,14,train,9.646157,0.49
256,15,train,19.700190,0.51
256,16,train,8.001436,0.54
256,17,train,4.976319,0.57
256,18,train,8.908245,0.59
256,19,train,10.069595,0.61
256,20,train,7.581380,0.64
256,21,train,12.636097,0.68
256,22,train,9.834340,0.70
256,23,train,7.533892,0.73
256,24,train,5.330622,0.75
256,25,train,9.744122,0.78
256,26,train,5.612676,0.80
256,27,train,12.773066,0.82
256,28,train,7.973190,0.85
256,29,train,13.040519,0.87
256,0,val,8.583433,0.99
256,1,val,12.404118,1.00
256,2,val,17.331200,1.00
256,3,val,13.086574,1.01
256,4,val,11.510435,1.02
256,5,val,18.260597,1.03
256,6,val,19.488115,1.04
256,7,val,35.473083,1.04
256,8,val,61.664989,1.05
256,9,val,24.806858,1.05
256,10,val,26.558613,1.06
256,11,val,10.081613,1.07
256,12,val,8.511931,1.07
256,13,val,26.135586,1.08
256,14,val,8.952129,1.09
256,15,val,10.517183,1.09
256,16,val,28.381638,1.10
256,17,val,37.882477,1.11
256,18,val,9.677873,1.12
256,19,val,23.553242,1.13
256,20,val,17.169533,1.14
256,21,val,5.300356,1.14
256,22,val,9.162005,1.15
256,23,val,15.191553,1.16
256,24,val,45.196487,1.16
256,25,val,37.309872,1.17
256,26,val,9.678907,1.18
256,27,val,15.407448,1.18
256,28,val,9.746822,1.19
256,29,val,8.825862,1.20
256,30,val,3.686129,1.20
256,31,val,21.566086,1.21
256,32,val,11.892252,1.21
256,33,val,8.658043,1.22
256,34,val,7.578146,1.23
256,35,val,11.052424,1.24
256,36,val,14.357588,1.25
256,37,val,16.981270,1.25
256,38,val,32.318359,1.26
256,39,val,33.279060,1.27
256,40,val,51.924454,1.28
256,41,val,9.783102,1.28
256,42,val,18.614544,1.29
256,43,val,6.144235,1.30
256,44,val,52.556511,1.30
256,45,val,43.521294,1.31
256,46,val,45.363495,1.32
256,47,val,15.480746,1.32
256,48,val,50.229599,1.33
256,49,val,7.277727,1.34
256,50,val,12.622305,1.35
256,51,val,12.978340,1.35
256,52,val,6.826298,1.36
256,53,val,8.944927,1.37
256,54,val,7.693158,1.38
256,55,val,8.838430,1.38
256,56,val,11.495376,1.39
256,57,val,38.287376,1.39
256,58,val,9.909839,1.40
256,59,val,11.834747,1.41
256,60,val,30.648214,1.41
256,61,val,11.643961,1.42
256,62,val,7.807542,1.43
256,63,val,26.767040,1.44
256,64,val,4.663048,1.45
256,65,val,54.757061,1.45
256,66,val,15.650694,1.46
256,67,val,10.273905,1.46
256,68,val,44.912304,1.47
256,69,val,12.952708,1.48
256,70,val,37.271904,1.48
256,71,val,59.325058,1.49
256,72,val,14.088359,1.50
256,73,val,7.470766,1.50
256,74,val,32.120205,1.51
256,75,val,12.242453,1.52
256,76,val,12.402316,1.52
256,77,val,8.136203,1.52
256,78,val,6.897554,1.53
256,79,val,13.342551,1.54
257,0,train,5.587687,0.12
257,1,train,6.426239,0.15
257,2,train,10.507456,0.18
257,3,train,4.976749,0.20
257,4,train,10.091343,0.23
257,5,train,9.894403,0.26
257,6,train,6.308922,0.28
257,7,train,7.062457,0.31
257,8,train,10.252460,0.33
257,9,train,9.955261,0.36
257,10,train,7.216061,0.39
257,11,train,4.034759,0.41
257,12,train,11.117287,0.43
257,13,train,12.214773,0.46
257,14,train,12.077776,0.49
257,15,train,9.982372,0.51
257,16,train,9.624990,0.54
257,17,train,6.721160,0.56
257,18,train,6.994021,0.59
257,19,train,10.268690,0.61
257,20,train,9.602047,0.64
257,21,train,9.615738,0.66
257,22,train,10.533322,0.69
257,23,train,6.420583,0.71
257,24,train,10.961433,0.74
257,25,train,5.570821,0.76
257,26,train,5.564616,0.78
257,27,train,5.266567,0.81
257,28,train,12.610033,0.83
257,29,train,8.780626,0.85
257,0,val,10.775555,0.97
257,1,val,13.669161,0.98
257,2,val,31.839920,0.98
257,3,val,9.907779,0.99
257,4,val,12.592911,1.00
257,5,val,18.958399,1.01
257,6,val,15.830032,1.01
257,7,val,13.961658,1.02
257,8,val,56.375786,1.03
257,9,val,35.014397,1.03
257,10,val,23.788229,1.04
257,11,val,8.324442,1.05
257,12,val,5.676689,1.05
257,13,val,25.423229,1.06
257,14,val,7.071245,1.07
257,15,val,8.515198,1.07
257,16,val,26.955524,1.08
257,17,val,34.798790,1.08
257,18,val,11.729528,1.09
257,19,val,24.517746,1.10
257,20,val,17.275845,1.11
257,21,val,5.517991,1.11
257,22,val,8.378025,1.12
257,23,val,17.986801,1.13
257,24,val,27.098873,1.14
257,25,val,36.628704,1.15
257,26,val,9.624464,1.16
257,27,val,15.755275,1.17
257,28,val,8.566648,1.17
257,29,val,8.078559,1.18
257,30,val,3.427431,1.18
257,31,val,23.683094,1.19
257,32,val,12.613548,1.20
257,33,val,8.233591,1.20
257,34,val,5.111540,1.22
257,35,val,11.624179,1.22
257,36,val,18.490696,1.23
257,37,val,13.185058,1.24
257,38,val,13.494303,1.24
257,39,val,34.547539,1.25
257,40,val,24.166367,1.26
257,41,val,7.484004,1.26
257,42,val,16.432983,1.27
257,43,val,7.554611,1.27
257,44,val,52.622604,1.28
257,45,val,21.818142,1.29
257,46,val,44.774620,1.29
257,47,val,14.709064,1.30
257,48,val,55.913544,1.31
257,49,val,7.082042,1.32
257,50,val,12.226830,1.33
257,51,val,15.062140,1.33
257,52,val,11.447058,1.34
257,53,val,9.490421,1.34
257,54,val,8.528240,1.35
257,55,val,9.961267,1.36
257,56,val,8.085936,1.36
257,57,val,13.005946,1.37
257,58,val,11.654160,1.37
257,59,val,11.577415,1.38
257,60,val,25.166603,1.39
257,61,val,11.329365,1.39
257,62,val,11.334929,1.40
257,63,val,28.642759,1.41
257,64,val,5.282180,1.41
257,65,val,54.806725,1.42
257,66,val,15.805285,1.43
257,67,val,6.118346,1.43
257,68,val,42.201172,1.44
257,69,val,12.103503,1.45
257,70,val,47.196625,1.45
257,71,val,57.706932,1.46
257,72,val,11.018146,1.47
257,73,val,7.825737,1.47
257,74,val,31.482712,1.48
257,75,val,12.016802,1.48
257,76,val,14.351840,1.49
257,77,val,8.342742,1.49
257,78,val,7.387339,1.50
257,79,val,13.559664,1.50
258,0,train,7.903826,0.11
258,1,train,7.215391,0.14
258,2,train,10.262338,0.16
258,3,train,5.177930,0.19
258,4,train,8.906588,0.21
258,5,train,8.002432,0.24
258,6,train,5.646469,0.27
258,7,train,11.802166,0.29
258,8,train,5.493907,0.32
258,9,train,7.056735,0.35
258,10,train,6.292098,0.37
258,11,train,6.569444,0.40
258,12,train,4.941782,0.42
258,13,train,7.380692,0.45
258,14,train,5.107448,0.48
258,15,train,7.125927,0.50
258,16,train,4.103405,0.53
258,17,train,6.035664,0.56
258,18,train,8.183941,0.58
258,19,train,7.184816,0.61
258,20,train,11.419575,0.64
258,21,train,5.947937,0.67
258,22,train,6.414207,0.70
258,23,train,4.976690,0.72
258,24,train,6.321891,0.75
258,25,train,11.091328,0.78
258,26,train,9.590786,0.80
258,27,train,6.682119,0.82
258,28,train,10.445086,0.85
258,29,train,14.028319,0.87
258,0,val,9.775790,0.99
258,1,val,11.495314,1.00
258,2,val,12.707314,1.00
258,3,val,11.243605,1.01
258,4,val,11.516928,1.02
258,5,val,19.193176,1.03
258,6,val,17.353867,1.04
258,7,val,20.319286,1.04
258,8,val,57.928234,1.05
258,9,val,25.537046,1.06
258,10,val,23.487255,1.06
258,11,val,9.461153,1.07
258,12,val,5.830455,1.08
258,13,val,27.317488,1.08
258,14,val,7.481925,1.09
258,15,val,9.946077,1.10
258,16,val,27.981358,1.10
258,17,val,34.309540,1.11
258,18,val,10.212666,1.11
258,19,val,25.023682,1.12
258,20,val,18.367311,1.13
258,21,val,5.445613,1.14
258,22,val,8.285967,1.14
258,23,val,15.040297,1.15
258,24,val,27.036133,1.16
258,25,val,35.157623,1.16
258,26,val,10.123321,1.17
258,27,val,16.611477,1.18
258,28,val,22.843847,1.18
258,29,val,8.344593,1.19
258,30,val,3.295878,1.19
258,31,val,24.769691,1.20
258,32,val,12.558294,1.21
258,33,val,9.588568,1.21
258,34,val,4.533173,1.22
258,35,val,10.759326,1.23
258,36,val,13.297088,1.24
258,37,val,17.401962,1.24
258,38,val,12.990433,1.25
258,39,val,31.188383,1.26
258,40,val,26.137236,1.26
258,41,val,7.927429,1.27
258,42,val,15.424975,1.28
258,43,val,6.299398,1.28
258,44,val,51.036678,1.29
258,45,val,20.687126,1.30
258,46,val,43.912086,1.30
258,47,val,14.911979,1.31
258,48,val,49.318329,1.31
258,49,val,6.797595,1.32
258,50,val,12.551676,1.33
258,51,val,14.188773,1.34
258,52,val,7.125998,1.35
258,53,val,10.556505,1.35
258,54,val,6.939838,1.36
258,55,val,8.327555,1.36
258,56,val,8.195056,1.37
258,57,val,13.681300,1.38
258,58,val,10.578625,1.38
258,59,val,11.147895,1.39
258,60,val,25.050804,1.40
258,61,val,10.921183,1.40
258,62,val,7.824677,1.41
258,63,val,24.310081,1.42
258,64,val,4.810237,1.42
258,65,val,54.085075,1.43
258,66,val,15.523201,1.44
258,67,val,7.996376,1.45
258,68,val,41.804363,1.46
258,69,val,12.707008,1.46
258,70,val,33.762367,1.47
258,71,val,60.575848,1.47
258,72,val,11.686442,1.48
258,73,val,8.774638,1.49
258,74,val,30.547421,1.49
258,75,val,13.419249,1.50
258,76,val,12.746841,1.50
258,77,val,8.159534,1.51
258,78,val,6.992526,1.51
258,79,val,14.173062,1.52
259,0,train,5.909800,0.12
259,1,train,8.248018,0.15
259,2,train,9.526752,0.18
259,3,train,9.874269,0.21
259,4,train,8.942171,0.23
259,5,train,7.253618,0.26
259,6,train,6.658246,0.28
259,7,train,8.494020,0.31
259,8,train,6.339253,0.33
259,9,train,5.468068,0.37
259,10,train,6.416582,0.39
259,11,train,6.910628,0.41
259,12,train,8.050831,0.44
259,13,train,7.350529,0.47
259,14,train,8.202489,0.49
259,15,train,10.614740,0.51
259,16,train,4.728719,0.54
259,17,train,8.659651,0.57
259,18,train,8.382364,0.59
259,19,train,8.113359,0.62
259,20,train,6.918837,0.64
259,21,train,8.384033,0.68
259,22,train,7.929281,0.70
259,23,train,9.614167,0.72
259,24,train,9.362778,0.75
259,25,train,8.544056,0.78
259,26,train,6.022819,0.80
259,27,train,10.934568,0.82
259,28,train,6.728953,0.85
259,29,train,12.684959,0.94
259,0,val,8.423455,1.07
259,1,val,13.952475,1.08
259,2,val,13.163261,1.08
259,3,val,9.869024,1.09
259,4,val,12.314779,1.10
259,5,val,19.319796,1.11
259,6,val,15.981067,1.12
259,7,val,15.052748,1.13
259,8,val,62.934166,1.14
259,9,val,28.094923,1.15
259,10,val,24.091171,1.15
259,11,val,8.400671,1.16
259,12,val,8.423039,1.17
259,13,val,23.783453,1.17
259,14,val,6.799562,1.18
259,15,val,8.429195,1.19
259,16,val,26.433044,1.19
259,17,val,34.869743,1.20
259,18,val,9.764479,1.21
259,19,val,34.696976,1.22
259,20,val,43.954353,1.23
259,21,val,5.731052,1.23
259,22,val,8.488729,1.24
259,23,val,15.053939,1.24
259,24,val,30.619820,1.25
259,25,val,37.508877,1.26
259,26,val,8.879319,1.26
259,27,val,16.541025,1.27
259,28,val,7.910267,1.27
259,29,val,9.519205,1.28
259,30,val,4.517547,1.29
259,31,val,23.263250,1.29
259,32,val,12.588221,1.30
259,33,val,8.437593,1.31
259,34,val,4.666549,1.32
259,35,val,11.665325,1.32
259,36,val,13.434496,1.33
259,37,val,13.738892,1.33
259,38,val,12.866294,1.34
259,39,val,33.060448,1.35
259,40,val,23.777981,1.35
259,41,val,8.254025,1.36
259,42,val,21.967474,1.36
259,43,val,6.428687,1.37
259,44,val,68.290344,1.38
259,45,val,20.797550,1.38
259,46,val,44.800232,1.39
259,47,val,15.598407,1.40
259,48,val,49.008186,1.40
259,49,val,7.754101,1.41
259,50,val,12.661342,1.42
259,51,val,14.714012,1.42
259,52,val,7.019363,1.43
259,53,val,9.342517,1.44
259,54,val,7.626427,1.44
259,55,val,8.850775,1.45
259,56,val,7.593885,1.45
259,57,val,12.242399,1.46
259,58,val,9.691257,1.47
259,59,val,11.530139,1.47
259,60,val,25.585106,1.48
259,61,val,11.182776,1.49
259,62,val,7.284781,1.49
259,63,val,23.451141,1.50
259,64,val,4.683457,1.51
259,65,val,53.973465,1.51
259,66,val,16.370472,1.52
259,67,val,7.346014,1.53
259,68,val,61.578758,1.53
259,69,val,14.059916,1.54
259,70,val,35.619034,1.55
259,71,val,59.693787,1.55
259,72,val,10.885702,1.56
259,73,val,8.253922,1.57
259,74,val,31.968262,1.57
259,75,val,11.590988,1.58
259,76,val,14.334842,1.58
259,77,val,8.217575,1.59
259,78,val,6.916498,1.59
259,79,val,14.050645,1.59
260,0,train,5.596773,0.11
260,1,train,11.215765,0.14
260,2,train,6.666078,0.17
260,3,train,11.758492,0.19
260,4,train,7.058537,0.22
260,5,train,5.944115,0.25
260,6,train,9.086461,0.27
260,7,train,8.249292,0.30
260,8,train,5.940420,0.33
260,9,train,4.150489,0.37
260,10,train,12.586875,0.39
260,11,train,7.055052,0.41
260,12,train,9.702587,0.44
260,13,train,8.818840,0.47
260,14,train,9.943605,0.49
260,15,train,7.492336,0.52
260,16,train,6.686617,0.54
260,17,train,9.374162,0.57
260,18,train,6.936347,0.59
260,19,train,6.493701,0.62
260,20,train,8.638514,0.65
260,21,train,5.737864,0.67
260,22,train,10.286557,0.70
260,23,train,5.927448,0.72
260,24,train,7.176823,0.75
260,25,train,8.856062,0.78
260,26,train,6.595880,0.80
260,27,train,7.138023,0.82
260,28,train,10.216908,0.84
260,29,train,6.580232,0.86
260,0,val,8.502514,0.99
260,1,val,12.359556,0.99
260,2,val,13.191158,1.00
260,3,val,9.327349,1.01
260,4,val,12.077983,1.02
260,5,val,19.137924,1.03
260,6,val,15.745334,1.03
260,7,val,15.480995,1.04
260,8,val,59.891701,1.05
260,9,val,24.743420,1.05
260,10,val,23.454144,1.06
260,11,val,8.926049,1.07
260,12,val,5.666737,1.07
260,13,val,25.344234,1.08
260,14,val,6.822737,1.09
260,15,val,9.490720,1.09
260,16,val,27.778534,1.10
260,17,val,39.063332,1.11
260,18,val,9.255543,1.11
260,19,val,25.012997,1.12
260,20,val,17.421436,1.13
260,21,val,5.727428,1.14
260,22,val,8.541736,1.14
260,23,val,14.803999,1.15
260,24,val,27.414204,1.15
260,25,val,35.600216,1.16
260,26,val,9.661948,1.17
260,27,val,14.358886,1.17
260,28,val,7.516113,1.18
260,29,val,11.923498,1.19
260,30,val,3.754092,1.19
260,31,val,25.086124,1.20
260,32,val,11.874037,1.21
260,33,val,11.114581,1.21
260,34,val,4.551689,1.22
260,35,val,9.832567,1.23
260,36,val,16.932760,1.24
260,37,val,12.865142,1.24
260,38,val,12.758510,1.25
260,39,val,32.709011,1.26
260,40,val,23.801979,1.26
260,41,val,7.374416,1.27
260,42,val,15.296614,1.27
260,43,val,7.272747,1.28
260,44,val,51.601166,1.29
260,45,val,19.806793,1.29
260,46,val,43.754776,1.30
260,47,val,13.358462,1.30
260,48,val,48.840942,1.31
260,49,val,6.434682,1.32
260,50,val,12.033542,1.32
260,51,val,12.539160,1.34
260,52,val,7.685591,1.35
260,53,val,7.550710,1.35
260,54,val,7.277920,1.37
260,55,val,9.755569,1.37
260,56,val,7.988425,1.38
260,57,val,13.250998,1.39
260,58,val,13.670382,1.39
260,59,val,33.239456,1.40
260,60,val,25.419262,1.41
260,61,val,11.192851,1.41
260,62,val,15.960406,1.42
260,63,val,24.049345,1.43
260,64,val,5.344011,1.43
260,65,val,52.390686,1.44
260,66,val,17.166634,1.45
260,67,val,24.368217,1.46
260,68,val,42.518105,1.46
260,69,val,12.505384,1.47
260,70,val,35.559425,1.48
260,71,val,55.794868,1.48
260,72,val,11.430095,1.49
260,73,val,7.923519,1.50
260,74,val,31.920189,1.51
260,75,val,13.230556,1.51
260,76,val,23.372961,1.52
260,77,val,10.412826,1.52
260,78,val,14.141321,1.53
260,79,val,13.544753,1.53
261,0,train,3.918879,0.12
261,1,train,14.755846,0.16
261,2,train,5.373926,0.18
261,3,train,5.370206,0.21
261,4,train,10.916529,0.23
261,5,train,8.267672,0.26
261,6,train,6.854018,0.29
261,7,train,5.029141,0.32
261,8,train,3.971816,0.35
261,9,train,8.820318,0.38
261,10,train,5.065101,0.41
261,11,train,6.432802,0.43
261,12,train,7.061894,0.46
261,13,train,8.380644,0.49
261,14,train,12.092518,0.52
261,15,train,8.235154,0.54
261,16,train,4.203897,0.57
261,17,train,10.450680,0.60
261,18,train,15.122204,0.62
261,19,train,5.494687,0.65
261,20,train,6.658939,0.67
261,21,train,6.548716,0.70
261,22,train,7.236742,0.73
261,23,train,8.206502,0.75
261,24,train,5.894723,0.78
261,25,train,7.632915,0.82
261,26,train,7.992614,0.85
261,27,train,5.543097,0.87
261,28,train,6.091365,0.89
261,29,train,5.227173,0.92
261,0,val,9.663724,1.04
261,1,val,12.578167,1.04
261,2,val,13.215073,1.05
261,3,val,14.127643,1.06
261,4,val,11.110381,1.06
261,5,val,18.879980,1.08
261,6,val,15.412658,1.08
261,7,val,14.430565,1.09
261,8,val,69.377502,1.10
261,9,val,25.602104,1.10
261,10,val,24.755688,1.11
261,11,val,8.456406,1.12
261,12,val,6.881206,1.12
261,13,val,33.360512,1.13
261,14,val,7.263372,1.13
261,15,val,11.810789,1.14
261,16,val,30.287354,1.15
261,17,val,33.726593,1.15
261,18,val,15.261019,1.16
261,19,val,28.610373,1.17
261,20,val,23.321621,1.18
261,21,val,5.119018,1.18
261,22,val,8.207662,1.19
261,23,val,14.690142,1.20
261,24,val,26.832380,1.20
261,25,val,39.917427,1.21
261,26,val,8.904760,1.22
261,27,val,15.696364,1.22
261,28,val,9.767956,1.23
261,29,val,8.274113,1.24
261,30,val,2.967654,1.24
261,31,val,22.380043,1.25
261,32,val,12.081417,1.25
261,33,val,8.472754,1.26
261,34,val,4.114926,1.27
261,35,val,10.020203,1.28
261,36,val,13.869398,1.29
261,37,val,13.179167,1.29
261,38,val,13.259520,1.30
261,39,val,34.477654,1.31
261,40,val,25.597027,1.31
261,41,val,45.010708,1.32
261,42,val,16.002705,1.33
261,43,val,6.126752,1.33
261,44,val,51.792480,1.34
261,45,val,21.535114,1.34
261,46,val,46.864605,1.35
261,47,val,14.936942,1.36
261,48,val,48.605865,1.36
261,49,val,37.976379,1.37
261,50,val,13.530939,1.38
261,51,val,14.535693,1.39
261,52,val,7.922349,1.39
261,53,val,8.969588,1.40
261,54,val,8.440065,1.41
261,55,val,10.141032,1.41
261,56,val,8.602607,1.42
261,57,val,11.871191,1.43
261,58,val,8.998940,1.43
261,59,val,11.665854,1.44
261,60,val,25.248070,1.45
261,61,val,10.925509,1.45
261,62,val,10.646208,1.46
261,63,val,24.349102,1.47
261,64,val,6.056049,1.47
261,65,val,53.398087,1.48
261,66,val,17.473141,1.49
261,67,val,6.484854,1.50
261,68,val,40.738464,1.50
261,69,val,12.781752,1.51
261,70,val,35.393814,1.52
261,71,val,55.988457,1.52
261,72,val,12.702590,1.53
261,73,val,6.831022,1.54
261,74,val,32.308033,1.54
261,75,val,12.214355,1.55
261,76,val,12.722082,1.56
261,77,val,8.147019,1.56
261,78,val,6.889341,1.57
261,79,val,15.274838,1.57
262,0,train,4.795547,0.11
262,1,train,10.606042,0.16
262,2,train,6.348188,0.20
262,3,train,4.802471,0.24
262,4,train,6.376418,0.29
262,5,train,7.000036,0.32
262,6,train,5.830571,0.35
262,7,train,8.012630,0.39
262,8,train,4.324057,0.43
262,9,train,6.571562,0.46
262,10,train,7.829788,0.49
262,11,train,8.806839,0.53
262,12,train,8.257651,0.56
262,13,train,4.915205,0.59
262,14,train,8.616949,0.64
262,15,train,11.913627,0.72
262,16,train,6.710695,0.77
262,17,train,7.055870,0.82
262,18,train,9.738992,0.85
262,19,train,8.681015,0.88
262,20,train,6.288134,0.91
262,21,train,5.893723,0.94
262,22,train,8.527372,0.97
262,23,train,8.836688,1.00
262,24,train,8.680348,1.04
262,25,train,7.600316,1.07
262,26,train,5.791002,1.09
262,27,train,6.582725,1.12
262,28,train,5.315109,1.15
262,29,train,11.441082,1.17
262,0,val,10.358365,1.36
262,1,val,13.020575,1.38
262,2,val,12.362472,1.39
262,3,val,9.147169,1.40
262,4,val,13.727556,1.40
262,5,val,30.005245,1.41
262,6,val,15.270881,1.42
262,7,val,13.804691,1.43
262,8,val,59.676193,1.44
262,9,val,27.824972,1.44
262,10,val,23.806000,1.45
262,11,val,9.323730,1.46
262,12,val,5.533216,1.47
262,13,val,29.822922,1.48
262,14,val,7.935205,1.49
262,15,val,9.678701,1.50
262,16,val,28.256664,1.50
262,17,val,34.093300,1.51
262,18,val,10.030926,1.52
262,19,val,25.351986,1.53
262,20,val,23.901649,1.53
262,21,val,5.762506,1.54
262,22,val,8.350120,1.55
262,23,val,15.267759,1.56
262,24,val,26.789816,1.56
262,25,val,35.539349,1.57
262,26,val,10.392384,1.59
262,27,val,15.106977,1.60
262,28,val,11.100271,1.61
262,29,val,8.144361,1.62
262,30,val,2.772217,1.63
262,31,val,22.458069,1.63
262,32,val,13.518611,1.64
262,33,val,7.677942,1.65
262,34,val,4.005361,1.65
262,35,val,10.033702,1.66
262,36,val,13.829262,1.67
262,37,val,15.833251,1.68
262,38,val,14.718699,1.69
262,39,val,31.301374,1.70
262,40,val,25.335377,1.71
262,41,val,7.517875,1.72
262,42,val,43.865013,1.72
262,43,val,14.174724,1.73
262,44,val,50.195492,1.74
262,45,val,39.224365,1.75
262,46,val,42.579601,1.75
262,47,val,14.050815,1.76
262,48,val,51.441872,1.77
262,49,val,20.954704,1.78
262,50,val,13.374983,1.79
262,51,val,13.634822,1.80
262,52,val,7.930719,1.81
262,53,val,8.483440,1.82
262,54,val,8.356297,1.82
262,55,val,9.141658,1.83
262,56,val,10.419047,1.84
262,57,val,14.747833,1.85
262,58,val,9.343204,1.85
262,59,val,13.884232,1.86
262,60,val,36.567226,1.87
262,61,val,10.877630,1.88
262,62,val,8.806887,1.88
262,63,val,23.101187,1.89
262,64,val,5.193032,1.90
262,65,val,53.816559,1.91
262,66,val,15.524094,1.92
262,67,val,7.441810,1.93
262,68,val,45.574913,1.94
262,69,val,15.373225,1.95
262,70,val,34.730293,1.96
262,71,val,56.666649,1.97
262,72,val,10.361774,1.97
262,73,val,10.663953,1.98
262,74,val,31.623642,1.99
262,75,val,11.869472,2.00
262,76,val,12.747322,2.01
262,77,val,9.457962,2.02
262,78,val,12.216694,2.02
262,79,val,12.502794,2.03
263,0,train,11.171544,0.14
263,1,train,9.121378,0.18
263,2,train,8.260777,0.21
263,3,train,5.709560,0.25
263,4,train,6.197305,0.29
263,5,train,5.973727,0.32
263,6,train,8.917622,0.35
263,7,train,7.748737,0.38
263,8,train,8.520538,0.41
263,9,train,7.833345,0.44
263,10,train,6.623486,0.47
263,11,train,8.129446,0.53
263,12,train,9.616611,0.57
263,13,train,7.639575,0.61
263,14,train,8.076726,0.66
263,15,train,8.212821,0.70
263,16,train,6.234663,0.74
263,17,train,7.637873,0.79
263,18,train,7.175569,0.82
263,19,train,6.550493,0.85
263,20,train,10.533088,0.88
263,21,train,8.597952,0.91
263,22,train,7.642430,0.94
263,23,train,12.082311,0.97
263,24,train,7.227971,1.01
263,25,train,11.053675,1.04
263,26,train,7.278452,1.06
263,27,train,13.594632,1.09
263,28,train,8.258947,1.12
263,29,train,11.893050,1.15
263,0,val,28.041233,1.34
263,1,val,16.161140,1.36
263,2,val,12.450069,1.38
263,3,val,9.620040,1.40
263,4,val,11.214328,1.41
263,5,val,18.795982,1.43
263,6,val,17.119133,1.45
263,7,val,14.127765,1.47
263,8,val,58.474113,1.48
263,9,val,25.586437,1.49
263,10,val,23.575705,1.51
263,11,val,7.916278,1.52
263,12,val,6.484174,1.53
263,13,val,25.194820,1.54
263,14,val,7.682857,1.56
263,15,val,11.431610,1.58
263,16,val,28.955755,1.60
263,17,val,33.710728,1.62
263,18,val,9.792922,1.63
263,19,val,24.252850,1.64
263,20,val,17.996801,1.65
263,21,val,6.127322,1.66
263,22,val,8.490779,1.67
263,23,val,16.179556,1.68
263,24,val,27.391781,1.69
263,25,val,36.556221,1.70
263,26,val,16.470968,1.71
263,27,val,17.418751,1.72
263,28,val,7.787511,1.73
263,29,val,11.017787,1.74
263,30,val,3.480116,1.74
263,31,val,22.633087,1.75
263,32,val,11.457418,1.76
263,33,val,8.542781,1.77
263,34,val,4.793044,1.78
263,35,val,9.957901,1.79
263,36,val,12.833964,1.80
263,37,val,34.364555,1.81
263,38,val,13.255825,1.81
263,39,val,32.194691,1.82
263,40,val,26.228271,1.83
263,41,val,11.588108,1.84
263,42,val,15.353109,1.85
263,43,val,8.841396,1.86
263,44,val,50.911316,1.87
263,45,val,28.571400,1.88
263,46,val,44.309505,1.88
263,47,val,14.263092,1.90
263,48,val,51.558136,1.90
263,49,val,10.824425,1.91
263,50,val,13.420431,1.92
263,51,val,16.032036,1.93
263,52,val,7.332403,1.93
263,53,val,8.393941,1.94
263,54,val,8.318088,1.95
263,55,val,8.009007,1.96
263,56,val,20.914717,1.96
263,57,val,12.258148,1.98
263,58,val,9.539005,1.99
263,59,val,11.884392,2.00
263,60,val,25.222931,2.02
263,61,val,11.322112,2.04
263,62,val,15.918380,2.06
263,63,val,23.670752,2.08
263,64,val,4.815916,2.10
263,65,val,53.229691,2.12
263,66,val,16.014179,2.14
263,67,val,9.385963,2.16
263,68,val,48.322552,2.17
263,69,val,30.277348,2.19
263,70,val,33.967312,2.20
263,71,val,58.946381,2.21
263,72,val,11.813285,2.22
263,73,val,7.739697,2.22
263,74,val,30.712492,2.23
263,75,val,12.402572,2.24
263,76,val,13.464550,2.25
263,77,val,7.622900,2.25
263,78,val,6.915796,2.26
263,79,val,15.623013,2.26
264,0,train,4.567334,0.18
264,1,train,12.628689,0.23
264,2,train,5.552103,0.27
264,3,train,6.778572,0.31
264,4,train,12.977039,0.38
264,5,train,6.102415,0.42
264,6,train,6.073092,0.48
264,7,train,10.309813,0.51
264,8,train,8.319313,0.54
264,9,train,8.412148,0.58
264,10,train,5.216005,0.61
264,11,train,6.647898,0.64
264,12,train,5.135272,0.67
264,13,train,7.099792,0.70
264,14,train,8.695219,0.74
264,15,train,7.982340,0.77
264,16,train,11.012691,0.81
264,17,train,6.729264,0.85
264,18,train,7.576110,0.88
264,19,train,12.780834,0.92
264,20,train,6.809490,0.96
264,21,train,6.746775,0.99
264,22,train,9.203385,1.03
264,23,train,9.102902,1.06
264,24,train,10.660375,1.10
264,25,train,7.238998,1.13
264,26,train,7.590514,1.15
264,27,train,5.226767,1.18
264,28,train,7.313049,1.20
264,29,train,6.217231,1.23
264,0,val,9.223841,1.35
264,1,val,13.058925,1.35
264,2,val,12.855913,1.36
264,3,val,13.897558,1.37
264,4,val,12.117971,1.37
264,5,val,18.429573,1.39
264,6,val,15.717999,1.39
264,7,val,19.497755,1.40
264,8,val,48.301311,1.41
264,9,val,23.999807,1.41
264,10,val,24.927376,1.42
264,11,val,8.371615,1.43
264,12,val,6.057766,1.43
264,13,val,26.413189,1.44
264,14,val,7.867393,1.44
264,15,val,10.291903,1.45
264,16,val,27.348347,1.46
264,17,val,36.664513,1.46
264,18,val,10.286544,1.47
264,19,val,24.654480,1.48
264,20,val,16.740499,1.49
264,21,val,5.499444,1.50
264,22,val,8.002634,1.50
264,23,val,15.576315,1.51
264,24,val,27.446011,1.51
264,25,val,36.880692,1.52
264,26,val,10.298583,1.53
264,27,val,15.201877,1.53
264,28,val,8.122335,1.54
264,29,val,8.219134,1.55
264,30,val,2.556457,1.55
264,31,val,21.936275,1.56
264,32,val,11.597163,1.56
264,33,val,8.760420,1.57
264,34,val,3.644457,1.58
264,35,val,10.889906,1.58
264,36,val,13.428247,1.59
264,37,val,14.178083,1.60
264,38,val,13.291054,1.61
264,39,val,32.631439,1.61
264,40,val,24.887043,1.62
264,41,val,8.179415,1.62
264,42,val,15.547519,1.63
264,43,val,7.188533,1.63
264,44,val,51.413620,1.64
264,45,val,20.462364,1.65
264,46,val,44.966545,1.65
264,47,val,14.747172,1.66
264,48,val,50.341843,1.67
264,49,val,7.049444,1.67
264,50,val,14.324291,1.68
264,51,val,13.450564,1.68
264,52,val,15.732405,1.69
264,53,val,9.414052,1.70
264,54,val,8.162330,1.71
264,55,val,9.175755,1.71
264,56,val,9.977496,1.72
264,57,val,13.038712,1.73
264,58,val,15.721834,1.73
264,59,val,15.322886,1.74
264,60,val,24.249197,1.75
264,61,val,10.741232,1.75
264,62,val,13.799362,1.76
264,63,val,27.637802,1.77
264,64,val,5.135053,1.77
264,65,val,53.705650,1.78
264,66,val,16.122177,1.78
264,67,val,6.866326,1.79
264,68,val,42.539455,1.80
264,69,val,12.825351,1.81
264,70,val,32.632828,1.81
264,71,val,57.392059,1.82
264,72,val,10.155447,1.83
264,73,val,7.857873,1.83
264,74,val,31.472036,1.84
264,75,val,14.216948,1.84
264,76,val,15.056856,1.85
264,77,val,9.174995,1.85
264,78,val,7.053569,1.86
264,79,val,13.508453,1.86
265,0,train,7.542349,0.10
265,1,train,7.971026,0.14
265,2,train,11.649739,0.16
265,3,train,7.656281,0.18
265,4,train,15.910449,0.21
265,5,train,8.539930,0.24
265,6,train,9.775897,0.27
265,7,train,6.507957,0.30
265,8,train,10.471746,0.33
265,9,train,6.150037,0.36
265,10,train,5.601666,0.39
265,11,train,7.758871,0.42
265,12,train,5.830139,0.44
265,13,train,5.276319,0.47
265,14,train,5.967611,0.49
265,15,train,8.325944,0.52
265,16,train,9.225407,0.55
265,17,train,8.115110,0.58
265,18,train,6.488411,0.60
265,19,train,7.215859,0.63
265,20,train,6.947170,0.65
265,21,train,8.557203,0.68
265,22,train,6.318119,0.71
265,23,train,6.638840,0.73
265,24,train,13.019641,0.75
265,25,train,7.558981,0.78
265,26,train,7.403440,0.80
265,27,train,5.420615,0.82
265,28,train,11.674135,0.85
265,29,train,6.437733,0.87
265,0,val,9.193405,0.99
265,1,val,12.354551,0.99
265,2,val,12.771686,1.00
265,3,val,10.932208,1.01
265,4,val,11.700912,1.01
265,5,val,18.186951,1.03
265,6,val,15.862208,1.03
265,7,val,14.147468,1.04
265,8,val,58.824028,1.05
265,9,val,25.148899,1.05
265,10,val,21.939365,1.06
265,11,val,9.371245,1.06
265,12,val,5.883854,1.07
265,13,val,25.965063,1.08
265,14,val,7.193269,1.08
265,15,val,8.474908,1.09
265,16,val,26.869923,1.10
265,17,val,33.943661,1.10
265,18,val,9.402132,1.11
265,19,val,24.290716,1.12
265,20,val,18.807247,1.13
265,21,val,7.018867,1.13
265,22,val,9.349569,1.14
265,23,val,14.510529,1.15
265,24,val,26.960508,1.15
265,25,val,36.561066,1.16
265,26,val,10.299454,1.17
265,27,val,15.226771,1.17
265,28,val,12.334011,1.18
265,29,val,10.088290,1.19
265,30,val,3.808347,1.19
265,31,val,20.553320,1.20
265,32,val,12.320804,1.20
265,33,val,9.111471,1.21
265,34,val,3.689270,1.22
265,35,val,10.424766,1.23
265,36,val,13.845848,1.24
265,37,val,20.165630,1.24
265,38,val,12.713190,1.25
265,39,val,32.226772,1.26
265,40,val,26.755997,1.26
265,41,val,7.492367,1.27
265,42,val,15.546247,1.28
265,43,val,5.898690,1.28
265,44,val,51.837898,1.29
265,45,val,20.886726,1.29
265,46,val,43.255322,1.30
265,47,val,14.795206,1.31
265,48,val,49.642365,1.32
265,49,val,6.505941,1.33
265,50,val,25.104843,1.34
265,51,val,13.290812,1.35
265,52,val,6.904532,1.35
265,53,val,9.998363,1.36
265,54,val,10.958854,1.37
265,55,val,9.441919,1.37
265,56,val,8.529140,1.38
265,57,val,13.230040,1.39
265,58,val,9.307629,1.39
265,59,val,11.544590,1.40
265,60,val,25.777563,1.41
265,61,val,12.242575,1.41
265,62,val,7.019356,1.42
265,63,val,24.708721,1.43
265,64,val,5.135194,1.43
265,65,val,54.567745,1.44
265,66,val,15.434799,1.45
265,67,val,6.489072,1.46
265,68,val,193.272858,1.46
265,69,val,12.755083,1.47
265,70,val,49.423992,1.48
265,71,val,57.707298,1.48
265,72,val,10.633443,1.49
265,73,val,8.631854,1.50
265,74,val,34.806320,1.50
265,75,val,12.068831,1.51
265,76,val,39.153793,1.51
265,77,val,8.364395,1.52
265,78,val,6.567924,1.52
265,79,val,12.531406,1.53
266,0,train,5.546347,0.12
266,1,train,9.899177,0.15
266,2,train,8.638979,0.18
266,3,train,8.435656,0.20
266,4,train,7.854552,0.22
266,5,train,7.953812,0.26
266,6,train,5.183565,0.28
266,7,train,7.514439,0.30
266,8,train,10.706238,0.33
266,9,train,5.029830,0.36
266,10,train,7.148974,0.38
266,11,train,7.905112,0.41
266,12,train,5.635503,0.43
266,13,train,5.266237,0.46
266,14,train,9.513216,0.49
266,15,train,7.307647,0.51
266,16,train,8.573983,0.53
266,17,train,8.439217,0.57
266,18,train,5.506401,0.59
266,19,train,5.782804,0.68
266,20,train,6.119284,0.71
266,21,train,6.652831,0.75
266,22,train,7.550782,0.77
266,23,train,7.814327,0.80
266,24,train,6.442417,0.83
266,25,train,6.322618,0.86
266,26,train,11.034121,0.88
266,27,train,5.482821,0.90
266,28,train,9.003819,0.92
266,29,train,3.918508,0.95
266,0,val,8.670311,1.07
266,1,val,13.044739,1.08
266,2,val,12.329338,1.08
266,3,val,9.865802,1.09
266,4,val,11.662031,1.10
266,5,val,27.833378,1.11
266,6,val,17.425831,1.12
266,7,val,13.946933,1.12
266,8,val,52.904129,1.13
266,9,val,25.525143,1.14
266,10,val,24.257141,1.14
266,11,val,8.839065,1.15
266,12,val,7.266534,1.15
266,13,val,28.516546,1.16
266,14,val,7.397148,1.17
266,15,val,9.282211,1.17
266,16,val,27.110653,1.18
266,17,val,34.493706,1.19
266,18,val,9.504437,1.19
266,19,val,25.338135,1.20
266,20,val,25.433128,1.21
266,21,val,5.527110,1.22
266,22,val,9.449776,1.22
266,23,val,18.734133,1.23
266,24,val,26.960302,1.24
266,25,val,42.068886,1.24
266,26,val,9.321054,1.25
266,27,val,14.850651,1.25
266,28,val,26.663414,1.26
266,29,val,8.221586,1.27
266,30,val,3.044833,1.27
266,31,val,21.621153,1.28
266,32,val,15.694018,1.28
266,33,val,8.442450,1.29
266,34,val,3.737246,1.30
266,35,val,10.589439,1.30
266,36,val,12.885943,1.31
266,37,val,14.192661,1.32
266,38,val,12.803902,1.33
266,39,val,31.916533,1.33
266,40,val,30.008390,1.34
266,41,val,9.388389,1.35
266,42,val,15.840010,1.35
266,43,val,5.770055,1.36
266,44,val,51.728668,1.36
266,45,val,20.576328,1.37
266,46,val,44.320934,1.38
266,47,val,14.357958,1.38
266,48,val,50.116936,1.39
266,49,val,9.555145,1.40
266,50,val,12.730743,1.40
266,51,val,13.312780,1.41
266,52,val,6.651477,1.42
266,53,val,7.984300,1.43
266,54,val,7.477757,1.43
266,55,val,12.666904,1.44
266,56,val,10.577209,1.45
266,57,val,11.371056,1.45
266,58,val,9.233432,1.46
266,59,val,11.127861,1.46
266,60,val,25.790195,1.47
266,61,val,10.936491,1.48
266,62,val,7.374172,1.48
266,63,val,24.509039,1.49
266,64,val,5.627860,1.50
266,65,val,54.832256,1.50
266,66,val,16.458014,1.51
266,67,val,7.007685,1.52
266,68,val,41.085247,1.53
266,69,val,12.806982,1.53
266,70,val,34.394985,1.54
266,71,val,58.415756,1.54
266,72,val,10.619137,1.55
266,73,val,7.943435,1.56
266,74,val,58.783241,1.56
266,75,val,13.782419,1.57
266,76,val,21.931290,1.57
266,77,val,8.524608,1.58
266,78,val,7.516041,1.58
266,79,val,12.867383,1.59
267,0,train,7.544462,0.11
267,1,train,7.628680,0.14
267,2,train,6.628729,0.16
267,3,train,5.876783,0.19
267,4,train,6.642614,0.22
267,5,train,6.789636,0.26
267,6,train,8.856027,0.28
267,7,train,6.909968,0.30
267,8,train,15.545499,0.33
267,9,train,7.213798,0.36
267,10,train,4.259370,0.38
267,11,train,8.099066,0.41
267,12,train,7.580701,0.44
267,13,train,6.572084,0.46
267,14,train,7.831921,0.49
267,15,train,5.666071,0.51
267,16,train,8.205774,0.54
267,17,train,7.495279,0.57
267,18,train,7.804093,0.59
267,19,train,11.515553,0.62
267,20,train,11.489042,0.64
267,21,train,8.955568,0.67
267,22,train,7.669754,0.69
267,23,train,7.678452,0.72
267,24,train,8.244600,0.75
267,25,train,10.038453,0.77
267,26,train,13.906363,0.80
267,27,train,6.549726,0.82
267,28,train,7.863969,0.84
267,29,train,7.514979,0.86
267,0,val,8.849690,0.99
267,1,val,14.300270,0.99
267,2,val,12.638984,1.00
267,3,val,10.364239,1.01
267,4,val,10.740653,1.01
267,5,val,23.274511,1.02
267,6,val,27.337475,1.03
267,7,val,14.906046,1.04
267,8,val,62.414165,1.04
267,9,val,25.635984,1.05
267,10,val,22.059652,1.06
267,11,val,8.408037,1.06
267,12,val,6.576335,1.07
267,13,val,28.604919,1.08
267,14,val,7.600342,1.08
267,15,val,9.824673,1.09
267,16,val,30.571732,1.10
267,17,val,34.179295,1.10
267,18,val,12.720284,1.11
267,19,val,26.806992,1.12
267,20,val,18.141935,1.13
267,21,val,5.661237,1.13
267,22,val,9.147726,1.14
267,23,val,16.506226,1.15
267,24,val,27.018316,1.15
267,25,val,35.983925,1.16
267,26,val,9.852594,1.17
267,27,val,18.448051,1.17
267,28,val,8.457667,1.18
267,29,val,16.142355,1.18
267,30,val,3.331949,1.19
267,31,val,27.588818,1.20
267,32,val,11.510036,1.20
267,33,val,8.628753,1.21
267,34,val,4.094931,1.21
267,35,val,10.769458,1.22
267,36,val,14.509140,1.24
267,37,val,13.981273,1.25
267,38,val,13.023546,1.26
267,39,val,31.570951,1.27
267,40,val,25.288105,1.27
267,41,val,9.194663,1.28
267,42,val,18.119125,1.29
267,43,val,7.766212,1.29
267,44,val,51.739269,1.30
267,45,val,21.239027,1.31
267,46,val,45.071434,1.31
267,47,val,16.584541,1.32
267,48,val,51.070648,1.32
267,49,val,6.972717,1.33
267,50,val,13.014391,1.34
267,51,val,17.820402,1.35
267,52,val,7.717554,1.35
267,53,val,8.597375,1.36
267,54,val,7.824014,1.37
267,55,val,10.000618,1.37
267,56,val,11.449705,1.38
267,57,val,11.928375,1.39
267,58,val,9.496099,1.39
267,59,val,13.949710,1.40
267,60,val,25.531607,1.41
267,61,val,11.436981,1.41
267,62,val,7.074010,1.42
267,63,val,27.757469,1.42
267,64,val,4.717871,1.43
267,65,val,55.395489,1.44
267,66,val,16.290634,1.45
267,67,val,6.979969,1.46
267,68,val,40.631401,1.46
267,69,val,13.674711,1.47
267,70,val,33.566597,1.48
267,71,val,58.786522,1.48
267,72,val,13.613421,1.49
267,73,val,6.934644,1.49
267,74,val,33.749706,1.50
267,75,val,12.439888,1.51
267,76,val,13.725711,1.51
267,77,val,8.485192,1.51
267,78,val,6.914489,1.52
267,79,val,13.562366,1.52
268,0,train,9.218719,0.10
268,1,train,7.285983,0.14
268,2,train,6.571551,0.16
268,3,train,10.858568,0.18
268,4,train,6.552671,0.21
268,5,train,5.561286,0.24
268,6,train,6.509812,0.27
268,7,train,6.643336,0.29
268,8,train,9.384735,0.32
268,9,train,5.055667,0.34
268,10,train,6.646635,0.37
268,11,train,7.051573,0.39
268,12,train,7.019131,0.42
268,13,train,8.663356,0.44
268,14,train,6.373642,0.47
268,15,train,5.421003,0.49
268,16,train,7.578898,0.52
268,17,train,10.277502,0.54
268,18,train,8.323663,0.57
268,19,train,9.421867,0.59
268,20,train,4.948221,0.62
268,21,train,9.497223,0.65
268,22,train,5.804395,0.67
268,23,train,9.930690,0.70
268,24,train,6.115543,0.73
268,25,train,9.615808,0.76
268,26,train,11.540534,0.78
268,27,train,8.053786,0.81
268,28,train,7.693399,0.83
268,29,train,9.927982,0.85
268,0,val,8.865318,0.97
268,1,val,13.600711,0.98
268,2,val,22.107107,0.98
268,3,val,10.025949,0.99
268,4,val,11.484881,1.00
268,5,val,18.413954,1.00
268,6,val,17.519604,1.01
268,7,val,14.234024,1.02
268,8,val,58.932949,1.03
268,9,val,26.448910,1.04
268,10,val,21.669750,1.04
268,11,val,8.424442,1.05
268,12,val,6.339643,1.05
268,13,val,26.620926,1.06
268,14,val,13.542034,1.07
268,15,val,13.533331,1.07
268,16,val,27.533730,1.08
268,17,val,34.272751,1.09
268,18,val,10.836294,1.09
268,19,val,26.076061,1.10
268,20,val,16.174725,1.11
268,21,val,5.619428,1.12
268,22,val,8.306852,1.12
268,23,val,16.383083,1.13
268,24,val,33.693935,1.13
268,25,val,35.911144,1.14
268,26,val,10.394065,1.15
268,27,val,15.009739,1.15
268,28,val,8.239601,1.16
268,29,val,10.290941,1.17
268,30,val,3.151451,1.17
268,31,val,21.174179,1.18
268,32,val,14.954231,1.19
268,33,val,13.802971,1.19
268,34,val,4.214558,1.20
268,35,val,9.443727,1.20
268,36,val,21.288040,1.21
268,37,val,13.084426,1.22
268,38,val,29.642609,1.23
268,39,val,30.023712,1.24
268,40,val,24.314199,1.24
268,41,val,7.812295,1.25
268,42,val,15.963760,1.26
268,43,val,7.899847,1.26
268,44,val,50.649567,1.27
268,45,val,19.637606,1.27
268,46,val,50.586025,1.28
268,47,val,14.467566,1.29
268,48,val,51.973278,1.29
268,49,val,6.837556,1.30
268,50,val,13.671209,1.30
268,51,val,13.859942,1.31
268,52,val,11.441338,1.32
268,53,val,9.486384,1.33
268,54,val,7.057405,1.33
268,55,val,8.803978,1.34
268,56,val,8.514469,1.35
268,57,val,12.114994,1.35
268,58,val,10.025337,1.36
268,59,val,20.856171,1.36
268,60,val,26.151625,1.37
268,61,val,11.346790,1.38
268,62,val,8.004825,1.38
268,63,val,27.306557,1.39
268,64,val,4.649188,1.39
268,65,val,54.411613,1.40
268,66,val,19.970055,1.41
268,67,val,6.630226,1.41
268,68,val,40.637005,1.42
268,69,val,12.910122,1.43
268,70,val,36.795868,1.44
268,71,val,62.179745,1.44
268,72,val,11.547483,1.45
268,73,val,10.702002,1.45
268,74,val,31.139557,1.46
268,75,val,11.770430,1.46
268,76,val,13.778758,1.47
268,77,val,37.743107,1.47
268,78,val,6.695498,1.48
268,79,val,14.055727,1.48
269,0,train,6.280849,0.11
269,1,train,5.790382,0.14
269,2,train,9.713761,0.17
269,3,train,9.057537,0.19
269,4,train,6.081270,0.23
269,5,train,7.265575,0.26
269,6,train,7.492973,0.29
269,7,train,10.805481,0.31
269,8,train,7.639596,0.34
269,9,train,10.254177,0.37
269,10,train,4.235300,0.39
269,11,train,6.596873,0.41
269,12,train,7.019482,0.44
269,13,train,6.190261,0.47
269,14,train,5.064799,0.49
269,15,train,8.924938,0.52
269,16,train,9.283436,0.54
269,17,train,8.007792,0.57
269,18,train,3.750257,0.59
269,19,train,7.188449,0.62
269,20,train,10.091126,0.64
269,21,train,4.668099,0.66
269,22,train,8.478123,0.70
269,23,train,8.672987,0.72
269,24,train,6.179312,0.74
269,25,train,9.486490,0.77
269,26,train,5.054066,0.80
269,27,train,6.875890,0.82
269,28,train,5.754535,0.84
269,29,train,7.302272,0.87
269,0,val,9.865867,0.98
269,1,val,14.828273,0.98
269,2,val,13.847092,0.99
269,3,val,10.118757,1.00
269,4,val,11.891116,1.00
269,5,val,18.977070,1.01
269,6,val,21.058052,1.02
269,7,val,13.480970,1.03
269,8,val,62.143616,1.04
269,9,val,27.028540,1.04
269,10,val,27.674202,1.05
269,11,val,8.063904,1.06
269,12,val,6.080494,1.06
269,13,val,27.041809,1.07
269,14,val,6.987567,1.08
269,15,val,9.661658,1.08
269,16,val,26.688328,1.09
269,17,val,34.424156,1.09
269,18,val,11.571612,1.10
269,19,val,26.507797,1.11
269,20,val,16.593761,1.11
269,21,val,5.414844,1.13
269,22,val,8.550373,1.13
269,23,val,15.783033,1.14
269,24,val,27.657812,1.15
269,25,val,39.151711,1.15
269,26,val,9.754879,1.16
269,27,val,17.929735,1.16
269,28,val,8.393705,1.17
269,29,val,10.151584,1.18
269,30,val,5.234676,1.18
269,31,val,23.911194,1.19
269,32,val,12.397772,1.20
269,33,val,8.352879,1.20
269,34,val,4.150993,1.21
269,35,val,13.556582,1.21
269,36,val,13.907081,1.23
269,37,val,13.536212,1.23
269,38,val,13.482123,1.24
269,39,val,39.105320,1.25
269,40,val,23.886883,1.26
269,41,val,7.285232,1.27
269,42,val,15.663695,1.28
269,43,val,6.174577,1.29
269,44,val,52.147018,1.29
269,45,val,20.060778,1.30
269,46,val,44.883659,1.30
269,47,val,17.636057,1.31
269,48,val,48.977612,1.32
269,49,val,8.340551,1.33
269,50,val,12.987243,1.34
269,51,val,14.479087,1.34
269,52,val,10.247767,1.35
269,53,val,9.474174,1.36
269,54,val,7.002514,1.36
269,55,val,25.726830,1.37
269,56,val,8.048351,1.38
269,57,val,11.903685,1.38
269,58,val,9.448032,1.39
269,59,val,13.267489,1.39
269,60,val,25.584446,1.40
269,61,val,10.450342,1.41
269,62,val,8.952776,1.41
269,63,val,24.598557,1.42
269,64,val,6.197019,1.42
269,65,val,53.534451,1.43
269,66,val,16.445240,1.44
269,67,val,6.807952,1.45
269,68,val,41.784599,1.45
269,69,val,14.199564,1.46
269,70,val,32.639755,1.47
269,71,val,58.199249,1.47
269,72,val,11.909111,1.48
269,73,val,9.514910,1.48
269,74,val,46.987968,1.49
269,75,val,12.754863,1.50
269,76,val,12.928360,1.50
269,77,val,8.610244,1.51
269,78,val,12.041400,1.51
269,79,val,89.603447,1.52
270,0,train,4.419642,0.11
270,1,train,6.181781,0.15
270,2,train,9.621974,0.17
270,3,train,7.347464,0.20
270,4,train,8.762674,0.22
270,5,train,12.533141,0.25
270,6,train,7.481027,0.28
270,7,train,6.396641,0.30
270,8,train,4.916944,0.33
270,9,train,8.177015,0.35
270,10,train,4.095179,0.38
270,11,train,7.844286,0.40
270,12,train,5.440160,0.43
270,13,train,4.496335,0.46
270,14,train,6.348061,0.48
270,15,train,7.110603,0.51
270,16,train,5.031610,0.55
270,17,train,6.623234,0.58
270,18,train,6.617225,0.60
270,19,train,4.445676,0.63
270,20,train,9.456809,0.65
270,21,train,19.043701,0.68
270,22,train,6.089096,0.70
270,23,train,10.167844,0.73
270,24,train,5.068846,0.75
270,25,train,6.015454,0.77
270,26,train,9.488742,0.80
270,27,train,8.676594,0.82
270,28,train,8.476359,0.84
270,29,train,33.781223,0.87
270,0,val,8.543328,0.98
270,1,val,32.215393,0.99
270,2,val,14.208061,0.99
270,3,val,9.851151,1.00
270,4,val,12.097870,1.01
270,5,val,18.716915,1.01
270,6,val,15.984614,1.03
270,7,val,16.618340,1.04
270,8,val,65.359962,1.04
270,9,val,26.052343,1.05
270,10,val,22.138256,1.05
270,11,val,23.080933,1.06
270,12,val,5.671462,1.07
270,13,val,26.342342,1.07
270,14,val,9.547983,1.08
270,15,val,9.344917,1.08
270,16,val,27.730246,1.09
270,17,val,33.594299,1.10
270,18,val,11.319740,1.10
270,19,val,23.708639,1.11
270,20,val,17.180407,1.12
270,21,val,5.987440,1.13
270,22,val,8.455791,1.14
270,23,val,18.490934,1.15
270,24,val,26.609650,1.16
270,25,val,36.643242,1.17
270,26,val,11.419792,1.18
270,27,val,16.933298,1.19
270,28,val,38.494919,1.20
270,29,val,10.765860,1.20
270,30,val,4.565147,1.22
270,31,val,21.921505,1.23
270,32,val,12.178841,1.24
270,33,val,8.885786,1.25
270,34,val,4.649235,1.26
270,35,val,12.218505,1.27
270,36,val,13.145244,1.28
270,37,val,16.238674,1.29
270,38,val,28.306875,1.29
270,39,val,51.489777,1.30
270,40,val,24.716194,1.31
270,41,val,7.904466,1.32
270,42,val,15.117747,1.33
270,43,val,6.008590,1.34
270,44,val,52.453865,1.35
270,45,val,21.022575,1.36
270,46,val,45.375198,1.36
270,47,val,18.400928,1.37
270,48,val,52.973740,1.38
270,49,val,6.937618,1.39
270,50,val,13.711234,1.40
270,51,val,12.334053,1.41
270,52,val,6.566591,1.42
270,53,val,9.109507,1.43
270,54,val,7.821689,1.44
270,55,val,8.955311,1.45
270,56,val,7.875608,1.46
270,57,val,12.868252,1.47
270,58,val,35.819214,1.48
270,59,val,13.238521,1.49
270,60,val,25.482048,1.50
270,61,val,10.710148,1.51
270,62,val,7.171496,1.51
270,63,val,33.177418,1.52
270,64,val,4.458403,1.53
270,65,val,53.302170,1.54
270,66,val,15.217882,1.55
270,67,val,6.651318,1.56
270,68,val,41.024689,1.57
270,69,val,13.030884,1.58
270,70,val,34.034645,1.58
270,71,val,58.409958,1.59
270,72,val,11.151412,1.60
270,73,val,6.995360,1.61
270,74,val,32.760593,1.62
270,75,val,13.624302,1.63
270,76,val,12.898695,1.64
270,77,val,8.982225,1.64
270,78,val,8.336332,1.65
270,79,val,13.948529,1.66
271,0,train,11.691727,0.15
271,1,train,8.064882,0.19
271,2,train,6.305179,0.22
271,3,train,8.370251,0.25
271,4,train,6.207847,0.28
271,5,train,5.412175,0.33
271,6,train,10.424727,0.36
271,7,train,12.654257,0.42
271,8,train,6.215999,0.48
271,9,train,11.691137,0.51
271,10,train,3.975345,0.54
271,11,train,10.139832,0.58
271,12,train,4.442552,0.61
271,13,train,7.243480,0.64
271,14,train,4.888299,0.67
271,15,train,10.595053,0.70
271,16,train,5.862381,0.73
271,17,train,8.819750,0.76
271,18,train,7.488890,0.80
271,19,train,9.659204,0.83
271,20,train,7.245223,0.86
271,21,train,7.439422,0.89
271,22,train,9.929064,0.92
271,23,train,7.999338,0.97
271,24,train,7.252965,1.00
271,25,train,6.607187,1.03
271,26,train,7.060788,1.07
271,27,train,4.664822,1.09
271,28,train,10.444929,1.12
271,29,train,5.103322,1.14
271,0,val,8.769293,1.34
271,1,val,12.155375,1.36
271,2,val,12.888282,1.37
271,3,val,13.790749,1.38
271,4,val,11.038768,1.39
271,5,val,19.106606,1.40
271,6,val,19.026405,1.41
271,7,val,17.473560,1.42
271,8,val,63.984375,1.43
271,9,val,24.670441,1.44
271,10,val,22.145470,1.45
271,11,val,8.001700,1.47
271,12,val,5.962667,1.47
271,13,val,28.428230,1.48
271,14,val,7.211205,1.49
271,15,val,34.580353,1.50
271,16,val,27.518505,1.50
271,17,val,33.308788,1.51
271,18,val,10.209934,1.52
271,19,val,25.564016,1.53
271,20,val,17.504723,1.54
271,21,val,5.961272,1.55
271,22,val,9.127718,1.55
271,23,val,21.699247,1.57
271,24,val,27.201908,1.57
271,25,val,35.506527,1.58
271,26,val,11.037349,1.59
271,27,val,14.658951,1.60
271,28,val,7.487541,1.61
271,29,val,9.299047,1.61
271,30,val,4.507298,1.62
271,31,val,22.275192,1.63
271,32,val,12.088092,1.64
271,33,val,8.318407,1.65
271,34,val,3.872759,1.65
271,35,val,12.328690,1.66
271,36,val,12.791908,1.67
271,37,val,15.146258,1.68
271,38,val,14.859819,1.69
271,39,val,31.664038,1.69
271,40,val,23.807615,1.70
271,41,val,7.822649,1.71
271,42,val,30.022148,1.72
271,43,val,20.808142,1.73
271,44,val,50.133434,1.73
271,45,val,30.792744,1.74
271,46,val,44.165630,1.75
271,47,val,42.215492,1.76
271,48,val,52.668896,1.77
271,49,val,7.696249,1.78
271,50,val,13.395273,1.79
271,51,val,16.257240,1.79
271,52,val,6.894399,1.80
271,53,val,9.416739,1.81
271,54,val,8.243144,1.82
271,55,val,9.212078,1.83
271,56,val,7.819974,1.83
271,57,val,14.389755,1.84
271,58,val,9.733389,1.85
271,59,val,12.249015,1.86
271,60,val,25.278357,1.87
271,61,val,11.393517,1.88
271,62,val,34.603092,1.89
271,63,val,24.322315,1.90
271,64,val,5.704074,1.91
271,65,val,56.227234,1.91
271,66,val,15.684731,1.92
271,67,val,7.480762,1.93
271,68,val,40.865582,1.94
271,69,val,14.236747,1.95
271,70,val,32.972866,1.96
271,71,val,60.012352,1.97
271,72,val,12.886393,1.98
271,73,val,7.221553,1.99
271,74,val,28.883102,2.00
271,75,val,11.836921,2.01
271,76,val,13.069471,2.02
271,77,val,8.395144,2.03
271,78,val,7.180765,2.03
271,79,val,13.189831,2.04
272,0,train,8.180173,0.15
272,1,train,5.134292,0.19
272,2,train,12.300264,0.22
272,3,train,6.235085,0.25
272,4,train,6.140732,0.28
272,5,train,8.985008,0.31
272,6,train,5.708360,0.34
272,7,train,8.916081,0.37
272,8,train,12.699215,0.39
272,9,train,5.555785,0.43
272,10,train,7.378832,0.46
272,11,train,6.421393,0.49
272,12,train,13.983464,0.51
272,13,train,6.270905,0.55
272,14,train,6.988351,0.58
272,15,train,6.071393,0.62
272,16,train,8.419806,0.66
272,17,train,9.138281,0.69
272,18,train,8.656905,0.73
272,19,train,8.100987,0.77
272,20,train,9.115297,0.80
272,21,train,11.568200,0.84
272,22,train,9.774532,0.88
272,23,train,6.963704,0.91
272,24,train,9.651514,0.94
272,25,train,7.824544,0.99
272,26,train,6.407239,1.02
272,27,train,4.617610,1.05
272,28,train,11.956725,1.08
272,29,train,9.292336,1.11
272,0,val,9.609802,1.29
272,1,val,16.929092,1.30
272,2,val,13.609276,1.31
272,3,val,11.747135,1.32
272,4,val,11.964577,1.33
272,5,val,18.209484,1.33
272,6,val,22.272488,1.34
272,7,val,15.157772,1.35
272,8,val,58.057644,1.35
272,9,val,26.724987,1.36
272,10,val,22.138853,1.37
272,11,val,8.273552,1.38
272,12,val,5.826843,1.38
272,13,val,26.181875,1.39
272,14,val,7.414991,1.40
272,15,val,12.062302,1.41
272,16,val,28.165104,1.42
272,17,val,33.578400,1.42
272,18,val,10.122395,1.43
272,19,val,24.939331,1.44
272,20,val,20.094612,1.45
272,21,val,7.114697,1.45
272,22,val,8.258032,1.46
272,23,val,17.879076,1.47
272,24,val,27.414282,1.48
272,25,val,39.503925,1.49
272,26,val,10.178564,1.49
272,27,val,14.601175,1.51
272,28,val,8.306543,1.52
272,29,val,8.750916,1.53
272,30,val,2.857688,1.53
272,31,val,21.789642,1.54
272,32,val,13.201282,1.55
272,33,val,7.727371,1.56
272,34,val,4.100769,1.57
272,35,val,10.049747,1.58
272,36,val,12.954565,1.58
272,37,val,15.319885,1.59
272,38,val,13.216658,1.60
272,39,val,31.225086,1.61
272,40,val,23.725212,1.62
272,41,val,9.703787,1.63
272,42,val,15.996521,1.64
272,43,val,5.722957,1.64
272,44,val,51.328808,1.65
272,45,val,19.302094,1.66
272,46,val,44.956612,1.67
272,47,val,15.376572,1.67
272,48,val,49.675270,1.68
272,49,val,5.823684,1.69
272,50,val,12.690104,1.70
272,51,val,33.862465,1.71
272,52,val,6.672398,1.72
272,53,val,9.024801,1.74
272,54,val,7.068741,1.74
272,55,val,10.345117,1.75
272,56,val,8.750343,1.76
272,57,val,12.056591,1.77
272,58,val,9.452724,1.78
272,59,val,12.166523,1.79
272,60,val,24.930328,1.80
272,61,val,11.784384,1.81
272,62,val,7.829357,1.82
272,63,val,24.591530,1.83
272,64,val,7.105891,1.84
272,65,val,53.402752,1.85
272,66,val,17.210285,1.86
272,67,val,5.851922,1.87
272,68,val,40.248322,1.88
272,69,val,13.917894,1.88
272,70,val,33.062080,1.89
272,71,val,59.153107,1.90
272,72,val,10.665264,1.91
272,73,val,6.683467,1.91
272,74,val,32.731293,1.92
272,75,val,13.064999,1.93
272,76,val,12.845291,1.94
272,77,val,9.158502,1.94
272,78,val,9.477118,1.95
272,79,val,12.721812,1.96
273,0,train,10.770868,0.14
273,1,train,6.103315,0.18
273,2,train,6.240728,0.21
273,3,train,6.951622,0.25
273,4,train,8.415276,0.29
273,5,train,8.537857,0.33
273,6,train,8.482618,0.36
273,7,train,5.164113,0.40
273,8,train,24.277008,0.43
273,9,train,6.514992,0.60
273,10,train,8.296460,0.67
273,11,train,7.674041,0.70
273,12,train,6.032026,0.73
273,13,train,7.784099,0.75
273,14,train,7.609891,0.78
273,15,train,5.791759,0.80
273,16,train,9.255035,0.83
273,17,train,5.575160,0.86
273,18,train,10.848090,0.88
273,19,train,8.035045,0.91
273,20,train,6.722994,0.94
273,21,train,4.407854,0.97
273,22,train,7.945190,0.99
273,23,train,6.597388,1.01
273,24,train,6.658958,1.05
273,25,train,5.258527,1.08
273,26,train,7.644269,1.10
273,27,train,7.356458,1.12
273,28,train,9.392682,1.15
273,29,train,8.945177,1.17
273,0,val,10.170486,1.29
273,1,val,12.343170,1.30
273,2,val,13.344923,1.30
273,3,val,11.426243,1.31
273,4,val,12.115971,1.32
273,5,val,18.806730,1.33
273,6,val,16.661671,1.34
273,7,val,14.150248,1.35
273,8,val,63.361950,1.36
273,9,val,25.605312,1.37
273,10,val,22.923264,1.38
273,11,val,8.471202,1.39
273,12,val,10.474840,1.40
273,13,val,25.401524,1.41
273,14,val,6.901516,1.42
273,15,val,8.530361,1.44
273,16,val,27.123093,1.45
273,17,val,32.384010,1.47
273,18,val,10.850508,1.48
273,19,val,25.446859,1.49
273,20,val,17.385511,1.50
273,21,val,5.235847,1.51
273,22,val,9.626358,1.51
273,23,val,14.369654,1.52
273,24,val,27.637100,1.52
273,25,val,40.894699,1.54
273,26,val,28.393393,1.54
273,27,val,41.529739,1.55
273,28,val,10.515995,1.56
273,29,val,9.180654,1.56
273,30,val,2.944916,1.57
273,31,val,20.922579,1.58
273,32,val,13.656548,1.58
273,33,val,9.792562,1.59
273,34,val,6.928876,1.59
273,35,val,10.562809,1.60
273,36,val,12.804187,1.61
273,37,val,16.982628,1.61
273,38,val,12.645915,1.62
273,39,val,32.419956,1.63
273,40,val,23.454290,1.64
273,41,val,8.022478,1.64
273,42,val,15.479682,1.65
273,43,val,7.365358,1.66
273,44,val,51.762138,1.67
273,45,val,19.701962,1.67
273,46,val,46.101898,1.68
273,47,val,14.242923,1.68
273,48,val,49.668255,1.69
273,49,val,6.388656,1.70
273,50,val,12.202518,1.70
273,51,val,12.973025,1.71
273,52,val,8.122607,1.72
273,53,val,8.116267,1.72
273,54,val,7.867737,1.74
273,55,val,9.660561,1.75
273,56,val,8.307646,1.75
273,57,val,12.416972,1.76
273,58,val,9.970791,1.77
273,59,val,11.748795,1.77
273,60,val,25.883129,1.78
273,61,val,24.997238,1.78
273,62,val,12.447437,1.79
273,63,val,23.832943,1.80
273,64,val,4.512479,1.80
273,65,val,55.066036,1.81
273,66,val,17.613049,1.82
273,67,val,6.161556,1.82
273,68,val,43.183285,1.83
273,69,val,13.362552,1.84
273,70,val,35.256702,1.84
273,71,val,60.083279,1.85
273,72,val,10.575118,1.86
273,73,val,7.016957,1.87
273,74,val,43.365936,1.87
273,75,val,11.740026,1.88
273,76,val,14.325150,1.88
273,77,val,8.404564,1.89
273,78,val,7.994929,1.89
273,79,val,13.427836,1.90
274,0,train,14.089232,0.14
274,1,train,7.262645,0.21
274,2,train,5.786056,0.23
274,3,train,6.730647,0.26
274,4,train,12.396961,0.29
274,5,train,8.013993,0.31
274,6,train,13.080097,0.34
274,7,train,6.961948,0.36
274,8,train,6.165293,0.39
274,9,train,7.362503,0.42
274,10,train,9.077686,0.46
274,11,train,4.987240,0.49
274,12,train,10.598518,0.52
274,13,train,12.260530,0.54
274,14,train,8.367345,0.57
274,15,train,8.789400,0.59
274,16,train,6.558455,0.62
274,17,train,13.658131,0.65
274,18,train,7.365515,0.67
274,19,train,5.163961,0.70
274,20,train,10.302858,0.74
274,21,train,5.990455,0.77
274,22,train,9.577554,0.81
274,23,train,6.061370,0.83
274,24,train,4.863516,0.86
274,25,train,7.715460,0.89
274,26,train,8.324065,0.91
274,27,train,5.923211,0.93
274,28,train,7.537952,0.95
274,29,train,8.560184,0.98
274,0,val,10.269965,1.13
274,1,val,12.575455,1.14
274,2,val,13.367667,1.15
274,3,val,9.712257,1.16
274,4,val,11.751735,1.16
274,5,val,19.243504,1.17
274,6,val,15.556364,1.18
274,7,val,13.380402,1.18
274,8,val,56.774384,1.19
274,9,val,25.111671,1.19
274,10,val,21.810024,1.20
274,11,val,9.443866,1.21
274,12,val,6.245744,1.22
274,13,val,24.494373,1.23
274,14,val,7.748290,1.24
274,15,val,9.347475,1.25
274,16,val,28.964773,1.25
274,17,val,32.561390,1.26
274,18,val,10.204922,1.27
274,19,val,24.859837,1.27
274,20,val,19.963812,1.28
274,21,val,6.571254,1.29
274,22,val,11.096892,1.29
274,23,val,17.491039,1.30
274,24,val,27.927921,1.31
274,25,val,38.108082,1.32
274,26,val,10.004042,1.33
274,27,val,15.435173,1.33
274,28,val,8.234886,1.34
274,29,val,8.771750,1.35
274,30,val,3.481500,1.36
274,31,val,23.335636,1.36
274,32,val,12.191244,1.37
274,33,val,8.771973,1.38
274,34,val,13.672606,1.38
274,35,val,9.737153,1.39
274,36,val,13.342299,1.40
274,37,val,13.525886,1.40
274,38,val,13.344261,1.41
274,39,val,32.734390,1.42
274,40,val,23.305853,1.42
274,41,val,7.812036,1.43
274,42,val,16.172743,1.44
274,43,val,6.555850,1.45
274,44,val,50.916729,1.45
274,45,val,20.268841,1.46
274,46,val,43.830517,1.47
274,47,val,14.973347,1.47
274,48,val,51.359386,1.48
274,49,val,6.951120,1.49
274,50,val,14.586472,1.49
274,51,val,14.190191,1.50
274,52,val,6.895923,1.50
274,53,val,8.662178,1.51
274,54,val,8.179961,1.52
274,55,val,9.732986,1.52
274,56,val,8.477721,1.53
274,57,val,12.063053,1.53
274,58,val,10.195950,1.54
274,59,val,12.915964,1.55
274,60,val,25.140335,1.56
274,61,val,10.543498,1.56
274,62,val,6.264442,1.57
274,63,val,25.283339,1.58
274,64,val,4.984466,1.58
274,65,val,54.277737,1.59
274,66,val,15.714468,1.59
274,67,val,6.197216,1.60
274,68,val,41.164490,1.61
274,69,val,14.898540,1.61
274,70,val,35.445309,1.62
274,71,val,56.891975,1.62
274,72,val,11.022171,1.63
274,73,val,7.773431,1.64
274,74,val,31.975456,1.64
274,75,val,19.038700,1.66
274,76,val,46.908524,1.66
274,77,val,15.662937,1.67
274,78,val,6.388402,1.67
274,79,val,12.409814,1.67
275,0,train,8.389984,0.11
275,1,train,4.204712,0.14
275,2,train,5.210773,0.17
275,3,train,5.910574,0.19
275,4,train,7.416028,0.22
275,5,train,10.797480,0.25
275,6,train,4.527032,0.28
275,7,train,5.924475,0.30
275,8,train,6.043742,0.33
275,9,train,8.804228,0.36
275,10,train,6.521434,0.38
275,11,train,9.017199,0.40
275,12,train,5.986913,0.43
275,13,train,8.010022,0.46
275,14,train,6.720373,0.48
275,15,train,6.231868,0.50
275,16,train,7.392973,0.54
275,17,train,7.152666,0.57
275,18,train,4.680239,0.59
275,19,train,9.715679,0.62
275,20,train,9.041204,0.64
275,21,train,5.423913,0.67
275,22,train,7.620895,0.70
275,23,train,7.166654,0.72
275,24,train,5.822389,0.74
275,25,train,5.207906,0.77
275,26,train,5.789487,0.80
275,27,train,6.733068,0.82
275,28,train,4.963320,0.84
275,29,train,5.954096,0.86
275,0,val,22.283527,0.98
275,1,val,12.236708,0.99
275,2,val,17.824226,1.00
275,3,val,10.896159,1.00
275,4,val,12.604179,1.01
275,5,val,20.598732,1.02
275,6,val,16.109318,1.03
275,7,val,14.743187,1.04
275,8,val,69.808235,1.04
275,9,val,26.801746,1.05
275,10,val,21.345037,1.06
275,11,val,7.773752,1.06
275,12,val,6.185346,1.07
275,13,val,24.765158,1.07
275,14,val,7.235946,1.08
275,15,val,12.306108,1.09
275,16,val,27.318510,1.09
275,17,val,32.739746,1.10
275,18,val,11.072494,1.11
275,19,val,23.960804,1.11
275,20,val,17.890270,1.12
275,21,val,5.444234,1.13
275,22,val,8.115826,1.14
275,23,val,21.905752,1.14
275,24,val,27.260509,1.15
275,25,val,36.454342,1.16
275,26,val,10.232552,1.16
275,27,val,15.869396,1.17
275,28,val,8.145777,1.18
275,29,val,10.083069,1.18
275,30,val,3.195152,1.19
275,31,val,22.551519,1.20
275,32,val,37.740780,1.20
275,33,val,7.760602,1.21
275,34,val,5.148661,1.22
275,35,val,10.981082,1.23
275,36,val,13.006885,1.24
275,37,val,15.968093,1.24
275,38,val,13.266650,1.25
275,39,val,31.997181,1.26
275,40,val,25.600582,1.26
275,41,val,9.669214,1.27
275,42,val,17.660946,1.28
275,43,val,6.776151,1.28
275,44,val,50.349834,1.29
275,45,val,20.396765,1.29
275,46,val,43.329300,1.30
275,47,val,28.502333,1.31
275,48,val,50.908752,1.31
275,49,val,7.677079,1.32
275,50,val,13.910070,1.33
275,51,val,13.026919,1.34
275,52,val,30.226225,1.34
275,53,val,8.503253,1.35
275,54,val,7.651365,1.36
275,55,val,8.672636,1.36
275,56,val,7.510959,1.37
275,57,val,12.080748,1.37
275,58,val,11.257887,1.38
275,59,val,11.775648,1.39
275,60,val,42.607571,1.39
275,61,val,10.564554,1.40
275,62,val,7.425332,1.40
275,63,val,24.689671,1.41
275,64,val,4.843227,1.42
275,65,val,55.537151,1.43
275,66,val,17.486441,1.44
275,67,val,6.693101,1.44
275,68,val,41.347687,1.45
275,69,val,12.983355,1.46
275,70,val,34.729408,1.46
275,71,val,59.266060,1.47
275,72,val,12.122358,1.47
275,73,val,6.666438,1.48
275,74,val,30.937687,1.49
275,75,val,22.171844,1.49
275,76,val,13.650116,1.50
275,77,val,8.205344,1.50
275,78,val,6.246265,1.50
275,79,val,12.055019,1.51
276,0,train,10.281855,0.12
276,1,train,4.884983,0.15
276,2,train,6.001960,0.17
276,3,train,6.326235,0.20
276,4,train,5.448089,0.22
276,5,train,7.675014,0.25
276,6,train,7.009700,0.28
276,7,train,7.833094,0.30
276,8,train,5.589811,0.33
276,9,train,12.017763,0.36
276,10,train,4.821211,0.38
276,11,train,9.655218,0.40
276,12,train,5.671598,0.43
276,13,train,9.771544,0.46
276,14,train,5.622808,0.48
276,15,train,8.973991,0.50
276,16,train,6.309191,0.53
276,17,train,6.933945,0.56
276,18,train,5.916107,0.58
276,19,train,7.925117,0.61
276,20,train,7.844648,0.63
276,21,train,7.368796,0.66
276,22,train,5.623605,0.69
276,23,train,7.989129,0.71
276,24,train,8.961566,0.74
276,25,train,8.479606,0.77
276,26,train,3.902598,0.79
276,27,train,11.630761,0.81
276,28,train,4.283764,0.83
276,29,train,8.964132,0.85
276,0,val,10.885603,0.97
276,1,val,13.269186,0.98
276,2,val,12.956512,0.98
276,3,val,10.137220,0.99
276,4,val,11.102947,0.99
276,5,val,18.756317,1.01
276,6,val,17.717785,1.02
276,7,val,13.535200,1.02
276,8,val,64.799919,1.03
276,9,val,26.432301,1.04
276,10,val,21.663666,1.04
276,11,val,8.710242,1.05
276,12,val,6.233652,1.06
276,13,val,26.490433,1.06
276,14,val,6.960954,1.07
276,15,val,8.586514,1.08
276,16,val,27.947006,1.09
276,17,val,54.314484,1.10
276,18,val,10.867145,1.11
276,19,val,26.764114,1.12
276,20,val,18.355366,1.12
276,21,val,5.610078,1.13
276,22,val,8.483152,1.13
276,23,val,15.101912,1.14
276,24,val,30.316769,1.15
276,25,val,36.535309,1.15
276,26,val,8.810944,1.16
276,27,val,14.613190,1.17
276,28,val,7.936479,1.17
276,29,val,8.627298,1.18
276,30,val,3.310195,1.18
276,31,val,25.700935,1.19
276,32,val,12.056055,1.20
276,33,val,8.071035,1.20
276,34,val,3.947887,1.21
276,35,val,10.192701,1.22
276,36,val,17.854544,1.23
276,37,val,14.962997,1.23
276,38,val,12.513003,1.24
276,39,val,33.469341,1.25
276,40,val,26.454094,1.25
276,41,val,7.765949,1.26
276,42,val,19.122818,1.27
276,43,val,7.783697,1.27
276,44,val,52.135109,1.28
276,45,val,19.757633,1.28
276,46,val,43.244644,1.29
276,47,val,14.549326,1.30
276,48,val,49.650524,1.30
276,49,val,7.305214,1.31
276,50,val,12.876806,1.32
276,51,val,13.782520,1.33
276,52,val,7.198420,1.33
276,53,val,9.897723,1.34
276,54,val,14.685534,1.34
276,55,val,8.222899,1.35
276,56,val,9.723567,1.36
276,57,val,12.947556,1.36
276,58,val,10.204189,1.37
276,59,val,12.394297,1.38
276,60,val,25.100430,1.38
276,61,val,11.316062,1.39
276,62,val,6.919126,1.39
276,63,val,25.443731,1.40
276,64,val,5.582478,1.41
276,65,val,56.365593,1.42
276,66,val,16.688875,1.42
276,67,val,7.112988,1.43
276,68,val,40.768517,1.44
276,69,val,13.353441,1.44
276,70,val,34.251389,1.45
276,71,val,59.429790,1.46
276,72,val,12.705256,1.46
276,73,val,9.920240,1.47
276,74,val,40.697819,1.47
276,75,val,26.014006,1.48
276,76,val,14.399669,1.48
276,77,val,7.373894,1.49
276,78,val,6.938314,1.49
276,79,val,90.690498,1.50
277,0,train,6.808670,0.11
277,1,train,5.999606,0.15
277,2,train,6.260171,0.17
277,3,train,6.867849,0.20
277,4,train,8.384089,0.22
277,5,train,6.544448,0.25
277,6,train,5.268013,0.27
277,7,train,4.553452,0.30
277,8,train,4.912568,0.32
277,9,train,4.645544,0.35
277,10,train,8.547243,0.38
277,11,train,7.462403,0.40
277,12,train,9.257463,0.43
277,13,train,4.295017,0.46
277,14,train,5.713649,0.48
277,15,train,5.515967,0.50
277,16,train,6.308177,0.53
277,17,train,14.213134,0.56
277,18,train,5.253675,0.60
277,19,train,8.356186,0.62
277,20,train,7.067147,0.65
277,21,train,4.346725,0.68
277,22,train,6.195305,0.70
277,23,train,7.644674,0.73
277,24,train,7.118225,0.75
277,25,train,5.602173,0.78
277,26,train,4.056703,0.80
277,27,train,6.856101,0.82
277,28,train,4.763031,0.85
277,29,train,7.536490,0.87
277,0,val,9.095196,1.00
277,1,val,13.530794,1.01
277,2,val,18.914314,1.01
277,3,val,10.461464,1.02
277,4,val,11.763721,1.03
277,5,val,19.121529,1.04
277,6,val,16.007030,1.05
277,7,val,13.637152,1.05
277,8,val,64.437408,1.06
277,9,val,25.692341,1.07
277,10,val,21.247086,1.07
277,11,val,7.756464,1.08
277,12,val,16.608101,1.08
277,13,val,27.155655,1.09
277,14,val,8.595801,1.10
277,15,val,10.998240,1.10
277,16,val,31.211767,1.11
277,17,val,31.901861,1.12
277,18,val,11.995814,1.12
277,19,val,25.175247,1.13
277,20,val,17.553026,1.14
277,21,val,6.188121,1.15
277,22,val,9.446037,1.15
277,23,val,14.637237,1.16
277,24,val,33.645256,1.16
277,25,val,35.759666,1.17
277,26,val,9.812367,1.18
277,27,val,16.582218,1.18
277,28,val,9.132213,1.19
277,29,val,8.909821,1.19
277,30,val,16.514868,1.20
277,31,val,25.127171,1.21
277,32,val,11.961494,1.21
277,33,val,8.773510,1.22
277,34,val,4.084753,1.23
277,35,val,10.111437,1.24
277,36,val,12.920585,1.24
277,37,val,15.438827,1.25
277,38,val,13.483707,1.26
277,39,val,35.703957,1.26
277,40,val,24.168036,1.27
277,41,val,13.623958,1.27
277,42,val,15.234791,1.28
277,43,val,8.338714,1.29
277,44,val,52.890244,1.29
277,45,val,20.331991,1.30
277,46,val,85.386566,1.31
277,47,val,14.162451,1.31
277,48,val,50.057770,1.32
277,49,val,6.760935,1.33
277,50,val,13.527847,1.33
277,51,val,12.993052,1.34
277,52,val,8.495358,1.35
277,53,val,8.580605,1.36
277,54,val,7.786069,1.37
277,55,val,8.708991,1.37
277,56,val,9.964561,1.38
277,57,val,12.314963,1.39
277,58,val,9.862533,1.39
277,59,val,11.684155,1.40
277,60,val,26.561810,1.40
277,61,val,10.545180,1.41
277,62,val,10.941488,1.42
277,63,val,26.048779,1.42
277,64,val,4.774667,1.43
277,65,val,54.546165,1.43
277,66,val,17.386030,1.45
277,67,val,7.970602,1.45
277,68,val,40.508736,1.46
277,69,val,16.617569,1.47
277,70,val,32.977226,1.47
277,71,val,57.381058,1.48
277,72,val,13.918727,1.49
277,73,val,25.981436,1.49
277,74,val,34.917313,1.50
277,75,val,11.946121,1.51
277,76,val,13.248589,1.52
277,77,val,9.232428,1.53
277,78,val,7.668342,1.53
277,79,val,14.196934,1.54
278,0,train,8.791847,0.12
278,1,train,7.660720,0.15
278,2,train,7.632791,0.18
278,3,train,9.707809,0.20
278,4,train,7.593350,0.23
278,5,train,9.709192,0.26
278,6,train,8.333695,0.28
278,7,train,6.136770,0.31
278,8,train,7.619397,0.33
278,9,train,7.307929,0.37
278,10,train,6.726564,0.39
278,11,train,6.040188,0.42
278,12,train,12.992090,0.44
278,13,train,6.029133,0.47
278,14,train,6.266088,0.50
278,15,train,6.298854,0.52
278,16,train,9.585641,0.55
278,17,train,4.496604,0.58
278,18,train,4.156339,0.61
278,19,train,9.108774,0.63
278,20,train,10.463903,0.65
278,21,train,4.497712,0.68
278,22,train,7.073964,0.71
278,23,train,6.115305,0.73
278,24,train,8.882036,0.76
278,25,train,10.142159,0.79
278,26,train,4.489347,0.81
278,27,train,11.968759,0.83
278,28,train,3.756104,0.85
278,29,train,8.265150,0.87
278,0,val,9.758660,0.99
278,1,val,13.197138,1.00
278,2,val,13.611488,1.00
278,3,val,10.425900,1.01
278,4,val,11.835068,1.02
278,5,val,18.609116,1.02
278,6,val,16.164413,1.04
278,7,val,17.431087,1.05
278,8,val,61.522484,1.06
278,9,val,25.115543,1.07
278,10,val,21.637739,1.07
278,11,val,8.165606,1.08
278,12,val,5.893153,1.09
278,13,val,24.830191,1.09
278,14,val,7.350421,1.10
278,15,val,11.991241,1.10
278,16,val,28.807659,1.11
278,17,val,31.749372,1.12
278,18,val,9.939114,1.12
278,19,val,29.182882,1.14
278,20,val,18.164759,1.14
278,21,val,5.694499,1.15
278,22,val,30.504171,1.16
278,23,val,15.761635,1.16
278,24,val,27.852501,1.17
278,25,val,36.850033,1.18
278,26,val,10.834899,1.18
278,27,val,16.167965,1.19
278,28,val,9.349645,1.20
278,29,val,8.945967,1.20
278,30,val,3.101364,1.21
278,31,val,22.103848,1.22
278,32,val,11.932124,1.22
278,33,val,8.702496,1.23
278,34,val,32.527031,1.24
278,35,val,11.455469,1.25
278,36,val,15.190951,1.25
278,37,val,15.742086,1.26
278,38,val,12.192439,1.27
278,39,val,33.487503,1.28
278,40,val,36.315350,1.28
278,41,val,7.530597,1.29
278,42,val,15.308002,1.30
278,43,val,6.799535,1.30
278,44,val,59.150826,1.31
278,45,val,20.394451,1.32
278,46,val,44.286385,1.32
278,47,val,14.657141,1.33
278,48,val,51.179504,1.34
278,49,val,7.862700,1.35
278,50,val,12.661148,1.36
278,51,val,17.115032,1.36
278,52,val,6.687546,1.37
278,53,val,8.995897,1.38
278,54,val,8.059031,1.38
278,55,val,8.319506,1.39
278,56,val,8.066212,1.40
278,57,val,21.054176,1.40
278,58,val,10.355722,1.41
278,59,val,12.470019,1.42
278,60,val,24.700630,1.42
278,61,val,13.911704,1.43
278,62,val,7.347767,1.44
278,63,val,25.575514,1.45
278,64,val,6.046349,1.46
278,65,val,54.823784,1.46
278,66,val,16.427128,1.47
278,67,val,7.303943,1.48
278,68,val,40.864105,1.48
278,69,val,13.488968,1.49
278,70,val,34.471207,1.49
278,71,val,56.080933,1.50
278,72,val,12.238193,1.51
278,73,val,7.797014,1.51
278,74,val,36.315857,1.52
278,75,val,11.621275,1.53
278,76,val,14.164785,1.53
278,77,val,9.046959,1.53
278,78,val,8.203938,1.54
278,79,val,12.159041,1.55
279,0,train,7.344697,0.10
279,1,train,5.147252,0.14
279,2,train,9.494628,0.16
279,3,train,5.721764,0.19
279,4,train,10.089764,0.21
279,5,train,4.376432,0.24
279,6,train,9.384414,0.27
279,7,train,6.715899,0.29
279,8,train,4.896867,0.32
279,9,train,8.474415,0.34
279,10,train,6.141069,0.37
279,11,train,12.430788,0.40
279,12,train,5.828315,0.42
279,13,train,6.566628,0.45
279,14,train,4.521357,0.48
279,15,train,7.173081,0.51
279,16,train,6.674784,0.54
279,17,train,6.738882,0.56
279,18,train,3.826924,0.59
279,19,train,6.196009,0.61
279,20,train,7.443310,0.64
279,21,train,4.991724,0.66
279,22,train,5.143620,0.69
279,23,train,16.810144,0.71
279,24,train,6.129484,0.75
279,25,train,9.946680,0.79
279,26,train,4.395242,0.82
279,27,train,7.880301,0.85
279,28,train,7.403307,0.88
279,29,train,4.292189,1.00
279,0,val,9.030418,1.18
279,1,val,12.645427,1.20
279,2,val,13.355169,1.22
279,3,val,10.366203,1.23
279,4,val,12.492637,1.24
279,5,val,18.537704,1.24
279,6,val,16.032469,1.25
279,7,val,14.921016,1.26
279,8,val,62.723907,1.27
279,9,val,25.013784,1.28
279,10,val,21.261065,1.28
279,11,val,7.471564,1.29
279,12,val,6.663836,1.30
279,13,val,26.102554,1.31
279,14,val,7.761692,1.32
279,15,val,8.927666,1.33
279,16,val,26.259045,1.34
279,17,val,33.908249,1.34
279,18,val,10.806717,1.35
279,19,val,24.929113,1.36
279,20,val,17.191395,1.37
279,21,val,14.045588,1.38
279,22,val,7.671342,1.38
279,23,val,15.577713,1.39
279,24,val,28.903339,1.40
279,25,val,37.971924,1.41
279,26,val,10.617740,1.42
279,27,val,14.687868,1.43
279,28,val,11.347011,1.44
279,29,val,13.302703,1.45
279,30,val,2.650855,1.45
279,31,val,21.948074,1.46
279,32,val,12.037933,1.47
279,33,val,8.779277,1.48
279,34,val,5.492023,1.48
279,35,val,13.235685,1.49
279,36,val,12.016273,1.50
279,37,val,14.024488,1.51
279,38,val,14.084262,1.52
279,39,val,31.465355,1.53
279,40,val,23.381310,1.54
279,41,val,9.195239,1.55
279,42,val,15.491625,1.56
279,43,val,5.696928,1.57
279,44,val,52.221359,1.58
279,45,val,23.123093,1.58
279,46,val,43.248405,1.59
279,47,val,14.446068,1.60
279,48,val,50.029022,1.61
279,49,val,6.213483,1.62
279,50,val,13.416908,1.63
279,51,val,13.004485,1.64
279,52,val,7.001631,1.65
279,53,val,8.265205,1.65
279,54,val,8.299412,1.66
279,55,val,9.356276,1.67
279,56,val,9.214983,1.68
279,57,val,13.146158,1.69
279,58,val,10.023494,1.70
279,59,val,12.022085,1.71
279,60,val,26.667679,1.72
279,61,val,10.776787,1.73
279,62,val,7.069307,1.74
279,63,val,24.842003,1.75
279,64,val,5.071301,1.76
279,65,val,54.366680,1.77
279,66,val,16.069958,1.78
279,67,val,7.979290,1.79
279,68,val,41.990959,1.79
279,69,val,22.535461,1.80
279,70,val,36.657761,1.81
279,71,val,56.739113,1.82
279,72,val,10.923659,1.83
279,73,val,7.205281,1.83
279,74,val,37.239769,1.85
279,75,val,12.011687,1.86
279,76,val,12.973875,1.86
279,77,val,11.078497,1.87
279,78,val,7.165008,1.87
279,79,val,12.258755,1.88
280,0,train,6.316306,0.13
280,1,train,9.773844,0.18
280,2,train,5.654896,0.22
280,3,train,5.734900,0.25
280,4,train,7.908337,0.28
280,5,train,4.894953,0.31
280,6,train,10.412149,0.34
280,7,train,9.010757,0.37
280,8,train,5.168399,0.41
280,9,train,9.345899,0.45
280,10,train,9.818516,0.48
280,11,train,7.201548,0.51
280,12,train,6.519729,0.54
280,13,train,8.128285,0.57
280,14,train,9.952365,0.60
280,15,train,6.546803,0.63
280,16,train,7.732804,0.66
280,17,train,4.872199,0.69
280,18,train,6.668931,0.72
280,19,train,5.051930,0.76
280,20,train,6.655539,0.80
280,21,train,9.063481,0.83
280,22,train,6.671884,0.87
280,23,train,5.800165,0.90
280,24,train,6.007667,0.94
280,25,train,6.500366,0.98
280,26,train,9.058552,1.01
280,27,train,5.718874,1.03
280,28,train,10.327253,1.06
280,29,train,8.569652,1.10
280,0,val,14.073690,1.30
280,1,val,12.571871,1.32
280,2,val,14.876994,1.33
280,3,val,11.943233,1.34
280,4,val,11.332520,1.35
280,5,val,28.597334,1.36
280,6,val,16.258657,1.37
280,7,val,14.468832,1.38
280,8,val,65.617432,1.39
280,9,val,42.392609,1.40
280,10,val,22.723839,1.41
280,11,val,7.839863,1.42
280,12,val,5.475520,1.43
280,13,val,38.320549,1.44
280,14,val,17.394308,1.45
280,15,val,9.787086,1.46
280,16,val,27.899811,1.47
280,17,val,31.584263,1.48
280,18,val,11.294401,1.48
280,19,val,26.766409,1.49
280,20,val,16.818785,1.50
280,21,val,5.210165,1.51
280,22,val,8.859334,1.53
280,23,val,14.969292,1.54
280,24,val,26.647085,1.54
280,25,val,38.996227,1.55
280,26,val,10.056251,1.56
280,27,val,16.389130,1.57
280,28,val,8.537631,1.57
280,29,val,8.746952,1.58
280,30,val,4.672606,1.59
280,31,val,23.069763,1.60
280,32,val,11.699669,1.61
280,33,val,9.869303,1.61
280,34,val,3.912068,1.62
280,35,val,10.121511,1.64
280,36,val,12.902901,1.64
280,37,val,14.076111,1.65
280,38,val,13.321674,1.66
280,39,val,33.653656,1.66
280,40,val,22.557899,1.67
280,41,val,8.654441,1.68
280,42,val,14.893278,1.69
280,43,val,6.054924,1.69
280,44,val,51.730675,1.70
280,45,val,21.034401,1.71
280,46,val,42.487900,1.72
280,47,val,14.542320,1.72
280,48,val,49.852089,1.74
280,49,val,6.393641,1.75
280,50,val,14.437697,1.76
280,51,val,13.560107,1.77
280,52,val,7.077520,1.78
280,53,val,8.752094,1.79
280,54,val,10.422372,1.80
280,55,val,12.665594,1.80
280,56,val,7.771505,1.81
280,57,val,12.662105,1.82
280,58,val,9.134892,1.83
280,59,val,11.719675,1.85
280,60,val,81.385460,1.86
280,61,val,10.901878,1.87
280,62,val,8.424070,1.88
280,63,val,23.273975,1.89
280,64,val,5.342350,1.90
280,65,val,54.264778,1.90
280,66,val,17.849766,1.91
280,67,val,7.979554,1.92
280,68,val,41.864407,1.93
280,69,val,13.693176,1.93
280,70,val,56.662853,1.95
280,71,val,62.207527,1.95
280,72,val,10.861503,1.96
280,73,val,7.479293,1.97
280,74,val,32.861752,1.98
280,75,val,11.548301,1.99
280,76,val,13.421806,2.00
280,77,val,16.216246,2.00
280,78,val,6.653285,2.01
280,79,val,12.555888,2.01
281,0,train,9.983984,0.17
281,1,train,8.416550,0.20
281,2,train,6.824485,0.24
281,3,train,4.942799,0.26
281,4,train,8.147651,0.29
281,5,train,6.299344,0.33
281,6,train,4.196108,0.36
281,7,train,4.737336,0.39
281,8,train,8.875957,0.42
281,9,train,4.926744,0.45
281,10,train,5.365958,0.50
281,11,train,6.867294,0.53
281,12,train,6.308305,0.57
281,13,train,6.382337,0.60
281,14,train,13.267124,0.62
281,15,train,7.596292,0.66
281,16,train,6.822247,0.69
281,17,train,9.140703,0.72
281,18,train,4.662873,0.75
281,19,train,6.506777,0.80
281,20,train,10.959940,0.84
281,21,train,5.976859,0.88
281,22,train,6.874903,0.91
281,23,train,4.426401,0.95
281,24,train,5.245883,0.98
281,25,train,6.492185,1.01
281,26,train,8.152462,1.03
281,27,train,4.539661,1.07
281,28,train,10.669942,1.09
281,29,train,8.212908,1.12
281,0,val,9.816940,1.31
281,1,val,13.498774,1.33
281,2,val,12.287718,1.34
281,3,val,10.551382,1.35
281,4,val,11.172483,1.36
281,5,val,20.088177,1.37
281,6,val,16.247601,1.38
281,7,val,14.917365,1.39
281,8,val,62.696075,1.40
281,9,val,25.663488,1.41
281,10,val,21.652935,1.42
281,11,val,7.907516,1.43
281,12,val,5.305993,1.44
281,13,val,25.543636,1.45
281,14,val,6.771436,1.46
281,15,val,10.329185,1.47
281,16,val,55.692184,1.48
281,17,val,39.198425,1.49
281,18,val,10.185637,1.50
281,19,val,25.188368,1.51
281,20,val,17.409100,1.52
281,21,val,5.923940,1.53
281,22,val,8.443722,1.54
281,23,val,14.568869,1.56
281,24,val,33.385860,1.57
281,25,val,36.021835,1.57
281,26,val,9.346210,1.58
281,27,val,15.245581,1.59
281,28,val,9.355235,1.60
281,29,val,15.273041,1.61
281,30,val,3.194372,1.62
281,31,val,22.239544,1.63
281,32,val,14.815280,1.64
281,33,val,8.348652,1.65
281,34,val,4.347514,1.66
281,35,val,10.287161,1.67
281,36,val,11.989859,1.67
281,37,val,16.609535,1.68
281,38,val,14.045952,1.69
281,39,val,38.792015,1.69
281,40,val,25.933750,1.70
281,41,val,6.817417,1.70
281,42,val,15.830626,1.71
281,43,val,5.666018,1.72
281,44,val,50.065231,1.72
281,45,val,19.656498,1.73
281,46,val,43.600914,1.73
281,47,val,14.336902,1.74
281,48,val,49.594952,1.75
281,49,val,7.006872,1.76
281,50,val,14.126348,1.76
281,51,val,12.934513,1.77
281,52,val,6.815376,1.78
281,53,val,8.479572,1.78
281,54,val,8.012247,1.79
281,55,val,11.441526,1.79
281,56,val,9.795007,1.80
281,57,val,12.429866,1.81
281,58,val,9.897346,1.81
281,59,val,13.281185,1.82
281,60,val,25.980062,1.82
281,61,val,13.215175,1.83
281,62,val,7.656512,1.84
281,63,val,25.887396,1.84
281,64,val,4.680364,1.85
281,65,val,57.283596,1.86
281,66,val,15.592886,1.87
281,67,val,6.553584,1.87
281,68,val,42.696671,1.88
281,69,val,13.324005,1.88
281,70,val,32.506950,1.89
281,71,val,57.738304,1.90
281,72,val,10.631544,1.90
281,73,val,9.001300,1.91
281,74,val,31.960119,1.91
281,75,val,11.341011,1.92
281,76,val,13.135631,1.93
281,77,val,8.573768,1.93
281,78,val,6.258955,1.93
281,79,val,13.473337,1.94
282,0,train,9.802064,0.11
282,1,train,13.053368,0.15
282,2,train,4.287331,0.17
282,3,train,7.016016,0.20
282,4,train,7.719862,0.22
282,5,train,8.294037,0.25
282,6,train,10.388286,0.28
282,7,train,5.308100,0.30
282,8,train,9.558312,0.33
282,9,train,7.965071,0.36
282,10,train,8.280426,0.39
282,11,train,8.697886,0.42
282,12,train,8.667267,0.45
282,13,train,4.776769,0.48
282,14,train,7.947823,0.51
282,15,train,8.059152,0.53
282,16,train,9.212000,0.56
282,17,train,5.480844,0.60
282,18,train,7.999749,0.63
282,19,train,5.975605,0.65
282,20,train,5.613339,0.67
282,21,train,8.099529,0.70
282,22,train,7.062499,0.73
282,23,train,8.536428,0.75
282,24,train,11.624871,0.78
282,25,train,4.116201,0.81
282,26,train,6.720835,0.83
282,27,train,6.254547,0.85
282,28,train,7.799403,0.87
282,29,train,5.881507,0.90
282,0,val,8.974116,1.10
282,1,val,13.046124,1.13
282,2,val,12.820491,1.13
282,3,val,10.936317,1.14
282,4,val,17.220165,1.15
282,5,val,20.772034,1.15
282,6,val,16.925552,1.16
282,7,val,31.924162,1.17
282,8,val,72.446411,1.17
282,9,val,27.427856,1.18
282,10,val,21.031914,1.19
282,11,val,8.416325,1.19
282,12,val,6.235149,1.20
282,13,val,29.582945,1.21
282,14,val,8.151281,1.22
282,15,val,8.872623,1.22
282,16,val,27.373266,1.23
282,17,val,32.549141,1.23
282,18,val,11.381733,1.24
282,19,val,35.046703,1.25
282,20,val,16.641973,1.25
282,21,val,5.715609,1.26
282,22,val,8.177887,1.26
282,23,val,14.260440,1.27
282,24,val,28.714355,1.28
282,25,val,38.230148,1.28
282,26,val,43.458382,1.29
282,27,val,45.687283,1.29
282,28,val,8.587924,1.30
282,29,val,8.238871,1.31
282,30,val,3.395661,1.32
282,31,val,23.455364,1.33
282,32,val,23.572348,1.33
282,33,val,9.660976,1.34
282,34,val,4.532173,1.34
282,35,val,10.485222,1.35
282,36,val,12.552432,1.36
282,37,val,15.299227,1.36
282,38,val,16.178091,1.37
282,39,val,37.331139,1.38
282,40,val,24.243416,1.38
282,41,val,8.423378,1.39
282,42,val,16.132023,1.40
282,43,val,5.588399,1.40
282,44,val,50.696209,1.42
282,45,val,23.332121,1.42
282,46,val,42.784256,1.43
282,47,val,16.088255,1.44
282,48,val,50.794304,1.45
282,49,val,7.328058,1.46
282,50,val,13.191442,1.46
282,51,val,17.771145,1.47
282,52,val,14.556725,1.47
282,53,val,8.804345,1.48
282,54,val,7.620741,1.49
282,55,val,9.791473,1.49
282,56,val,8.531634,1.50
282,57,val,14.321478,1.51
282,58,val,9.902042,1.52
282,59,val,24.937183,1.52
282,60,val,34.604424,1.53
282,61,val,10.087667,1.54
282,62,val,8.174564,1.54
282,63,val,24.675636,1.55
282,64,val,6.923789,1.55
282,65,val,76.822372,1.56
282,66,val,16.460552,1.57
282,67,val,6.764320,1.57
282,68,val,45.602020,1.58
282,69,val,14.862280,1.59
282,70,val,32.835434,1.60
282,71,val,64.521179,1.60
282,72,val,11.650640,1.61
282,73,val,7.633944,1.62
282,74,val,35.655785,1.63
282,75,val,12.192017,1.64
282,76,val,38.093300,1.65
282,77,val,8.598236,1.65
282,78,val,5.935232,1.66
282,79,val,12.621185,1.66
283,0,train,6.208279,0.11
283,1,train,4.288930,0.14
283,2,train,5.003828,0.17
283,3,train,7.432331,0.21
283,4,train,6.868299,0.24
283,5,train,4.300794,0.28
283,6,train,10.192052,0.32
283,7,train,10.009464,0.36
283,8,train,6.780506,0.39
283,9,train,6.001369,0.41
283,10,train,4.711577,0.44
283,11,train,7.409482,0.46
283,12,train,12.687416,0.49
283,13,train,8.030317,0.52
283,14,train,4.591507,0.54
283,15,train,8.501899,0.56
283,16,train,5.833308,0.60
283,17,train,12.199045,0.62
283,18,train,8.173653,0.65
283,19,train,6.548520,0.67
283,20,train,6.088174,0.70
283,21,train,8.898260,0.73
283,22,train,7.457649,0.75
283,23,train,6.812748,0.78
283,24,train,5.855123,0.81
283,25,train,10.467964,0.84
283,26,train,6.926778,0.87
283,27,train,9.091651,0.91
283,28,train,8.207488,0.95
283,29,train,6.176297,1.00
283,0,val,10.434187,1.12
283,1,val,14.523569,1.13
283,2,val,14.231750,1.14
283,3,val,9.776245,1.14
283,4,val,12.879414,1.15
283,5,val,20.090561,1.15
283,6,val,16.556217,1.17
283,7,val,16.523087,1.18
283,8,val,58.522255,1.18
283,9,val,25.387604,1.19
283,10,val,20.367588,1.20
283,11,val,8.480740,1.20
283,12,val,6.167272,1.21
283,13,val,25.956722,1.22
283,14,val,7.643015,1.22
283,15,val,8.886683,1.23
283,16,val,29.840199,1.23
283,17,val,32.097157,1.24
283,18,val,11.059013,1.25
283,19,val,25.600256,1.26
283,20,val,18.373434,1.27
283,21,val,5.927106,1.28
283,22,val,12.432203,1.29
283,23,val,44.384033,1.29
283,24,val,27.137989,1.30
283,25,val,41.397488,1.31
283,26,val,9.098141,1.31
283,27,val,15.582258,1.32
283,28,val,8.460869,1.32
283,29,val,9.939515,1.33
283,30,val,2.752787,1.34
283,31,val,22.968018,1.34
283,32,val,12.653479,1.35
283,33,val,8.368816,1.36
283,34,val,4.690368,1.36
283,35,val,13.583343,1.37
283,36,val,12.092646,1.38
283,37,val,12.809566,1.38
283,38,val,13.363346,1.39
283,39,val,32.060066,1.40
283,40,val,24.798077,1.40
283,41,val,11.305832,1.41
283,42,val,15.628467,1.41
283,43,val,5.954216,1.42
283,44,val,49.826515,1.43
283,45,val,19.051750,1.43
283,46,val,43.195480,1.44
283,47,val,15.443413,1.45
283,48,val,59.035271,1.45
283,49,val,7.852993,1.46
283,50,val,13.992859,1.46
283,51,val,14.298609,1.48
283,52,val,10.136240,1.48
283,53,val,8.653344,1.49
283,54,val,7.741321,1.50
283,55,val,8.608550,1.51
283,56,val,7.980632,1.51
283,57,val,13.775915,1.52
283,58,val,9.407434,1.53
283,59,val,13.356807,1.54
283,60,val,25.794798,1.55
283,61,val,11.120860,1.56
283,62,val,22.912046,1.58
283,63,val,26.194511,1.59
283,64,val,4.857302,1.60
283,65,val,53.121536,1.62
283,66,val,17.179914,1.63
283,67,val,9.285960,1.64
283,68,val,42.028515,1.65
283,69,val,13.039534,1.66
283,70,val,32.085197,1.66
283,71,val,57.339336,1.67
283,72,val,13.732038,1.68
283,73,val,6.275481,1.68
283,74,val,37.741798,1.69
283,75,val,12.530970,1.69
283,76,val,13.820472,1.70
283,77,val,8.287340,1.70
283,78,val,6.487169,1.71
283,79,val,12.302504,1.72
284,0,train,25.400234,0.11
284,1,train,4.801145,0.15
284,2,train,12.102131,0.18
284,3,train,7.659776,0.20
284,4,train,5.258221,0.23
284,5,train,6.183636,0.27
284,6,train,12.133064,0.29
284,7,train,6.916215,0.32
284,8,train,8.542463,0.35
284,9,train,5.790106,0.38
284,10,train,7.693852,0.40
284,11,train,4.829517,0.43
284,12,train,7.274850,0.45
284,13,train,5.437922,0.49
284,14,train,8.293524,0.51
284,15,train,9.757533,0.53
284,16,train,8.255873,0.56
284,17,train,9.935526,0.59
284,18,train,11.820542,0.61
284,19,train,9.579659,0.64
284,20,train,5.884958,0.66
284,21,train,5.580541,0.68
284,22,train,4.735577,0.71
284,23,train,6.522725,0.74
284,24,train,5.911685,0.77
284,25,train,7.644588,0.80
284,26,train,8.799388,0.83
284,27,train,6.513431,0.85
284,28,train,5.684093,0.87
284,29,train,9.714376,0.90
284,0,val,11.627838,1.03
284,1,val,12.201149,1.04
284,2,val,12.126640,1.05
284,3,val,10.229002,1.06
284,4,val,13.413234,1.07
284,5,val,18.712559,1.07
284,6,val,17.553303,1.08
284,7,val,14.111338,1.09
284,8,val,61.796463,1.09
284,9,val,26.596268,1.10
284,10,val,19.761368,1.11
284,11,val,7.675941,1.11
284,12,val,5.584751,1.12
284,13,val,26.587187,1.13
284,14,val,7.662844,1.13
284,15,val,8.748705,1.14
284,16,val,30.529892,1.14
284,17,val,31.891388,1.15
284,18,val,9.592761,1.16
284,19,val,26.061932,1.17
284,20,val,17.306179,1.17
284,21,val,5.416307,1.18
284,22,val,7.799087,1.19
284,23,val,14.498660,1.19
284,24,val,25.693640,1.20
284,25,val,37.438469,1.20
284,26,val,8.945526,1.21
284,27,val,16.008543,1.22
284,28,val,8.750674,1.22
284,29,val,8.253948,1.23
284,30,val,2.516484,1.23
284,31,val,22.205681,1.24
284,32,val,12.350193,1.25
284,33,val,8.987406,1.25
284,34,val,3.783082,1.26
284,35,val,32.536789,1.27
284,36,val,13.419256,1.28
284,37,val,19.507938,1.29
284,38,val,14.489225,1.30
284,39,val,32.445713,1.30
284,40,val,25.370344,1.31
284,41,val,7.170547,1.32
284,42,val,16.770031,1.32
284,43,val,6.701372,1.33
284,44,val,50.654785,1.33
284,45,val,20.657171,1.34
284,46,val,42.474918,1.35
284,47,val,14.319656,1.35
284,48,val,50.485786,1.36
284,49,val,7.089576,1.37
284,50,val,13.510880,1.38
284,51,val,12.988708,1.38
284,52,val,7.237556,1.39
284,53,val,8.486885,1.39
284,54,val,8.252592,1.40
284,55,val,38.089886,1.41
284,56,val,10.351107,1.41
284,57,val,13.715250,1.42
284,58,val,10.688473,1.42
284,59,val,12.398612,1.43
284,60,val,25.471367,1.44
284,61,val,11.205177,1.44
284,62,val,6.416401,1.45
284,63,val,25.285683,1.46
284,64,val,5.943859,1.46
284,65,val,53.742336,1.47
284,66,val,16.754768,1.48
284,67,val,7.473677,1.49
284,68,val,41.159431,1.49
284,69,val,14.086872,1.50
284,70,val,34.454269,1.51
284,71,val,58.251862,1.51
284,72,val,11.387867,1.52
284,73,val,9.673374,1.52
284,74,val,34.491982,1.53
284,75,val,11.631289,1.54
284,76,val,12.945605,1.54
284,77,val,8.285198,1.55
284,78,val,6.245221,1.55
284,79,val,12.276782,1.55
285,0,train,6.608793,0.11
285,1,train,6.516396,0.14
285,2,train,4.221130,0.16
285,3,train,8.578598,0.19
285,4,train,5.929626,0.21
285,5,train,9.747749,0.24
285,6,train,5.422028,0.27
285,7,train,10.328349,0.29
285,8,train,8.736511,0.31
285,9,train,8.192326,0.35
285,10,train,4.946432,0.37
285,11,train,13.867401,0.39
285,12,train,5.856183,0.42
285,13,train,4.778792,0.45
285,14,train,5.598606,0.47
285,15,train,7.936863,0.49
285,16,train,7.072717,0.52
285,17,train,5.537210,0.55
285,18,train,5.369311,0.57
285,19,train,7.513637,0.60
285,20,train,9.118687,0.62
285,21,train,6.779858,0.65
285,22,train,5.589641,0.68
285,23,train,7.090680,0.70
285,24,train,7.383442,0.73
285,25,train,5.452865,0.76
285,26,train,5.561447,0.78
285,27,train,6.675848,0.81
285,28,train,5.029929,0.83
285,29,train,8.816537,0.85
285,0,val,9.356130,0.97
285,1,val,13.335127,0.98
285,2,val,16.284597,0.98
285,3,val,10.582092,0.99
285,4,val,11.593509,1.00
285,5,val,18.259689,1.01
285,6,val,16.790117,1.02
285,7,val,20.615639,1.02
285,8,val,62.482185,1.03
285,9,val,31.718441,1.04
285,10,val,20.876196,1.04
285,11,val,7.940580,1.05
285,12,val,6.344581,1.06
285,13,val,25.802448,1.06
285,14,val,8.177365,1.07
285,15,val,8.634298,1.08
285,16,val,28.972824,1.08
285,17,val,56.273602,1.09
285,18,val,10.759657,1.09
285,19,val,25.745064,1.10
285,20,val,16.611916,1.11
285,21,val,6.028370,1.12
285,22,val,9.419115,1.12
285,23,val,14.981695,1.13
285,24,val,26.277456,1.14
285,25,val,37.372093,1.14
285,26,val,11.012686,1.15
285,27,val,16.100965,1.15
285,28,val,8.232341,1.16
285,29,val,8.366991,1.17
285,30,val,3.130383,1.17
285,31,val,22.336243,1.18
285,32,val,12.843920,1.18
285,33,val,8.284201,1.19
285,34,val,5.366134,1.20
285,35,val,9.713603,1.20
285,36,val,11.979327,1.21
285,37,val,14.685340,1.22
285,38,val,14.296572,1.22
285,39,val,34.481041,1.23
285,40,val,27.455322,1.24
285,41,val,7.356409,1.24
285,42,val,15.854732,1.25
285,43,val,6.507116,1.25
285,44,val,49.517540,1.26
285,45,val,19.989891,1.27
285,46,val,43.728664,1.27
285,47,val,17.950344,1.28
285,48,val,50.463715,1.29
285,49,val,7.264553,1.29
285,50,val,13.427862,1.30
285,51,val,13.359363,1.31
285,52,val,18.745113,1.32
285,53,val,12.730563,1.33
285,54,val,7.460360,1.33
285,55,val,9.291208,1.34
285,56,val,8.172721,1.35
285,57,val,13.924537,1.35
285,58,val,10.176121,1.36
285,59,val,16.863951,1.36
285,60,val,25.432613,1.37
285,61,val,10.858558,1.38
285,62,val,11.860432,1.38
285,63,val,24.354200,1.39
285,64,val,4.916354,1.40
285,65,val,55.213692,1.40
285,66,val,16.619331,1.41
285,67,val,6.977271,1.42
285,68,val,40.539764,1.43
285,69,val,13.587133,1.43
285,70,val,34.194828,1.44
285,71,val,57.458954,1.44
285,72,val,10.739960,1.45
285,73,val,7.308057,1.46
285,74,val,37.935074,1.46
285,75,val,12.014830,1.47
285,76,val,39.537056,1.47
285,77,val,14.917316,1.48
285,78,val,6.276043,1.48
285,79,val,13.806337,1.49
286,0,train,4.971728,0.11
286,1,train,7.139300,0.15
286,2,train,8.565367,0.17
286,3,train,5.207435,0.20
286,4,train,6.611356,0.23
286,5,train,8.760809,0.27
286,6,train,11.492405,0.30
286,7,train,7.207359,0.32
286,8,train,8.536723,0.35
286,9,train,5.087153,0.38
286,10,train,11.130253,0.40
286,11,train,6.255877,0.43
286,12,train,5.076047,0.45
286,13,train,5.356097,0.49
286,14,train,8.722344,0.51
286,15,train,9.909161,0.53
286,16,train,4.863261,0.56
286,17,train,4.709991,0.59
286,18,train,4.629852,0.61
286,19,train,5.333868,0.71
286,20,train,7.590892,0.74
286,21,train,11.724386,0.77
286,22,train,9.112638,0.80
286,23,train,6.500991,0.83
286,24,train,37.202370,0.85
286,25,train,6.302921,0.89
286,26,train,6.566430,0.91
286,27,train,5.205120,0.93
286,28,train,7.988047,0.95
286,29,train,5.136899,0.98
286,0,val,9.091785,1.11
286,1,val,12.670938,1.11
286,2,val,13.057878,1.12
286,3,val,9.992888,1.13
286,4,val,14.512018,1.14
286,5,val,19.145103,1.15
286,6,val,22.210012,1.15
286,7,val,13.473708,1.16
286,8,val,57.251534,1.17
286,9,val,26.969116,1.17
286,10,val,22.081654,1.18
286,11,val,7.502160,1.19
286,12,val,6.652521,1.19
286,13,val,25.558907,1.20
286,14,val,7.577924,1.21
286,15,val,10.546956,1.21
286,16,val,33.162880,1.22
286,17,val,31.563431,1.23
286,18,val,10.868011,1.24
286,19,val,24.213928,1.25
286,20,val,23.093679,1.27
286,21,val,5.802281,1.28
286,22,val,7.888916,1.28
286,23,val,15.298740,1.29
286,24,val,31.978811,1.30
286,25,val,59.520000,1.30
286,26,val,9.778644,1.31
286,27,val,15.161685,1.32
286,28,val,8.708138,1.32
286,29,val,10.413729,1.33
286,30,val,2.839196,1.33
286,31,val,32.374779,1.34
286,32,val,13.969770,1.35
286,33,val,8.241572,1.36
286,34,val,4.134222,1.37
286,35,val,34.076691,1.37
286,36,val,11.244510,1.38
286,37,val,31.728100,1.38
286,38,val,15.493747,1.39
286,39,val,32.291748,1.40
286,40,val,29.745495,1.40
286,41,val,7.018651,1.41
286,42,val,15.597364,1.42
286,43,val,6.294034,1.42
286,44,val,49.507996,1.43
286,45,val,20.537115,1.44
286,46,val,52.294598,1.44
286,47,val,14.767188,1.45
286,48,val,50.611946,1.46
286,49,val,11.820776,1.47
286,50,val,18.644308,1.47
286,51,val,14.653557,1.48
286,52,val,7.631393,1.49
286,53,val,8.055319,1.49
286,54,val,9.812452,1.50
286,55,val,8.287171,1.50
286,56,val,9.442758,1.51
286,57,val,17.351168,1.52
286,58,val,9.930317,1.52
286,59,val,11.787918,1.53
286,60,val,25.600849,1.54
286,61,val,24.548733,1.54
286,62,val,7.117023,1.55
286,63,val,25.203342,1.56
286,64,val,4.999681,1.57
286,65,val,67.723633,1.57
286,66,val,16.850822,1.58
286,67,val,8.722908,1.59
286,68,val,41.699471,1.59
286,69,val,13.980841,1.60
286,70,val,32.309906,1.60
286,71,val,57.537201,1.61
286,72,val,11.828144,1.62
286,73,val,6.425747,1.62
286,74,val,70.407745,1.63
286,75,val,13.659227,1.64
286,76,val,13.165327,1.64
286,77,val,8.153232,1.65
286,78,val,6.449314,1.66
286,79,val,15.894967,1.66
287,0,train,4.510885,0.11
287,1,train,7.246673,0.15
287,2,train,8.591451,0.17
287,3,train,4.562291,0.19
287,4,train,6.049147,0.22
287,5,train,7.969295,0.25
287,6,train,6.074723,0.27
287,7,train,6.144197,0.30
287,8,train,7.049373,0.33
287,9,train,6.338198,0.35
287,10,train,8.151542,0.38
287,11,train,5.610367,0.41
287,12,train,4.649628,0.43
287,13,train,8.570343,0.46
287,14,train,5.982760,0.48
287,15,train,8.462061,0.51
287,16,train,5.237430,0.53
287,17,train,7.625392,0.56
287,18,train,4.524494,0.59
287,19,train,5.924507,0.62
287,20,train,4.354249,0.65
287,21,train,4.506512,0.68
287,22,train,4.505675,0.70
287,23,train,7.126221,0.73
287,24,train,8.732018,0.75
287,25,train,5.562178,0.78
287,26,train,10.338826,0.80
287,27,train,4.422263,0.82
287,28,train,8.771504,0.84
287,29,train,6.841135,0.87
287,0,val,10.630592,0.98
287,1,val,13.310188,0.99
287,2,val,12.755911,1.00
287,3,val,11.343847,1.00
287,4,val,11.510065,1.01
287,5,val,19.996984,1.02
287,6,val,16.582624,1.03
287,7,val,13.789866,1.04
287,8,val,55.363503,1.04
287,9,val,26.167814,1.05
287,10,val,20.496456,1.06
287,11,val,7.744457,1.06
287,12,val,7.783568,1.07
287,13,val,26.310705,1.07
287,14,val,7.987634,1.08
287,15,val,9.343775,1.09
287,16,val,29.750530,1.09
287,17,val,31.620510,1.10
287,18,val,10.297006,1.10
287,19,val,25.142670,1.11
287,20,val,16.428181,1.12
287,21,val,6.243468,1.12
287,22,val,28.170286,1.13
287,23,val,13.815426,1.14
287,24,val,27.400106,1.14
287,25,val,36.527008,1.15
287,26,val,9.148765,1.16
287,27,val,15.147987,1.16
287,28,val,11.999910,1.17
287,29,val,9.511787,1.17
287,30,val,2.559265,1.18
287,31,val,22.849112,1.19
287,32,val,14.073394,1.19
287,33,val,8.546030,1.20
287,34,val,16.274504,1.20
287,35,val,9.990714,1.21
287,36,val,12.156635,1.22
287,37,val,13.857460,1.22
287,38,val,13.220046,1.23
287,39,val,31.588905,1.24
287,40,val,30.693174,1.24
287,41,val,18.830477,1.25
287,42,val,22.515179,1.26
287,43,val,29.193981,1.26
287,44,val,50.360073,1.27
287,45,val,19.442383,1.28
287,46,val,41.752399,1.28
287,47,val,13.559032,1.29
287,48,val,52.139503,1.29
287,49,val,7.472253,1.30
287,50,val,12.866528,1.31
287,51,val,37.417831,1.31
287,52,val,7.896343,1.32
287,53,val,10.424077,1.33
287,54,val,7.663356,1.34
287,55,val,8.529562,1.34
287,56,val,8.113300,1.35
287,57,val,12.209018,1.36
287,58,val,10.054056,1.37
287,59,val,12.389715,1.38
287,60,val,25.442801,1.39
287,61,val,11.474417,1.40
287,62,val,9.115499,1.41
287,63,val,24.390974,1.42
287,64,val,5.720115,1.43
287,65,val,54.368328,1.44
287,66,val,16.980299,1.45
287,67,val,6.771560,1.46
287,68,val,43.955292,1.47
287,69,val,13.882515,1.48
287,70,val,31.157721,1.49
287,71,val,60.423965,1.50
287,72,val,12.538170,1.51
287,73,val,8.323061,1.52
287,74,val,31.560751,1.53
287,75,val,11.369902,1.53
287,76,val,13.668106,1.54
287,77,val,19.918499,1.54
287,78,val,5.727819,1.55
287,79,val,12.950618,1.56
288,0,train,5.767535,0.16
288,1,train,8.435062,0.20
288,2,train,6.711038,0.23
288,3,train,6.556490,0.26
288,4,train,4.692818,0.30
288,5,train,3.952271,0.34
288,6,train,8.474957,0.37
288,7,train,3.905123,0.41
288,8,train,6.372383,0.44
288,9,train,6.639415,0.46
288,10,train,7.509247,0.49
288,11,train,7.616876,0.53
288,12,train,7.578767,0.56
288,13,train,11.072922,0.59
288,14,train,5.797791,0.62
288,15,train,6.944062,0.67
288,16,train,11.996267,0.70
288,17,train,9.140010,0.73
288,18,train,5.713670,0.77
288,19,train,6.741610,0.81
288,20,train,12.283779,0.84
288,21,train,5.948645,0.88
288,22,train,5.655488,0.91
288,23,train,5.458646,0.94
288,24,train,7.934453,0.97
288,25,train,15.988274,1.00
288,26,train,6.275044,1.03
288,27,train,8.661086,1.05
288,28,train,3.849043,1.08
288,29,train,9.461266,1.11
288,0,val,10.920446,1.29
288,1,val,13.667492,1.31
288,2,val,13.351756,1.32
288,3,val,12.530601,1.33
288,4,val,11.384094,1.34
288,5,val,22.286718,1.34
288,6,val,18.707846,1.35
288,7,val,14.180900,1.36
288,8,val,58.960236,1.37
288,9,val,27.333355,1.38
288,10,val,20.091009,1.38
288,11,val,21.140814,1.39
288,12,val,7.967828,1.40
288,13,val,27.965498,1.41
288,14,val,7.802238,1.43
288,15,val,10.280083,1.43
288,16,val,28.103216,1.44
288,17,val,60.052177,1.45
288,18,val,26.380714,1.46
288,19,val,25.606611,1.47
288,20,val,19.954350,1.48
288,21,val,5.917686,1.48
288,22,val,8.368888,1.49
288,23,val,17.446653,1.50
288,24,val,26.815796,1.51
288,25,val,35.815315,1.52
288,26,val,12.222570,1.53
288,27,val,15.369713,1.54
288,28,val,8.373768,1.55
288,29,val,9.018898,1.56
288,30,val,3.276308,1.57
288,31,val,29.194321,1.57
288,32,val,13.102160,1.58
288,33,val,7.665364,1.59
288,34,val,4.176757,1.60
288,35,val,9.818188,1.62
288,36,val,12.805107,1.63
288,37,val,14.230274,1.64
288,38,val,16.667519,1.64
288,39,val,34.896656,1.65
288,40,val,26.249441,1.66
288,41,val,14.401787,1.67
288,42,val,18.134048,1.68
288,43,val,40.180962,1.69
288,44,val,49.925308,1.70
288,45,val,19.786140,1.71
288,46,val,45.027588,1.72
288,47,val,14.609926,1.73
288,48,val,50.187130,1.74
288,49,val,11.198932,1.75
288,50,val,12.993496,1.76
288,51,val,13.437325,1.76
288,52,val,7.271034,1.77
288,53,val,12.190932,1.78
288,54,val,7.699352,1.79
288,55,val,9.217306,1.80
288,56,val,8.302898,1.80
288,57,val,12.622587,1.81
288,58,val,9.503620,1.83
288,59,val,18.039654,1.84
288,60,val,25.405796,1.84
288,61,val,10.095796,1.85
288,62,val,7.523411,1.86
288,63,val,26.956573,1.87
288,64,val,4.665103,1.88
288,65,val,55.689110,1.88
288,66,val,16.384796,1.89
288,67,val,6.343693,1.90
288,68,val,41.455307,1.91
288,69,val,14.971530,1.91
288,70,val,30.630539,1.92
288,71,val,58.847069,1.93
288,72,val,11.452086,1.94
288,73,val,11.368220,1.95
288,74,val,32.930222,1.96
288,75,val,12.082182,1.96
288,76,val,13.211852,1.97
288,77,val,9.964224,1.97
288,78,val,7.154447,1.98
288,79,val,12.269013,1.99
289,0,train,5.640896,0.15
289,1,train,8.592920,0.21
289,2,train,3.984617,0.24
289,3,train,6.237549,0.27
289,4,train,3.952353,0.31
289,5,train,3.911533,0.34
289,6,train,7.032727,0.37
289,7,train,4.193769,0.40
289,8,train,5.329795,0.43
289,9,train,4.710957,0.46
289,10,train,5.442379,0.49
289,11,train,7.902801,0.52
289,12,train,5.083213,0.56
289,13,train,5.651929,0.59
289,14,train,6.469266,0.62
289,15,train,7.643959,0.66
289,16,train,6.046662,0.70
289,17,train,3.301785,0.73
289,18,train,6.074399,0.76
289,19,train,5.764621,0.80
289,20,train,5.652617,0.83
289,21,train,5.945561,0.87
289,22,train,4.089639,0.90
289,23,train,8.434820,0.94
289,24,train,3.705649,0.98
289,25,train,8.061031,1.02
289,26,train,6.645154,1.05
289,27,train,7.479188,1.08
289,28,train,6.180614,1.11
289,29,train,8.060319,1.14
289,0,val,8.800109,1.34
289,1,val,12.271849,1.36
289,2,val,12.221212,1.37
289,3,val,9.894625,1.38
289,4,val,11.144253,1.38
289,5,val,19.400867,1.39
289,6,val,15.539427,1.40
289,7,val,14.577566,1.41
289,8,val,73.813591,1.42
289,9,val,24.759069,1.43
289,10,val,20.787163,1.43
289,11,val,7.776103,1.44
289,12,val,5.628610,1.46
289,13,val,26.115744,1.47
289,14,val,8.128097,1.48
289,15,val,8.764571,1.49
289,16,val,27.597744,1.49
289,17,val,31.370466,1.50
289,18,val,10.836691,1.51
289,19,val,26.991705,1.52
289,20,val,17.365936,1.53
289,21,val,5.974561,1.53
289,22,val,8.683349,1.54
289,23,val,25.531666,1.56
289,24,val,26.265799,1.56
289,25,val,37.195648,1.57
289,26,val,21.252190,1.58
289,27,val,15.699728,1.59
289,28,val,8.620516,1.60
289,29,val,9.478598,1.60
289,30,val,3.376530,1.61
289,31,val,27.697124,1.62
289,32,val,12.153389,1.63
289,33,val,8.401565,1.64
289,34,val,5.672910,1.64
289,35,val,9.909039,1.66
289,36,val,14.320404,1.67
289,37,val,18.038307,1.68
289,38,val,14.323290,1.69
289,39,val,35.081383,1.70
289,40,val,25.106848,1.70
289,41,val,8.195189,1.71
289,42,val,16.103001,1.72
289,43,val,6.456268,1.73
289,44,val,48.957134,1.74
289,45,val,19.665277,1.75
289,46,val,42.892456,1.76
289,47,val,14.459131,1.77
289,48,val,52.416363,1.78
289,49,val,6.826568,1.79
289,50,val,14.296397,1.80
289,51,val,24.126488,1.81
289,52,val,8.046954,1.82
289,53,val,8.842947,1.83
289,54,val,7.335837,1.83
289,55,val,8.026766,1.84
289,56,val,7.380657,1.85
289,57,val,15.444525,1.87
289,58,val,9.234380,1.88
289,59,val,19.770588,1.88
289,60,val,25.015045,1.89
289,61,val,11.063216,1.90
289,62,val,7.614349,1.91
289,63,val,25.460592,1.92
289,64,val,7.188262,1.92
289,65,val,55.095276,1.93
289,66,val,17.877941,1.94
289,67,val,6.588120,1.95
289,68,val,40.339592,1.95
289,69,val,14.119286,1.97
289,70,val,31.418600,1.97
289,71,val,58.839165,1.98
289,72,val,11.193726,1.99
289,73,val,7.646248,2.00
289,74,val,34.454178,2.01
289,75,val,12.095312,2.01
289,76,val,13.461884,2.02
289,77,val,9.921697,2.03
289,78,val,6.462695,2.03
289,79,val,11.631663,2.04
290,0,train,6.418845,0.16
290,1,train,5.510202,0.22
290,2,train,9.041997,0.25
290,3,train,9.857499,0.29
290,4,train,6.399290,0.34
290,5,train,5.495612,0.37
290,6,train,6.180444,0.41
290,7,train,5.081016,0.45
290,8,train,4.548337,0.49
290,9,train,6.221449,0.52
290,10,train,8.093911,0.57
290,11,train,7.456042,0.60
290,12,train,6.816517,0.63
290,13,train,6.015535,0.66
290,14,train,9.892145,0.68
290,15,train,6.324716,0.71
290,16,train,6.085155,0.73
290,17,train,16.648026,0.77
290,18,train,6.436417,0.79
290,19,train,5.910894,0.81
290,20,train,7.475413,0.84
290,21,train,9.359256,0.87
290,22,train,5.056520,0.89
290,23,train,7.530705,0.92
290,24,train,7.166949,0.94
290,25,train,9.418612,0.98
290,26,train,6.112815,1.02
290,27,train,7.444322,1.04
290,28,train,6.155861,1.07
290,29,train,5.478654,1.10
290,0,val,10.197880,1.22
290,1,val,14.119468,1.22
290,2,val,14.080086,1.23
290,3,val,10.072576,1.24
290,4,val,11.718361,1.24
290,5,val,18.658901,1.26
290,6,val,16.073702,1.26
290,7,val,12.701887,1.27
290,8,val,52.896252,1.28
290,9,val,24.371313,1.28
290,10,val,19.765358,1.29
290,11,val,26.308167,1.30
290,12,val,5.639266,1.30
290,13,val,25.410337,1.31
290,14,val,8.125139,1.32
290,15,val,10.377396,1.32
290,16,val,27.582182,1.33
290,17,val,30.513060,1.34
290,18,val,11.397010,1.34
290,19,val,25.604315,1.36
290,20,val,16.399912,1.36
290,21,val,6.748762,1.37
290,22,val,8.440939,1.38
290,23,val,14.367991,1.38
290,24,val,60.731365,1.39
290,25,val,36.322102,1.40
290,26,val,9.107460,1.40
290,27,val,15.570888,1.41
290,28,val,9.448154,1.41
290,29,val,10.226398,1.42
290,30,val,2.991315,1.43
290,31,val,22.871094,1.43
290,32,val,12.186358,1.44
290,33,val,9.239132,1.45
290,34,val,20.951965,1.46
290,35,val,9.643824,1.46
290,36,val,29.578728,1.47
290,37,val,15.069664,1.48
290,38,val,13.840490,1.48
290,39,val,34.177147,1.49
290,40,val,26.118338,1.49
290,41,val,7.618167,1.50
290,42,val,18.227783,1.51
290,43,val,5.728422,1.51
290,44,val,52.788769,1.52
290,45,val,19.145819,1.53
290,46,val,42.204399,1.53
290,47,val,15.027000,1.54
290,48,val,52.114498,1.54
290,49,val,8.680172,1.55
290,50,val,13.726893,1.56
290,51,val,12.637034,1.57
290,52,val,40.143078,1.58
290,53,val,8.675564,1.58
290,54,val,8.658792,1.59
290,55,val,11.830188,1.60
290,56,val,11.260203,1.60
290,57,val,15.357769,1.61
290,58,val,9.548910,1.62
290,59,val,13.363880,1.62
290,60,val,24.554831,1.63
290,61,val,14.343571,1.63
290,62,val,7.538272,1.64
290,63,val,27.013250,1.65
290,64,val,4.785323,1.65
290,65,val,54.221275,1.66
290,66,val,16.437893,1.67
290,67,val,8.167659,1.68
290,68,val,40.888130,1.68
290,69,val,13.975769,1.69
290,70,val,30.735077,1.70
290,71,val,56.858170,1.70
290,72,val,10.916510,1.71
290,73,val,7.704311,1.72
290,74,val,31.282095,1.72
290,75,val,12.932608,1.73
290,76,val,13.719343,1.73
290,77,val,8.221693,1.74
290,78,val,6.185022,1.74
290,79,val,12.034312,1.75
291,0,train,7.065192,0.16
291,1,train,4.553686,0.19
291,2,train,7.681088,0.22
291,3,train,6.016912,0.25
291,4,train,4.840559,0.28
291,5,train,8.200760,0.31
291,6,train,5.835703,0.33
291,7,train,6.915382,0.36
291,8,train,6.974842,0.38
291,9,train,8.267999,0.41
291,10,train,5.869818,0.43
291,11,train,10.761755,0.46
291,12,train,6.144736,0.48
291,13,train,7.190638,0.52
291,14,train,8.634320,0.54
291,15,train,4.893285,0.57
291,16,train,10.153837,0.59
291,17,train,9.107052,0.62
291,18,train,7.803864,0.65
291,19,train,9.583408,0.67
291,20,train,4.867334,0.69
291,21,train,5.658478,0.72
291,22,train,6.026804,0.75
291,23,train,10.627230,0.77
291,24,train,9.916674,0.80
291,25,train,5.528750,0.83
291,26,train,5.916639,0.85
291,27,train,5.481738,0.87
291,28,train,5.051125,0.89
291,29,train,8.608253,0.92
291,0,val,9.278807,1.04
291,1,val,17.903963,1.05
291,2,val,13.561964,1.06
291,3,val,36.195808,1.07
291,4,val,12.962353,1.08
291,5,val,20.403486,1.09
291,6,val,17.313057,1.10
291,7,val,14.320914,1.11
291,8,val,63.578671,1.11
291,9,val,25.447943,1.12
291,10,val,19.692869,1.12
291,11,val,8.891706,1.13
291,12,val,8.840922,1.14
291,13,val,24.959805,1.14
291,14,val,8.914223,1.15
291,15,val,10.088454,1.15
291,16,val,28.109632,1.16
291,17,val,31.084015,1.17
291,18,val,10.700164,1.17
291,19,val,24.269926,1.18
291,20,val,18.187862,1.19
291,21,val,5.647785,1.20
291,22,val,8.075804,1.20
291,23,val,14.963912,1.21
291,24,val,26.351866,1.22
291,25,val,36.659847,1.22
291,26,val,9.362040,1.23
291,27,val,15.311844,1.23
291,28,val,8.563169,1.24
291,29,val,10.187550,1.24
291,30,val,3.116129,1.25
291,31,val,23.397871,1.26
291,32,val,12.243044,1.27
291,33,val,8.722128,1.27
291,34,val,3.837056,1.28
291,35,val,9.603379,1.30
291,36,val,12.535778,1.31
291,37,val,14.122849,1.31
291,38,val,14.675928,1.32
291,39,val,37.093128,1.33
291,40,val,24.936163,1.33
291,41,val,7.444527,1.34
291,42,val,16.309696,1.34
291,43,val,5.095414,1.35
291,44,val,50.174713,1.36
291,45,val,19.689053,1.36
291,46,val,45.782768,1.37
291,47,val,25.533493,1.38
291,48,val,49.537971,1.38
291,49,val,6.670424,1.40
291,50,val,18.105959,1.40
291,51,val,15.252707,1.41
291,52,val,6.841350,1.42
291,53,val,8.333351,1.42
291,54,val,8.586058,1.43
291,55,val,11.705272,1.44
291,56,val,9.022657,1.44
291,57,val,13.463980,1.45
291,58,val,10.146312,1.46
291,59,val,25.038559,1.46
291,60,val,26.258886,1.47
291,61,val,9.935065,1.48
291,62,val,31.447327,1.49
291,63,val,24.953876,1.50
291,64,val,5.869629,1.50
291,65,val,60.476849,1.51
291,66,val,15.908089,1.52
291,67,val,7.756606,1.52
291,68,val,42.283981,1.53
291,69,val,13.593043,1.54
291,70,val,34.294289,1.54
291,71,val,61.808807,1.55
291,72,val,11.135145,1.56
291,73,val,7.123562,1.56
291,74,val,38.795624,1.57
291,75,val,12.219845,1.58
291,76,val,13.872073,1.58
291,77,val,9.836892,1.59
291,78,val,6.245018,1.59
291,79,val,12.122167,1.60
292,0,train,6.145520,0.10
292,1,train,10.289352,0.14
292,2,train,8.452673,0.17
292,3,train,11.378462,0.19
292,4,train,8.633291,0.21
292,5,train,5.143998,0.24
292,6,train,6.586081,0.27
292,7,train,6.051673,0.29
292,8,train,5.340961,0.32
292,9,train,5.551923,0.35
292,10,train,10.361065,0.37
292,11,train,6.409822,0.40
292,12,train,5.183854,0.42
292,13,train,7.477446,0.45
292,14,train,5.057692,0.47
292,15,train,6.618029,0.50
292,16,train,9.040348,0.52
292,17,train,8.529783,0.55
292,18,train,6.821577,0.58
292,19,train,7.245172,0.60
292,20,train,7.031221,0.63
292,21,train,6.781218,0.66
292,22,train,4.831807,0.69
292,23,train,5.540945,0.72
292,24,train,6.642745,0.74
292,25,train,8.501402,0.77
292,26,train,7.110333,0.80
292,27,train,6.673119,0.82
292,28,train,3.665035,0.84
292,29,train,5.064586,0.86
292,0,val,8.694401,0.98
292,1,val,12.369913,0.99
292,2,val,41.147186,1.00
292,3,val,9.960128,1.00
292,4,val,13.061302,1.01
292,5,val,19.244724,1.02
292,6,val,22.339397,1.03
292,7,val,13.898471,1.04
292,8,val,59.266323,1.04
292,9,val,45.776108,1.05
292,10,val,19.915051,1.05
292,11,val,10.233619,1.06
292,12,val,5.974663,1.07
292,13,val,24.915611,1.07
292,14,val,8.433758,1.08
292,15,val,10.098992,1.09
292,16,val,30.375538,1.09
292,17,val,32.525120,1.10
292,18,val,9.237997,1.10
292,19,val,25.324566,1.11
292,20,val,18.230473,1.12
292,21,val,5.958766,1.13
292,22,val,9.486702,1.14
292,23,val,15.506275,1.14
292,24,val,26.679792,1.15
292,25,val,34.859085,1.15
292,26,val,9.571342,1.16
292,27,val,16.558846,1.17
292,28,val,12.568375,1.17
292,29,val,8.726486,1.18
292,30,val,3.500953,1.18
292,31,val,22.854612,1.19
292,32,val,12.192457,1.20
292,33,val,8.253668,1.20
292,34,val,4.858591,1.21
292,35,val,10.552146,1.22
292,36,val,13.018718,1.22
292,37,val,15.242994,1.24
292,38,val,14.559999,1.24
292,39,val,39.640728,1.25
292,40,val,25.699903,1.26
292,41,val,8.886322,1.26
292,42,val,15.670150,1.27
292,43,val,6.613582,1.28
292,44,val,50.029522,1.28
292,45,val,19.494312,1.29
292,46,val,42.528255,1.30
292,47,val,25.339684,1.30
292,48,val,53.264038,1.31
292,49,val,10.126525,1.31
292,50,val,14.353910,1.32
292,51,val,13.173224,1.33
292,52,val,7.845627,1.34
292,53,val,9.511889,1.34
292,54,val,7.789902,1.35
292,55,val,9.293179,1.36
292,56,val,7.928463,1.36
292,57,val,13.231410,1.37
292,58,val,9.375510,1.37
292,59,val,12.708938,1.38
292,60,val,25.329330,1.39
292,61,val,10.940111,1.39
292,62,val,7.611991,1.40
292,63,val,25.315191,1.40
292,64,val,5.317638,1.41
292,65,val,64.044235,1.42
292,66,val,18.305290,1.42
292,67,val,32.951141,1.43
292,68,val,42.233566,1.44
292,69,val,13.389467,1.45
292,70,val,32.609890,1.45
292,71,val,63.030083,1.46
292,72,val,12.057795,1.47
292,73,val,8.335516,1.47
292,74,val,39.953987,1.48
292,75,val,15.935024,1.49
292,76,val,12.982245,1.49
292,77,val,9.752772,1.49
292,78,val,14.044672,1.50
292,79,val,25.636730,1.50
293,0,train,7.514683,0.11
293,1,train,7.982699,0.14
293,2,train,4.553239,0.17
293,3,train,4.550337,0.20
293,4,train,8.390602,0.23
293,5,train,5.640729,0.25
293,6,train,8.043224,0.28
293,7,train,7.990661,0.31
293,8,train,5.291014,0.33
293,9,train,4.255058,0.43
293,10,train,6.574270,0.47
293,11,train,6.979633,0.50
293,12,train,5.108500,0.52
293,13,train,9.362057,0.55
293,14,train,5.599803,0.57
293,15,train,5.376617,0.60
293,16,train,7.286567,0.63
293,17,train,5.448631,0.66
293,18,train,5.888566,0.69
293,19,train,9.468426,0.71
293,20,train,6.444115,0.74
293,21,train,3.364516,0.77
293,22,train,6.890674,0.79
293,23,train,7.309051,0.82
293,24,train,3.988382,0.84
293,25,train,5.388161,0.87
293,26,train,9.541953,0.89
293,27,train,4.111976,0.92
293,28,train,5.804849,0.94
293,29,train,7.612724,0.96
293,0,val,9.975964,1.09
293,1,val,14.447468,1.09
293,2,val,14.158657,1.10
293,3,val,10.304132,1.11
293,4,val,12.335547,1.11
293,5,val,21.983997,1.13
293,6,val,16.179565,1.13
293,7,val,13.633181,1.14
293,8,val,57.662025,1.14
293,9,val,27.391178,1.15
293,10,val,20.069702,1.16
293,11,val,8.099125,1.16
293,12,val,5.403169,1.17
293,13,val,27.707998,1.18
293,14,val,9.493561,1.18
293,15,val,9.538916,1.19
293,16,val,30.985928,1.20
293,17,val,30.136442,1.21
293,18,val,22.529415,1.22
293,19,val,25.060246,1.23
293,20,val,18.170231,1.24
293,21,val,6.264067,1.24
293,22,val,9.123177,1.25
293,23,val,16.139500,1.25
293,24,val,26.844976,1.26
293,25,val,37.218891,1.27
293,26,val,9.189720,1.27
293,27,val,15.744048,1.28
293,28,val,8.635745,1.29
293,29,val,9.276775,1.29
293,30,val,3.978111,1.30
293,31,val,23.675610,1.31
293,32,val,11.946441,1.31
293,33,val,8.385725,1.32
293,34,val,4.399157,1.33
293,35,val,12.344001,1.34
293,36,val,14.049398,1.34
293,37,val,13.907665,1.35
293,38,val,14.845385,1.36
293,39,val,34.843018,1.36
293,40,val,27.167044,1.37
293,41,val,7.266341,1.38
293,42,val,17.900375,1.38
293,43,val,5.457023,1.39
293,44,val,49.631676,1.40
293,45,val,19.069031,1.40
293,46,val,43.885250,1.41
293,47,val,15.147301,1.41
293,48,val,52.105225,1.42
293,49,val,8.697162,1.43
293,50,val,15.433432,1.44
293,51,val,12.647170,1.45
293,52,val,8.630192,1.45
293,53,val,7.926347,1.46
293,54,val,8.582821,1.46
293,55,val,9.371044,1.47
293,56,val,19.248337,1.48
293,57,val,14.589048,1.48
293,58,val,9.812516,1.49
293,59,val,19.954454,1.50
293,60,val,24.027386,1.50
293,61,val,10.578350,1.51
293,62,val,8.508788,1.51
293,63,val,24.239517,1.52
293,64,val,5.926582,1.53
293,65,val,54.361080,1.54
293,66,val,16.398808,1.55
293,67,val,7.397403,1.55
293,68,val,41.646355,1.56
293,69,val,19.879650,1.56
293,70,val,31.200001,1.57
293,71,val,58.673393,1.58
293,72,val,12.971988,1.58
293,73,val,7.104831,1.60
293,74,val,34.574196,1.61
293,75,val,13.811934,1.62
293,76,val,14.817162,1.63
293,77,val,8.959616,1.63
293,78,val,5.907886,1.64
293,79,val,14.104383,1.65
294,0,train,5.991392,0.12
294,1,train,10.351185,0.16
294,2,train,8.769768,0.18
294,3,train,10.232425,0.21
294,4,train,7.583232,0.24
294,5,train,7.897688,0.28
294,6,train,6.625720,0.30
294,7,train,8.097219,0.34
294,8,train,10.272480,0.36
294,9,train,9.981074,0.40
294,10,train,7.665001,0.42
294,11,train,7.651513,0.45
294,12,train,6.994994,0.47
294,13,train,4.782825,0.50
294,14,train,6.047780,0.53
294,15,train,9.615768,0.56
294,16,train,3.466456,0.58
294,17,train,8.979198,0.62
294,18,train,5.098740,0.66
294,19,train,7.947162,0.70
294,20,train,7.062281,0.74
294,21,train,9.266484,0.77
294,22,train,5.788664,0.80
294,23,train,7.119516,0.82
294,24,train,10.028282,0.85
294,25,train,7.394948,0.88
294,26,train,6.516883,0.90
294,27,train,4.845428,0.92
294,28,train,9.160130,0.94
294,29,train,7.318241,0.97
294,0,val,8.985965,1.11
294,1,val,14.100902,1.12
294,2,val,13.190086,1.14
294,3,val,10.320829,1.15
294,4,val,11.068457,1.16
294,5,val,19.829927,1.18
294,6,val,17.185209,1.19
294,7,val,14.556252,1.20
294,8,val,58.136543,1.21
294,9,val,25.791555,1.22
294,10,val,24.355780,1.23
294,11,val,7.641138,1.25
294,12,val,6.048133,1.26
294,13,val,27.249420,1.27
294,14,val,7.654750,1.28
294,15,val,7.653959,1.28
294,16,val,35.204269,1.29
294,17,val,50.457779,1.30
294,18,val,10.682426,1.30
294,19,val,27.164427,1.31
294,20,val,17.578226,1.32
294,21,val,5.500244,1.32
294,22,val,10.860583,1.33
294,23,val,15.528715,1.33
294,24,val,28.087551,1.35
294,25,val,35.363163,1.36
294,26,val,13.844099,1.36
294,27,val,15.891113,1.37
294,28,val,8.682682,1.37
294,29,val,9.738969,1.38
294,30,val,2.449215,1.39
294,31,val,23.366241,1.39
294,32,val,12.528950,1.40
294,33,val,30.731346,1.41
294,34,val,5.053987,1.41
294,35,val,9.608402,1.42
294,36,val,12.425406,1.42
294,37,val,16.601677,1.43
294,38,val,14.543640,1.44
294,39,val,36.622978,1.45
294,40,val,24.788727,1.46
294,41,val,7.555683,1.46
294,42,val,15.932552,1.47
294,43,val,5.885994,1.47
294,44,val,49.097790,1.48
294,45,val,20.066078,1.49
294,46,val,43.614605,1.49
294,47,val,29.766720,1.50
294,48,val,52.078705,1.51
294,49,val,7.042858,1.51
294,50,val,13.515429,1.52
294,51,val,15.392253,1.53
294,52,val,8.325607,1.54
294,53,val,9.181738,1.56
294,54,val,8.292116,1.57
294,55,val,8.893571,1.58
294,56,val,8.198523,1.58
294,57,val,13.577459,1.59
294,58,val,9.649770,1.60
294,59,val,13.746878,1.60
294,60,val,23.678528,1.61
294,61,val,10.036018,1.62
294,62,val,7.829412,1.62
294,63,val,25.046467,1.63
294,64,val,5.835166,1.64
294,65,val,55.110992,1.64
294,66,val,17.619610,1.65
294,67,val,7.613336,1.66
294,68,val,60.699768,1.67
294,69,val,13.034069,1.67
294,70,val,30.277760,1.68
294,71,val,58.825127,1.69
294,72,val,11.335318,1.69
294,73,val,6.452820,1.70
294,74,val,30.567291,1.71
294,75,val,12.034884,1.71
294,76,val,13.191165,1.72
294,77,val,8.377302,1.72
294,78,val,6.989566,1.72
294,79,val,12.082888,1.73
295,0,train,5.759059,0.16
295,1,train,4.646540,0.21
295,2,train,6.162165,0.23
295,3,train,5.547372,0.26
295,4,train,4.810430,0.28
295,5,train,6.167546,0.31
295,6,train,5.893137,0.34
295,7,train,8.599274,0.36
295,8,train,8.482605,0.39
295,9,train,7.264177,0.42
295,10,train,4.459098,0.45
295,11,train,11.272117,0.47
295,12,train,4.175366,0.50
295,13,train,5.723342,0.52
295,14,train,7.704004,0.55
295,15,train,6.378757,0.57
295,16,train,4.700555,0.60
295,17,train,7.339758,0.63
295,18,train,12.264824,0.65
295,19,train,5.111497,0.68
295,20,train,7.518436,0.71
295,21,train,14.714561,0.74
295,22,train,4.523316,0.76
295,23,train,5.397698,0.79
295,24,train,7.264497,0.83
295,25,train,8.896180,0.86
295,26,train,3.624708,0.88
295,27,train,7.806574,0.90
295,28,train,5.594582,0.92
295,29,train,9.170530,0.95
295,0,val,9.437589,1.07
295,1,val,12.591255,1.08
295,2,val,13.055151,1.08
295,3,val,10.489817,1.09
295,4,val,37.461044,1.09
295,5,val,24.779766,1.11
295,6,val,41.528023,1.11
295,7,val,13.888549,1.12
295,8,val,53.415142,1.13
295,9,val,26.035259,1.13
295,10,val,20.113838,1.14
295,11,val,7.626833,1.15
295,12,val,5.188072,1.15
295,13,val,26.030590,1.16
295,14,val,7.291099,1.17
295,15,val,8.983672,1.17
295,16,val,30.283995,1.18
295,17,val,29.485580,1.18
295,18,val,11.529460,1.19
295,19,val,25.184620,1.20
295,20,val,20.062252,1.21
295,21,val,6.712833,1.21
295,22,val,23.584064,1.22
295,23,val,14.982847,1.22
295,24,val,25.975431,1.23
295,25,val,61.789574,1.24
295,26,val,9.539760,1.24
295,27,val,16.670948,1.25
295,28,val,9.006359,1.26
295,29,val,10.793036,1.26
295,30,val,2.779173,1.27
295,31,val,25.011145,1.27
295,32,val,13.897797,1.28
295,33,val,8.883673,1.29
295,34,val,10.237342,1.29
295,35,val,17.694897,1.30
295,36,val,12.768397,1.31
295,37,val,14.093185,1.32
295,38,val,13.609356,1.32
295,39,val,34.531487,1.33
295,40,val,24.353390,1.33
295,41,val,8.807047,1.34
295,42,val,16.680851,1.35
295,43,val,6.376660,1.35
295,44,val,49.264294,1.36
295,45,val,26.127823,1.36
295,46,val,43.669476,1.37
295,47,val,14.100061,1.38
295,48,val,52.616669,1.38
295,49,val,7.128677,1.39
295,50,val,13.202799,1.39
295,51,val,19.662329,1.40
295,52,val,6.143381,1.41
295,53,val,8.567604,1.42
295,54,val,7.388972,1.42
295,55,val,9.682766,1.43
295,56,val,9.018010,1.44
295,57,val,18.859985,1.44
295,58,val,10.572279,1.45
295,59,val,12.534645,1.45
295,60,val,24.381338,1.46
295,61,val,10.176748,1.47
295,62,val,7.699804,1.47
295,63,val,24.919750,1.48
295,64,val,5.132770,1.49
295,65,val,58.451530,1.49
295,66,val,16.331867,1.50
295,67,val,6.550644,1.51
295,68,val,40.798775,1.52
295,69,val,13.980507,1.52
295,70,val,33.666912,1.53
295,71,val,58.639465,1.54
295,72,val,12.107310,1.54
295,73,val,8.071245,1.55
295,74,val,32.773270,1.56
295,75,val,11.299502,1.56
295,76,val,12.827846,1.57
295,77,val,8.924208,1.57
295,78,val,6.120203,1.58
295,79,val,12.121787,1.58
296,0,train,4.520924,0.11
296,1,train,6.979379,0.14
296,2,train,4.148971,0.17
296,3,train,5.296941,0.19
296,4,train,8.564166,0.23
296,5,train,4.526147,0.26
296,6,train,6.892604,0.29
296,7,train,7.861679,0.31
296,8,train,11.189689,0.34
296,9,train,12.013025,0.37
296,10,train,7.766805,0.39
296,11,train,4.614330,0.42
296,12,train,5.633169,0.44
296,13,train,4.261271,0.48
296,14,train,5.957770,0.52
296,15,train,6.509501,0.55
296,16,train,5.175393,0.59
296,17,train,5.131770,0.63
296,18,train,5.758145,0.66
296,19,train,3.834586,0.69
296,20,train,7.259774,0.72
296,21,train,4.984725,0.76
296,22,train,12.938219,0.79
296,23,train,8.095938,0.81
296,24,train,6.828572,0.85
296,25,train,9.093359,0.89
296,26,train,6.035358,0.92
296,27,train,8.137502,0.95
296,28,train,6.194180,0.98
296,29,train,6.709011,1.02
296,0,val,10.011345,1.21
296,1,val,12.357161,1.23
296,2,val,14.394713,1.25
296,3,val,39.958004,1.26
296,4,val,11.112540,1.27
296,5,val,18.914383,1.28
296,6,val,15.786768,1.28
296,7,val,15.298442,1.29
296,8,val,58.546810,1.31
296,9,val,25.145842,1.32
296,10,val,25.647207,1.33
296,11,val,7.803867,1.35
296,12,val,6.297917,1.36
296,13,val,27.601072,1.36
296,14,val,7.572048,1.37
296,15,val,54.001343,1.38
296,16,val,29.552643,1.39
296,17,val,28.968170,1.40
296,18,val,11.433494,1.40
296,19,val,26.420715,1.41
296,20,val,18.575918,1.42
296,21,val,5.133415,1.43
296,22,val,17.517876,1.44
296,23,val,20.012293,1.45
296,24,val,25.795391,1.46
296,25,val,62.292080,1.46
296,26,val,9.138110,1.47
296,27,val,15.731018,1.48
296,28,val,9.037786,1.49
296,29,val,16.857998,1.50
296,30,val,3.912731,1.50
296,31,val,24.067198,1.51
296,32,val,11.950499,1.52
296,33,val,8.756812,1.54
296,34,val,4.076292,1.55
296,35,val,9.910838,1.55
296,36,val,12.757167,1.56
296,37,val,13.703925,1.57
296,38,val,16.795738,1.58
296,39,val,32.059696,1.59
296,40,val,25.472019,1.59
296,41,val,14.021589,1.60
296,42,val,20.901985,1.61
296,43,val,5.430172,1.61
296,44,val,49.412354,1.62
296,45,val,18.292120,1.64
296,46,val,43.242290,1.65
296,47,val,14.378473,1.66
296,48,val,52.081482,1.67
296,49,val,6.626258,1.67
296,50,val,45.667671,1.68
296,51,val,14.180441,1.69
296,52,val,20.371122,1.70
296,53,val,27.708738,1.70
296,54,val,10.430345,1.71
296,55,val,13.814540,1.72
296,56,val,8.459551,1.73
296,57,val,13.812727,1.74
296,58,val,15.828715,1.75
296,59,val,13.625793,1.76
296,60,val,24.879997,1.76
296,61,val,9.974311,1.77
296,62,val,7.142444,1.78
296,63,val,24.608612,1.79
296,64,val,5.069545,1.79
296,65,val,53.375931,1.80
296,66,val,17.483221,1.81
296,67,val,6.804672,1.82
296,68,val,40.772427,1.82
296,69,val,13.968031,1.83
296,70,val,32.111511,1.85
296,71,val,57.812202,1.86
296,72,val,12.015167,1.86
296,73,val,7.177129,1.87
296,74,val,31.758276,1.88
296,75,val,12.189215,1.89
296,76,val,15.070635,1.89
296,77,val,9.089291,1.90
296,78,val,5.745409,1.90
296,79,val,11.660062,1.91
297,0,train,12.818014,0.14
297,1,train,5.819690,0.19
297,2,train,5.233666,0.22
297,3,train,31.977854,0.26
297,4,train,6.451646,0.30
297,5,train,5.169462,0.33
297,6,train,7.467027,0.37
297,7,train,4.126205,0.42
297,8,train,9.625765,0.45
297,9,train,5.765725,0.48
297,10,train,6.477598,0.52
297,11,train,12.587200,0.55
297,12,train,7.663268,0.58
297,13,train,5.350654,0.61
297,14,train,5.576227,0.65
297,15,train,9.038067,0.69
297,16,train,6.231101,0.72
297,17,train,5.257935,0.75
297,18,train,5.755847,0.78
297,19,train,8.348505,0.82
297,20,train,8.683247,0.85
297,21,train,9.740183,0.90
297,22,train,5.911992,0.93
297,23,train,9.030006,0.98
297,24,train,3.871871,1.03
297,25,train,7.846148,1.08
297,26,train,5.886861,1.12
297,27,train,9.274168,1.17
297,28,train,5.306293,1.19
297,29,train,5.923217,1.22
297,0,val,9.593833,1.41
297,1,val,15.174807,1.43
297,2,val,12.991724,1.44
297,3,val,14.866926,1.45
297,4,val,23.269833,1.46
297,5,val,21.372826,1.47
297,6,val,23.502487,1.47
297,7,val,13.817358,1.48
297,8,val,57.246166,1.49
297,9,val,24.644690,1.50
297,10,val,23.162243,1.51
297,11,val,7.260303,1.51
297,12,val,6.080378,1.53
297,13,val,26.486532,1.54
297,14,val,31.128469,1.55
297,15,val,8.640385,1.56
297,16,val,28.870825,1.56
297,17,val,31.592533,1.57
297,18,val,13.107849,1.58
297,19,val,38.803101,1.59
297,20,val,17.520969,1.59
297,21,val,5.744539,1.60
297,22,val,9.055822,1.61
297,23,val,14.489639,1.62
297,24,val,40.641537,1.63
297,25,val,37.231335,1.64
297,26,val,9.826153,1.65
297,27,val,16.181595,1.65
297,28,val,9.049740,1.66
297,29,val,9.889734,1.67
297,30,val,3.168287,1.68
297,31,val,25.064468,1.68
297,32,val,11.772079,1.69
297,33,val,8.140642,1.70
297,34,val,4.637810,1.71
297,35,val,10.433239,1.71
297,36,val,12.379447,1.72
297,37,val,14.227392,1.73
297,38,val,19.168423,1.74
297,39,val,34.064278,1.75
297,40,val,40.014706,1.76
297,41,val,8.050100,1.77
297,42,val,16.723305,1.78
297,43,val,5.523125,1.79
297,44,val,49.896248,1.80
297,45,val,18.759121,1.81
297,46,val,45.322094,1.82
297,47,val,14.551922,1.83
297,48,val,51.690750,1.84
297,49,val,6.667817,1.85
297,50,val,12.947368,1.86
297,51,val,19.722427,1.88
297,52,val,6.642139,1.89
297,53,val,9.124252,1.90
297,54,val,9.295557,1.91
297,55,val,8.931505,1.92
297,56,val,9.779177,1.93
297,57,val,13.301196,1.94
297,58,val,9.687592,1.95
297,59,val,12.224546,1.96
297,60,val,25.193909,1.96
297,61,val,9.762142,1.97
297,62,val,9.355602,1.98
297,63,val,26.386074,1.99
297,64,val,7.008568,2.00
297,65,val,55.207878,2.01
297,66,val,16.615578,2.02
297,67,val,8.878358,2.03
297,68,val,41.408245,2.04
297,69,val,14.003269,2.05
297,70,val,31.001526,2.07
297,71,val,58.789612,2.08
297,72,val,12.155655,2.09
297,73,val,7.407857,2.09
297,74,val,35.751160,2.10
297,75,val,12.107089,2.11
297,76,val,12.660983,2.11
297,77,val,8.335434,2.12
297,78,val,7.368264,2.13
297,79,val,11.894090,2.13
298,0,train,5.397389,0.16
298,1,train,4.003197,0.20
298,2,train,5.620225,0.23
298,3,train,7.829763,0.26
298,4,train,4.991483,0.29
298,5,train,7.791360,0.33
298,6,train,7.218196,0.36
298,7,train,6.189215,0.39
298,8,train,7.956270,0.43
298,9,train,7.423515,0.46
298,10,train,4.683808,0.49
298,11,train,8.078703,0.53
298,12,train,5.027906,0.56
298,13,train,6.756476,0.59
298,14,train,6.055874,0.62
298,15,train,5.203421,0.65
298,16,train,5.017109,0.69
298,17,train,6.440781,0.72
298,18,train,5.368759,0.76
298,19,train,6.117981,0.80
298,20,train,8.324162,0.83
298,21,train,5.395102,0.87
298,22,train,4.983869,0.90
298,23,train,9.761351,0.93
298,24,train,5.587929,0.96
298,25,train,11.022423,1.00
298,26,train,6.106425,1.03
298,27,train,3.808171,1.06
298,28,train,6.421988,1.08
298,29,train,4.750746,1.12
298,0,val,10.064905,1.29
298,1,val,12.869471,1.31
298,2,val,13.736170,1.32
298,3,val,11.953563,1.33
298,4,val,22.772198,1.34
298,5,val,22.039028,1.35
298,6,val,17.852840,1.36
298,7,val,15.747421,1.37
298,8,val,58.292645,1.38
298,9,val,25.115280,1.39
298,10,val,22.392433,1.40
298,11,val,14.131836,1.42
298,12,val,8.459931,1.43
298,13,val,26.111534,1.44
298,14,val,10.749709,1.46
298,15,val,8.670093,1.47
298,16,val,49.831646,1.48
298,17,val,29.667767,1.49
298,18,val,10.664235,1.49
298,19,val,31.228542,1.50
298,20,val,25.768658,1.52
298,21,val,6.370544,1.53
298,22,val,8.791300,1.54
298,23,val,14.590240,1.55
298,24,val,26.530575,1.56
298,25,val,38.888344,1.57
298,26,val,10.888418,1.58
298,27,val,17.860991,1.59
298,28,val,7.922562,1.59
298,29,val,9.172811,1.60
298,30,val,2.636674,1.61
298,31,val,25.740047,1.62
298,32,val,12.692793,1.62
298,33,val,8.641872,1.63
298,34,val,3.857589,1.64
298,35,val,10.911253,1.64
298,36,val,11.994871,1.65
298,37,val,44.232418,1.66
298,38,val,15.434938,1.66
298,39,val,38.677624,1.67
298,40,val,29.732494,1.68
298,41,val,8.246562,1.68
298,42,val,16.178631,1.69
298,43,val,28.877708,1.70
298,44,val,49.696667,1.70
298,45,val,20.556774,1.71
298,46,val,42.662468,1.72
298,47,val,14.972692,1.73
298,48,val,79.099693,1.74
298,49,val,7.429742,1.74
298,50,val,13.718885,1.75
298,51,val,13.253536,1.75
298,52,val,8.185046,1.76
298,53,val,8.563084,1.77
298,54,val,7.506228,1.77
298,55,val,8.966514,1.78
298,56,val,9.954698,1.79
298,57,val,13.736891,1.79
298,58,val,8.806055,1.80
298,59,val,11.973242,1.80
298,60,val,27.026337,1.81
298,61,val,11.346869,1.82
298,62,val,7.992837,1.83
298,63,val,25.572525,1.84
298,64,val,4.447989,1.84
298,65,val,93.981956,1.85
298,66,val,16.650202,1.85
298,67,val,10.251673,1.86
298,68,val,43.645031,1.87
298,69,val,13.449916,1.87
298,70,val,33.074532,1.88
298,71,val,59.675549,1.88
298,72,val,13.493418,1.89
298,73,val,7.307230,1.90
298,74,val,43.029816,1.90
298,75,val,11.509422,1.91
298,76,val,15.851864,1.91
298,77,val,8.668800,1.92
298,78,val,6.037853,1.93
298,79,val,26.173428,1.93
299,0,train,6.192292,0.11
299,1,train,7.938402,0.14
299,2,train,4.525090,0.17
299,3,train,6.297943,0.19
299,4,train,4.379539,0.22
299,5,train,4.352835,0.25
299,6,train,7.976391,0.27
299,7,train,9.058578,0.30
299,8,train,8.524809,0.32
299,9,train,7.371317,0.36
299,10,train,4.584479,0.38
299,11,train,8.263584,0.41
299,12,train,5.256857,0.43
299,13,train,6.698790,0.46
299,14,train,5.749589,0.48
299,15,train,8.174377,0.51
299,16,train,5.323867,0.54
299,17,train,5.856833,0.57
299,18,train,5.909462,0.60
299,19,train,11.353806,0.62
299,20,train,5.611501,0.65
299,21,train,4.418719,0.68
299,22,train,6.565173,0.70
299,23,train,4.200603,0.73
299,24,train,10.536807,0.75
299,25,train,6.629223,0.78
299,26,train,9.011404,0.81
299,27,train,10.358524,0.83
299,28,train,7.158758,0.85
299,29,train,7.449791,0.95
299,0,val,9.357443,1.08
299,1,val,13.369284,1.09
299,2,val,12.541221,1.10
299,3,val,9.900368,1.10
299,4,val,13.370082,1.12
299,5,val,30.616180,1.12
299,6,val,17.009851,1.13
299,7,val,14.126925,1.14
299,8,val,59.541908,1.14
299,9,val,25.457869,1.15
299,10,val,40.758789,1.16
299,11,val,7.831425,1.16
299,12,val,5.340261,1.17
299,13,val,25.667822,1.18
299,14,val,7.076555,1.18
299,15,val,8.914211,1.19
299,16,val,30.547201,1.19
299,17,val,29.415752,1.20
299,18,val,12.936157,1.21
299,19,val,25.466290,1.22
299,20,val,16.769287,1.22
299,21,val,8.067879,1.23
299,22,val,10.419673,1.24
299,23,val,15.854321,1.24
299,24,val,27.655041,1.25
299,25,val,35.993481,1.25
299,26,val,10.082563,1.26
299,27,val,28.269287,1.27
299,28,val,8.889196,1.27
299,29,val,8.480166,1.28
299,30,val,3.177352,1.28
299,31,val,24.296181,1.29
299,32,val,12.312313,1.30
299,33,val,8.551600,1.30
299,34,val,4.393673,1.31
299,35,val,9.705870,1.32
299,36,val,11.944860,1.33
299,37,val,15.215008,1.33
299,38,val,13.817554,1.34
299,39,val,33.534981,1.35
299,40,val,28.044378,1.35
299,41,val,6.823160,1.36
299,42,val,18.844448,1.37
299,43,val,5.737621,1.37
299,44,val,48.969612,1.38
299,45,val,18.951097,1.38
299,46,val,44.359570,1.39
299,47,val,14.832376,1.40
299,48,val,50.621853,1.40
299,49,val,6.431475,1.41
299,50,val,13.459982,1.41
299,51,val,13.684219,1.42
299,52,val,8.353893,1.43
299,53,val,7.973360,1.44
299,54,val,8.323887,1.44
299,55,val,20.740940,1.45
299,56,val,9.556013,1.45
299,57,val,14.624311,1.46
299,58,val,10.617402,1.47
299,59,val,11.378798,1.47
299,60,val,24.512329,1.48
299,61,val,9.730406,1.48
299,62,val,7.880162,1.49
299,63,val,24.824200,1.50
299,64,val,5.016747,1.50
299,65,val,56.325405,1.51
299,66,val,17.938000,1.51
299,67,val,6.345807,1.53
299,68,val,46.120586,1.54
299,69,val,13.921288,1.55
299,70,val,31.775837,1.56
299,71,val,59.032867,1.56
299,72,val,11.805130,1.57
299,73,val,6.917728,1.58
299,74,val,39.550629,1.58
299,75,val,12.018732,1.59
299,76,val,13.170749,1.59
299,77,val,9.433223,1.60
299,78,val,5.761886,1.60
299,79,val,11.430236,1.61
