epoch,batch_idx,data_type,loss,run_time
0,0,train,132.252167,0.22
0,1,train,87.308495,0.28
0,2,train,90.897392,0.32
0,3,train,81.301117,0.37
0,4,train,59.097664,0.42
0,5,train,60.551929,0.46
0,6,train,51.025963,0.50
0,7,train,40.728863,0.54
0,8,train,45.184235,0.58
0,9,train,38.986267,0.61
0,10,train,45.883759,0.64
0,11,train,32.544159,0.67
0,12,train,41.243210,0.71
0,13,train,48.767456,0.74
0,0,val,29.604494,0.91
0,1,val,14.851319,0.94
0,2,val,40.534824,0.95
0,3,val,63.536274,0.96
0,4,val,11.197036,0.96
0,5,val,14.266435,0.97
0,6,val,67.821854,0.98
0,7,val,22.200165,0.99
0,8,val,13.140299,1.00
0,9,val,67.869385,1.00
0,10,val,61.998989,1.01
0,11,val,46.855270,1.02
0,12,val,51.185509,1.03
0,13,val,32.400814,1.04
0,14,val,40.331638,1.05
0,15,val,33.057652,1.06
0,16,val,43.819927,1.06
0,17,val,41.851376,1.07
0,18,val,9.639235,1.08
0,19,val,68.633522,1.09
0,20,val,27.929085,1.10
0,21,val,40.444576,1.10
0,22,val,41.311756,1.11
0,23,val,21.426514,1.12
0,24,val,16.622656,1.13
0,25,val,68.424675,1.14
0,26,val,18.811707,1.15
0,27,val,22.689997,1.16
0,28,val,12.341663,1.17
0,29,val,12.588165,1.18
0,30,val,13.317368,1.19
0,31,val,72.052223,1.19
0,32,val,62.584179,1.20
0,33,val,17.784307,1.20
0,34,val,32.420063,1.21
0,35,val,12.109529,1.21
1,0,train,39.172989,0.15
1,1,train,30.926952,0.21
1,2,train,38.173641,0.24
1,3,train,30.360289,0.28
1,4,train,45.248047,0.33
1,5,train,32.981483,0.37
1,6,train,30.418869,0.41
1,7,train,36.663670,0.44
1,8,train,32.216011,0.47
1,9,train,30.060890,0.51
1,10,train,29.398708,0.54
1,11,train,39.901894,0.57
1,12,train,25.661114,0.60
1,13,train,28.818848,0.63
1,0,val,13.335100,0.80
1,1,val,9.745156,0.81
1,2,val,41.683945,0.82
1,3,val,48.444981,0.83
1,4,val,10.268322,0.84
1,5,val,7.190264,0.84
1,6,val,49.822815,0.85
1,7,val,11.499061,0.86
1,8,val,5.427272,0.87
1,9,val,46.939980,0.88
1,10,val,53.167095,0.88
1,11,val,33.225452,0.90
1,12,val,38.875751,0.91
1,13,val,34.948009,0.92
1,14,val,40.907967,0.93
1,15,val,20.567430,0.95
1,16,val,35.750900,0.96
1,17,val,17.695507,0.97
1,18,val,7.447679,0.98
1,19,val,54.866108,0.99
1,20,val,18.771818,1.00
1,21,val,40.490398,1.01
1,22,val,31.421440,1.03
1,23,val,15.215787,1.04
1,24,val,6.425918,1.05
1,25,val,60.281994,1.05
1,26,val,9.189884,1.06
1,27,val,9.256943,1.07
1,28,val,11.081202,1.08
1,29,val,7.174566,1.09
1,30,val,9.237564,1.11
1,31,val,51.955544,1.11
1,32,val,50.457233,1.12
1,33,val,8.428709,1.13
1,34,val,28.783066,1.14
1,35,val,6.720758,1.14
2,0,train,26.732183,0.15
2,1,train,33.674702,0.18
2,2,train,24.818207,0.22
2,3,train,29.051138,0.25
2,4,train,30.840445,0.28
2,5,train,28.957111,0.31
2,6,train,30.977381,0.34
2,7,train,33.409424,0.38
2,8,train,24.858036,0.41
2,9,train,34.425762,0.44
2,10,train,25.250645,0.47
2,11,train,27.991501,0.50
2,12,train,21.910143,0.53
2,13,train,35.519657,0.57
2,0,val,10.003798,0.68
2,1,val,10.841188,0.68
2,2,val,34.509312,0.69
2,3,val,44.386040,0.70
2,4,val,4.887410,0.70
2,5,val,11.100527,0.71
2,6,val,47.461895,0.72
2,7,val,9.421545,0.73
2,8,val,7.038644,0.74
2,9,val,39.630531,0.75
2,10,val,44.781071,0.75
2,11,val,28.777885,0.76
2,12,val,38.194099,0.77
2,13,val,26.638998,0.78
2,14,val,26.955544,0.78
2,15,val,13.572037,0.79
2,16,val,33.199997,0.80
2,17,val,14.944938,0.80
2,18,val,7.182266,0.81
2,19,val,52.265221,0.82
2,20,val,18.253490,0.83
2,21,val,34.246922,0.83
2,22,val,31.474268,0.84
2,23,val,13.420300,0.85
2,24,val,12.811291,0.85
2,25,val,56.746258,0.86
2,26,val,7.646774,0.87
2,27,val,14.261323,0.87
2,28,val,8.335056,0.88
2,29,val,10.046287,0.89
2,30,val,10.034246,0.90
2,31,val,61.510773,0.91
2,32,val,42.014912,0.93
2,33,val,7.767358,0.93
2,34,val,31.007217,0.93
2,35,val,14.396925,0.94
3,0,train,25.356388,0.17
3,1,train,29.930592,0.20
3,2,train,32.483932,0.23
3,3,train,22.545992,0.26
3,4,train,33.415981,0.29
3,5,train,23.815018,0.33
3,6,train,28.242924,0.36
3,7,train,22.830212,0.39
3,8,train,23.411409,0.42
3,9,train,26.833447,0.46
3,10,train,34.137459,0.49
3,11,train,29.986214,0.52
3,12,train,25.647387,0.55
3,13,train,30.518154,0.58
3,0,val,9.040474,0.69
3,1,val,7.584377,0.70
3,2,val,42.228367,0.71
3,3,val,45.870377,0.72
3,4,val,14.218329,0.73
3,5,val,9.351400,0.74
3,6,val,45.103634,0.75
3,7,val,9.720560,0.75
3,8,val,4.594404,0.76
3,9,val,39.759613,0.77
3,10,val,43.279579,0.77
3,11,val,30.209684,0.78
3,12,val,35.858009,0.78
3,13,val,24.678286,0.79
3,14,val,22.390013,0.80
3,15,val,11.570375,0.80
3,16,val,35.137554,0.81
3,17,val,14.815180,0.82
3,18,val,4.761569,0.82
3,19,val,48.182831,0.83
3,20,val,24.175127,0.84
3,21,val,29.863604,0.85
3,22,val,32.455193,0.85
3,23,val,12.952439,0.86
3,24,val,6.266340,0.86
3,25,val,63.252148,0.87
3,26,val,10.515182,0.88
3,27,val,11.320763,0.88
3,28,val,8.428393,0.89
3,29,val,12.574211,0.89
3,30,val,8.687606,0.90
3,31,val,45.494354,0.91
3,32,val,42.591728,0.91
3,33,val,4.548408,0.92
3,34,val,28.927166,0.92
3,35,val,8.537035,0.92
4,0,train,21.018730,0.15
4,1,train,23.724449,0.19
4,2,train,24.823296,0.22
4,3,train,19.716732,0.26
4,4,train,30.020199,0.29
4,5,train,28.625280,0.33
4,6,train,18.088299,0.36
4,7,train,29.538729,0.39
4,8,train,22.662281,0.42
4,9,train,32.476120,0.46
4,10,train,21.968332,0.49
4,11,train,22.367878,0.52
4,12,train,26.828255,0.55
4,13,train,19.956413,0.58
4,0,val,8.385134,0.73
4,1,val,8.632465,0.74
4,2,val,30.368441,0.75
4,3,val,43.214069,0.76
4,4,val,5.709976,0.77
4,5,val,5.682168,0.78
4,6,val,46.825115,0.79
4,7,val,11.661346,0.80
4,8,val,10.861934,0.81
4,9,val,38.385403,0.82
4,10,val,45.156425,0.83
4,11,val,28.163589,0.84
4,12,val,42.322849,0.84
4,13,val,19.254799,0.85
4,14,val,21.110056,0.86
4,15,val,10.560377,0.87
4,16,val,31.417156,0.87
4,17,val,12.994098,0.88
4,18,val,13.345780,0.89
4,19,val,49.012218,0.90
4,20,val,15.207611,0.91
4,21,val,28.518068,0.92
4,22,val,28.410942,0.93
4,23,val,17.871523,0.94
4,24,val,7.543436,0.96
4,25,val,50.609356,0.97
4,26,val,9.951407,0.98
4,27,val,5.996739,0.98
4,28,val,8.849638,0.99
4,29,val,5.884785,1.00
4,30,val,4.665351,1.00
4,31,val,55.987659,1.01
4,32,val,38.114090,1.02
4,33,val,7.620139,1.02
4,34,val,26.722172,1.03
4,35,val,4.182237,1.03
5,0,train,24.514414,0.12
5,1,train,24.417046,0.15
5,2,train,25.467819,0.19
5,3,train,17.217257,0.22
5,4,train,17.044884,0.25
5,5,train,31.968517,0.29
5,6,train,17.523884,0.32
5,7,train,18.474091,0.35
5,8,train,31.227581,0.38
5,9,train,23.724335,0.42
5,10,train,18.718546,0.45
5,11,train,15.710246,0.48
5,12,train,21.594067,0.51
5,13,train,23.809792,0.54
5,0,val,9.487800,0.65
5,1,val,5.632947,0.66
5,2,val,28.984034,0.67
5,3,val,48.628681,0.67
5,4,val,7.905171,0.68
5,5,val,5.694351,0.69
5,6,val,43.131474,0.70
5,7,val,8.826858,0.70
5,8,val,8.407701,0.71
5,9,val,34.958073,0.72
5,10,val,40.696064,0.73
5,11,val,30.024721,0.73
5,12,val,39.409767,0.74
5,13,val,19.153856,0.75
5,14,val,19.725649,0.75
5,15,val,17.166914,0.76
5,16,val,30.131262,0.77
5,17,val,14.419465,0.77
5,18,val,6.130234,0.78
5,19,val,51.316994,0.79
5,20,val,15.439202,0.79
5,21,val,28.327934,0.80
5,22,val,26.707876,0.81
5,23,val,16.899864,0.82
5,24,val,9.898766,0.82
5,25,val,51.090820,0.83
5,26,val,6.698542,0.83
5,27,val,4.443022,0.84
5,28,val,8.272090,0.85
5,29,val,9.151194,0.85
5,30,val,14.312292,0.86
5,31,val,47.015015,0.87
5,32,val,36.522022,0.87
5,33,val,7.456421,0.87
5,34,val,25.026907,0.88
5,35,val,5.193864,0.88
6,0,train,19.922993,0.13
6,1,train,21.950947,0.17
6,2,train,18.229799,0.20
6,3,train,23.395992,0.23
6,4,train,26.582481,0.26
6,5,train,23.033260,0.29
6,6,train,32.889191,0.33
6,7,train,29.465271,0.36
6,8,train,22.201229,0.39
6,9,train,26.882607,0.42
6,10,train,30.238976,0.45
6,11,train,18.472191,0.48
6,12,train,22.983953,0.52
6,13,train,22.733555,0.55
6,0,val,6.875386,0.66
6,1,val,5.096004,0.67
6,2,val,29.161135,0.68
6,3,val,38.403839,0.68
6,4,val,6.016045,0.69
6,5,val,3.708199,0.70
6,6,val,47.721180,0.71
6,7,val,8.643194,0.72
6,8,val,5.237217,0.72
6,9,val,38.860611,0.73
6,10,val,44.145657,0.74
6,11,val,27.244171,0.74
6,12,val,34.363388,0.75
6,13,val,19.373520,0.76
6,14,val,23.322401,0.76
6,15,val,9.093308,0.77
6,16,val,28.683605,0.78
6,17,val,13.013948,0.78
6,18,val,7.176777,0.79
6,19,val,55.402718,0.80
6,20,val,17.586525,0.81
6,21,val,27.959572,0.81
6,22,val,29.516205,0.82
6,23,val,13.643350,0.83
6,24,val,14.224524,0.83
6,25,val,51.935074,0.84
6,26,val,5.382861,0.85
6,27,val,11.385756,0.85
6,28,val,5.893016,0.86
6,29,val,7.243117,0.87
6,30,val,5.562171,0.88
6,31,val,51.120518,0.88
6,32,val,36.664268,0.89
6,33,val,14.918252,0.89
6,34,val,23.499277,0.90
6,35,val,19.244766,0.91
7,0,train,19.044788,0.27
7,1,train,26.123934,0.30
7,2,train,17.772747,0.33
7,3,train,27.741774,0.36
7,4,train,25.909878,0.39
7,5,train,23.811274,0.43
7,6,train,26.779305,0.46
7,7,train,29.971302,0.49
7,8,train,20.626663,0.52
7,9,train,23.771961,0.56
7,10,train,26.493099,0.59
7,11,train,31.598749,0.62
7,12,train,23.053988,0.65
7,13,train,36.725445,0.68
7,0,val,4.774137,0.80
7,1,val,6.240794,0.80
7,2,val,36.340244,0.81
7,3,val,36.449940,0.82
7,4,val,5.196608,0.82
7,5,val,4.335936,0.83
7,6,val,39.873894,0.84
7,7,val,9.206822,0.85
7,8,val,7.332796,0.85
7,9,val,33.290367,0.86
7,10,val,40.248550,0.87
7,11,val,25.708511,0.87
7,12,val,34.606865,0.88
7,13,val,21.248468,0.88
7,14,val,19.613754,0.89
7,15,val,12.188130,0.90
7,16,val,30.578354,0.90
7,17,val,16.889185,0.91
7,18,val,7.252171,0.91
7,19,val,45.153164,0.92
7,20,val,14.553504,0.93
7,21,val,31.510969,0.94
7,22,val,32.946247,0.94
7,23,val,14.083334,0.95
7,24,val,8.712012,0.96
7,25,val,47.681149,0.96
7,26,val,10.304858,0.97
7,27,val,8.099781,0.98
7,28,val,15.587506,0.98
7,29,val,4.877990,0.99
7,30,val,4.549272,0.99
7,31,val,43.660126,1.00
7,32,val,36.644245,1.00
7,33,val,4.216050,1.01
7,34,val,22.292002,1.01
7,35,val,3.908436,1.02
8,0,train,18.228344,0.15
8,1,train,26.413258,0.18
8,2,train,22.543118,0.21
8,3,train,22.169514,0.24
8,4,train,31.820223,0.27
8,5,train,25.682594,0.31
8,6,train,22.883678,0.34
8,7,train,22.294075,0.37
8,8,train,16.926311,0.40
8,9,train,29.301798,0.44
8,10,train,23.265118,0.47
8,11,train,21.324623,0.50
8,12,train,20.620775,0.53
8,13,train,28.714451,0.56
8,0,val,6.086092,0.67
8,1,val,5.503233,0.68
8,2,val,31.713997,0.68
8,3,val,36.241203,0.69
8,4,val,10.558623,0.70
8,5,val,3.497073,0.71
8,6,val,39.164791,0.72
8,7,val,13.054393,0.73
8,8,val,3.648864,0.74
8,9,val,32.466324,0.74
8,10,val,38.376026,0.75
8,11,val,23.065382,0.76
8,12,val,31.040806,0.76
8,13,val,21.535067,0.77
8,14,val,19.959436,0.78
8,15,val,11.187481,0.78
8,16,val,27.655121,0.79
8,17,val,17.944941,0.80
8,18,val,4.205795,0.80
8,19,val,48.409027,0.81
8,20,val,13.788782,0.82
8,21,val,27.548325,0.83
8,22,val,33.224869,0.83
8,23,val,11.771412,0.84
8,24,val,7.780751,0.85
8,25,val,48.255001,0.85
8,26,val,8.219192,0.86
8,27,val,5.602837,0.87
8,28,val,7.903153,0.87
8,29,val,5.306568,0.88
8,30,val,8.947690,0.88
8,31,val,42.871258,0.89
8,32,val,44.394886,0.89
8,33,val,7.065680,0.90
8,34,val,23.537989,0.91
8,35,val,23.423208,0.91
9,0,train,24.055649,0.12
9,1,train,21.154072,0.15
9,2,train,32.178215,0.18
9,3,train,18.863832,0.21
9,4,train,21.439777,0.25
9,5,train,24.951641,0.28
9,6,train,22.970535,0.31
9,7,train,23.424656,0.34
9,8,train,22.023582,0.37
9,9,train,17.703369,0.41
9,10,train,21.522175,0.44
9,11,train,19.724363,0.47
9,12,train,24.785234,0.50
9,13,train,28.963726,0.53
9,0,val,13.899760,0.64
9,1,val,6.225017,0.65
9,2,val,29.468472,0.65
9,3,val,36.525196,0.66
9,4,val,6.111673,0.66
9,5,val,6.506521,0.67
9,6,val,44.823540,0.68
9,7,val,7.196205,0.69
9,8,val,6.826835,0.69
9,9,val,32.203674,0.70
9,10,val,40.200733,0.71
9,11,val,23.692326,0.72
9,12,val,29.703463,0.72
9,13,val,18.243721,0.73
9,14,val,17.229773,0.73
9,15,val,10.141651,0.74
9,16,val,30.506222,0.75
9,17,val,11.897873,0.75
9,18,val,4.450365,0.76
9,19,val,46.822781,0.77
9,20,val,13.604330,0.77
9,21,val,26.598904,0.78
9,22,val,25.644199,0.79
9,23,val,15.045141,0.79
9,24,val,9.097003,0.80
9,25,val,48.311031,0.81
9,26,val,5.243219,0.81
9,27,val,8.237160,0.82
9,28,val,11.451715,0.83
9,29,val,7.495149,0.83
9,30,val,5.090010,0.84
9,31,val,44.760761,0.84
9,32,val,34.929951,0.85
9,33,val,3.897207,0.85
9,34,val,28.632549,0.86
9,35,val,2.815821,0.86
10,0,train,17.010096,0.16
10,1,train,29.007008,0.21
10,2,train,22.885975,0.25
10,3,train,25.279242,0.28
10,4,train,21.723560,0.32
10,5,train,17.518446,0.36
10,6,train,25.707495,0.39
10,7,train,12.030756,0.43
10,8,train,21.572765,0.47
10,9,train,18.824938,0.50
10,10,train,17.713179,0.54
10,11,train,23.541342,0.57
10,12,train,17.816816,0.60
10,13,train,21.360016,0.64
10,0,val,4.031264,0.83
10,1,val,10.983743,0.84
10,2,val,27.688002,0.85
10,3,val,51.381493,0.86
10,4,val,5.447934,0.87
10,5,val,4.544398,0.88
10,6,val,37.679405,0.89
10,7,val,7.532519,0.89
10,8,val,3.917998,0.90
10,9,val,31.933802,0.91
10,10,val,37.471462,0.92
10,11,val,23.026148,0.93
10,12,val,30.258266,0.93
10,13,val,19.076778,0.94
10,14,val,17.339163,0.95
10,15,val,9.521214,0.96
10,16,val,32.656940,0.97
10,17,val,14.089067,0.98
10,18,val,4.530795,0.99
10,19,val,43.428066,1.00
10,20,val,14.537408,1.01
10,21,val,27.417362,1.01
10,22,val,24.633661,1.02
10,23,val,14.247811,1.03
10,24,val,3.843335,1.04
10,25,val,46.983376,1.05
10,26,val,5.818687,1.06
10,27,val,8.559156,1.07
10,28,val,4.942449,1.08
10,29,val,4.156116,1.09
10,30,val,5.966306,1.09
10,31,val,45.225262,1.10
10,32,val,33.065872,1.11
10,33,val,8.326230,1.11
10,34,val,30.677740,1.12
10,35,val,5.868137,1.12
11,0,train,25.127409,0.20
11,1,train,20.577246,0.23
11,2,train,13.413393,0.28
11,3,train,21.170025,0.31
11,4,train,17.298801,0.35
11,5,train,28.927422,0.38
11,6,train,34.150425,0.42
11,7,train,20.224821,0.45
11,8,train,18.747816,0.49
11,9,train,19.283276,0.53
11,10,train,19.495098,0.56
11,11,train,19.928844,0.59
11,12,train,19.940132,0.62
11,13,train,26.714897,0.65
11,0,val,5.500467,0.84
11,1,val,16.245281,0.85
11,2,val,27.177244,0.86
11,3,val,36.200752,0.87
11,4,val,10.048492,0.88
11,5,val,4.082120,0.89
11,6,val,36.501839,0.90
11,7,val,11.984004,0.90
11,8,val,3.883330,0.91
11,9,val,37.067757,0.92
11,10,val,40.240459,0.93
11,11,val,22.786875,0.94
11,12,val,36.445145,0.94
11,13,val,18.280828,0.95
11,14,val,16.750744,0.96
11,15,val,8.306936,0.97
11,16,val,27.511801,0.98
11,17,val,16.964653,0.99
11,18,val,6.578004,1.00
11,19,val,43.078625,1.00
11,20,val,18.902416,1.01
11,21,val,24.795397,1.02
11,22,val,27.648605,1.03
11,23,val,9.843791,1.04
11,24,val,6.530630,1.05
11,25,val,46.342648,1.06
11,26,val,4.949857,1.07
11,27,val,5.463712,1.08
11,28,val,16.138821,1.09
11,29,val,6.330293,1.10
11,30,val,8.661705,1.11
11,31,val,50.654560,1.11
11,32,val,32.968689,1.12
11,33,val,5.358906,1.12
11,34,val,23.258413,1.13
11,35,val,3.540747,1.14
12,0,train,19.187086,0.18
12,1,train,18.600142,0.22
12,2,train,20.100616,0.25
12,3,train,20.994865,0.29
12,4,train,27.328268,0.33
12,5,train,17.602959,0.37
12,6,train,16.562176,0.40
12,7,train,21.152874,0.44
12,8,train,26.553919,0.47
12,9,train,15.273026,0.51
12,10,train,19.598093,0.54
12,11,train,21.257164,0.57
12,12,train,16.728809,0.60
12,13,train,18.936665,0.63
12,0,val,6.431973,0.80
12,1,val,6.428846,0.82
12,2,val,36.070869,0.83
12,3,val,36.192650,0.84
12,4,val,12.775113,0.85
12,5,val,6.798992,0.86
12,6,val,35.345757,0.87
12,7,val,6.965281,0.88
12,8,val,3.745489,0.89
12,9,val,33.118607,0.89
12,10,val,42.247200,0.90
12,11,val,22.209929,0.91
12,12,val,33.015362,0.93
12,13,val,16.005934,0.94
12,14,val,32.726254,0.95
12,15,val,8.547070,0.96
12,16,val,26.435869,0.97
12,17,val,10.611434,0.97
12,18,val,8.937596,0.98
12,19,val,42.369095,0.98
12,20,val,15.708922,0.99
12,21,val,26.804892,1.00
12,22,val,23.110014,1.00
12,23,val,10.991775,1.01
12,24,val,5.840041,1.02
12,25,val,46.701614,1.02
12,26,val,6.347740,1.03
12,27,val,4.025632,1.04
12,28,val,6.553835,1.04
12,29,val,3.837624,1.05
12,30,val,5.818934,1.05
12,31,val,42.491959,1.06
12,32,val,34.694977,1.06
12,33,val,2.632637,1.07
12,34,val,22.500605,1.07
12,35,val,4.126819,1.08
13,0,train,25.995792,0.15
13,1,train,17.663980,0.18
13,2,train,17.714170,0.22
13,3,train,18.352959,0.25
13,4,train,18.650661,0.28
13,5,train,19.219168,0.31
13,6,train,23.666611,0.35
13,7,train,20.536129,0.38
13,8,train,16.684132,0.41
13,9,train,30.006079,0.46
13,10,train,17.840466,0.49
13,11,train,23.065868,0.52
13,12,train,18.535128,0.55
13,13,train,22.992071,0.58
13,0,val,5.296733,0.69
13,1,val,7.573175,0.70
13,2,val,25.678989,0.70
13,3,val,34.318077,0.71
13,4,val,3.830957,0.71
13,5,val,3.262208,0.72
13,6,val,45.072670,0.73
13,7,val,8.070355,0.74
13,8,val,5.050537,0.75
13,9,val,29.843693,0.75
13,10,val,34.688896,0.76
13,11,val,25.114132,0.76
13,12,val,27.286533,0.77
13,13,val,20.493168,0.78
13,14,val,16.239178,0.78
13,15,val,7.859108,0.79
13,16,val,25.996426,0.80
13,17,val,14.692874,0.80
13,18,val,4.500792,0.81
13,19,val,44.467239,0.82
13,20,val,13.611776,0.83
13,21,val,26.707857,0.84
13,22,val,24.151348,0.84
13,23,val,12.777328,0.85
13,24,val,5.720896,0.86
13,25,val,45.375118,0.86
13,26,val,10.754154,0.87
13,27,val,7.003201,0.88
13,28,val,4.937350,0.88
13,29,val,5.304458,0.89
13,30,val,4.321694,0.90
13,31,val,40.425629,0.90
13,32,val,31.106340,0.91
13,33,val,6.277052,0.91
13,34,val,21.294271,0.91
13,35,val,2.974327,0.92
14,0,train,18.752991,0.12
14,1,train,14.781771,0.16
14,2,train,17.043392,0.19
14,3,train,21.181675,0.22
14,4,train,13.649729,0.27
14,5,train,22.237274,0.30
14,6,train,16.536041,0.33
14,7,train,21.368771,0.37
14,8,train,17.379732,0.40
14,9,train,21.537493,0.43
14,10,train,13.932085,0.46
14,11,train,14.879059,0.50
14,12,train,19.708313,0.53
14,13,train,17.666340,0.56
14,0,val,9.821018,0.68
14,1,val,7.427684,0.68
14,2,val,25.930529,0.69
14,3,val,38.330070,0.70
14,4,val,4.992026,0.70
14,5,val,7.333931,0.71
14,6,val,35.899586,0.72
14,7,val,9.268312,0.73
14,8,val,3.947116,0.73
14,9,val,28.036703,0.74
14,10,val,34.895103,0.75
14,11,val,31.353001,0.75
14,12,val,28.761623,0.76
14,13,val,26.303850,0.77
14,14,val,15.980437,0.77
14,15,val,9.475513,0.78
14,16,val,26.230829,0.79
14,17,val,9.528642,0.79
14,18,val,6.552013,0.80
14,19,val,42.421772,0.81
14,20,val,15.304254,0.82
14,21,val,26.906427,0.82
14,22,val,27.121185,0.83
14,23,val,9.741738,0.84
14,24,val,4.618752,0.84
14,25,val,46.605240,0.85
14,26,val,5.607882,0.86
14,27,val,4.518257,0.86
14,28,val,4.703535,0.87
14,29,val,6.719163,0.88
14,30,val,10.605779,0.88
14,31,val,41.678799,0.89
14,32,val,32.709278,0.89
14,33,val,4.156321,0.90
14,34,val,24.270145,0.90
14,35,val,10.910689,0.91
15,0,train,17.696522,0.12
15,1,train,25.759384,0.16
15,2,train,22.712788,0.19
15,3,train,13.744766,0.22
15,4,train,21.212708,0.25
15,5,train,18.362307,0.29
15,6,train,16.854359,0.32
15,7,train,25.153896,0.36
15,8,train,23.753719,0.39
15,9,train,13.523918,0.42
15,10,train,11.499502,0.45
15,11,train,21.710962,0.48
15,12,train,16.160706,0.52
15,13,train,11.768381,0.55
15,0,val,4.209566,0.66
15,1,val,6.779512,0.67
15,2,val,25.740858,0.67
15,3,val,33.377846,0.68
15,4,val,4.817461,0.69
15,5,val,5.098039,0.70
15,6,val,36.253204,0.70
15,7,val,8.972353,0.71
15,8,val,4.158175,0.72
15,9,val,46.422344,0.72
15,10,val,36.249912,0.73
15,11,val,26.416624,0.74
15,12,val,29.085520,0.74
15,13,val,15.367074,0.75
15,14,val,21.155178,0.76
15,15,val,8.252453,0.76
15,16,val,26.805986,0.77
15,17,val,10.583963,0.77
15,18,val,9.731877,0.78
15,19,val,45.121220,0.79
15,20,val,12.243786,0.80
15,21,val,28.531368,0.80
15,22,val,24.666536,0.81
15,23,val,14.365522,0.82
15,24,val,4.355264,0.82
15,25,val,45.021179,0.83
15,26,val,5.075450,0.84
15,27,val,3.456851,0.84
15,28,val,5.975813,0.85
15,29,val,6.986145,0.86
15,30,val,7.029051,0.86
15,31,val,39.078300,0.87
15,32,val,30.556759,0.87
15,33,val,4.378338,0.88
15,34,val,19.495525,0.88
15,35,val,3.360748,0.89
16,0,train,22.426985,0.12
16,1,train,17.862398,0.16
16,2,train,9.380314,0.19
16,3,train,26.110512,0.22
16,4,train,16.973669,0.25
16,5,train,29.403461,0.29
16,6,train,18.632729,0.32
16,7,train,17.988705,0.35
16,8,train,17.078051,0.38
16,9,train,15.316133,0.42
16,10,train,16.385536,0.45
16,11,train,17.837364,0.48
16,12,train,15.872518,0.51
16,13,train,15.875959,0.55
16,0,val,4.040103,0.67
16,1,val,10.939136,0.67
16,2,val,25.023111,0.68
16,3,val,39.189228,0.69
16,4,val,6.630183,0.70
16,5,val,4.935451,0.70
16,6,val,35.153034,0.71
16,7,val,6.553315,0.72
16,8,val,6.885631,0.72
16,9,val,26.805033,0.73
16,10,val,33.105049,0.74
16,11,val,20.854340,0.75
16,12,val,29.125408,0.75
16,13,val,15.281228,0.76
16,14,val,15.477365,0.77
16,15,val,7.943260,0.77
16,16,val,25.033930,0.78
16,17,val,16.412647,0.79
16,18,val,5.254462,0.80
16,19,val,48.328884,0.81
16,20,val,13.150759,0.81
16,21,val,24.583279,0.82
16,22,val,22.516636,0.83
16,23,val,9.321897,0.83
16,24,val,10.597355,0.84
16,25,val,43.124805,0.85
16,26,val,7.381157,0.85
16,27,val,4.034215,0.86
16,28,val,7.664571,0.87
16,29,val,6.197472,0.88
16,30,val,4.498929,0.88
16,31,val,38.206676,0.89
16,32,val,34.871086,0.90
16,33,val,4.503770,0.90
16,34,val,23.590103,0.91
16,35,val,2.677335,0.91
17,0,train,21.517595,0.15
17,1,train,24.184416,0.18
17,2,train,15.918058,0.22
17,3,train,14.412292,0.25
17,4,train,24.236610,0.28
17,5,train,13.646965,0.32
17,6,train,16.173109,0.35
17,7,train,20.543810,0.38
17,8,train,13.096723,0.41
17,9,train,19.306942,0.45
17,10,train,20.973972,0.48
17,11,train,24.473337,0.51
17,12,train,11.571441,0.54
17,13,train,16.204746,0.57
17,0,val,6.140302,0.68
17,1,val,4.917774,0.69
17,2,val,25.456625,0.70
17,3,val,34.613705,0.70
17,4,val,9.342279,0.71
17,5,val,4.709256,0.72
17,6,val,35.092571,0.73
17,7,val,6.101043,0.73
17,8,val,4.867242,0.74
17,9,val,27.428764,0.75
17,10,val,38.340935,0.76
17,11,val,20.757343,0.76
17,12,val,27.777086,0.77
17,13,val,14.145929,0.78
17,14,val,21.082678,0.78
17,15,val,7.982878,0.79
17,16,val,35.585831,0.79
17,17,val,9.549258,0.80
17,18,val,3.768049,0.81
17,19,val,39.246292,0.81
17,20,val,11.502975,0.82
17,21,val,24.800390,0.83
17,22,val,21.189966,0.84
17,23,val,10.929315,0.85
17,24,val,3.087448,0.85
17,25,val,55.707439,0.86
17,26,val,8.480488,0.87
17,27,val,6.235682,0.87
17,28,val,5.645537,0.88
17,29,val,5.445850,0.89
17,30,val,5.352280,0.89
17,31,val,43.535507,0.90
17,32,val,29.163748,0.90
17,33,val,3.897925,0.91
17,34,val,20.686485,0.91
17,35,val,4.126764,0.92
18,0,train,17.015091,0.20
18,1,train,20.493273,0.23
18,2,train,16.146318,0.26
18,3,train,18.114086,0.30
18,4,train,16.037294,0.33
18,5,train,15.705167,0.36
18,6,train,18.935715,0.40
18,7,train,24.335539,0.43
18,8,train,17.777874,0.46
18,9,train,15.296309,0.50
18,10,train,11.022939,0.53
18,11,train,14.018195,0.56
18,12,train,21.357306,0.59
18,13,train,15.044257,0.62
18,0,val,4.819974,0.74
18,1,val,10.740058,0.75
18,2,val,25.612320,0.76
18,3,val,34.380257,0.78
18,4,val,4.001559,0.79
18,5,val,8.892227,0.80
18,6,val,33.058685,0.81
18,7,val,8.175142,0.82
18,8,val,3.666893,0.82
18,9,val,28.726501,0.83
18,10,val,33.309185,0.84
18,11,val,21.407381,0.85
18,12,val,29.736917,0.86
18,13,val,24.504900,0.87
18,14,val,15.159960,0.88
18,15,val,6.889434,0.89
18,16,val,28.690838,0.90
18,17,val,10.789302,0.91
18,18,val,3.608179,0.92
18,19,val,39.688484,0.93
18,20,val,11.713799,0.94
18,21,val,23.517206,0.94
18,22,val,23.654305,0.95
18,23,val,10.499247,0.96
18,24,val,5.284494,0.97
18,25,val,42.935490,0.98
18,26,val,7.238838,0.99
18,27,val,6.098275,0.99
18,28,val,5.472996,1.00
18,29,val,5.121990,1.01
18,30,val,4.398452,1.01
18,31,val,38.918919,1.02
18,32,val,31.037518,1.03
18,33,val,5.168509,1.04
18,34,val,19.435434,1.04
18,35,val,3.981392,1.04
19,0,train,16.176155,0.20
19,1,train,17.904089,0.24
19,2,train,21.824970,0.27
19,3,train,12.294029,0.30
19,4,train,16.890959,0.34
19,5,train,18.083057,0.37
19,6,train,16.773800,0.40
19,7,train,10.650846,0.44
19,8,train,19.290585,0.48
19,9,train,16.681204,0.51
19,10,train,15.202350,0.54
19,11,train,20.857819,0.57
19,12,train,16.486418,0.60
19,13,train,19.273354,0.64
19,0,val,4.928838,0.75
19,1,val,5.308983,0.75
19,2,val,24.061180,0.76
19,3,val,30.879520,0.77
19,4,val,5.246637,0.77
19,5,val,11.668649,0.78
19,6,val,35.704460,0.79
19,7,val,7.202729,0.80
19,8,val,4.299657,0.81
19,9,val,27.546164,0.82
19,10,val,35.836029,0.83
19,11,val,19.727167,0.84
19,12,val,33.965023,0.84
19,13,val,16.725401,0.85
19,14,val,14.655187,0.86
19,15,val,8.388177,0.86
19,16,val,23.143393,0.87
19,17,val,11.323025,0.87
19,18,val,7.319907,0.88
19,19,val,38.281284,0.89
19,20,val,12.258703,0.90
19,21,val,24.274147,0.90
19,22,val,20.606880,0.91
19,23,val,7.787735,0.92
19,24,val,3.438577,0.92
19,25,val,44.099522,0.93
19,26,val,9.676133,0.93
19,27,val,6.870003,0.94
19,28,val,7.171585,0.95
19,29,val,12.014350,0.95
19,30,val,5.866679,0.96
19,31,val,40.112427,0.97
19,32,val,32.768360,0.97
19,33,val,4.479630,0.98
19,34,val,19.855942,0.98
19,35,val,5.417733,0.98
20,0,train,16.736460,0.13
20,1,train,14.438814,0.17
20,2,train,15.160551,0.20
20,3,train,18.844296,0.23
20,4,train,18.387791,0.27
20,5,train,16.967165,0.31
20,6,train,23.826839,0.35
20,7,train,11.672849,0.39
20,8,train,14.992724,0.43
20,9,train,21.241468,0.46
20,10,train,14.487427,0.50
20,11,train,25.648363,0.53
20,12,train,23.160612,0.56
20,13,train,18.578041,0.59
20,0,val,6.019855,0.70
20,1,val,5.857236,0.71
20,2,val,24.114922,0.72
20,3,val,33.755409,0.72
20,4,val,5.977604,0.73
20,5,val,4.964542,0.74
20,6,val,32.128822,0.75
20,7,val,10.896853,0.76
20,8,val,12.477345,0.77
20,9,val,33.776310,0.77
20,10,val,35.219383,0.78
20,11,val,24.618692,0.79
20,12,val,26.156170,0.79
20,13,val,14.093453,0.80
20,14,val,14.183384,0.80
20,15,val,7.865046,0.81
20,16,val,26.185446,0.82
20,17,val,11.467712,0.82
20,18,val,4.483331,0.83
20,19,val,37.900326,0.84
20,20,val,17.414509,0.84
20,21,val,23.089302,0.85
20,22,val,21.787281,0.86
20,23,val,16.401409,0.86
20,24,val,3.738201,0.87
20,25,val,41.165096,0.88
20,26,val,7.144783,0.88
20,27,val,6.208059,0.89
20,28,val,3.799619,0.89
20,29,val,4.436490,0.90
20,30,val,12.509482,0.91
20,31,val,44.109913,0.91
20,32,val,27.495783,0.92
20,33,val,2.902811,0.92
20,34,val,17.959499,0.93
20,35,val,4.978945,0.93
21,0,train,15.288439,0.12
21,1,train,14.212084,0.15
21,2,train,20.213436,0.18
21,3,train,18.419891,0.21
21,4,train,11.861692,0.25
21,5,train,17.403339,0.29
21,6,train,12.136641,0.32
21,7,train,11.238758,0.36
21,8,train,12.446466,0.41
21,9,train,12.088739,0.45
21,10,train,15.844354,0.48
21,11,train,17.572094,0.51
21,12,train,14.211145,0.54
21,13,train,13.929943,0.57
21,0,val,5.023937,0.74
21,1,val,12.559278,0.76
21,2,val,28.115871,0.77
21,3,val,31.107483,0.78
21,4,val,5.870100,0.78
21,5,val,6.532883,0.79
21,6,val,32.551132,0.80
21,7,val,5.830720,0.81
21,8,val,8.931032,0.82
21,9,val,30.144604,0.83
21,10,val,31.911783,0.83
21,11,val,21.309025,0.84
21,12,val,27.687296,0.85
21,13,val,14.702616,0.86
21,14,val,14.229654,0.87
21,15,val,7.411880,0.88
21,16,val,24.978409,0.88
21,17,val,10.310367,0.89
21,18,val,4.248371,0.90
21,19,val,48.104885,0.91
21,20,val,12.953272,0.91
21,21,val,25.494051,0.92
21,22,val,20.740591,0.93
21,23,val,14.235969,0.94
21,24,val,4.862444,0.95
21,25,val,40.508072,0.95
21,26,val,5.966848,0.96
21,27,val,4.783648,0.97
21,28,val,4.626561,0.98
21,29,val,8.920615,0.99
21,30,val,5.915237,1.00
21,31,val,41.485447,1.00
21,32,val,33.057293,1.01
21,33,val,10.192357,1.02
21,34,val,18.930826,1.02
21,35,val,5.502392,1.03
22,0,train,19.518307,0.20
22,1,train,12.696747,0.25
22,2,train,30.448738,0.28
22,3,train,18.150003,0.32
22,4,train,11.953617,0.36
22,5,train,16.665373,0.39
22,6,train,19.100864,0.43
22,7,train,26.169317,0.46
22,8,train,15.178600,0.50
22,9,train,13.812380,0.53
22,10,train,20.695488,0.57
22,11,train,17.356491,0.60
22,12,train,10.023778,0.63
22,13,train,15.004579,0.66
22,0,val,7.135013,0.83
22,1,val,4.189661,0.84
22,2,val,24.190229,0.86
22,3,val,35.678326,0.87
22,4,val,3.087459,0.87
22,5,val,9.217538,0.88
22,6,val,29.631304,0.90
22,7,val,6.762812,0.90
22,8,val,3.481904,0.91
22,9,val,27.252764,0.92
22,10,val,31.846106,0.93
22,11,val,21.443716,0.94
22,12,val,24.853933,0.95
22,13,val,19.093801,0.96
22,14,val,16.665478,0.97
22,15,val,7.209124,0.98
22,16,val,26.667683,0.99
22,17,val,11.371474,1.00
22,18,val,5.197919,1.01
22,19,val,42.012226,1.02
22,20,val,11.742511,1.03
22,21,val,23.769733,1.04
22,22,val,22.014215,1.06
22,23,val,10.601649,1.07
22,24,val,9.068480,1.08
22,25,val,40.031216,1.09
22,26,val,4.736228,1.10
22,27,val,4.433193,1.11
22,28,val,4.372632,1.12
22,29,val,9.019583,1.13
22,30,val,5.416827,1.14
22,31,val,37.853580,1.15
22,32,val,30.403826,1.16
22,33,val,5.704381,1.16
22,34,val,20.941328,1.17
22,35,val,7.721437,1.18
23,0,train,14.096039,0.23
23,1,train,11.505741,0.27
23,2,train,15.288402,0.31
23,3,train,14.513867,0.35
23,4,train,17.237263,0.39
23,5,train,14.021742,0.43
23,6,train,14.732852,0.46
23,7,train,16.733496,0.49
23,8,train,19.948420,0.53
23,9,train,11.568709,0.56
23,10,train,17.548512,0.60
23,11,train,18.089752,0.64
23,12,train,23.073618,0.67
23,13,train,19.029745,0.70
23,0,val,7.044934,0.87
23,1,val,4.937915,0.89
23,2,val,22.931162,0.90
23,3,val,35.561916,0.91
23,4,val,7.217290,0.92
23,5,val,10.924701,0.93
23,6,val,30.587452,0.94
23,7,val,8.349604,0.95
23,8,val,4.804243,0.96
23,9,val,24.904440,0.97
23,10,val,30.732979,0.98
23,11,val,19.567364,0.99
23,12,val,29.235149,1.00
23,13,val,13.718664,1.01
23,14,val,17.925991,1.02
23,15,val,7.058711,1.03
23,16,val,24.269873,1.04
23,17,val,10.848719,1.05
23,18,val,3.256210,1.06
23,19,val,37.634445,1.07
23,20,val,10.793827,1.08
23,21,val,27.729206,1.09
23,22,val,20.948942,1.10
23,23,val,8.024994,1.11
23,24,val,3.320096,1.12
23,25,val,39.525059,1.13
23,26,val,5.714872,1.14
23,27,val,9.300317,1.15
23,28,val,9.489741,1.16
23,29,val,8.210875,1.18
23,30,val,5.683980,1.19
23,31,val,36.606758,1.20
23,32,val,27.682541,1.20
23,33,val,4.224578,1.21
23,34,val,18.950098,1.21
23,35,val,7.624753,1.21
24,0,train,19.261204,0.14
24,1,train,17.394169,0.18
24,2,train,16.032724,0.21
24,3,train,9.032442,0.24
24,4,train,13.284235,0.28
24,5,train,17.819752,0.31
24,6,train,22.990988,0.35
24,7,train,20.515091,0.38
24,8,train,16.191807,0.41
24,9,train,18.389553,0.45
24,10,train,19.133329,0.48
24,11,train,13.775247,0.51
24,12,train,11.135656,0.54
24,13,train,18.832796,0.58
24,0,val,5.535066,0.69
24,1,val,5.306516,0.70
24,2,val,27.053551,0.71
24,3,val,29.766296,0.71
24,4,val,6.356691,0.72
24,5,val,3.867899,0.73
24,6,val,29.797398,0.74
24,7,val,6.918144,0.74
24,8,val,3.246792,0.75
24,9,val,24.571743,0.76
24,10,val,30.101482,0.76
24,11,val,18.658775,0.77
24,12,val,24.692011,0.77
24,13,val,13.682818,0.78
24,14,val,15.450558,0.79
24,15,val,6.482701,0.79
24,16,val,22.645052,0.80
24,17,val,10.725058,0.81
24,18,val,10.127990,0.81
24,19,val,37.843056,0.82
24,20,val,11.033154,0.82
24,21,val,27.179993,0.83
24,22,val,20.810600,0.84
24,23,val,11.843334,0.85
24,24,val,4.183146,0.85
24,25,val,39.612820,0.86
24,26,val,4.283665,0.87
24,27,val,4.580353,0.87
24,28,val,4.457831,0.88
24,29,val,4.532234,0.89
24,30,val,4.048162,0.89
24,31,val,36.129608,0.90
24,32,val,27.932949,0.90
24,33,val,2.554068,0.91
24,34,val,22.067188,0.91
24,35,val,6.547095,0.91
25,0,train,12.944716,0.17
25,1,train,16.353504,0.20
25,2,train,18.421043,0.23
25,3,train,15.010307,0.27
25,4,train,20.165741,0.30
25,5,train,14.774092,0.34
25,6,train,14.082924,0.37
25,7,train,14.158829,0.40
25,8,train,16.289272,0.44
25,9,train,15.863178,0.47
25,10,train,16.983173,0.50
25,11,train,20.160311,0.54
25,12,train,14.974675,0.57
25,13,train,13.488893,0.61
25,0,val,5.315894,0.73
25,1,val,4.554619,0.74
25,2,val,22.697613,0.74
25,3,val,28.159636,0.75
25,4,val,3.701131,0.76
25,5,val,4.577351,0.77
25,6,val,32.234589,0.77
25,7,val,11.175248,0.78
25,8,val,3.381365,0.79
25,9,val,28.639563,0.80
25,10,val,31.837231,0.80
25,11,val,17.791449,0.81
25,12,val,28.260702,0.81
25,13,val,13.396064,0.82
25,14,val,15.044627,0.83
25,15,val,7.292243,0.84
25,16,val,23.412006,0.85
25,17,val,11.477485,0.86
25,18,val,4.831415,0.86
25,19,val,38.816986,0.87
25,20,val,10.852344,0.88
25,21,val,23.422598,0.88
25,22,val,20.314939,0.89
25,23,val,9.244152,0.90
25,24,val,4.590755,0.90
25,25,val,40.866844,0.91
25,26,val,5.032280,0.91
25,27,val,9.135436,0.92
25,28,val,10.551689,0.93
25,29,val,6.071280,0.93
25,30,val,3.664307,0.94
25,31,val,37.484421,0.95
25,32,val,26.835106,0.95
25,33,val,5.222019,0.96
25,34,val,23.385290,0.96
25,35,val,3.384171,0.97
26,0,train,14.798511,0.14
26,1,train,15.209516,0.19
26,2,train,17.119957,0.22
26,3,train,19.578293,0.26
26,4,train,14.052948,0.29
26,5,train,18.785690,0.32
26,6,train,18.034401,0.36
26,7,train,12.491802,0.40
26,8,train,17.312244,0.44
26,9,train,17.280722,0.48
26,10,train,14.648729,0.51
26,11,train,19.085001,0.55
26,12,train,14.810714,0.58
26,13,train,11.971081,0.62
26,0,val,6.427555,0.75
26,1,val,5.821279,0.76
26,2,val,24.599688,0.77
26,3,val,30.519375,0.79
26,4,val,4.646249,0.80
26,5,val,4.311084,0.81
26,6,val,28.185535,0.82
26,7,val,7.296122,0.83
26,8,val,3.180453,0.83
26,9,val,27.457256,0.84
26,10,val,32.097298,0.85
26,11,val,18.056839,0.85
26,12,val,24.748610,0.86
26,13,val,14.195132,0.86
26,14,val,14.421239,0.87
26,15,val,7.288570,0.88
26,16,val,23.095982,0.89
26,17,val,10.357578,0.90
26,18,val,4.551049,0.91
26,19,val,37.016617,0.92
26,20,val,10.709332,0.93
26,21,val,27.111490,0.94
26,22,val,21.295692,0.95
26,23,val,8.639264,0.95
26,24,val,3.845746,0.96
26,25,val,40.920540,0.97
26,26,val,4.866339,0.98
26,27,val,4.933110,0.99
26,28,val,4.673955,0.99
26,29,val,4.827825,1.01
26,30,val,5.879712,1.02
26,31,val,35.515869,1.02
26,32,val,25.103905,1.03
26,33,val,4.486675,1.03
26,34,val,20.606236,1.04
26,35,val,5.771003,1.04
27,0,train,12.635099,0.18
27,1,train,10.247436,0.21
27,2,train,13.162333,0.25
27,3,train,18.915871,0.28
27,4,train,13.868762,0.31
27,5,train,14.653519,0.34
27,6,train,12.956282,0.38
27,7,train,13.634192,0.41
27,8,train,17.749680,0.44
27,9,train,17.385624,0.48
27,10,train,12.040064,0.51
27,11,train,22.742359,0.54
27,12,train,13.628700,0.58
27,13,train,21.463190,0.61
27,0,val,5.194523,0.73
27,1,val,9.628199,0.74
27,2,val,23.390848,0.75
27,3,val,30.183636,0.76
27,4,val,7.879826,0.76
27,5,val,4.705612,0.77
27,6,val,30.581593,0.78
27,7,val,6.790166,0.78
27,8,val,5.696704,0.79
27,9,val,27.482340,0.80
27,10,val,29.600767,0.80
27,11,val,17.916914,0.81
27,12,val,25.370176,0.81
27,13,val,12.154461,0.82
27,14,val,16.165346,0.83
27,15,val,10.597425,0.83
27,16,val,23.706631,0.84
27,17,val,9.979750,0.85
27,18,val,4.280364,0.86
27,19,val,36.167088,0.86
27,20,val,11.108969,0.87
27,21,val,21.923855,0.88
27,22,val,20.765793,0.88
27,23,val,8.652830,0.89
27,24,val,4.227118,0.90
27,25,val,38.624775,0.90
27,26,val,5.341216,0.91
27,27,val,4.072792,0.92
27,28,val,4.842877,0.92
27,29,val,5.126793,0.93
27,30,val,4.462703,0.93
27,31,val,37.337891,0.94
27,32,val,25.935030,0.95
27,33,val,4.648568,0.95
27,34,val,16.538298,0.96
27,35,val,6.329963,0.96
28,0,train,15.028108,0.14
28,1,train,14.053729,0.17
28,2,train,24.413067,0.20
28,3,train,11.475502,0.24
28,4,train,22.036064,0.27
28,5,train,18.079739,0.30
28,6,train,18.321724,0.34
28,7,train,16.748079,0.37
28,8,train,14.814565,0.41
28,9,train,14.466425,0.44
28,10,train,13.712423,0.47
28,11,train,11.667141,0.51
28,12,train,24.158226,0.54
28,13,train,12.021663,0.57
28,0,val,11.958434,0.69
28,1,val,7.189489,0.70
28,2,val,22.170012,0.70
28,3,val,27.737598,0.71
28,4,val,3.356323,0.72
28,5,val,7.196379,0.73
28,6,val,27.015030,0.73
28,7,val,8.123008,0.74
28,8,val,3.278118,0.75
28,9,val,23.249413,0.76
28,10,val,30.675390,0.76
28,11,val,18.584126,0.77
28,12,val,23.909550,0.78
28,13,val,11.754778,0.78
28,14,val,13.734477,0.79
28,15,val,6.188955,0.79
28,16,val,23.909597,0.80
28,17,val,9.368540,0.81
28,18,val,5.385041,0.82
28,19,val,34.966866,0.82
28,20,val,10.450795,0.83
28,21,val,21.884306,0.84
28,22,val,22.122049,0.84
28,23,val,7.185608,0.85
28,24,val,5.451767,0.86
28,25,val,46.163673,0.86
28,26,val,5.845107,0.87
28,27,val,8.803469,0.88
28,28,val,6.841354,0.88
28,29,val,5.236312,0.89
28,30,val,10.369825,0.90
28,31,val,35.832993,0.90
28,32,val,26.681356,0.91
28,33,val,4.736805,0.91
28,34,val,19.041700,0.91
28,35,val,5.316141,0.92
29,0,train,12.403942,0.12
29,1,train,13.746322,0.15
29,2,train,14.743627,0.18
29,3,train,18.386076,0.21
29,4,train,12.264320,0.25
29,5,train,18.598587,0.28
29,6,train,13.902968,0.32
29,7,train,23.551880,0.35
29,8,train,15.134701,0.38
29,9,train,13.759385,0.42
29,10,train,23.789135,0.45
29,11,train,17.006685,0.48
29,12,train,13.796034,0.51
29,13,train,10.191866,0.55
29,0,val,7.094193,0.66
29,1,val,8.157873,0.67
29,2,val,33.263504,0.68
29,3,val,27.737852,0.68
29,4,val,7.513802,0.69
29,5,val,4.666274,0.70
29,6,val,30.089003,0.71
29,7,val,7.159327,0.71
29,8,val,4.144794,0.72
29,9,val,23.189966,0.73
29,10,val,29.863747,0.73
29,11,val,17.083727,0.74
29,12,val,23.349138,0.75
29,13,val,13.195560,0.75
29,14,val,14.916090,0.76
29,15,val,9.047190,0.77
29,16,val,22.481102,0.77
29,17,val,13.613231,0.78
29,18,val,6.044169,0.79
29,19,val,37.223511,0.79
29,20,val,15.420506,0.80
29,21,val,23.802441,0.81
29,22,val,19.257666,0.82
29,23,val,12.201611,0.82
29,24,val,2.610824,0.83
29,25,val,38.106400,0.84
29,26,val,4.453776,0.84
29,27,val,3.683507,0.85
29,28,val,8.119728,0.86
29,29,val,5.609231,0.86
29,30,val,5.596888,0.87
29,31,val,35.572254,0.88
29,32,val,25.482821,0.88
29,33,val,3.658052,0.89
29,34,val,16.400990,0.89
29,35,val,4.614339,0.90
30,0,train,17.824757,0.13
30,1,train,15.315310,0.16
30,2,train,15.098145,0.20
30,3,train,11.955700,0.23
30,4,train,17.337887,0.26
30,5,train,21.774973,0.30
30,6,train,15.337186,0.33
30,7,train,17.071930,0.36
30,8,train,13.360909,0.41
30,9,train,15.999888,0.44
30,10,train,20.090782,0.47
30,11,train,17.479347,0.51
30,12,train,11.029206,0.54
30,13,train,17.375259,0.57
30,0,val,9.650976,0.68
30,1,val,8.017563,0.69
30,2,val,21.049690,0.70
30,3,val,29.199175,0.70
30,4,val,5.619766,0.71
30,5,val,5.373925,0.72
30,6,val,27.322994,0.73
30,7,val,8.819278,0.73
30,8,val,3.926055,0.74
30,9,val,28.122885,0.75
30,10,val,27.931101,0.75
30,11,val,16.491314,0.76
30,12,val,24.566841,0.77
30,13,val,13.835216,0.77
30,14,val,14.521402,0.78
30,15,val,6.607994,0.78
30,16,val,21.862921,0.79
30,17,val,15.521126,0.80
30,18,val,3.872618,0.80
30,19,val,38.553211,0.81
30,20,val,10.392047,0.82
30,21,val,21.887856,0.82
30,22,val,26.846945,0.83
30,23,val,9.797574,0.84
30,24,val,5.124394,0.84
30,25,val,37.186253,0.85
30,26,val,3.971697,0.86
30,27,val,7.105882,0.86
30,28,val,4.244106,0.87
30,29,val,4.688228,0.87
30,30,val,13.068521,0.88
30,31,val,34.231892,0.89
30,32,val,24.348150,0.89
30,33,val,2.761003,0.90
30,34,val,16.391186,0.90
30,35,val,4.068506,0.90
31,0,train,21.062702,0.16
31,1,train,13.765230,0.19
31,2,train,12.171736,0.22
31,3,train,13.471594,0.26
31,4,train,14.158452,0.30
31,5,train,14.809549,0.33
31,6,train,15.142448,0.36
31,7,train,10.321281,0.40
31,8,train,13.914007,0.43
31,9,train,10.115191,0.46
31,10,train,13.337702,0.49
31,11,train,10.418698,0.53
31,12,train,12.724188,0.56
31,13,train,16.748850,0.59
31,0,val,6.096196,0.71
31,1,val,4.464462,0.72
31,2,val,21.948612,0.72
31,3,val,32.776382,0.73
31,4,val,3.642071,0.74
31,5,val,4.036075,0.75
31,6,val,26.075256,0.75
31,7,val,20.854050,0.76
31,8,val,6.912247,0.77
31,9,val,25.087494,0.77
31,10,val,28.740551,0.78
31,11,val,17.288519,0.79
31,12,val,23.932833,0.79
31,13,val,11.890440,0.80
31,14,val,12.151596,0.81
31,15,val,5.908190,0.81
31,16,val,20.819719,0.82
31,17,val,9.844705,0.83
31,18,val,4.377464,0.83
31,19,val,34.151356,0.84
31,20,val,12.678594,0.85
31,21,val,24.490963,0.86
31,22,val,18.654095,0.87
31,23,val,7.017662,0.87
31,24,val,5.328958,0.88
31,25,val,37.225880,0.89
31,26,val,4.761158,0.89
31,27,val,10.131787,0.90
31,28,val,5.516374,0.91
31,29,val,4.497987,0.91
31,30,val,3.602617,0.92
31,31,val,33.502602,0.93
31,32,val,24.889477,0.93
31,33,val,3.181276,0.94
31,34,val,19.779207,0.94
31,35,val,13.986708,0.95
32,0,train,11.146669,0.23
32,1,train,11.687794,0.27
32,2,train,15.365766,0.31
32,3,train,15.647442,0.35
32,4,train,19.969101,0.39
32,5,train,11.694183,0.43
32,6,train,15.272228,0.46
32,7,train,20.593124,0.50
32,8,train,14.383934,0.55
32,9,train,12.891560,0.60
32,10,train,9.837804,0.63
32,11,train,13.909982,0.67
32,12,train,12.369329,0.70
32,13,train,14.178845,0.73
32,0,val,5.768939,0.90
32,1,val,3.946337,0.91
32,2,val,26.382120,0.92
32,3,val,28.202219,0.93
32,4,val,3.307315,0.94
32,5,val,6.818619,0.95
32,6,val,29.504812,0.96
32,7,val,7.812554,0.97
32,8,val,3.615305,0.98
32,9,val,23.598204,0.98
32,10,val,26.423073,0.99
32,11,val,21.716303,1.00
32,12,val,25.489058,1.01
32,13,val,12.072081,1.02
32,14,val,13.745707,1.03
32,15,val,5.051212,1.04
32,16,val,31.929085,1.05
32,17,val,9.316992,1.06
32,18,val,4.684341,1.08
32,19,val,33.236954,1.09
32,20,val,10.513296,1.10
32,21,val,20.964840,1.11
32,22,val,23.806738,1.11
32,23,val,7.253757,1.12
32,24,val,4.143900,1.13
32,25,val,39.935123,1.14
32,26,val,4.451699,1.15
32,27,val,3.370367,1.16
32,28,val,8.021010,1.17
32,29,val,11.294895,1.18
32,30,val,8.984469,1.19
32,31,val,33.948074,1.20
32,32,val,24.339878,1.20
32,33,val,3.372127,1.21
32,34,val,22.682062,1.21
32,35,val,2.314968,1.22
33,0,train,11.532161,0.18
33,1,train,12.368244,0.22
33,2,train,11.398447,0.25
33,3,train,17.945589,0.29
33,4,train,14.448180,0.33
33,5,train,13.533338,0.37
33,6,train,10.913166,0.41
33,7,train,12.293085,0.45
33,8,train,12.976326,0.49
33,9,train,19.158379,0.53
33,10,train,12.637644,0.56
33,11,train,10.379065,0.60
33,12,train,12.137857,0.63
33,13,train,21.075344,0.66
33,0,val,9.309665,0.83
33,1,val,4.614826,0.84
33,2,val,22.852226,0.85
33,3,val,31.626995,0.86
33,4,val,13.446802,0.87
33,5,val,3.258219,0.88
33,6,val,30.125702,0.89
33,7,val,6.452909,0.89
33,8,val,6.378839,0.90
33,9,val,25.463261,0.91
33,10,val,32.930527,0.92
33,11,val,16.892555,0.93
33,12,val,23.265287,0.94
33,13,val,18.114935,0.94
33,14,val,18.911818,0.96
33,15,val,6.432032,0.97
33,16,val,23.207291,0.98
33,17,val,15.086302,0.98
33,18,val,4.674655,0.99
33,19,val,33.916645,1.00
33,20,val,10.049568,1.01
33,21,val,20.507587,1.02
33,22,val,18.069664,1.03
33,23,val,9.625195,1.04
33,24,val,9.492005,1.05
33,25,val,36.349758,1.06
33,26,val,4.309274,1.07
33,27,val,3.910593,1.08
33,28,val,5.913351,1.09
33,29,val,3.781667,1.09
33,30,val,4.249957,1.10
33,31,val,32.096146,1.11
33,32,val,24.066008,1.12
33,33,val,3.293891,1.12
33,34,val,17.570082,1.13
33,35,val,2.653452,1.13
34,0,train,16.878693,0.15
34,1,train,12.577705,0.21
34,2,train,14.981202,0.24
34,3,train,17.080620,0.28
34,4,train,14.591455,0.32
34,5,train,13.028225,0.36
34,6,train,13.313620,0.40
34,7,train,16.547644,0.44
34,8,train,14.423636,0.48
34,9,train,8.490723,0.52
34,10,train,10.767700,0.55
34,11,train,10.975996,0.59
34,12,train,11.981391,0.62
34,13,train,15.247049,0.65
34,0,val,6.921074,0.82
34,1,val,4.322598,0.84
34,2,val,22.658772,0.85
34,3,val,26.060436,0.86
34,4,val,4.496340,0.87
34,5,val,4.453448,0.89
34,6,val,26.505724,0.90
34,7,val,7.841679,0.91
34,8,val,3.477314,0.92
34,9,val,24.417488,0.93
34,10,val,26.956076,0.94
34,11,val,21.065622,0.95
34,12,val,23.988693,0.96
34,13,val,14.917924,0.97
34,14,val,14.860307,0.98
34,15,val,10.068668,0.99
34,16,val,24.689047,0.99
34,17,val,9.297166,1.00
34,18,val,5.657611,1.01
34,19,val,38.550369,1.02
34,20,val,14.386746,1.03
34,21,val,20.670229,1.04
34,22,val,25.881901,1.05
34,23,val,6.564523,1.06
34,24,val,7.581431,1.07
34,25,val,36.261009,1.07
34,26,val,5.219317,1.08
34,27,val,6.714838,1.09
34,28,val,10.923729,1.10
34,29,val,9.434446,1.11
34,30,val,3.112501,1.12
34,31,val,41.930229,1.13
34,32,val,23.978857,1.13
34,33,val,5.403780,1.14
34,34,val,17.595303,1.15
34,35,val,5.658947,1.16
35,0,train,15.657443,0.17
35,1,train,17.387291,0.22
35,2,train,14.960481,0.25
35,3,train,15.591130,0.29
35,4,train,23.239820,0.34
35,5,train,10.744695,0.37
35,6,train,11.164227,0.40
35,7,train,16.543823,0.43
35,8,train,15.433938,0.47
35,9,train,20.933075,0.50
35,10,train,14.590684,0.53
35,11,train,13.481108,0.56
35,12,train,10.678946,0.60
35,13,train,13.159027,0.63
35,0,val,4.912533,0.75
35,1,val,5.007728,0.76
35,2,val,21.392319,0.77
35,3,val,25.653852,0.78
35,4,val,10.975880,0.79
35,5,val,6.396716,0.80
35,6,val,25.332623,0.80
35,7,val,6.435563,0.81
35,8,val,3.463748,0.82
35,9,val,21.708418,0.82
35,10,val,27.032169,0.83
35,11,val,15.783718,0.84
35,12,val,27.330963,0.85
35,13,val,13.893735,0.85
35,14,val,14.751511,0.86
35,15,val,6.133847,0.86
35,16,val,25.846010,0.87
35,17,val,9.260408,0.88
35,18,val,5.271762,0.89
35,19,val,34.726860,0.89
35,20,val,10.056120,0.90
35,21,val,22.410053,0.91
35,22,val,22.852552,0.92
35,23,val,6.702724,0.92
35,24,val,3.656531,0.93
35,25,val,40.319496,0.94
35,26,val,5.097442,0.94
35,27,val,3.493577,0.95
35,28,val,5.697950,0.96
35,29,val,3.439837,0.96
35,30,val,4.112300,0.97
35,31,val,32.947880,0.98
35,32,val,23.223829,0.98
35,33,val,4.346174,0.99
35,34,val,17.099554,0.99
35,35,val,2.477523,1.00
36,0,train,15.226444,0.16
36,1,train,20.027992,0.20
36,2,train,18.599281,0.23
36,3,train,16.134710,0.26
36,4,train,8.636207,0.30
36,5,train,11.964497,0.33
36,6,train,17.295534,0.37
36,7,train,12.458601,0.40
36,8,train,14.426826,0.43
36,9,train,14.542273,0.46
36,10,train,9.942793,0.50
36,11,train,8.417200,0.53
36,12,train,10.940866,0.56
36,13,train,19.041368,0.59
36,0,val,3.884384,0.70
36,1,val,5.322880,0.71
36,2,val,20.556883,0.71
36,3,val,25.998100,0.72
36,4,val,13.159273,0.73
36,5,val,5.739044,0.73
36,6,val,27.874571,0.75
36,7,val,6.065727,0.75
36,8,val,4.597024,0.76
36,9,val,24.853106,0.77
36,10,val,27.820045,0.77
36,11,val,15.221202,0.78
36,12,val,24.703619,0.79
36,13,val,21.102468,0.79
36,14,val,12.796768,0.80
36,15,val,5.789009,0.80
36,16,val,19.639824,0.81
36,17,val,12.498569,0.82
36,18,val,5.836707,0.82
36,19,val,32.962555,0.83
36,20,val,10.715359,0.84
36,21,val,18.809099,0.85
36,22,val,21.240999,0.85
36,23,val,7.092573,0.86
36,24,val,4.035250,0.87
36,25,val,36.136948,0.87
36,26,val,10.359593,0.88
36,27,val,3.802168,0.89
36,28,val,7.109034,0.89
36,29,val,5.702260,0.90
36,30,val,3.871130,0.91
36,31,val,32.012009,0.91
36,32,val,30.069595,0.92
36,33,val,2.908343,0.92
36,34,val,18.809162,0.93
36,35,val,5.362763,0.93
37,0,train,9.733007,0.12
37,1,train,12.832467,0.16
37,2,train,12.550729,0.20
37,3,train,15.876763,0.23
37,4,train,17.355000,0.27
37,5,train,12.981724,0.30
37,6,train,10.529898,0.33
37,7,train,13.278335,0.37
37,8,train,23.824648,0.40
37,9,train,11.295347,0.43
37,10,train,20.295809,0.47
37,11,train,17.930246,0.50
37,12,train,14.209277,0.53
37,13,train,16.234211,0.56
37,0,val,4.677220,0.68
37,1,val,4.844594,0.69
37,2,val,21.111927,0.70
37,3,val,25.860067,0.71
37,4,val,3.278740,0.72
37,5,val,17.247387,0.72
37,6,val,24.504551,0.73
37,7,val,9.624254,0.74
37,8,val,2.673346,0.74
37,9,val,20.658173,0.75
37,10,val,28.036354,0.76
37,11,val,16.990408,0.76
37,12,val,30.405956,0.77
37,13,val,13.027253,0.78
37,14,val,14.255843,0.78
37,15,val,5.336605,0.79
37,16,val,20.886572,0.80
37,17,val,9.156344,0.80
37,18,val,3.183636,0.81
37,19,val,33.791325,0.82
37,20,val,11.227680,0.83
37,21,val,21.500185,0.83
37,22,val,18.191269,0.84
37,23,val,9.848900,0.84
37,24,val,8.530554,0.85
37,25,val,37.510357,0.86
37,26,val,7.153388,0.86
37,27,val,12.852315,0.87
37,28,val,4.885922,0.88
37,29,val,4.840014,0.88
37,30,val,6.205566,0.89
37,31,val,32.227058,0.90
37,32,val,27.187090,0.90
37,33,val,3.372153,0.91
37,34,val,22.342159,0.91
37,35,val,3.037113,0.92
38,0,train,10.429890,0.17
38,1,train,20.677694,0.21
38,2,train,14.714579,0.25
38,3,train,10.885653,0.28
38,4,train,10.692200,0.32
38,5,train,13.614201,0.35
38,6,train,14.398890,0.38
38,7,train,12.610434,0.42
38,8,train,10.676977,0.45
38,9,train,12.116688,0.49
38,10,train,13.473732,0.52
38,11,train,12.105540,0.55
38,12,train,14.800156,0.58
38,13,train,16.071339,0.61
38,0,val,5.353825,0.77
38,1,val,5.057382,0.78
38,2,val,20.111385,0.79
38,3,val,26.090649,0.79
38,4,val,5.985877,0.81
38,5,val,14.424022,0.82
38,6,val,25.101223,0.83
38,7,val,7.522838,0.83
38,8,val,4.678222,0.84
38,9,val,19.924191,0.85
38,10,val,26.527979,0.85
38,11,val,16.840948,0.86
38,12,val,22.849703,0.86
38,13,val,15.084678,0.87
38,14,val,12.281421,0.88
38,15,val,8.031386,0.89
38,16,val,19.963932,0.90
38,17,val,10.815495,0.92
38,18,val,6.485895,0.93
38,19,val,31.452522,0.94
38,20,val,10.027175,0.95
38,21,val,23.024017,0.96
38,22,val,21.644480,0.98
38,23,val,6.230627,0.99
38,24,val,3.684931,1.01
38,25,val,37.572662,1.02
38,26,val,3.370232,1.03
38,27,val,4.322130,1.04
38,28,val,4.219954,1.06
38,29,val,4.653286,1.06
38,30,val,4.507938,1.07
38,31,val,36.185085,1.08
38,32,val,23.585249,1.09
38,33,val,4.238038,1.10
38,34,val,15.399726,1.11
38,35,val,7.069133,1.11
39,0,train,16.713844,0.16
39,1,train,19.462166,0.19
39,2,train,16.662886,0.23
39,3,train,14.407262,0.26
39,4,train,13.624087,0.29
39,5,train,10.038619,0.33
39,6,train,21.407936,0.36
39,7,train,9.103177,0.39
39,8,train,13.036558,0.42
39,9,train,14.726110,0.46
39,10,train,19.317986,0.49
39,11,train,12.076907,0.52
39,12,train,10.863668,0.55
39,13,train,14.035007,0.59
39,0,val,4.125912,0.71
39,1,val,14.569597,0.72
39,2,val,19.007563,0.73
39,3,val,24.591806,0.74
39,4,val,4.031484,0.75
39,5,val,2.988307,0.75
39,6,val,24.214062,0.76
39,7,val,6.207887,0.77
39,8,val,3.671335,0.77
39,9,val,19.579529,0.78
39,10,val,25.661833,0.78
39,11,val,13.925963,0.79
39,12,val,23.907789,0.80
39,13,val,12.002064,0.80
39,14,val,15.195270,0.81
39,15,val,4.319673,0.82
39,16,val,18.945150,0.82
39,17,val,7.780210,0.83
39,18,val,4.344983,0.84
39,19,val,39.647449,0.85
39,20,val,10.736804,0.85
39,21,val,22.408417,0.86
39,22,val,18.244974,0.87
39,23,val,5.807680,0.88
39,24,val,8.267182,0.89
39,25,val,35.127491,0.90
39,26,val,10.926133,0.90
39,27,val,4.060197,0.91
39,28,val,3.720010,0.91
39,29,val,7.879727,0.92
39,30,val,4.531647,0.93
39,31,val,35.921806,0.93
39,32,val,21.334929,0.94
39,33,val,7.244480,0.94
39,34,val,15.180981,0.95
39,35,val,4.503843,0.95
40,0,train,10.147116,0.12
40,1,train,17.308151,0.16
40,2,train,18.220915,0.19
40,3,train,12.541134,0.22
40,4,train,15.177754,0.26
40,5,train,16.199139,0.29
40,6,train,11.128295,0.32
40,7,train,15.106812,0.36
40,8,train,12.116652,0.39
40,9,train,20.976536,0.42
40,10,train,12.461552,0.45
40,11,train,13.664375,0.48
40,12,train,15.788082,0.52
40,13,train,13.607167,0.55
40,0,val,8.820283,0.66
40,1,val,4.090951,0.67
40,2,val,19.916447,0.68
40,3,val,24.951038,0.68
40,4,val,3.145817,0.69
40,5,val,4.334642,0.70
40,6,val,23.467922,0.71
40,7,val,7.648149,0.71
40,8,val,3.436569,0.72
40,9,val,20.188051,0.73
40,10,val,24.853170,0.73
40,11,val,19.158951,0.74
40,12,val,21.338020,0.74
40,13,val,10.951176,0.75
40,14,val,12.323598,0.76
40,15,val,4.715688,0.76
40,16,val,18.381081,0.77
40,17,val,8.687326,0.78
40,18,val,7.309262,0.78
40,19,val,39.521965,0.79
40,20,val,10.515709,0.80
40,21,val,20.132126,0.81
40,22,val,17.349991,0.81
40,23,val,7.516788,0.82
40,24,val,3.430230,0.83
40,25,val,34.030472,0.83
40,26,val,5.534885,0.84
40,27,val,4.066424,0.85
40,28,val,4.726976,0.85
40,29,val,4.695533,0.86
40,30,val,4.579354,0.87
40,31,val,32.261288,0.88
40,32,val,24.533979,0.88
40,33,val,3.806165,0.89
40,34,val,16.085304,0.90
40,35,val,15.149851,0.90
41,0,train,14.097973,0.13
41,1,train,9.467760,0.17
41,2,train,10.556772,0.20
41,3,train,13.909931,0.23
41,4,train,11.851326,0.27
41,5,train,12.736902,0.30
41,6,train,24.388729,0.33
41,7,train,14.228518,0.37
41,8,train,14.285698,0.40
41,9,train,13.074076,0.43
41,10,train,15.577657,0.47
41,11,train,13.177515,0.50
41,12,train,10.529696,0.53
41,13,train,16.419233,0.56
41,0,val,5.218644,0.69
41,1,val,4.588516,0.70
41,2,val,21.714024,0.70
41,3,val,26.658888,0.72
41,4,val,6.225951,0.72
41,5,val,5.761474,0.73
41,6,val,22.444424,0.74
41,7,val,10.670433,0.74
41,8,val,3.862675,0.75
41,9,val,20.872631,0.76
41,10,val,24.811237,0.76
41,11,val,21.316347,0.77
41,12,val,21.866770,0.77
41,13,val,11.532357,0.78
41,14,val,12.280113,0.79
41,15,val,6.005913,0.79
41,16,val,19.527113,0.80
41,17,val,7.974361,0.81
41,18,val,3.204324,0.82
41,19,val,32.238251,0.82
41,20,val,10.172569,0.83
41,21,val,20.729818,0.84
41,22,val,16.311138,0.84
41,23,val,5.544605,0.85
41,24,val,4.319278,0.86
41,25,val,34.554802,0.86
41,26,val,4.561546,0.87
41,27,val,3.506127,0.88
41,28,val,4.112018,0.89
41,29,val,5.858156,0.89
41,30,val,5.446324,0.90
41,31,val,34.287037,0.91
41,32,val,21.849447,0.91
41,33,val,4.592312,0.92
41,34,val,14.337252,0.92
41,35,val,4.510850,0.93
42,0,train,13.540396,0.17
42,1,train,16.692101,0.20
42,2,train,13.865816,0.23
42,3,train,17.101685,0.26
42,4,train,13.194673,0.30
42,5,train,14.848772,0.34
42,6,train,15.116700,0.37
42,7,train,10.213823,0.40
42,8,train,11.299702,0.44
42,9,train,19.563904,0.47
42,10,train,14.062032,0.50
42,11,train,13.524683,0.54
42,12,train,14.677913,0.57
42,13,train,13.968407,0.60
42,0,val,4.826329,0.71
42,1,val,5.904418,0.72
42,2,val,21.492308,0.73
42,3,val,28.005060,0.73
42,4,val,3.420031,0.74
42,5,val,5.768507,0.75
42,6,val,22.930588,0.76
42,7,val,19.151882,0.77
42,8,val,4.565286,0.77
42,9,val,21.704716,0.78
42,10,val,24.082447,0.78
42,11,val,16.766396,0.79
42,12,val,20.350471,0.80
42,13,val,10.181291,0.80
42,14,val,12.766934,0.81
42,15,val,4.899291,0.82
42,16,val,23.977196,0.82
42,17,val,8.326395,0.83
42,18,val,3.851307,0.84
42,19,val,32.173229,0.84
42,20,val,9.771901,0.85
42,21,val,18.787329,0.86
42,22,val,17.463415,0.87
42,23,val,5.813319,0.87
42,24,val,3.231358,0.88
42,25,val,36.308434,0.89
42,26,val,4.879910,0.89
42,27,val,4.066401,0.90
42,28,val,4.601603,0.91
42,29,val,3.833865,0.91
42,30,val,3.647473,0.92
42,31,val,30.916952,0.92
42,32,val,21.551977,0.93
42,33,val,5.080574,0.93
42,34,val,14.161660,0.94
42,35,val,3.888047,0.94
43,0,train,10.748632,0.24
43,1,train,12.840272,0.29
43,2,train,12.712729,0.33
43,3,train,13.766564,0.37
43,4,train,14.437180,0.40
43,5,train,14.294102,0.44
43,6,train,15.731356,0.48
43,7,train,16.219416,0.52
43,8,train,13.208788,0.55
43,9,train,14.403986,0.59
43,10,train,12.497127,0.62
43,11,train,9.592170,0.66
43,12,train,16.802084,0.69
43,13,train,13.900631,0.72
43,0,val,3.712780,0.90
43,1,val,8.235614,0.91
43,2,val,19.116943,0.92
43,3,val,23.286972,0.93
43,4,val,6.198263,0.94
43,5,val,15.622717,0.95
43,6,val,23.344570,0.96
43,7,val,6.520984,0.96
43,8,val,2.783988,0.98
43,9,val,20.243469,0.98
43,10,val,27.564926,0.99
43,11,val,17.008677,1.00
43,12,val,19.669050,1.02
43,13,val,9.738509,1.03
43,14,val,11.191624,1.04
43,15,val,6.872019,1.06
43,16,val,28.732210,1.07
43,17,val,7.609057,1.09
43,18,val,2.781954,1.10
43,19,val,30.574160,1.11
43,20,val,11.244157,1.13
43,21,val,18.981195,1.14
43,22,val,16.368048,1.15
43,23,val,5.918954,1.17
43,24,val,4.139392,1.18
43,25,val,33.572479,1.19
43,26,val,5.885844,1.21
43,27,val,3.826605,1.22
43,28,val,5.273773,1.24
43,29,val,7.708889,1.24
43,30,val,8.101413,1.25
43,31,val,31.283781,1.26
43,32,val,22.402565,1.27
43,33,val,7.489134,1.27
43,34,val,14.335662,1.28
43,35,val,2.922281,1.28
44,0,train,15.132401,0.20
44,1,train,14.475935,0.25
44,2,train,11.947909,0.28
44,3,train,12.634030,0.32
44,4,train,10.375191,0.36
44,5,train,11.764719,0.40
44,6,train,12.128225,0.44
44,7,train,12.573597,0.47
44,8,train,11.071753,0.51
44,9,train,13.811523,0.55
44,10,train,16.566988,0.58
44,11,train,17.801071,0.62
44,12,train,15.073533,0.65
44,13,train,14.329091,0.68
44,0,val,6.896155,0.86
44,1,val,7.946660,0.89
44,2,val,23.425684,0.90
44,3,val,23.943989,0.91
44,4,val,3.737773,0.92
44,5,val,3.594374,0.93
44,6,val,24.306822,0.94
44,7,val,5.807848,0.95
44,8,val,4.901059,0.96
44,9,val,22.750662,0.98
44,10,val,24.514833,0.99
44,11,val,13.395487,1.00
44,12,val,20.337757,1.01
44,13,val,9.791332,1.02
44,14,val,18.326641,1.02
44,15,val,4.386143,1.03
44,16,val,18.517033,1.04
44,17,val,8.486618,1.05
44,18,val,3.895740,1.06
44,19,val,29.927485,1.07
44,20,val,18.866899,1.08
44,21,val,18.678129,1.09
44,22,val,16.852089,1.10
44,23,val,8.411562,1.11
44,24,val,5.103539,1.12
44,25,val,34.364891,1.13
44,26,val,9.867638,1.15
44,27,val,6.821830,1.18
44,28,val,5.042485,1.21
44,29,val,6.013369,1.24
44,30,val,4.801909,1.26
44,31,val,29.754917,1.27
44,32,val,23.893017,1.27
44,33,val,3.685715,1.28
44,34,val,15.885227,1.29
44,35,val,5.348128,1.30
45,0,train,9.690102,0.19
45,1,train,11.406645,0.26
45,2,train,9.761032,0.31
45,3,train,10.973728,0.36
45,4,train,14.678781,0.42
45,5,train,13.422087,0.47
45,6,train,15.144478,0.52
45,7,train,13.085381,0.58
45,8,train,14.119282,0.64
45,9,train,17.367676,0.69
45,10,train,12.909203,0.74
45,11,train,9.988410,0.79
45,12,train,22.451656,0.85
45,13,train,10.898312,0.91
45,0,val,3.865242,1.07
45,1,val,8.132248,1.09
45,2,val,21.274740,1.10
45,3,val,26.518034,1.11
45,4,val,3.896443,1.12
45,5,val,3.337889,1.14
45,6,val,22.759239,1.15
45,7,val,5.775514,1.16
45,8,val,3.387468,1.17
45,9,val,19.899567,1.18
45,10,val,29.772476,1.19
45,11,val,15.104325,1.20
45,12,val,27.684612,1.21
45,13,val,16.072420,1.22
45,14,val,11.741004,1.23
45,15,val,4.364017,1.24
45,16,val,17.345232,1.24
45,17,val,7.968701,1.25
45,18,val,2.747628,1.26
45,19,val,30.305098,1.26
45,20,val,10.336575,1.27
45,21,val,17.315149,1.28
45,22,val,18.858103,1.28
45,23,val,7.630988,1.29
45,24,val,4.545673,1.29
45,25,val,33.152637,1.30
45,26,val,4.185947,1.31
45,27,val,5.731237,1.32
45,28,val,6.693695,1.32
45,29,val,5.051722,1.33
45,30,val,5.332134,1.34
45,31,val,30.746861,1.34
45,32,val,22.986090,1.35
45,33,val,3.160655,1.35
45,34,val,13.712740,1.36
45,35,val,3.467466,1.36
46,0,train,13.575965,0.17
46,1,train,9.168353,0.21
46,2,train,8.619148,0.24
46,3,train,10.509473,0.27
46,4,train,14.260885,0.31
46,5,train,15.687360,0.35
46,6,train,15.387771,0.38
46,7,train,16.536572,0.41
46,8,train,17.120947,0.45
46,9,train,12.090137,0.48
46,10,train,12.348604,0.51
46,11,train,15.087206,0.54
46,12,train,11.585741,0.57
46,13,train,14.691532,0.61
46,0,val,3.702333,0.73
46,1,val,5.221453,0.73
46,2,val,19.256233,0.74
46,3,val,26.051304,0.75
46,4,val,3.130420,0.76
46,5,val,3.956709,0.76
46,6,val,20.710781,0.77
46,7,val,6.093338,0.78
46,8,val,2.732794,0.78
46,9,val,21.096817,0.79
46,10,val,23.206810,0.80
46,11,val,12.580914,0.80
46,12,val,18.895226,0.81
46,13,val,10.797241,0.82
46,14,val,11.676925,0.82
46,15,val,4.167126,0.83
46,16,val,22.578169,0.84
46,17,val,11.134679,0.84
46,18,val,3.824525,0.85
46,19,val,30.711130,0.86
46,20,val,10.354536,0.87
46,21,val,19.155371,0.87
46,22,val,15.150561,0.88
46,23,val,10.177291,0.89
46,24,val,5.955136,0.89
46,25,val,33.074516,0.90
46,26,val,5.300160,0.91
46,27,val,3.806057,0.91
46,28,val,10.733487,0.92
46,29,val,4.225596,0.93
46,30,val,4.470660,0.94
46,31,val,30.571508,0.94
46,32,val,26.436323,0.95
46,33,val,4.044259,0.95
46,34,val,14.537375,0.96
46,35,val,2.612577,0.96
47,0,train,8.917645,0.13
47,1,train,13.064165,0.16
47,2,train,11.981440,0.20
47,3,train,8.246403,0.23
47,4,train,10.556664,0.26
47,5,train,11.510758,0.30
47,6,train,9.444523,0.33
47,7,train,13.949673,0.36
47,8,train,13.634690,0.40
47,9,train,14.600249,0.43
47,10,train,12.737593,0.46
47,11,train,9.191046,0.50
47,12,train,10.295541,0.53
47,13,train,11.449185,0.56
47,0,val,6.447673,0.68
47,1,val,4.554753,0.69
47,2,val,59.903221,0.69
47,3,val,22.973686,0.70
47,4,val,4.262457,0.71
47,5,val,3.230082,0.72
47,6,val,22.719379,0.73
47,7,val,6.244264,0.73
47,8,val,6.759027,0.74
47,9,val,17.103500,0.75
47,10,val,25.849045,0.75
47,11,val,13.175586,0.76
47,12,val,19.589382,0.77
47,13,val,12.326284,0.77
47,14,val,11.661840,0.78
47,15,val,9.642620,0.78
47,16,val,20.143328,0.79
47,17,val,8.708565,0.80
47,18,val,4.295312,0.81
47,19,val,29.345417,0.82
47,20,val,10.513572,0.83
47,21,val,74.512787,0.84
47,22,val,16.274578,0.85
47,23,val,5.973940,0.85
47,24,val,2.960927,0.86
47,25,val,32.634403,0.87
47,26,val,5.930670,0.87
47,27,val,6.060713,0.88
47,28,val,4.078279,0.88
47,29,val,6.856084,0.89
47,30,val,3.699554,0.90
47,31,val,30.462126,0.90
47,32,val,21.496670,0.91
47,33,val,3.770012,0.92
47,34,val,13.514033,0.92
47,35,val,3.894940,0.93
48,0,train,10.191748,0.13
48,1,train,12.652779,0.16
48,2,train,8.753852,0.19
48,3,train,11.178276,0.23
48,4,train,11.791634,0.26
48,5,train,10.663702,0.30
48,6,train,14.307929,0.33
48,7,train,12.623791,0.36
48,8,train,11.138661,0.39
48,9,train,16.458725,0.43
48,10,train,14.360440,0.46
48,11,train,10.742241,0.49
48,12,train,13.700521,0.52
48,13,train,11.140523,0.56
48,0,val,4.220175,0.68
48,1,val,5.238667,0.68
48,2,val,17.312725,0.69
48,3,val,22.385597,0.70
48,4,val,3.222122,0.71
48,5,val,4.910200,0.71
48,6,val,20.622850,0.72
48,7,val,8.761685,0.73
48,8,val,3.008261,0.73
48,9,val,18.932402,0.74
48,10,val,22.272198,0.75
48,11,val,13.176255,0.76
48,12,val,20.266779,0.76
48,13,val,15.402838,0.77
48,14,val,12.429889,0.78
48,15,val,6.074190,0.79
48,16,val,18.770103,0.79
48,17,val,9.466244,0.80
48,18,val,6.037557,0.81
48,19,val,29.500891,0.82
48,20,val,9.800626,0.82
48,21,val,19.456598,0.83
48,22,val,16.676304,0.84
48,23,val,12.390874,0.84
48,24,val,4.011591,0.85
48,25,val,38.345211,0.86
48,26,val,3.525624,0.86
48,27,val,3.401362,0.87
48,28,val,4.392528,0.88
48,29,val,4.618999,0.89
48,30,val,5.872676,0.90
48,31,val,31.939440,0.91
48,32,val,25.481640,0.92
48,33,val,5.461008,0.92
48,34,val,17.538685,0.93
48,35,val,3.108232,0.93
49,0,train,10.326884,0.13
49,1,train,12.352096,0.17
49,2,train,10.829307,0.20
49,3,train,16.314468,0.23
49,4,train,13.628798,0.26
49,5,train,10.311825,0.30
49,6,train,9.160149,0.33
49,7,train,11.790606,0.36
49,8,train,14.673491,0.40
49,9,train,9.610025,0.43
49,10,train,11.958452,0.46
49,11,train,10.773807,0.49
49,12,train,10.559668,0.53
49,13,train,9.474818,0.56
49,0,val,8.577892,0.67
49,1,val,6.508626,0.68
49,2,val,18.773285,0.68
49,3,val,23.711271,0.69
49,4,val,5.894401,0.70
49,5,val,6.547167,0.71
49,6,val,21.484005,0.72
49,7,val,5.403200,0.72
49,8,val,2.698003,0.73
49,9,val,16.950741,0.74
49,10,val,23.047314,0.74
49,11,val,12.816244,0.75
49,12,val,19.108887,0.76
49,13,val,9.322527,0.76
49,14,val,14.173604,0.77
49,15,val,6.840172,0.78
49,16,val,18.861879,0.78
49,17,val,9.120952,0.79
49,18,val,4.615768,0.80
49,19,val,29.768883,0.81
49,20,val,11.333663,0.82
49,21,val,17.242098,0.82
49,22,val,21.389139,0.83
49,23,val,9.333020,0.84
49,24,val,7.808142,0.84
49,25,val,31.805435,0.85
49,26,val,3.118872,0.86
49,27,val,6.396895,0.86
49,28,val,5.401938,0.87
49,29,val,3.413130,0.88
49,30,val,4.435889,0.88
49,31,val,33.375439,0.89
49,32,val,25.764235,0.89
49,33,val,6.499613,0.90
49,34,val,12.931417,0.90
49,35,val,2.741839,0.91
50,0,train,8.136066,0.13
50,1,train,14.246542,0.16
50,2,train,12.083183,0.19
50,3,train,11.552412,0.23
50,4,train,8.519996,0.26
50,5,train,8.678908,0.30
50,6,train,11.361502,0.33
50,7,train,11.679577,0.37
50,8,train,13.444658,0.40
50,9,train,12.141190,0.43
50,10,train,12.956729,0.46
50,11,train,8.924454,0.49
50,12,train,9.807709,0.53
50,13,train,10.668984,0.56
50,0,val,8.517699,0.67
50,1,val,6.933217,0.68
50,2,val,19.537640,0.69
50,3,val,23.637674,0.69
50,4,val,8.534273,0.70
50,5,val,4.123674,0.71
50,6,val,24.789581,0.72
50,7,val,7.168686,0.72
50,8,val,2.641141,0.73
50,9,val,17.045374,0.74
50,10,val,28.818132,0.75
50,11,val,15.113492,0.75
50,12,val,22.868448,0.76
50,13,val,11.218203,0.77
50,14,val,18.888813,0.78
50,15,val,5.390009,0.78
50,16,val,20.768808,0.79
50,17,val,8.552317,0.80
50,18,val,8.363544,0.81
50,19,val,30.053419,0.82
50,20,val,10.140874,0.83
50,21,val,19.441929,0.84
50,22,val,15.324592,0.85
50,23,val,5.686792,0.86
50,24,val,3.545894,0.87
50,25,val,32.124546,0.87
50,26,val,8.010254,0.88
50,27,val,13.393852,0.89
50,28,val,4.549098,0.89
50,29,val,4.580794,0.90
50,30,val,4.577972,0.91
50,31,val,28.416231,0.91
50,32,val,23.855082,0.92
50,33,val,4.885481,0.93
50,34,val,13.049129,0.93
50,35,val,4.474078,0.93
51,0,train,12.747671,0.13
51,1,train,13.396549,0.17
51,2,train,10.553286,0.20
51,3,train,13.542500,0.23
51,4,train,16.307999,0.26
51,5,train,7.427602,0.30
51,6,train,11.301996,0.33
51,7,train,13.321827,0.36
51,8,train,10.874168,0.39
51,9,train,10.682957,0.43
51,10,train,13.067184,0.46
51,11,train,13.690402,0.49
51,12,train,10.831605,0.52
51,13,train,13.118223,0.56
51,0,val,4.039208,0.67
51,1,val,7.668912,0.68
51,2,val,19.729250,0.69
51,3,val,24.092960,0.69
51,4,val,9.505774,0.70
51,5,val,9.455887,0.71
51,6,val,19.146070,0.72
51,7,val,6.339183,0.72
51,8,val,4.307817,0.73
51,9,val,17.574200,0.74
51,10,val,23.121382,0.74
51,11,val,18.776663,0.75
51,12,val,20.988817,0.76
51,13,val,10.995722,0.76
51,14,val,19.378284,0.77
51,15,val,4.603567,0.78
51,16,val,21.080997,0.79
51,17,val,7.709194,0.79
51,18,val,3.400677,0.80
51,19,val,28.150311,0.81
51,20,val,8.938577,0.82
51,21,val,16.647078,0.82
51,22,val,19.023788,0.83
51,23,val,7.771876,0.84
51,24,val,7.335387,0.84
51,25,val,31.922314,0.85
51,26,val,5.706598,0.86
51,27,val,5.354093,0.86
51,28,val,3.728691,0.87
51,29,val,5.018122,0.88
51,30,val,4.596694,0.89
51,31,val,30.235430,0.90
51,32,val,25.746895,0.90
51,33,val,10.921921,0.91
51,34,val,15.698168,0.92
51,35,val,3.753771,0.92
52,0,train,12.994646,0.13
52,1,train,15.308318,0.17
52,2,train,10.575346,0.21
52,3,train,12.252495,0.24
52,4,train,12.367729,0.28
52,5,train,11.703553,0.31
52,6,train,13.267662,0.34
52,7,train,12.689581,0.38
52,8,train,11.722249,0.41
52,9,train,16.136650,0.44
52,10,train,13.495340,0.47
52,11,train,15.840479,0.51
52,12,train,11.520275,0.54
52,13,train,11.741119,0.57
52,0,val,4.344503,0.68
52,1,val,11.795820,0.69
52,2,val,16.718664,0.70
52,3,val,21.504423,0.70
52,4,val,9.820107,0.71
52,5,val,5.282775,0.72
52,6,val,19.964252,0.73
52,7,val,6.032393,0.73
52,8,val,3.742482,0.74
52,9,val,16.269363,0.75
52,10,val,21.768568,0.75
52,11,val,12.173409,0.76
52,12,val,18.712282,0.77
52,13,val,10.368066,0.77
52,14,val,45.035374,0.78
52,15,val,9.777799,0.79
52,16,val,22.153025,0.79
52,17,val,12.623078,0.80
52,18,val,4.206820,0.81
52,19,val,33.922119,0.81
52,20,val,15.348365,0.82
52,21,val,24.766813,0.83
52,22,val,16.819220,0.83
52,23,val,5.514862,0.84
52,24,val,13.560638,0.85
52,25,val,32.035049,0.85
52,26,val,4.383098,0.86
52,27,val,9.774973,0.87
52,28,val,4.449944,0.87
52,29,val,5.225520,0.88
52,30,val,4.068501,0.89
52,31,val,28.765368,0.89
52,32,val,25.393402,0.90
52,33,val,3.092672,0.90
52,34,val,17.241465,0.91
52,35,val,3.610081,0.91
53,0,train,13.415997,0.14
53,1,train,12.206383,0.17
53,2,train,13.830614,0.20
53,3,train,10.424393,0.23
53,4,train,8.266825,0.27
53,5,train,10.489130,0.30
53,6,train,9.363669,0.33
53,7,train,14.226475,0.36
53,8,train,13.060911,0.40
53,9,train,8.936573,0.43
53,10,train,11.297799,0.46
53,11,train,11.510523,0.49
53,12,train,14.979555,0.52
53,13,train,9.483107,0.56
53,0,val,3.328282,0.68
53,1,val,4.262497,0.69
53,2,val,17.371700,0.70
53,3,val,21.520157,0.70
53,4,val,3.650715,0.72
53,5,val,5.013831,0.72
53,6,val,19.072721,0.74
53,7,val,17.513075,0.75
53,8,val,3.551316,0.77
53,9,val,18.695488,0.78
53,10,val,21.191692,0.79
53,11,val,13.197902,0.81
53,12,val,19.405891,0.82
53,13,val,9.360842,0.83
53,14,val,9.666859,0.84
53,15,val,5.954983,0.85
53,16,val,17.739828,0.86
53,17,val,10.080322,0.86
53,18,val,2.606194,0.87
53,19,val,34.424049,0.88
53,20,val,9.398227,0.89
53,21,val,17.968691,0.90
53,22,val,17.044487,0.91
53,23,val,12.178736,0.92
53,24,val,3.954258,0.93
53,25,val,30.433615,0.94
53,26,val,13.733174,0.94
53,27,val,5.252410,0.95
53,28,val,3.912548,0.96
53,29,val,3.674422,0.97
53,30,val,3.387982,0.98
53,31,val,28.162600,0.98
53,32,val,19.303204,0.99
53,33,val,3.061787,0.99
53,34,val,18.333429,0.99
53,35,val,2.734360,1.00
54,0,train,11.835917,0.16
54,1,train,8.171220,0.20
54,2,train,12.034159,0.24
54,3,train,13.378253,0.27
54,4,train,13.956881,0.30
54,5,train,13.828537,0.33
54,6,train,11.607201,0.37
54,7,train,11.162992,0.40
54,8,train,15.054073,0.43
54,9,train,9.580936,0.47
54,10,train,9.263047,0.50
54,11,train,12.922243,0.53
54,12,train,10.575105,0.56
54,13,train,10.855465,0.59
54,0,val,4.805354,0.71
54,1,val,7.938747,0.72
54,2,val,18.739103,0.73
54,3,val,23.161516,0.74
54,4,val,2.807686,0.75
54,5,val,3.918946,0.76
54,6,val,20.461637,0.77
54,7,val,6.068235,0.78
54,8,val,4.285691,0.79
54,9,val,22.915543,0.80
54,10,val,21.128689,0.80
54,11,val,13.723193,0.81
54,12,val,18.025837,0.82
54,13,val,9.928141,0.82
54,14,val,12.611435,0.83
54,15,val,11.110718,0.84
54,16,val,20.561285,0.85
54,17,val,10.546239,0.86
54,18,val,3.393385,0.87
54,19,val,29.606817,0.87
54,20,val,9.614899,0.88
54,21,val,23.920349,0.89
54,22,val,14.110010,0.90
54,23,val,5.269761,0.91
54,24,val,3.533337,0.92
54,25,val,30.515837,0.93
54,26,val,3.688277,0.94
54,27,val,5.174022,0.95
54,28,val,4.174013,0.96
54,29,val,3.619364,0.97
54,30,val,12.180780,0.99
54,31,val,31.038942,1.00
54,32,val,19.189360,1.00
54,33,val,7.376215,1.01
54,34,val,13.213305,1.02
54,35,val,2.567128,1.03
55,0,train,9.789470,0.19
55,1,train,14.345580,0.23
55,2,train,9.033993,0.26
55,3,train,12.621093,0.30
55,4,train,9.223782,0.34
55,5,train,10.983777,0.38
55,6,train,14.510328,0.42
55,7,train,13.368406,0.46
55,8,train,10.724190,0.50
55,9,train,6.841867,0.54
55,10,train,13.728613,0.58
55,11,train,10.083436,0.61
55,12,train,10.621402,0.64
55,13,train,11.964958,0.67
55,0,val,6.414808,0.86
55,1,val,7.502713,0.88
55,2,val,16.499727,0.89
55,3,val,21.198120,0.90
55,4,val,2.629177,0.91
55,5,val,3.429208,0.91
55,6,val,19.111279,0.92
55,7,val,9.615173,0.93
55,8,val,4.315092,0.94
55,9,val,17.400095,0.95
55,10,val,22.581251,0.96
55,11,val,12.210756,0.97
55,12,val,18.737629,0.98
55,13,val,9.160739,0.99
55,14,val,11.209212,1.00
55,15,val,5.076592,1.01
55,16,val,16.682833,1.02
55,17,val,8.245458,1.02
55,18,val,5.136011,1.03
55,19,val,26.741920,1.04
55,20,val,8.560457,1.05
55,21,val,19.572241,1.06
55,22,val,14.230485,1.07
55,23,val,5.627295,1.07
55,24,val,3.082917,1.08
55,25,val,32.575489,1.09
55,26,val,4.345164,1.10
55,27,val,13.405750,1.11
55,28,val,4.934332,1.12
55,29,val,19.541973,1.13
55,30,val,5.854703,1.14
55,31,val,38.077919,1.14
55,32,val,24.629694,1.15
55,33,val,3.351089,1.15
55,34,val,12.128952,1.16
55,35,val,4.455293,1.16
56,0,train,11.670771,0.17
56,1,train,9.531182,0.21
56,2,train,12.666624,0.24
56,3,train,14.144545,0.28
56,4,train,11.062647,0.33
56,5,train,7.024762,0.36
56,6,train,11.927080,0.40
56,7,train,9.528698,0.45
56,8,train,12.351379,0.48
56,9,train,11.854300,0.52
56,10,train,10.722321,0.55
56,11,train,13.332737,0.58
56,12,train,13.567374,0.62
56,13,train,10.587602,0.65
56,0,val,3.486020,0.83
56,1,val,7.172976,0.85
56,2,val,17.116739,0.86
56,3,val,23.066706,0.87
56,4,val,3.300839,0.88
56,5,val,8.754562,0.89
56,6,val,18.690025,0.90
56,7,val,8.946914,0.90
56,8,val,5.268070,0.91
56,9,val,45.692909,0.92
56,10,val,21.347553,0.93
56,11,val,11.842865,0.95
56,12,val,18.636810,0.95
56,13,val,9.748429,0.96
56,14,val,10.937184,0.97
56,15,val,4.391269,0.98
56,16,val,20.661959,0.99
56,17,val,9.346346,1.00
56,18,val,3.778411,1.01
56,19,val,33.834625,1.02
56,20,val,9.103505,1.03
56,21,val,21.557171,1.03
56,22,val,13.962439,1.04
56,23,val,5.454652,1.05
56,24,val,3.522463,1.06
56,25,val,30.075077,1.07
56,26,val,4.583444,1.08
56,27,val,6.608696,1.09
56,28,val,5.850253,1.09
56,29,val,4.218080,1.10
56,30,val,4.499358,1.11
56,31,val,28.336845,1.12
56,32,val,20.692595,1.12
56,33,val,3.221820,1.13
56,34,val,12.534620,1.13
56,35,val,10.001076,1.14
57,0,train,10.589312,0.17
57,1,train,12.744576,0.22
57,2,train,16.170519,0.25
57,3,train,7.935543,0.29
57,4,train,5.885923,0.34
57,5,train,9.257058,0.37
57,6,train,13.018419,0.41
57,7,train,15.561201,0.44
57,8,train,13.173672,0.49
57,9,train,9.714302,0.53
57,10,train,10.930929,0.56
57,11,train,9.466435,0.60
57,12,train,12.262688,0.63
57,13,train,16.173191,0.66
57,0,val,12.858978,0.83
57,1,val,5.511995,0.87
57,2,val,23.445930,0.88
57,3,val,21.391176,0.90
57,4,val,2.535527,0.91
57,5,val,3.688895,0.93
57,6,val,17.964684,0.95
57,7,val,7.266665,0.97
57,8,val,3.680268,0.99
57,9,val,17.077251,1.00
57,10,val,24.854120,1.02
57,11,val,13.275036,1.03
57,12,val,20.549709,1.04
57,13,val,17.832539,1.05
57,14,val,17.909470,1.08
57,15,val,5.267164,1.10
57,16,val,21.116552,1.12
57,17,val,8.622185,1.13
57,18,val,3.841902,1.14
57,19,val,29.314011,1.15
57,20,val,13.359468,1.16
57,21,val,17.780289,1.17
57,22,val,28.352083,1.19
57,23,val,6.629659,1.19
57,24,val,9.086279,1.20
57,25,val,33.482395,1.22
57,26,val,3.397763,1.23
57,27,val,11.314589,1.24
57,28,val,4.745521,1.25
57,29,val,4.069386,1.26
57,30,val,4.182996,1.27
57,31,val,27.573092,1.29
57,32,val,18.760199,1.30
57,33,val,12.838256,1.30
57,34,val,15.445598,1.31
57,35,val,3.988822,1.32
58,0,train,9.510822,0.26
58,1,train,12.036661,0.30
58,2,train,8.720305,0.33
58,3,train,9.089868,0.37
58,4,train,15.355276,0.41
58,5,train,9.488493,0.45
58,6,train,19.581226,0.49
58,7,train,13.598136,0.54
58,8,train,11.558600,0.58
58,9,train,12.136789,0.61
58,10,train,11.483622,0.65
58,11,train,9.096035,0.68
58,12,train,12.959281,0.71
58,13,train,10.310328,0.74
58,0,val,4.217525,0.86
58,1,val,4.113380,0.87
58,2,val,17.786428,0.87
58,3,val,22.608864,0.88
58,4,val,5.966346,0.89
58,5,val,4.720468,0.90
58,6,val,17.371332,0.91
58,7,val,4.985328,0.91
58,8,val,4.145542,0.92
58,9,val,19.997253,0.93
58,10,val,21.179707,0.93
58,11,val,12.038716,0.94
58,12,val,18.926201,0.94
58,13,val,16.737343,0.95
58,14,val,10.513076,0.96
58,15,val,5.155857,0.96
58,16,val,17.200109,0.97
58,17,val,7.587883,0.98
58,18,val,3.746601,0.98
58,19,val,28.141834,0.99
58,20,val,8.992046,1.00
58,21,val,23.441584,1.01
58,22,val,15.233983,1.01
58,23,val,4.707856,1.02
58,24,val,3.928091,1.03
58,25,val,31.307737,1.03
58,26,val,5.997649,1.04
58,27,val,3.761212,1.04
58,28,val,4.502017,1.05
58,29,val,5.570474,1.06
58,30,val,3.367460,1.07
58,31,val,28.733095,1.07
58,32,val,18.762770,1.08
58,33,val,8.392388,1.08
58,34,val,13.386157,1.08
58,35,val,9.833097,1.09
59,0,train,15.914656,0.15
59,1,train,7.630455,0.19
59,2,train,9.172010,0.22
59,3,train,12.937851,0.25
59,4,train,12.149790,0.28
59,5,train,10.582901,0.32
59,6,train,14.389847,0.35
59,7,train,11.626700,0.38
59,8,train,10.146791,0.41
59,9,train,11.443632,0.45
59,10,train,7.721474,0.48
59,11,train,9.497131,0.51
59,12,train,6.918551,0.54
59,13,train,9.203553,0.58
59,0,val,4.737807,0.70
59,1,val,3.554320,0.70
59,2,val,16.002569,0.71
59,3,val,22.796305,0.72
59,4,val,2.555616,0.73
59,5,val,3.231328,0.74
59,6,val,20.414587,0.75
59,7,val,5.760156,0.75
59,8,val,4.731635,0.76
59,9,val,16.378452,0.77
59,10,val,20.362640,0.77
59,11,val,12.221247,0.78
59,12,val,17.225149,0.79
59,13,val,19.715338,0.79
59,14,val,9.813624,0.80
59,15,val,4.601447,0.81
59,16,val,17.899530,0.81
59,17,val,9.717209,0.82
59,18,val,2.941746,0.83
59,19,val,26.945242,0.84
59,20,val,11.063207,0.84
59,21,val,16.133469,0.85
59,22,val,13.774506,0.86
59,23,val,6.780188,0.87
59,24,val,2.544767,0.88
59,25,val,32.694805,0.89
59,26,val,7.201177,0.89
59,27,val,4.327132,0.90
59,28,val,4.415102,0.91
59,29,val,3.466154,0.91
59,30,val,4.521374,0.92
59,31,val,25.713610,0.93
59,32,val,27.255913,0.94
59,33,val,5.086004,0.94
59,34,val,11.784893,0.94
59,35,val,3.990267,0.95
60,0,train,9.930149,0.14
60,1,train,11.341903,0.17
60,2,train,16.904263,0.20
60,3,train,8.212398,0.24
60,4,train,12.436747,0.27
60,5,train,9.118523,0.30
60,6,train,7.281698,0.34
60,7,train,13.468113,0.37
60,8,train,10.264704,0.40
60,9,train,14.276495,0.44
60,10,train,9.920474,0.47
60,11,train,9.936201,0.50
60,12,train,11.206217,0.53
60,13,train,9.279692,0.56
60,0,val,3.451020,0.67
60,1,val,7.005417,0.68
60,2,val,17.042868,0.69
60,3,val,22.831650,0.69
60,4,val,3.054712,0.70
60,5,val,4.740820,0.71
60,6,val,17.144691,0.72
60,7,val,11.426833,0.73
60,8,val,3.747565,0.74
60,9,val,18.819662,0.74
60,10,val,20.240870,0.75
60,11,val,13.419622,0.76
60,12,val,19.802256,0.76
60,13,val,10.483585,0.77
60,14,val,9.668830,0.78
60,15,val,3.926754,0.78
60,16,val,17.849279,0.79
60,17,val,8.707253,0.80
60,18,val,2.947878,0.80
60,19,val,32.051540,0.81
60,20,val,9.340341,0.82
60,21,val,17.989382,0.83
60,22,val,13.313545,0.83
60,23,val,8.966170,0.84
60,24,val,3.805112,0.85
60,25,val,30.420250,0.85
60,26,val,6.432486,0.86
60,27,val,8.339846,0.87
60,28,val,4.652562,0.87
60,29,val,8.759153,0.88
60,30,val,6.668492,0.89
60,31,val,26.793882,0.89
60,32,val,20.779066,0.90
60,33,val,4.674232,0.90
60,34,val,11.955390,0.91
60,35,val,5.916958,0.91
61,0,train,10.409875,0.14
61,1,train,7.728906,0.17
61,2,train,11.280058,0.20
61,3,train,9.711637,0.24
61,4,train,7.910351,0.28
61,5,train,10.256821,0.31
61,6,train,12.025969,0.34
61,7,train,12.987827,0.37
61,8,train,7.919692,0.41
61,9,train,11.509361,0.44
61,10,train,13.141356,0.47
61,11,train,10.136621,0.50
61,12,train,13.052323,0.53
61,13,train,11.906372,0.56
61,0,val,8.060179,0.69
61,1,val,4.685246,0.69
61,2,val,15.951026,0.70
61,3,val,21.140156,0.71
61,4,val,2.707017,0.72
61,5,val,2.943581,0.73
61,6,val,21.187975,0.74
61,7,val,10.471645,0.74
61,8,val,4.994029,0.75
61,9,val,20.220985,0.76
61,10,val,20.540714,0.77
61,11,val,12.143270,0.77
61,12,val,26.858191,0.78
61,13,val,8.225716,0.79
61,14,val,10.788804,0.79
61,15,val,9.637090,0.80
61,16,val,16.329763,0.81
61,17,val,8.890265,0.81
61,18,val,5.504786,0.82
61,19,val,26.463306,0.83
61,20,val,8.508409,0.84
61,21,val,16.114105,0.85
61,22,val,14.218878,0.86
61,23,val,4.053294,0.86
61,24,val,3.314806,0.87
61,25,val,32.106396,0.88
61,26,val,8.160338,0.88
61,27,val,6.105669,0.89
61,28,val,10.742495,0.90
61,29,val,4.623555,0.90
61,30,val,4.314848,0.91
61,31,val,26.577370,0.92
61,32,val,19.308365,0.93
61,33,val,4.186218,0.93
61,34,val,18.246635,0.94
61,35,val,3.176735,0.94
62,0,train,11.744474,0.12
62,1,train,13.467621,0.16
62,2,train,11.291162,0.20
62,3,train,11.890030,0.23
62,4,train,10.803464,0.27
62,5,train,10.303137,0.30
62,6,train,9.997271,0.33
62,7,train,9.720901,0.37
62,8,train,13.112543,0.40
62,9,train,11.569621,0.43
62,10,train,9.499502,0.46
62,11,train,12.688454,0.50
62,12,train,10.080756,0.53
62,13,train,8.003414,0.56
62,0,val,7.577102,0.68
62,1,val,5.784979,0.68
62,2,val,17.333149,0.69
62,3,val,20.518122,0.70
62,4,val,5.547479,0.70
62,5,val,4.747180,0.71
62,6,val,19.927671,0.72
62,7,val,6.741897,0.73
62,8,val,3.192765,0.73
62,9,val,16.413725,0.74
62,10,val,20.401802,0.75
62,11,val,10.774714,0.75
62,12,val,17.930025,0.76
62,13,val,7.581385,0.77
62,14,val,9.949642,0.77
62,15,val,3.889732,0.78
62,16,val,16.249353,0.79
62,17,val,11.970307,0.79
62,18,val,3.701291,0.80
62,19,val,31.823629,0.81
62,20,val,9.437173,0.82
62,21,val,20.034597,0.82
62,22,val,13.867288,0.83
62,23,val,6.096047,0.84
62,24,val,3.104382,0.84
62,25,val,37.095959,0.85
62,26,val,4.801205,0.86
62,27,val,4.700807,0.87
62,28,val,3.557161,0.87
62,29,val,6.351826,0.88
62,30,val,6.805669,0.89
62,31,val,26.460793,0.89
62,32,val,19.604881,0.90
62,33,val,3.900177,0.90
62,34,val,14.392389,0.90
62,35,val,4.074401,0.91
63,0,train,10.034987,0.13
63,1,train,9.812079,0.16
63,2,train,14.331461,0.19
63,3,train,9.536612,0.22
63,4,train,12.859663,0.27
63,5,train,17.382040,0.30
63,6,train,16.030537,0.33
63,7,train,10.337485,0.36
63,8,train,7.693207,0.39
63,9,train,13.348930,0.43
63,10,train,13.037764,0.46
63,11,train,9.116140,0.49
63,12,train,9.466893,0.52
63,13,train,10.912591,0.56
63,0,val,4.061908,0.67
63,1,val,4.170197,0.68
63,2,val,16.943956,0.69
63,3,val,21.355427,0.69
63,4,val,3.630309,0.70
63,5,val,7.781632,0.71
63,6,val,19.510540,0.72
63,7,val,10.179077,0.72
63,8,val,6.130593,0.73
63,9,val,17.892319,0.74
63,10,val,19.601479,0.74
63,11,val,17.102955,0.75
63,12,val,19.774624,0.76
63,13,val,8.850152,0.76
63,14,val,10.311890,0.77
63,15,val,11.273049,0.78
63,16,val,17.041777,0.78
63,17,val,8.937850,0.79
63,18,val,10.644897,0.80
63,19,val,32.916382,0.80
63,20,val,9.239331,0.81
63,21,val,17.690365,0.82
63,22,val,17.274984,0.83
63,23,val,4.632608,0.84
63,24,val,5.056129,0.84
63,25,val,33.533417,0.85
63,26,val,4.321879,0.86
63,27,val,3.440246,0.86
63,28,val,12.965335,0.87
63,29,val,4.323541,0.88
63,30,val,6.008370,0.89
63,31,val,26.797255,0.89
63,32,val,20.378916,0.90
63,33,val,4.645005,0.90
63,34,val,12.547832,0.91
63,35,val,3.635978,0.91
64,0,train,11.826541,0.12
64,1,train,12.784544,0.16
64,2,train,9.221242,0.19
64,3,train,6.886313,0.22
64,4,train,10.958816,0.26
64,5,train,15.224272,0.29
64,6,train,14.669399,0.32
64,7,train,9.598021,0.36
64,8,train,11.561546,0.39
64,9,train,13.518278,0.42
64,10,train,12.542622,0.46
64,11,train,9.238971,0.49
64,12,train,11.800476,0.52
64,13,train,13.504257,0.55
64,0,val,4.244027,0.69
64,1,val,4.359480,0.70
64,2,val,18.923946,0.71
64,3,val,19.637272,0.72
64,4,val,3.427981,0.72
64,5,val,4.617152,0.73
64,6,val,16.624443,0.74
64,7,val,5.454185,0.74
64,8,val,3.858636,0.75
64,9,val,18.149405,0.76
64,10,val,18.882360,0.76
64,11,val,11.751556,0.77
64,12,val,18.025620,0.78
64,13,val,10.508701,0.78
64,14,val,10.481730,0.79
64,15,val,3.951152,0.80
64,16,val,15.400788,0.81
64,17,val,11.029135,0.82
64,18,val,3.169339,0.82
64,19,val,25.258209,0.83
64,20,val,9.046549,0.84
64,21,val,15.770338,0.84
64,22,val,13.782232,0.85
64,23,val,7.309462,0.86
64,24,val,2.870096,0.86
64,25,val,29.919712,0.87
64,26,val,3.581426,0.88
64,27,val,3.762723,0.88
64,28,val,6.242969,0.89
64,29,val,8.307794,0.90
64,30,val,5.618693,0.91
64,31,val,25.360573,0.91
64,32,val,18.287508,0.92
64,33,val,5.109550,0.92
64,34,val,11.434343,0.93
64,35,val,3.309613,0.93
65,0,train,11.277697,0.15
65,1,train,13.732765,0.18
65,2,train,13.970753,0.21
65,3,train,9.870803,0.25
65,4,train,9.027771,0.28
65,5,train,7.862224,0.32
65,6,train,7.870719,0.35
65,7,train,13.976872,0.38
65,8,train,7.973521,0.42
65,9,train,16.211735,0.45
65,10,train,13.409275,0.48
65,11,train,8.640854,0.52
65,12,train,9.378773,0.55
65,13,train,13.140915,0.58
65,0,val,5.275183,0.70
65,1,val,4.612905,0.71
65,2,val,15.709352,0.72
65,3,val,20.569983,0.72
65,4,val,2.842728,0.73
65,5,val,3.486140,0.74
65,6,val,19.394781,0.75
65,7,val,6.050043,0.75
65,8,val,4.752317,0.76
65,9,val,14.684267,0.77
65,10,val,24.594416,0.77
65,11,val,22.237856,0.78
65,12,val,16.513000,0.78
65,13,val,8.104650,0.79
65,14,val,9.255253,0.80
65,15,val,4.062924,0.80
65,16,val,16.391466,0.81
65,17,val,11.116897,0.82
65,18,val,8.483142,0.82
65,19,val,26.682680,0.83
65,20,val,9.957800,0.84
65,21,val,16.490231,0.84
65,22,val,16.058712,0.85
65,23,val,7.857108,0.86
65,24,val,4.775509,0.86
65,25,val,34.690525,0.87
65,26,val,5.431367,0.88
65,27,val,4.786923,0.88
65,28,val,5.466102,0.89
65,29,val,4.656701,0.90
65,30,val,3.218135,0.90
65,31,val,26.634752,0.91
65,32,val,19.052223,0.91
65,33,val,7.627092,0.92
65,34,val,13.757293,0.92
65,35,val,2.453264,0.92
66,0,train,7.657087,0.14
66,1,train,13.833036,0.18
66,2,train,14.920232,0.23
66,3,train,9.867077,0.26
66,4,train,11.216124,0.30
66,5,train,9.788771,0.33
66,6,train,9.030663,0.37
66,7,train,13.162511,0.40
66,8,train,7.306288,0.43
66,9,train,10.705927,0.46
66,10,train,15.135148,0.50
66,11,train,8.651570,0.53
66,12,train,7.656253,0.56
66,13,train,10.651559,0.59
66,0,val,3.831051,0.75
66,1,val,11.376772,0.76
66,2,val,15.079478,0.77
66,3,val,19.408665,0.78
66,4,val,11.753163,0.79
66,5,val,9.014719,0.80
66,6,val,21.136595,0.82
66,7,val,6.265575,0.83
66,8,val,4.750749,0.85
66,9,val,15.030899,0.87
66,10,val,21.142605,0.88
66,11,val,14.774697,0.91
66,12,val,15.767073,0.93
66,13,val,9.304607,0.95
66,14,val,17.033382,0.96
66,15,val,4.831941,0.98
66,16,val,20.683516,0.99
66,17,val,11.802230,0.99
66,18,val,5.750493,1.00
66,19,val,29.204021,1.02
66,20,val,8.650130,1.03
66,21,val,17.695938,1.04
66,22,val,13.480087,1.04
66,23,val,10.827221,1.05
66,24,val,3.766387,1.06
66,25,val,34.646935,1.07
66,26,val,5.248381,1.09
66,27,val,3.697556,1.10
66,28,val,6.051950,1.12
66,29,val,5.396721,1.13
66,30,val,4.658916,1.14
66,31,val,25.227234,1.15
66,32,val,17.786724,1.16
66,33,val,3.922375,1.17
66,34,val,18.565016,1.17
66,35,val,19.495564,1.19
67,0,train,9.585495,0.18
67,1,train,10.969861,0.23
67,2,train,10.063402,0.27
67,3,train,8.315214,0.31
67,4,train,14.571200,0.35
67,5,train,7.918045,0.39
67,6,train,13.474329,0.42
67,7,train,12.297633,0.47
67,8,train,11.123877,0.51
67,9,train,10.054157,0.54
67,10,train,8.841697,0.58
67,11,train,13.999102,0.61
67,12,train,8.772509,0.64
67,13,train,9.797884,0.67
67,0,val,4.192978,0.85
67,1,val,4.581620,0.87
67,2,val,26.677864,0.88
67,3,val,26.077011,0.89
67,4,val,4.367138,0.90
67,5,val,7.982422,0.90
67,6,val,20.167721,0.91
67,7,val,6.313174,0.92
67,8,val,10.398149,0.93
67,9,val,16.982964,0.94
67,10,val,26.170349,0.95
67,11,val,12.014750,0.95
67,12,val,22.974346,0.97
67,13,val,7.353335,0.98
67,14,val,14.752455,0.99
67,15,val,6.598392,1.00
67,16,val,15.152562,1.01
67,17,val,7.309844,1.02
67,18,val,9.917821,1.02
67,19,val,25.929943,1.03
67,20,val,11.813197,1.04
67,21,val,14.694996,1.05
67,22,val,13.141360,1.06
67,23,val,5.888258,1.07
67,24,val,5.091428,1.08
67,25,val,27.415892,1.09
67,26,val,6.807825,1.10
67,27,val,14.145670,1.11
67,28,val,4.865956,1.11
67,29,val,4.012172,1.12
67,30,val,4.018682,1.13
67,31,val,25.221537,1.14
67,32,val,17.710562,1.14
67,33,val,3.073137,1.15
67,34,val,11.219748,1.15
67,35,val,4.270771,1.16
68,0,train,11.320198,0.18
68,1,train,12.212027,0.21
68,2,train,11.495090,0.25
68,3,train,8.066236,0.29
68,4,train,10.694269,0.33
68,5,train,10.659035,0.37
68,6,train,9.654266,0.41
68,7,train,14.662647,0.44
68,8,train,9.469516,0.48
68,9,train,8.421881,0.52
68,10,train,9.363201,0.55
68,11,train,13.311028,0.58
68,12,train,12.831676,0.61
68,13,train,9.698596,0.65
68,0,val,18.045103,0.82
68,1,val,4.168139,0.84
68,2,val,21.262184,0.85
68,3,val,19.382927,0.86
68,4,val,2.851614,0.87
68,5,val,6.734686,0.88
68,6,val,16.585812,0.89
68,7,val,7.022755,0.90
68,8,val,2.865348,0.91
68,9,val,14.415920,0.92
68,10,val,18.039089,0.93
68,11,val,10.591386,0.94
68,12,val,16.795273,0.96
68,13,val,8.783255,0.96
68,14,val,9.393874,0.97
68,15,val,4.431017,0.98
68,16,val,15.535423,0.99
68,17,val,6.578932,1.00
68,18,val,3.400175,1.00
68,19,val,24.514965,1.01
68,20,val,16.094542,1.02
68,21,val,15.416212,1.03
68,22,val,13.344933,1.04
68,23,val,6.591358,1.05
68,24,val,5.005168,1.06
68,25,val,32.488007,1.07
68,26,val,4.171334,1.08
68,27,val,4.328939,1.08
68,28,val,4.516503,1.09
68,29,val,3.763463,1.10
68,30,val,7.648155,1.11
68,31,val,24.549061,1.12
68,32,val,18.326937,1.12
68,33,val,3.096494,1.13
68,34,val,10.823799,1.13
68,35,val,4.791668,1.14
69,0,train,9.666997,0.18
69,1,train,9.809965,0.23
69,2,train,6.966797,0.27
69,3,train,10.634247,0.32
69,4,train,14.106854,0.37
69,5,train,11.002179,0.41
69,6,train,11.661757,0.44
69,7,train,11.771770,0.49
69,8,train,7.233199,0.53
69,9,train,9.471714,0.58
69,10,train,10.971639,0.62
69,11,train,9.010601,0.64
69,12,train,9.361622,0.68
69,13,train,11.604808,0.71
69,0,val,7.621147,0.89
69,1,val,4.816757,0.90
69,2,val,13.974611,0.91
69,3,val,19.088736,0.92
69,4,val,8.020262,0.93
69,5,val,14.335207,0.94
69,6,val,18.757345,0.96
69,7,val,5.427985,0.97
69,8,val,6.310596,0.98
69,9,val,13.918817,0.99
69,10,val,18.827980,1.00
69,11,val,12.991719,1.02
69,12,val,15.608456,1.03
69,13,val,7.581217,1.04
69,14,val,9.478241,1.05
69,15,val,3.895190,1.06
69,16,val,16.368078,1.07
69,17,val,6.885802,1.08
69,18,val,9.635370,1.09
69,19,val,25.800428,1.10
69,20,val,8.622892,1.11
69,21,val,15.802989,1.12
69,22,val,14.939258,1.14
69,23,val,7.060709,1.15
69,24,val,9.091384,1.16
69,25,val,27.710382,1.17
69,26,val,6.870305,1.18
69,27,val,8.497310,1.19
69,28,val,11.380243,1.20
69,29,val,3.445791,1.21
69,30,val,3.845883,1.22
69,31,val,26.682211,1.23
69,32,val,22.944246,1.24
69,33,val,3.117978,1.25
69,34,val,13.340725,1.25
69,35,val,3.057340,1.26
70,0,train,12.233279,0.17
70,1,train,6.424397,0.20
70,2,train,10.702798,0.24
70,3,train,7.043706,0.27
70,4,train,14.144102,0.31
70,5,train,13.229248,0.34
70,6,train,9.102205,0.37
70,7,train,7.915948,0.41
70,8,train,10.076170,0.45
70,9,train,12.097581,0.48
70,10,train,8.349190,0.51
70,11,train,8.988625,0.55
70,12,train,9.916079,0.58
70,13,train,9.106232,0.62
70,0,val,3.361946,0.77
70,1,val,4.514657,0.79
70,2,val,16.181847,0.80
70,3,val,18.845177,0.81
70,4,val,3.834729,0.82
70,5,val,5.078460,0.82
70,6,val,17.198868,0.83
70,7,val,4.967068,0.84
70,8,val,3.579909,0.85
70,9,val,14.493433,0.85
70,10,val,18.651129,0.86
70,11,val,19.617914,0.87
70,12,val,16.351280,0.87
70,13,val,7.528540,0.88
70,14,val,11.068608,0.89
70,15,val,7.159480,0.90
70,16,val,18.468760,0.91
70,17,val,7.181732,0.92
70,18,val,3.815757,0.93
70,19,val,25.762665,0.94
70,20,val,11.019951,0.95
70,21,val,15.601527,0.96
70,22,val,12.926112,0.97
70,23,val,3.964521,0.98
70,24,val,4.747313,0.99
70,25,val,35.575054,1.00
70,26,val,6.964486,1.01
70,27,val,3.409801,1.02
70,28,val,3.630545,1.03
70,29,val,7.279986,1.04
70,30,val,7.126890,1.06
70,31,val,25.560101,1.07
70,32,val,18.517653,1.08
70,33,val,3.886942,1.09
70,34,val,11.517708,1.10
70,35,val,9.969362,1.10
71,0,train,9.325075,0.12
71,1,train,8.908710,0.15
71,2,train,12.026419,0.19
71,3,train,11.572929,0.22
71,4,train,7.576735,0.25
71,5,train,9.958605,0.29
71,6,train,11.143506,0.32
71,7,train,6.854190,0.35
71,8,train,10.126830,0.38
71,9,train,8.968558,0.42
71,10,train,9.232649,0.45
71,11,train,9.090192,0.48
71,12,train,12.382568,0.51
71,13,train,9.257849,0.54
71,0,val,3.196682,0.65
71,1,val,7.530428,0.66
71,2,val,13.613828,0.67
71,3,val,19.014170,0.67
71,4,val,2.851725,0.68
71,5,val,3.537543,0.69
71,6,val,16.260439,0.70
71,7,val,5.657343,0.70
71,8,val,6.746274,0.71
71,9,val,20.860237,0.72
71,10,val,20.877419,0.72
71,11,val,10.858763,0.73
71,12,val,19.084064,0.74
71,13,val,8.877366,0.74
71,14,val,12.174839,0.75
71,15,val,3.176428,0.76
71,16,val,23.101955,0.76
71,17,val,7.333390,0.77
71,18,val,3.733314,0.78
71,19,val,25.508146,0.78
71,20,val,11.715617,0.79
71,21,val,16.764776,0.80
71,22,val,14.014027,0.81
71,23,val,3.989479,0.81
71,24,val,4.181576,0.82
71,25,val,27.097269,0.82
71,26,val,6.080600,0.83
71,27,val,3.476046,0.84
71,28,val,5.523968,0.84
71,29,val,4.948947,0.85
71,30,val,13.474005,0.86
71,31,val,25.883261,0.86
71,32,val,18.715824,0.87
71,33,val,4.966708,0.87
71,34,val,12.345153,0.87
71,35,val,2.580774,0.88
72,0,train,10.861301,0.13
72,1,train,9.935680,0.16
72,2,train,9.966333,0.19
72,3,train,9.546953,0.23
72,4,train,10.642136,0.26
72,5,train,12.816567,0.29
72,6,train,10.067122,0.33
72,7,train,6.336651,0.36
72,8,train,13.023129,0.39
72,9,train,6.679198,0.43
72,10,train,11.265865,0.46
72,11,train,8.668558,0.49
72,12,train,7.409260,0.52
72,13,train,10.153145,0.55
72,0,val,9.517414,0.66
72,1,val,3.727682,0.67
72,2,val,14.879814,0.67
72,3,val,18.786287,0.68
72,4,val,5.884912,0.69
72,5,val,3.459645,0.69
72,6,val,16.071821,0.71
72,7,val,7.057083,0.71
72,8,val,4.341155,0.72
72,9,val,17.396009,0.73
72,10,val,18.895832,0.73
72,11,val,9.878620,0.74
72,12,val,15.098133,0.74
72,13,val,8.863352,0.75
72,14,val,11.900338,0.76
72,15,val,4.387853,0.76
72,16,val,14.986810,0.77
72,17,val,14.134455,0.78
72,18,val,3.691119,0.78
72,19,val,26.139080,0.79
72,20,val,8.912374,0.80
72,21,val,18.096966,0.80
72,22,val,12.851717,0.81
72,23,val,7.551147,0.82
72,24,val,2.561773,0.82
72,25,val,27.259914,0.83
72,26,val,8.063473,0.84
72,27,val,4.438136,0.84
72,28,val,3.885033,0.85
72,29,val,3.828131,0.86
72,30,val,3.541631,0.86
72,31,val,25.413836,0.87
72,32,val,18.241961,0.87
72,33,val,4.113379,0.88
72,34,val,16.970968,0.88
72,35,val,5.565001,0.89
73,0,train,8.144623,0.13
73,1,train,9.866250,0.18
73,2,train,13.064322,0.21
73,3,train,9.148849,0.25
73,4,train,8.259476,0.30
73,5,train,10.625589,0.33
73,6,train,10.254963,0.36
73,7,train,12.304804,0.40
73,8,train,9.271919,0.43
73,9,train,10.404040,0.47
73,10,train,8.153937,0.50
73,11,train,9.426155,0.53
73,12,train,7.959641,0.56
73,13,train,12.082367,0.60
73,0,val,6.569720,0.77
73,1,val,9.030156,0.78
73,2,val,15.862026,0.79
73,3,val,19.444292,0.80
73,4,val,3.081687,0.81
73,5,val,3.921664,0.82
73,6,val,15.776603,0.83
73,7,val,6.769779,0.84
73,8,val,8.597609,0.84
73,9,val,14.055365,0.85
73,10,val,17.830528,0.86
73,11,val,10.184518,0.87
73,12,val,16.123531,0.88
73,13,val,7.725399,0.89
73,14,val,10.523701,0.89
73,15,val,3.733867,0.90
73,16,val,16.502085,0.91
73,17,val,9.708335,0.92
73,18,val,5.486550,0.93
73,19,val,32.759930,0.94
73,20,val,15.136837,0.95
73,21,val,15.222400,0.95
73,22,val,13.470425,0.96
73,23,val,6.194687,0.97
73,24,val,2.524076,0.98
73,25,val,28.594259,0.99
73,26,val,5.640641,1.00
73,27,val,10.308367,1.01
73,28,val,6.699002,1.02
73,29,val,4.153177,1.03
73,30,val,4.383918,1.04
73,31,val,23.953325,1.04
73,32,val,17.378225,1.05
73,33,val,2.799731,1.06
73,34,val,12.341152,1.06
73,35,val,9.080613,1.07
74,0,train,7.697245,0.13
74,1,train,8.923534,0.17
74,2,train,12.722573,0.20
74,3,train,7.756345,0.23
74,4,train,8.020783,0.26
74,5,train,8.199914,0.30
74,6,train,10.230881,0.33
74,7,train,10.486696,0.36
74,8,train,11.439311,0.40
74,9,train,7.146309,0.43
74,10,train,9.753141,0.46
74,11,train,6.712313,0.49
74,12,train,12.582788,0.52
74,13,train,8.278516,0.55
74,0,val,3.955270,0.66
74,1,val,6.317088,0.67
74,2,val,14.036184,0.68
74,3,val,17.733994,0.68
74,4,val,3.623448,0.69
74,5,val,3.852023,0.70
74,6,val,14.747290,0.71
74,7,val,6.891704,0.71
74,8,val,5.453032,0.72
74,9,val,20.672104,0.73
74,10,val,17.584560,0.73
74,11,val,12.237070,0.74
74,12,val,17.291372,0.74
74,13,val,7.086996,0.75
74,14,val,10.501948,0.76
74,15,val,4.025939,0.76
74,16,val,15.412543,0.77
74,17,val,6.835416,0.78
74,18,val,9.112562,0.78
74,19,val,23.826225,0.79
74,20,val,9.769484,0.80
74,21,val,16.263338,0.80
74,22,val,14.165985,0.81
74,23,val,5.770218,0.82
74,24,val,6.000273,0.83
74,25,val,27.657890,0.84
74,26,val,4.367365,0.84
74,27,val,3.702723,0.85
74,28,val,4.127474,0.86
74,29,val,3.473196,0.86
74,30,val,4.898651,0.87
74,31,val,24.528666,0.88
74,32,val,17.868122,0.88
74,33,val,5.763023,0.88
74,34,val,12.095757,0.89
74,35,val,4.081430,0.89
75,0,train,8.140512,0.18
75,1,train,9.953362,0.22
75,2,train,9.258590,0.25
75,3,train,17.738543,0.28
75,4,train,10.652864,0.31
75,5,train,10.255602,0.35
75,6,train,7.775901,0.38
75,7,train,7.191401,0.41
75,8,train,7.357927,0.45
75,9,train,13.479104,0.48
75,10,train,9.947649,0.51
75,11,train,9.744715,0.54
75,12,train,11.777520,0.57
75,13,train,12.030024,0.61
75,0,val,4.389376,0.72
75,1,val,4.331059,0.73
75,2,val,20.336115,0.74
75,3,val,21.004267,0.74
75,4,val,5.400420,0.75
75,5,val,3.116503,0.76
75,6,val,14.528586,0.77
75,7,val,5.176809,0.78
75,8,val,2.529403,0.78
75,9,val,16.266195,0.79
75,10,val,57.909172,0.80
75,11,val,12.745570,0.80
75,12,val,15.179188,0.81
75,13,val,8.289261,0.82
75,14,val,20.556536,0.83
75,15,val,3.882963,0.84
75,16,val,15.551971,0.85
75,17,val,8.650232,0.86
75,18,val,6.120771,0.87
75,19,val,23.568785,0.88
75,20,val,8.576930,0.88
75,21,val,14.294502,0.89
75,22,val,11.837730,0.90
75,23,val,6.209545,0.90
75,24,val,7.735628,0.91
75,25,val,28.012907,0.91
75,26,val,4.461211,0.92
75,27,val,4.147431,0.93
75,28,val,4.802435,0.93
75,29,val,4.193837,0.94
75,30,val,9.553959,0.95
75,31,val,23.433128,0.95
75,32,val,17.253983,0.96
75,33,val,6.461697,0.96
75,34,val,11.893276,0.97
75,35,val,4.441733,0.97
76,0,train,8.256968,0.12
76,1,train,11.693266,0.16
76,2,train,11.811780,0.19
76,3,train,9.427187,0.22
76,4,train,16.695190,0.25
76,5,train,10.442674,0.29
76,6,train,8.285126,0.32
76,7,train,8.406351,0.35
76,8,train,6.756436,0.39
76,9,train,9.719751,0.42
76,10,train,10.357912,0.45
76,11,train,9.904797,0.48
76,12,train,6.804347,0.51
76,13,train,14.041193,0.54
76,0,val,4.743535,0.66
76,1,val,4.499896,0.66
76,2,val,14.937471,0.67
76,3,val,28.132677,0.68
76,4,val,4.237571,0.68
76,5,val,6.377199,0.69
76,6,val,15.326595,0.70
76,7,val,5.681704,0.71
76,8,val,6.766693,0.71
76,9,val,12.959724,0.72
76,10,val,19.929005,0.73
76,11,val,10.353489,0.73
76,12,val,15.790717,0.74
76,13,val,8.856219,0.74
76,14,val,34.760475,0.75
76,15,val,4.006255,0.76
76,16,val,15.559830,0.76
76,17,val,8.964151,0.77
76,18,val,3.086994,0.78
76,19,val,28.366222,0.78
76,20,val,15.380551,0.79
76,21,val,16.492847,0.80
76,22,val,12.305893,0.81
76,23,val,4.260023,0.81
76,24,val,7.044817,0.82
76,25,val,26.134951,0.83
76,26,val,4.248641,0.83
76,27,val,4.226832,0.84
76,28,val,9.039302,0.85
76,29,val,3.754649,0.86
76,30,val,9.586463,0.87
76,31,val,23.523529,0.88
76,32,val,18.176346,0.88
76,33,val,6.810692,0.89
76,34,val,13.121987,0.89
76,35,val,5.775253,0.90
77,0,train,9.996038,0.12
77,1,train,9.691338,0.16
77,2,train,11.523060,0.19
77,3,train,13.834646,0.22
77,4,train,10.700296,0.25
77,5,train,8.072477,0.29
77,6,train,10.183840,0.32
77,7,train,8.364256,0.35
77,8,train,13.334225,0.39
77,9,train,11.277431,0.42
77,10,train,8.909815,0.45
77,11,train,10.745321,0.48
77,12,train,12.236236,0.51
77,13,train,7.268627,0.55
77,0,val,4.554801,0.66
77,1,val,8.436378,0.67
77,2,val,14.246628,0.67
77,3,val,17.786081,0.68
77,4,val,3.659293,0.69
77,5,val,2.932719,0.70
77,6,val,15.731709,0.71
77,7,val,6.668053,0.71
77,8,val,2.981717,0.72
77,9,val,13.011726,0.73
77,10,val,19.466631,0.73
77,11,val,10.724649,0.74
77,12,val,15.485669,0.74
77,13,val,8.601949,0.75
77,14,val,13.818932,0.76
77,15,val,5.148172,0.76
77,16,val,15.472697,0.77
77,17,val,6.900414,0.77
77,18,val,4.466394,0.78
77,19,val,23.827633,0.79
77,20,val,11.564937,0.80
77,21,val,14.635407,0.80
77,22,val,12.257289,0.81
77,23,val,3.927732,0.82
77,24,val,3.919654,0.82
77,25,val,30.514393,0.83
77,26,val,3.450366,0.84
77,27,val,4.118747,0.84
77,28,val,13.881689,0.85
77,29,val,5.719651,0.86
77,30,val,4.544949,0.86
77,31,val,23.051823,0.87
77,32,val,19.155859,0.87
77,33,val,5.164941,0.88
77,34,val,12.208894,0.88
77,35,val,2.991123,0.89
78,0,train,7.683489,0.14
78,1,train,10.404449,0.18
78,2,train,10.677882,0.21
78,3,train,9.655326,0.24
78,4,train,7.822939,0.28
78,5,train,10.996371,0.31
78,6,train,8.994297,0.35
78,7,train,7.957560,0.38
78,8,train,9.610167,0.42
78,9,train,10.231201,0.45
78,10,train,7.920730,0.48
78,11,train,8.928005,0.51
78,12,train,10.591772,0.54
78,13,train,9.312780,0.57
78,0,val,6.464544,0.69
78,1,val,5.708346,0.69
78,2,val,14.466757,0.70
78,3,val,19.195021,0.71
78,4,val,4.023049,0.71
78,5,val,2.756709,0.72
78,6,val,15.485387,0.73
78,7,val,6.535663,0.74
78,8,val,2.652486,0.75
78,9,val,15.205298,0.76
78,10,val,17.642561,0.77
78,11,val,11.272563,0.78
78,12,val,16.062601,0.78
78,13,val,8.280536,0.79
78,14,val,9.344921,0.80
78,15,val,3.288434,0.80
78,16,val,15.120903,0.81
78,17,val,6.513000,0.81
78,18,val,4.584574,0.82
78,19,val,24.622301,0.84
78,20,val,8.898074,0.85
78,21,val,14.746165,0.86
78,22,val,12.200958,0.87
78,23,val,3.919169,0.88
78,24,val,4.339452,0.89
78,25,val,25.435547,0.90
78,26,val,3.103142,0.91
78,27,val,9.588722,0.93
78,28,val,4.495943,0.94
78,29,val,4.857497,0.96
78,30,val,9.953856,0.98
78,31,val,26.338142,0.99
78,32,val,22.804800,1.00
78,33,val,3.461848,1.01
78,34,val,15.737560,1.02
78,35,val,4.317978,1.03
79,0,train,8.436382,0.28
79,1,train,7.079025,0.33
79,2,train,8.582845,0.38
79,3,train,9.317179,0.43
79,4,train,7.772460,0.48
79,5,train,12.865442,0.53
79,6,train,8.399847,0.59
79,7,train,6.745677,0.63
79,8,train,7.850782,0.66
79,9,train,12.009615,0.72
79,10,train,6.926747,0.75
79,11,train,9.724016,0.78
79,12,train,11.680536,0.82
79,13,train,8.296526,0.85
79,0,val,5.413476,1.05
79,1,val,4.488791,1.08
79,2,val,15.247645,1.09
79,3,val,20.563444,1.10
79,4,val,5.678386,1.11
79,5,val,3.662847,1.12
79,6,val,15.380219,1.13
79,7,val,6.265629,1.14
79,8,val,2.743273,1.14
79,9,val,25.604265,1.15
79,10,val,17.408045,1.16
79,11,val,9.625318,1.17
79,12,val,15.955997,1.18
79,13,val,7.819101,1.19
79,14,val,8.453094,1.20
79,15,val,3.093259,1.21
79,16,val,14.522787,1.22
79,17,val,7.410315,1.23
79,18,val,3.342356,1.24
79,19,val,22.899698,1.25
79,20,val,8.680542,1.26
79,21,val,21.021366,1.28
79,22,val,12.945148,1.28
79,23,val,8.752612,1.30
79,24,val,2.432922,1.31
79,25,val,36.169857,1.32
79,26,val,6.990484,1.33
79,27,val,4.253125,1.33
79,28,val,4.037512,1.34
79,29,val,10.635528,1.35
79,30,val,6.233794,1.36
79,31,val,25.164736,1.38
79,32,val,16.344330,1.38
79,33,val,3.337666,1.39
79,34,val,10.427588,1.40
79,35,val,3.962132,1.40
80,0,train,10.063611,0.17
80,1,train,7.938750,0.22
80,2,train,8.626898,0.26
80,3,train,8.175098,0.29
80,4,train,10.782282,0.33
80,5,train,10.289696,0.36
80,6,train,12.259335,0.41
80,7,train,8.817476,0.45
80,8,train,8.241106,0.48
80,9,train,10.440166,0.53
80,10,train,12.278522,0.56
80,11,train,14.400770,0.59
80,12,train,8.577504,0.62
80,13,train,9.404387,0.66
80,0,val,6.073430,0.83
80,1,val,10.802452,0.85
80,2,val,18.940229,0.86
80,3,val,19.786598,0.87
80,4,val,3.250216,0.88
80,5,val,3.235374,0.89
80,6,val,15.551294,0.90
80,7,val,5.140690,0.91
80,8,val,5.087382,0.92
80,9,val,14.521753,0.93
80,10,val,19.477169,0.94
80,11,val,10.469682,0.95
80,12,val,14.500792,0.96
80,13,val,7.165184,0.97
80,14,val,12.085340,0.99
80,15,val,2.957884,1.00
80,16,val,18.226999,1.01
80,17,val,6.693689,1.02
80,18,val,3.207512,1.03
80,19,val,26.547445,1.03
80,20,val,9.087834,1.04
80,21,val,18.428143,1.06
80,22,val,11.784780,1.07
80,23,val,4.857324,1.08
80,24,val,4.728294,1.09
80,25,val,25.939884,1.10
80,26,val,3.824957,1.11
80,27,val,3.985430,1.11
80,28,val,5.691797,1.12
80,29,val,3.903585,1.13
80,30,val,7.000252,1.14
80,31,val,27.486126,1.15
80,32,val,17.853897,1.16
80,33,val,8.493214,1.17
80,34,val,11.740514,1.18
80,35,val,2.463650,1.18
81,0,train,12.968925,0.12
81,1,train,5.985757,0.16
81,2,train,11.287962,0.19
81,3,train,12.153896,0.22
81,4,train,8.854542,0.25
81,5,train,12.750657,0.29
81,6,train,8.999737,0.32
81,7,train,8.605940,0.35
81,8,train,9.369171,0.39
81,9,train,11.136740,0.42
81,10,train,10.848436,0.45
81,11,train,12.606424,0.48
81,12,train,11.227182,0.52
81,13,train,8.454002,0.55
81,0,val,4.248414,0.67
81,1,val,5.432891,0.68
81,2,val,14.765931,0.68
81,3,val,22.037277,0.69
81,4,val,6.484208,0.70
81,5,val,3.649912,0.71
81,6,val,14.502633,0.72
81,7,val,5.535434,0.72
81,8,val,4.331985,0.73
81,9,val,19.288292,0.74
81,10,val,16.800735,0.75
81,11,val,10.359302,0.76
81,12,val,19.135971,0.76
81,13,val,8.563828,0.77
81,14,val,10.015146,0.78
81,15,val,8.756743,0.78
81,16,val,16.420958,0.79
81,17,val,9.267249,0.80
81,18,val,4.326230,0.81
81,19,val,24.322472,0.81
81,20,val,10.040062,0.82
81,21,val,15.377106,0.83
81,22,val,11.077635,0.83
81,23,val,3.609369,0.84
81,24,val,2.921543,0.84
81,25,val,26.475739,0.85
81,26,val,3.669564,0.86
81,27,val,4.093729,0.86
81,28,val,10.029885,0.87
81,29,val,8.396729,0.88
81,30,val,11.899253,0.88
81,31,val,22.367281,0.89
81,32,val,17.176907,0.89
81,33,val,8.193506,0.90
81,34,val,12.965057,0.91
81,35,val,5.152573,0.91
82,0,train,7.178956,0.12
82,1,train,10.752969,0.15
82,2,train,6.485825,0.19
82,3,train,13.446203,0.22
82,4,train,6.960866,0.25
82,5,train,7.785514,0.29
82,6,train,8.615935,0.32
82,7,train,8.957489,0.35
82,8,train,8.847228,0.39
82,9,train,9.997252,0.42
82,10,train,11.707929,0.45
82,11,train,9.178713,0.48
82,12,train,10.471999,0.52
82,13,train,11.182544,0.55
82,0,val,19.620625,0.66
82,1,val,7.158996,0.67
82,2,val,15.773646,0.68
82,3,val,17.621502,0.68
82,4,val,3.897283,0.69
82,5,val,5.802590,0.70
82,6,val,13.500553,0.71
82,7,val,8.030527,0.71
82,8,val,4.652583,0.72
82,9,val,14.063278,0.73
82,10,val,19.320614,0.73
82,11,val,9.323482,0.74
82,12,val,14.062506,0.75
82,13,val,7.190131,0.75
82,14,val,13.305614,0.76
82,15,val,3.134239,0.77
82,16,val,14.923422,0.77
82,17,val,6.853598,0.78
82,18,val,2.989791,0.79
82,19,val,22.258484,0.79
82,20,val,9.101328,0.80
82,21,val,16.763132,0.81
82,22,val,11.840337,0.82
82,23,val,9.712642,0.83
82,24,val,10.964612,0.83
82,25,val,25.335382,0.84
82,26,val,4.270873,0.85
82,27,val,6.816259,0.85
82,28,val,5.773239,0.86
82,29,val,3.203538,0.87
82,30,val,4.994498,0.87
82,31,val,25.379702,0.88
82,32,val,17.054451,0.88
82,33,val,4.276954,0.89
82,34,val,11.843490,0.89
82,35,val,4.024436,0.90
83,0,train,8.013302,0.12
83,1,train,8.472181,0.16
83,2,train,10.072075,0.19
83,3,train,10.155788,0.22
83,4,train,7.026452,0.26
83,5,train,8.724521,0.29
83,6,train,13.875273,0.32
83,7,train,11.257536,0.35
83,8,train,10.283475,0.38
83,9,train,9.833936,0.42
83,10,train,8.087301,0.45
83,11,train,10.431344,0.48
83,12,train,7.962456,0.51
83,13,train,9.898701,0.55
83,0,val,3.970489,0.66
83,1,val,6.266858,0.67
83,2,val,14.037840,0.67
83,3,val,17.437368,0.68
83,4,val,7.624793,0.69
83,5,val,8.465474,0.70
83,6,val,13.816310,0.70
83,7,val,5.200583,0.71
83,8,val,3.107241,0.72
83,9,val,13.857905,0.72
83,10,val,17.873837,0.73
83,11,val,9.398973,0.74
83,12,val,14.534425,0.74
83,13,val,8.056136,0.75
83,14,val,10.164790,0.75
83,15,val,3.277817,0.76
83,16,val,15.242433,0.77
83,17,val,7.531211,0.77
83,18,val,2.782058,0.78
83,19,val,22.892359,0.79
83,20,val,15.000214,0.80
83,21,val,15.437262,0.81
83,22,val,14.133286,0.81
83,23,val,6.647866,0.82
83,24,val,3.036604,0.83
83,25,val,27.326784,0.83
83,26,val,4.680227,0.84
83,27,val,3.524847,0.85
83,28,val,9.760766,0.85
83,29,val,3.576739,0.86
83,30,val,3.706491,0.86
83,31,val,26.716072,0.87
83,32,val,21.087250,0.88
83,33,val,4.833723,0.88
83,34,val,11.857842,0.88
83,35,val,2.724701,0.89
84,0,train,10.721497,0.14
84,1,train,11.924394,0.18
84,2,train,9.805737,0.21
84,3,train,7.410710,0.25
84,4,train,9.526793,0.28
84,5,train,9.954884,0.31
84,6,train,6.273948,0.35
84,7,train,10.233253,0.38
84,8,train,13.495102,0.41
84,9,train,7.621843,0.45
84,10,train,10.057003,0.48
84,11,train,9.126475,0.51
84,12,train,9.744431,0.54
84,13,train,6.906923,0.58
84,0,val,4.277696,0.69
84,1,val,4.654016,0.70
84,2,val,13.192716,0.70
84,3,val,18.816381,0.71
84,4,val,3.281938,0.72
84,5,val,4.200541,0.73
84,6,val,14.610257,0.73
84,7,val,5.468054,0.74
84,8,val,2.836142,0.75
84,9,val,14.253345,0.75
84,10,val,16.314947,0.76
84,11,val,9.223529,0.77
84,12,val,14.806977,0.77
84,13,val,9.724791,0.78
84,14,val,8.637975,0.79
84,15,val,5.348587,0.79
84,16,val,14.715641,0.80
84,17,val,7.262061,0.80
84,18,val,3.984621,0.81
84,19,val,21.951393,0.82
84,20,val,12.102414,0.82
84,21,val,14.047316,0.83
84,22,val,11.553374,0.84
84,23,val,6.850208,0.85
84,24,val,4.962776,0.85
84,25,val,25.130758,0.86
84,26,val,9.502035,0.87
84,27,val,3.542427,0.87
84,28,val,5.983608,0.88
84,29,val,6.815237,0.89
84,30,val,3.406633,0.89
84,31,val,22.385977,0.90
84,32,val,17.334328,0.90
84,33,val,9.307640,0.91
84,34,val,10.964311,0.91
84,35,val,2.166699,0.92
85,0,train,11.419317,0.14
85,1,train,9.107128,0.18
85,2,train,18.154102,0.21
85,3,train,10.285283,0.24
85,4,train,10.882487,0.27
85,5,train,10.446362,0.31
85,6,train,8.728312,0.34
85,7,train,10.135697,0.37
85,8,train,8.688389,0.40
85,9,train,11.204649,0.44
85,10,train,6.959052,0.47
85,11,train,7.825181,0.50
85,12,train,9.450858,0.53
85,13,train,8.442034,0.56
85,0,val,4.504073,0.68
85,1,val,16.578453,0.69
85,2,val,13.216656,0.70
85,3,val,18.435755,0.70
85,4,val,4.296744,0.71
85,5,val,5.577490,0.72
85,6,val,17.876947,0.73
85,7,val,9.701469,0.73
85,8,val,3.298751,0.74
85,9,val,13.314889,0.75
85,10,val,24.800240,0.75
85,11,val,9.529548,0.76
85,12,val,14.345529,0.76
85,13,val,14.088864,0.77
85,14,val,8.752318,0.78
85,15,val,2.824961,0.78
85,16,val,15.634145,0.79
85,17,val,6.990497,0.80
85,18,val,3.152489,0.80
85,19,val,22.697460,0.81
85,20,val,12.741180,0.82
85,21,val,13.574351,0.83
85,22,val,11.040226,0.83
85,23,val,3.187202,0.84
85,24,val,13.786433,0.84
85,25,val,27.177193,0.85
85,26,val,3.846525,0.86
85,27,val,5.203073,0.86
85,28,val,4.890790,0.87
85,29,val,3.490955,0.88
85,30,val,3.742217,0.88
85,31,val,23.523979,0.89
85,32,val,15.430150,0.89
85,33,val,2.823167,0.90
85,34,val,17.510134,0.90
85,35,val,4.700338,0.91
86,0,train,6.866096,0.12
86,1,train,8.544106,0.16
86,2,train,7.993864,0.19
86,3,train,10.976557,0.22
86,4,train,10.931542,0.26
86,5,train,6.767392,0.29
86,6,train,9.562876,0.32
86,7,train,7.517321,0.35
86,8,train,10.769327,0.39
86,9,train,8.442505,0.42
86,10,train,10.347626,0.45
86,11,train,14.224655,0.48
86,12,train,7.666749,0.52
86,13,train,8.729407,0.55
86,0,val,3.956036,0.66
86,1,val,6.819819,0.67
86,2,val,18.599339,0.68
86,3,val,21.527090,0.69
86,4,val,3.979504,0.69
86,5,val,2.941422,0.70
86,6,val,14.342014,0.71
86,7,val,5.448413,0.72
86,8,val,4.670517,0.72
86,9,val,17.294941,0.73
86,10,val,16.081900,0.74
86,11,val,9.494967,0.74
86,12,val,14.948375,0.75
86,13,val,11.651811,0.76
86,14,val,10.559716,0.76
86,15,val,3.884815,0.77
86,16,val,17.288977,0.78
86,17,val,8.534832,0.78
86,18,val,3.727994,0.79
86,19,val,23.100103,0.80
86,20,val,9.034140,0.81
86,21,val,16.202862,0.82
86,22,val,15.761812,0.82
86,23,val,4.066888,0.83
86,24,val,3.463916,0.84
86,25,val,24.693373,0.85
86,26,val,4.038212,0.85
86,27,val,4.546911,0.86
86,28,val,4.539858,0.87
86,29,val,6.435793,0.88
86,30,val,11.531231,0.89
86,31,val,22.592707,0.90
86,32,val,16.573614,0.91
86,33,val,8.394841,0.92
86,34,val,13.281878,0.93
86,35,val,5.923293,0.94
87,0,train,10.501370,0.13
87,1,train,9.809938,0.16
87,2,train,8.159292,0.20
87,3,train,7.379078,0.23
87,4,train,9.490004,0.26
87,5,train,8.039265,0.30
87,6,train,7.941430,0.33
87,7,train,11.197249,0.36
87,8,train,10.587879,0.39
87,9,train,10.543032,0.43
87,10,train,8.037760,0.46
87,11,train,10.650897,0.49
87,12,train,8.689024,0.53
87,13,train,9.820865,0.56
87,0,val,8.435555,0.69
87,1,val,6.810250,0.70
87,2,val,14.507107,0.72
87,3,val,19.874697,0.73
87,4,val,4.559732,0.74
87,5,val,4.876459,0.75
87,6,val,12.654216,0.76
87,7,val,7.141358,0.77
87,8,val,3.748024,0.78
87,9,val,14.163761,0.79
87,10,val,15.742833,0.80
87,11,val,12.914327,0.81
87,12,val,13.959394,0.82
87,13,val,6.874865,0.83
87,14,val,8.388769,0.84
87,15,val,5.108729,0.84
87,16,val,14.617916,0.85
87,17,val,8.326797,0.86
87,18,val,4.619258,0.87
87,19,val,21.689507,0.88
87,20,val,9.464633,0.89
87,21,val,14.603048,0.90
87,22,val,13.246460,0.91
87,23,val,4.952024,0.92
87,24,val,4.175495,0.93
87,25,val,27.198292,0.93
87,26,val,5.422520,0.94
87,27,val,3.343164,0.95
87,28,val,3.649970,0.95
87,29,val,4.228036,0.96
87,30,val,3.614343,0.97
87,31,val,21.966585,0.97
87,32,val,16.558617,0.98
87,33,val,4.051966,0.98
87,34,val,11.501248,0.98
87,35,val,2.826911,0.99
88,0,train,8.264269,0.18
88,1,train,8.725275,0.23
88,2,train,10.006009,0.28
88,3,train,8.684841,0.31
88,4,train,6.765799,0.34
88,5,train,6.991714,0.38
88,6,train,9.725400,0.41
88,7,train,15.192047,0.44
88,8,train,9.873963,0.48
88,9,train,7.379172,0.51
88,10,train,6.892787,0.54
88,11,train,7.588905,0.57
88,12,train,6.971354,0.60
88,13,train,8.050290,0.64
88,0,val,3.896119,0.75
88,1,val,4.555106,0.75
88,2,val,13.619708,0.76
88,3,val,18.262108,0.77
88,4,val,3.844503,0.77
88,5,val,10.017029,0.78
88,6,val,13.293834,0.79
88,7,val,6.508984,0.80
88,8,val,2.850813,0.80
88,9,val,16.080696,0.81
88,10,val,16.328650,0.82
88,11,val,11.040108,0.82
88,12,val,14.571114,0.83
88,13,val,6.697214,0.83
88,14,val,9.369169,0.84
88,15,val,3.280769,0.85
88,16,val,15.499105,0.85
88,17,val,6.566288,0.86
88,18,val,6.692077,0.87
88,19,val,22.795013,0.87
88,20,val,12.728701,0.88
88,21,val,14.164557,0.89
88,22,val,11.418980,0.90
88,23,val,8.697660,0.90
88,24,val,6.542099,0.91
88,25,val,26.299021,0.91
88,26,val,3.375813,0.92
88,27,val,4.675032,0.93
88,28,val,4.575690,0.93
88,29,val,3.739816,0.94
88,30,val,3.561271,0.95
88,31,val,21.236572,0.95
88,32,val,21.237568,0.96
88,33,val,5.012425,0.96
88,34,val,11.906082,0.97
88,35,val,3.540841,0.97
89,0,train,12.775864,0.13
89,1,train,11.435595,0.16
89,2,train,11.735092,0.20
89,3,train,7.266036,0.23
89,4,train,7.475427,0.26
89,5,train,7.196778,0.30
89,6,train,9.534615,0.33
89,7,train,7.642837,0.36
89,8,train,8.317139,0.40
89,9,train,9.378904,0.43
89,10,train,7.151790,0.46
89,11,train,10.835179,0.50
89,12,train,9.513438,0.53
89,13,train,6.600836,0.56
89,0,val,7.220246,0.67
89,1,val,4.786766,0.68
89,2,val,15.030318,0.69
89,3,val,18.750713,0.69
89,4,val,3.030208,0.70
89,5,val,3.095093,0.71
89,6,val,12.878624,0.72
89,7,val,9.183937,0.73
89,8,val,5.546045,0.73
89,9,val,12.072314,0.74
89,10,val,16.415382,0.75
89,11,val,10.175317,0.75
89,12,val,16.218880,0.76
89,13,val,7.762030,0.76
89,14,val,12.117900,0.77
89,15,val,4.580510,0.78
89,16,val,13.806493,0.78
89,17,val,7.252371,0.79
89,18,val,6.879627,0.80
89,19,val,22.538916,0.80
89,20,val,11.684908,0.81
89,21,val,13.925709,0.82
89,22,val,11.593181,0.83
89,23,val,4.785986,0.83
89,24,val,2.917327,0.84
89,25,val,27.066355,0.85
89,26,val,3.620141,0.85
89,27,val,9.217401,0.86
89,28,val,4.180342,0.87
89,29,val,3.599357,0.87
89,30,val,3.976970,0.88
89,31,val,24.462280,0.88
89,32,val,15.669649,0.89
89,33,val,5.260854,0.89
89,34,val,12.932433,0.90
89,35,val,3.496689,0.90
90,0,train,11.101297,0.17
90,1,train,10.510467,0.21
90,2,train,8.540010,0.24
90,3,train,7.770519,0.28
90,4,train,8.839222,0.32
90,5,train,10.293927,0.35
90,6,train,10.595325,0.38
90,7,train,10.006104,0.42
90,8,train,7.034112,0.46
90,9,train,12.695132,0.50
90,10,train,10.059870,0.53
90,11,train,8.524685,0.56
90,12,train,10.268777,0.60
90,13,train,6.526945,0.63
90,0,val,3.587831,0.80
90,1,val,4.946384,0.82
90,2,val,15.101996,0.83
90,3,val,16.603708,0.83
90,4,val,2.676482,0.84
90,5,val,3.058696,0.85
90,6,val,12.928642,0.86
90,7,val,6.143408,0.87
90,8,val,7.757670,0.88
90,9,val,14.191509,0.89
90,10,val,17.665506,0.89
90,11,val,8.929573,0.90
90,12,val,15.347214,0.91
90,13,val,9.847223,0.92
90,14,val,8.723323,0.93
90,15,val,7.207253,0.94
90,16,val,21.876369,0.95
90,17,val,6.741055,0.96
90,18,val,5.170851,0.97
90,19,val,29.331038,0.98
90,20,val,17.181063,0.98
90,21,val,24.524918,0.99
90,22,val,25.297518,1.00
90,23,val,4.800500,1.01
90,24,val,3.641781,1.02
90,25,val,26.073277,1.03
90,26,val,5.102831,1.04
90,27,val,8.964501,1.05
90,28,val,4.978205,1.06
90,29,val,4.829088,1.06
90,30,val,4.211848,1.07
90,31,val,23.875322,1.08
90,32,val,16.133862,1.08
90,33,val,4.809244,1.09
90,34,val,10.227994,1.10
90,35,val,4.159546,1.10
91,0,train,7.000969,0.17
91,1,train,9.579185,0.21
91,2,train,10.658132,0.25
91,3,train,8.414848,0.28
91,4,train,9.038597,0.33
91,5,train,6.975811,0.36
91,6,train,7.038890,0.40
91,7,train,10.205956,0.44
91,8,train,8.250440,0.48
91,9,train,10.643835,0.52
91,10,train,7.451296,0.55
91,11,train,8.833447,0.58
91,12,train,7.980007,0.62
91,13,train,9.609497,0.65
91,0,val,4.369441,0.83
91,1,val,8.155686,0.85
91,2,val,13.710857,0.85
91,3,val,23.069777,0.86
91,4,val,6.186177,0.87
91,5,val,4.263466,0.87
91,6,val,16.944311,0.88
91,7,val,5.152531,0.89
91,8,val,2.574985,0.90
91,9,val,12.431555,0.91
91,10,val,16.436218,0.92
91,11,val,9.478978,0.92
91,12,val,13.271276,0.93
91,13,val,6.492328,0.94
91,14,val,8.142566,0.95
91,15,val,2.886220,0.96
91,16,val,13.377923,0.97
91,17,val,11.368521,0.98
91,18,val,5.868526,0.99
91,19,val,22.766249,1.00
91,20,val,12.914123,1.01
91,21,val,16.376461,1.01
91,22,val,12.693624,1.02
91,23,val,4.668426,1.03
91,24,val,2.568440,1.04
91,25,val,24.331829,1.05
91,26,val,9.573848,1.06
91,27,val,5.012037,1.07
91,28,val,4.272265,1.08
91,29,val,3.707845,1.09
91,30,val,4.895922,1.10
91,31,val,25.003834,1.11
91,32,val,18.292727,1.11
91,33,val,3.863776,1.12
91,34,val,11.143311,1.12
91,35,val,2.669458,1.13
92,0,train,9.865902,0.17
92,1,train,6.975252,0.21
92,2,train,7.887455,0.25
92,3,train,7.553187,0.28
92,4,train,7.727248,0.33
92,5,train,8.047611,0.36
92,6,train,12.075119,0.40
92,7,train,7.929040,0.44
92,8,train,6.692740,0.48
92,9,train,7.596625,0.51
92,10,train,7.770987,0.54
92,11,train,10.818423,0.58
92,12,train,10.924227,0.61
92,13,train,8.008591,0.64
92,0,val,3.751361,0.79
92,1,val,10.998678,0.80
92,2,val,13.700485,0.82
92,3,val,16.762388,0.83
92,4,val,3.804421,0.84
92,5,val,6.928751,0.85
92,6,val,14.958274,0.86
92,7,val,5.444402,0.87
92,8,val,6.009467,0.88
92,9,val,21.745855,0.89
92,10,val,15.447976,0.90
92,11,val,10.119260,0.91
92,12,val,14.045276,0.92
92,13,val,6.533034,0.93
92,14,val,9.551012,0.94
92,15,val,2.907114,0.95
92,16,val,13.845008,0.96
92,17,val,9.516613,0.97
92,18,val,8.436835,0.98
92,19,val,22.627232,0.99
92,20,val,10.469594,1.00
92,21,val,13.385113,1.01
92,22,val,11.512014,1.02
92,23,val,6.588200,1.03
92,24,val,4.348788,1.04
92,25,val,24.365335,1.05
92,26,val,4.710496,1.06
92,27,val,3.730492,1.07
92,28,val,6.578971,1.07
92,29,val,4.250621,1.08
92,30,val,3.641457,1.09
92,31,val,20.700033,1.10
92,32,val,16.933714,1.11
92,33,val,2.738549,1.11
92,34,val,9.453984,1.12
92,35,val,3.153886,1.13
93,0,train,6.250354,0.18
93,1,train,6.177147,0.21
93,2,train,10.120152,0.25
93,3,train,10.675119,0.29
93,4,train,9.158342,0.33
93,5,train,7.868482,0.37
93,6,train,9.718950,0.41
93,7,train,11.603669,0.44
93,8,train,7.492299,0.48
93,9,train,7.071535,0.51
93,10,train,7.573731,0.54
93,11,train,8.346222,0.57
93,12,train,10.028057,0.60
93,13,train,10.478632,0.64
93,0,val,5.586081,0.75
93,1,val,7.258487,0.75
93,2,val,20.713657,0.76
93,3,val,16.419827,0.77
93,4,val,2.130103,0.77
93,5,val,8.305765,0.78
93,6,val,14.346029,0.79
93,7,val,7.790288,0.79
93,8,val,5.368182,0.80
93,9,val,26.211393,0.81
93,10,val,15.886462,0.81
93,11,val,11.173963,0.82
93,12,val,13.772629,0.83
93,13,val,7.863294,0.83
93,14,val,9.167966,0.84
93,15,val,5.858004,0.85
93,16,val,14.534736,0.85
93,17,val,6.763075,0.86
93,18,val,4.025035,0.86
93,19,val,24.179253,0.87
93,20,val,8.590678,0.88
93,21,val,12.908281,0.88
93,22,val,10.808441,0.90
93,23,val,3.674345,0.90
93,24,val,6.856402,0.91
93,25,val,24.486504,0.91
93,26,val,3.866237,0.92
93,27,val,4.084873,0.93
93,28,val,5.812842,0.93
93,29,val,9.032378,0.94
93,30,val,7.810598,0.95
93,31,val,20.651018,0.95
93,32,val,15.176342,0.96
93,33,val,2.630768,0.96
93,34,val,15.716092,0.96
93,35,val,3.367224,0.97
94,0,train,6.073238,0.16
94,1,train,10.426808,0.19
94,2,train,6.424368,0.22
94,3,train,6.140357,0.25
94,4,train,6.491332,0.28
94,5,train,11.317296,0.32
94,6,train,6.314440,0.36
94,7,train,10.260468,0.39
94,8,train,9.690596,0.42
94,9,train,9.343706,0.46
94,10,train,10.170216,0.49
94,11,train,8.586863,0.52
94,12,train,7.930505,0.55
94,13,train,11.829904,0.59
94,0,val,6.541947,0.70
94,1,val,4.579528,0.71
94,2,val,13.164980,0.71
94,3,val,18.712788,0.72
94,4,val,3.913642,0.73
94,5,val,3.642104,0.74
94,6,val,14.166586,0.74
94,7,val,9.301255,0.75
94,8,val,3.902638,0.76
94,9,val,18.595888,0.76
94,10,val,15.089718,0.77
94,11,val,9.445613,0.78
94,12,val,13.474651,0.78
94,13,val,10.293552,0.79
94,14,val,10.730663,0.79
94,15,val,3.299814,0.80
94,16,val,14.293543,0.81
94,17,val,7.775589,0.81
94,18,val,4.070853,0.82
94,19,val,20.522062,0.83
94,20,val,8.373899,0.83
94,21,val,13.114401,0.84
94,22,val,12.865872,0.85
94,23,val,4.039324,0.85
94,24,val,4.572662,0.86
94,25,val,31.295095,0.87
94,26,val,4.121554,0.88
94,27,val,5.543057,0.89
94,28,val,4.831291,0.90
94,29,val,5.261023,0.91
94,30,val,4.237620,0.92
94,31,val,20.733681,0.93
94,32,val,19.234064,0.94
94,33,val,3.037338,0.94
94,34,val,13.183427,0.95
94,35,val,3.289441,0.95
95,0,train,6.598125,0.13
95,1,train,10.166666,0.17
95,2,train,10.732323,0.20
95,3,train,8.438378,0.23
95,4,train,7.899064,0.27
95,5,train,7.851243,0.31
95,6,train,7.959440,0.34
95,7,train,5.781754,0.38
95,8,train,5.938980,0.41
95,9,train,8.774599,0.45
95,10,train,9.408265,0.48
95,11,train,8.669895,0.51
95,12,train,7.849276,0.55
95,13,train,8.936222,0.58
95,0,val,5.300952,0.70
95,1,val,4.852677,0.71
95,2,val,12.742195,0.72
95,3,val,17.814039,0.72
95,4,val,3.939887,0.73
95,5,val,3.481482,0.74
95,6,val,11.993731,0.75
95,7,val,5.391561,0.75
95,8,val,5.621927,0.76
95,9,val,11.686969,0.77
95,10,val,17.034092,0.77
95,11,val,13.131246,0.78
95,12,val,12.624477,0.79
95,13,val,6.294085,0.79
95,14,val,9.579885,0.80
95,15,val,3.629936,0.81
95,16,val,14.991635,0.81
95,17,val,6.312404,0.82
95,18,val,3.491324,0.83
95,19,val,23.094387,0.84
95,20,val,9.116687,0.85
95,21,val,16.900955,0.86
95,22,val,10.912104,0.86
95,23,val,8.893542,0.87
95,24,val,6.898859,0.88
95,25,val,23.457724,0.88
95,26,val,3.420470,0.89
95,27,val,3.754158,0.89
95,28,val,5.262911,0.90
95,29,val,7.269504,0.91
95,30,val,3.589772,0.91
95,31,val,20.507296,0.92
95,32,val,14.515233,0.92
95,33,val,4.278207,0.93
95,34,val,10.658672,0.93
95,35,val,9.126845,0.94
96,0,train,13.383123,0.18
96,1,train,11.206732,0.21
96,2,train,6.794586,0.24
96,3,train,11.814001,0.28
96,4,train,9.415426,0.32
96,5,train,8.206915,0.35
96,6,train,7.368088,0.39
96,7,train,9.574625,0.43
96,8,train,10.059238,0.46
96,9,train,8.627878,0.49
96,10,train,11.177363,0.53
96,11,train,8.897433,0.56
96,12,train,7.969473,0.59
96,13,train,8.076468,0.63
96,0,val,4.380846,0.74
96,1,val,8.024634,0.74
96,2,val,11.706604,0.75
96,3,val,16.042757,0.76
96,4,val,4.398463,0.77
96,5,val,3.885339,0.77
96,6,val,17.088360,0.78
96,7,val,7.928691,0.79
96,8,val,2.879680,0.80
96,9,val,12.095048,0.80
96,10,val,21.634764,0.81
96,11,val,8.365032,0.82
96,12,val,12.751150,0.82
96,13,val,7.279610,0.83
96,14,val,11.051575,0.83
96,15,val,4.272260,0.84
96,16,val,12.981645,0.85
96,17,val,11.300305,0.85
96,18,val,3.438838,0.86
96,19,val,21.598801,0.87
96,20,val,13.902794,0.88
96,21,val,15.302851,0.88
96,22,val,11.317577,0.89
96,23,val,3.199932,0.90
96,24,val,2.896513,0.90
96,25,val,29.122198,0.91
96,26,val,4.510213,0.91
96,27,val,7.453495,0.92
96,28,val,4.726357,0.93
96,29,val,4.105103,0.93
96,30,val,5.539444,0.94
96,31,val,22.545561,0.95
96,32,val,18.032293,0.95
96,33,val,6.577826,0.95
96,34,val,12.438313,0.96
96,35,val,16.575712,0.96
97,0,train,7.519979,0.14
97,1,train,8.834037,0.17
97,2,train,9.430896,0.20
97,3,train,7.723545,0.23
97,4,train,8.234463,0.27
97,5,train,9.146130,0.30
97,6,train,10.836191,0.33
97,7,train,7.468074,0.37
97,8,train,10.594275,0.40
97,9,train,9.903908,0.43
97,10,train,8.046099,0.46
97,11,train,9.393976,0.50
97,12,train,8.536957,0.53
97,13,train,8.539164,0.56
97,0,val,6.005122,0.68
97,1,val,4.421281,0.68
97,2,val,13.583633,0.69
97,3,val,15.329396,0.70
97,4,val,2.365363,0.70
97,5,val,2.557386,0.71
97,6,val,11.795189,0.72
97,7,val,8.319350,0.73
97,8,val,4.587146,0.74
97,9,val,11.545043,0.74
97,10,val,18.533485,0.75
97,11,val,8.164175,0.75
97,12,val,12.729539,0.76
97,13,val,10.955840,0.77
97,14,val,9.200749,0.77
97,15,val,4.177716,0.78
97,16,val,13.928841,0.79
97,17,val,7.079093,0.79
97,18,val,12.918797,0.80
97,19,val,20.992441,0.81
97,20,val,12.183676,0.82
97,21,val,13.983543,0.82
97,22,val,12.001922,0.83
97,23,val,4.953944,0.83
97,24,val,3.795687,0.84
97,25,val,23.472801,0.85
97,26,val,6.873911,0.85
97,27,val,4.394418,0.86
97,28,val,10.256332,0.87
97,29,val,3.922993,0.87
97,30,val,3.251877,0.88
97,31,val,20.183867,0.89
97,32,val,15.117516,0.89
97,33,val,5.445369,0.89
97,34,val,9.023488,0.90
97,35,val,8.130742,0.90
98,0,train,6.475736,0.12
98,1,train,9.472673,0.16
98,2,train,8.599882,0.19
98,3,train,7.857423,0.23
98,4,train,8.412096,0.26
98,5,train,8.693780,0.29
98,6,train,11.139173,0.32
98,7,train,11.012274,0.36
98,8,train,12.529955,0.39
98,9,train,13.556601,0.42
98,10,train,6.170283,0.46
98,11,train,13.174274,0.49
98,12,train,7.791437,0.52
98,13,train,6.577296,0.55
98,0,val,4.386021,0.67
98,1,val,3.974059,0.68
98,2,val,12.069359,0.68
98,3,val,16.755283,0.69
98,4,val,2.908995,0.70
98,5,val,2.672339,0.71
98,6,val,11.269642,0.71
98,7,val,5.032055,0.72
98,8,val,6.973269,0.73
98,9,val,15.932555,0.73
98,10,val,14.466001,0.74
98,11,val,8.196806,0.75
98,12,val,12.842809,0.75
98,13,val,8.024766,0.76
98,14,val,8.716872,0.77
98,15,val,4.466764,0.77
98,16,val,12.857881,0.78
98,17,val,7.240049,0.78
98,18,val,11.101641,0.79
98,19,val,20.877165,0.80
98,20,val,10.058273,0.80
98,21,val,15.161681,0.81
98,22,val,10.433695,0.82
98,23,val,6.091451,0.83
98,24,val,3.745546,0.84
98,25,val,25.355738,0.84
98,26,val,3.358952,0.85
98,27,val,5.753967,0.86
98,28,val,7.576028,0.86
98,29,val,4.195477,0.87
98,30,val,3.444078,0.87
98,31,val,19.939327,0.88
98,32,val,15.055717,0.88
98,33,val,4.251260,0.89
98,34,val,10.746932,0.89
98,35,val,3.026096,0.90
99,0,train,7.152975,0.15
99,1,train,6.892669,0.19
99,2,train,6.638801,0.22
99,3,train,7.221175,0.26
99,4,train,10.926031,0.29
99,5,train,7.337949,0.33
99,6,train,8.238920,0.36
99,7,train,7.453444,0.40
99,8,train,9.011153,0.43
99,9,train,6.887235,0.46
99,10,train,9.959099,0.49
99,11,train,8.022293,0.53
99,12,train,9.154804,0.56
99,13,train,8.003996,0.59
99,0,val,4.051480,0.71
99,1,val,4.526079,0.72
99,2,val,12.254962,0.72
99,3,val,17.518236,0.73
99,4,val,12.970268,0.74
99,5,val,3.431367,0.75
99,6,val,11.009255,0.76
99,7,val,5.065389,0.76
99,8,val,7.622061,0.77
99,9,val,11.561586,0.78
99,10,val,15.013994,0.78
99,11,val,8.487990,0.79
99,12,val,12.671374,0.80
99,13,val,6.716032,0.80
99,14,val,10.291565,0.81
99,15,val,6.305513,0.82
99,16,val,13.208195,0.82
99,17,val,7.214279,0.83
99,18,val,2.623995,0.84
99,19,val,22.823549,0.85
99,20,val,9.627361,0.86
99,21,val,13.081124,0.87
99,22,val,10.681081,0.87
99,23,val,4.453363,0.88
99,24,val,5.960218,0.88
99,25,val,24.203989,0.89
99,26,val,4.354043,0.90
99,27,val,11.112594,0.91
99,28,val,4.958755,0.91
99,29,val,10.451720,0.92
99,30,val,5.766537,0.93
99,31,val,22.648985,0.93
99,32,val,15.269618,0.94
99,33,val,3.242736,0.95
99,34,val,9.567143,0.95
99,35,val,3.213444,0.95
100,0,train,7.491786,0.13
100,1,train,5.905928,0.16
100,2,train,10.619587,0.19
100,3,train,9.330815,0.22
100,4,train,8.407019,0.26
100,5,train,7.175503,0.29
100,6,train,10.978208,0.32
100,7,train,8.938660,0.36
100,8,train,9.261760,0.39
100,9,train,8.094923,0.42
100,10,train,7.372379,0.45
100,11,train,6.516222,0.48
100,12,train,6.577207,0.52
100,13,train,6.879554,0.55
100,0,val,4.651164,0.67
100,1,val,4.410801,0.67
100,2,val,13.612500,0.68
100,3,val,15.601742,0.69
100,4,val,5.229825,0.69
100,5,val,4.209030,0.70
100,6,val,12.101491,0.71
100,7,val,5.647582,0.72
100,8,val,3.130795,0.72
100,9,val,42.621986,0.73
100,10,val,14.575175,0.74
100,11,val,7.851348,0.74
100,12,val,13.324284,0.75
100,13,val,8.553982,0.76
100,14,val,9.384068,0.76
100,15,val,4.130606,0.77
100,16,val,13.177992,0.77
100,17,val,7.218738,0.78
100,18,val,4.386713,0.79
100,19,val,28.622086,0.79
100,20,val,8.577659,0.81
100,21,val,13.880172,0.81
100,22,val,11.038611,0.82
100,23,val,4.449470,0.82
100,24,val,3.092692,0.83
100,25,val,31.500992,0.84
100,26,val,3.171554,0.84
100,27,val,8.141033,0.85
100,28,val,5.268584,0.86
100,29,val,5.997095,0.86
100,30,val,7.801941,0.87
100,31,val,20.496231,0.87
100,32,val,14.511233,0.88
100,33,val,5.223799,0.88
100,34,val,12.594341,0.89
100,35,val,2.321271,0.89
101,0,train,7.259375,0.12
101,1,train,9.406667,0.16
101,2,train,6.543558,0.19
101,3,train,7.228459,0.22
101,4,train,8.000761,0.26
101,5,train,11.379852,0.29
101,6,train,8.773540,0.32
101,7,train,7.007180,0.36
101,8,train,6.574594,0.39
101,9,train,8.076938,0.42
101,10,train,9.577173,0.45
101,11,train,7.540744,0.48
101,12,train,9.109947,0.52
101,13,train,7.027745,0.55
101,0,val,10.795961,0.66
101,1,val,3.754279,0.66
101,2,val,14.660752,0.67
101,3,val,16.452551,0.68
101,4,val,3.373834,0.69
101,5,val,7.568597,0.69
101,6,val,10.800732,0.70
101,7,val,5.179099,0.71
101,8,val,6.849087,0.72
101,9,val,12.366738,0.72
101,10,val,16.202646,0.73
101,11,val,8.222486,0.74
101,12,val,12.879922,0.74
101,13,val,6.758253,0.75
101,14,val,10.972341,0.76
101,15,val,4.603001,0.76
101,16,val,16.283342,0.77
101,17,val,6.279158,0.78
101,18,val,6.431571,0.78
101,19,val,20.440529,0.79
101,20,val,10.135228,0.79
101,21,val,13.008641,0.80
101,22,val,11.465637,0.81
101,23,val,5.266847,0.82
101,24,val,3.081370,0.82
101,25,val,22.363543,0.83
101,26,val,5.217827,0.84
101,27,val,3.742782,0.84
101,28,val,5.457444,0.85
101,29,val,4.562349,0.85
101,30,val,6.614014,0.86
101,31,val,20.743399,0.87
101,32,val,17.978649,0.87
101,33,val,5.621043,0.87
101,34,val,9.502955,0.88
101,35,val,2.702069,0.88
102,0,train,9.675810,0.13
102,1,train,10.406837,0.17
102,2,train,7.394921,0.20
102,3,train,6.837573,0.24
102,4,train,7.992548,0.27
102,5,train,9.350410,0.30
102,6,train,7.612482,0.34
102,7,train,10.566212,0.37
102,8,train,9.172393,0.40
102,9,train,11.272739,0.43
102,10,train,11.355492,0.47
102,11,train,7.233853,0.50
102,12,train,5.144474,0.53
102,13,train,7.055149,0.56
102,0,val,4.350929,0.67
102,1,val,3.984560,0.68
102,2,val,17.938494,0.69
102,3,val,16.985193,0.69
102,4,val,4.045508,0.70
102,5,val,4.040051,0.71
102,6,val,12.111238,0.72
102,7,val,10.152883,0.72
102,8,val,4.591385,0.73
102,9,val,11.637200,0.74
102,10,val,14.150660,0.74
102,11,val,8.486477,0.75
102,12,val,14.623947,0.76
102,13,val,8.633374,0.76
102,14,val,8.296864,0.77
102,15,val,4.010241,0.78
102,16,val,12.877707,0.79
102,17,val,7.097776,0.80
102,18,val,3.361879,0.82
102,19,val,21.479229,0.83
102,20,val,10.029302,0.83
102,21,val,15.317777,0.84
102,22,val,11.763786,0.85
102,23,val,7.969437,0.86
102,24,val,5.718702,0.87
102,25,val,22.429152,0.88
102,26,val,4.789391,0.89
102,27,val,4.945463,0.90
102,28,val,4.591305,0.91
102,29,val,7.709789,0.92
102,30,val,5.863137,0.93
102,31,val,23.486015,0.94
102,32,val,16.831728,0.94
102,33,val,3.141901,0.95
102,34,val,14.108952,0.95
102,35,val,4.926763,0.96
103,0,train,8.347759,0.18
103,1,train,8.697907,0.21
103,2,train,8.826156,0.25
103,3,train,11.577862,0.29
103,4,train,11.451527,0.33
103,5,train,12.515608,0.37
103,6,train,10.377457,0.40
103,7,train,9.000490,0.44
103,8,train,6.655301,0.48
103,9,train,9.554153,0.52
103,10,train,8.142901,0.55
103,11,train,7.478737,0.58
103,12,train,8.171904,0.61
103,13,train,8.696077,0.65
103,0,val,5.271321,0.83
103,1,val,3.867119,0.85
103,2,val,14.259730,0.86
103,3,val,16.250957,0.86
103,4,val,3.028463,0.87
103,5,val,3.185265,0.88
103,6,val,11.156690,0.89
103,7,val,5.745504,0.90
103,8,val,3.757978,0.90
103,9,val,19.441256,0.91
103,10,val,14.168910,0.92
103,11,val,8.007774,0.93
103,12,val,15.202471,0.94
103,13,val,5.771687,0.95
103,14,val,12.771214,0.95
103,15,val,2.584097,0.96
103,16,val,13.455974,0.97
103,17,val,6.215390,0.98
103,18,val,4.269677,0.99
103,19,val,20.016695,0.99
103,20,val,9.929493,1.00
103,21,val,12.874049,1.01
103,22,val,11.554417,1.02
103,23,val,4.730426,1.03
103,24,val,3.069257,1.03
103,25,val,22.869665,1.04
103,26,val,11.620320,1.06
103,27,val,4.251493,1.06
103,28,val,9.213509,1.07
103,29,val,5.439050,1.08
103,30,val,4.796721,1.09
103,31,val,21.814861,1.09
103,32,val,14.954494,1.10
103,33,val,7.276796,1.10
103,34,val,10.299514,1.11
103,35,val,5.787752,1.12
104,0,train,7.986765,0.21
104,1,train,11.197104,0.25
104,2,train,6.818484,0.29
104,3,train,7.941295,0.32
104,4,train,6.332180,0.37
104,5,train,6.247026,0.41
104,6,train,6.778138,0.44
104,7,train,5.819493,0.49
104,8,train,7.299955,0.52
104,9,train,6.759419,0.56
104,10,train,9.280286,0.59
104,11,train,7.834506,0.63
104,12,train,11.769802,0.66
104,13,train,9.686054,0.69
104,0,val,4.015687,0.87
104,1,val,4.130341,0.90
104,2,val,12.438647,0.91
104,3,val,18.299181,0.92
104,4,val,3.441754,0.93
104,5,val,4.823884,0.94
104,6,val,15.117534,0.95
104,7,val,5.804788,0.96
104,8,val,4.593600,0.96
104,9,val,12.086063,0.97
104,10,val,14.221547,0.99
104,11,val,8.147167,1.00
104,12,val,12.311325,1.00
104,13,val,6.269387,1.01
104,14,val,9.942108,1.02
104,15,val,5.491451,1.03
104,16,val,15.238298,1.04
104,17,val,6.330237,1.05
104,18,val,3.494673,1.06
104,19,val,21.001122,1.07
104,20,val,8.841559,1.07
104,21,val,13.840026,1.09
104,22,val,10.341294,1.10
104,23,val,4.258035,1.11
104,24,val,2.438912,1.12
104,25,val,26.621012,1.13
104,26,val,7.414459,1.14
104,27,val,4.294708,1.15
104,28,val,5.159283,1.17
104,29,val,4.357341,1.18
104,30,val,3.392867,1.21
104,31,val,19.678080,1.22
104,32,val,18.117376,1.23
104,33,val,2.336855,1.24
104,34,val,10.210969,1.25
104,35,val,5.851055,1.27
105,0,train,8.615653,0.14
105,1,train,10.264563,0.19
105,2,train,7.310293,0.24
105,3,train,7.514957,0.27
105,4,train,8.933794,0.31
105,5,train,8.780640,0.34
105,6,train,8.356733,0.38
105,7,train,6.597063,0.42
105,8,train,4.939957,0.45
105,9,train,7.073338,0.48
105,10,train,7.355431,0.52
105,11,train,12.303112,0.55
105,12,train,9.913613,0.59
105,13,train,8.752874,0.62
105,0,val,4.152113,0.75
105,1,val,5.092740,0.76
105,2,val,12.866797,0.77
105,3,val,15.267730,0.78
105,4,val,5.701171,0.79
105,5,val,3.649729,0.80
105,6,val,10.782810,0.81
105,7,val,5.401608,0.82
105,8,val,10.443673,0.82
105,9,val,13.461395,0.83
105,10,val,14.389796,0.84
105,11,val,9.338023,0.85
105,12,val,12.455387,0.86
105,13,val,7.089174,0.87
105,14,val,13.852348,0.88
105,15,val,2.629163,0.89
105,16,val,16.791542,0.90
105,17,val,13.418080,0.92
105,18,val,8.237467,0.93
105,19,val,22.402145,0.94
105,20,val,8.994559,0.95
105,21,val,12.494036,0.96
105,22,val,18.513865,0.97
105,23,val,4.289076,0.98
105,24,val,4.957970,0.99
105,25,val,23.537455,1.01
105,26,val,12.823931,1.01
105,27,val,9.040013,1.02
105,28,val,3.788599,1.03
105,29,val,5.348606,1.04
105,30,val,8.278913,1.04
105,31,val,20.252909,1.05
105,32,val,16.284344,1.06
105,33,val,3.065113,1.07
105,34,val,11.072457,1.08
105,35,val,5.485343,1.09
106,0,train,8.749836,0.14
106,1,train,7.650821,0.18
106,2,train,8.954095,0.21
106,3,train,9.477978,0.24
106,4,train,5.577600,0.29
106,5,train,9.826774,0.32
106,6,train,6.496102,0.35
106,7,train,9.812017,0.38
106,8,train,5.758226,0.42
106,9,train,6.955096,0.45
106,10,train,9.163010,0.48
106,11,train,8.665142,0.51
106,12,train,7.603861,0.55
106,13,train,10.752127,0.58
106,0,val,8.268527,0.70
106,1,val,4.011589,0.71
106,2,val,61.231976,0.72
106,3,val,16.766672,0.72
106,4,val,2.887046,0.74
106,5,val,3.214037,0.74
106,6,val,16.111202,0.75
106,7,val,6.431396,0.76
106,8,val,4.481402,0.77
106,9,val,16.697828,0.77
106,10,val,14.576326,0.78
106,11,val,12.504607,0.79
106,12,val,13.673565,0.80
106,13,val,6.816396,0.80
106,14,val,8.425702,0.81
106,15,val,4.409591,0.82
106,16,val,16.954168,0.82
106,17,val,6.356337,0.83
106,18,val,4.442983,0.84
106,19,val,20.065218,0.85
106,20,val,9.782682,0.86
106,21,val,12.486465,0.86
106,22,val,13.115186,0.87
106,23,val,3.906505,0.88
106,24,val,3.976563,0.89
106,25,val,23.401964,0.89
106,26,val,3.278781,0.90
106,27,val,7.574851,0.91
106,28,val,3.812107,0.91
106,29,val,5.921241,0.92
106,30,val,4.181085,0.93
106,31,val,22.065664,0.94
106,32,val,20.270052,0.94
106,33,val,8.203395,0.95
106,34,val,10.051445,0.95
106,35,val,7.518865,0.96
107,0,train,7.372865,0.12
107,1,train,6.613011,0.15
107,2,train,13.684740,0.19
107,3,train,9.157324,0.22
107,4,train,9.758893,0.25
107,5,train,7.710456,0.29
107,6,train,7.391563,0.33
107,7,train,6.215400,0.36
107,8,train,7.260458,0.39
107,9,train,6.892930,0.42
107,10,train,7.474651,0.45
107,11,train,9.516577,0.49
107,12,train,6.662824,0.52
107,13,train,6.199161,0.55
107,0,val,4.058712,0.67
107,1,val,4.635849,0.67
107,2,val,12.943199,0.68
107,3,val,14.462494,0.68
107,4,val,4.475951,0.69
107,5,val,2.671097,0.70
107,6,val,10.173532,0.71
107,7,val,15.279309,0.71
107,8,val,6.218266,0.72
107,9,val,10.788179,0.73
107,10,val,14.099908,0.73
107,11,val,16.501858,0.74
107,12,val,12.748713,0.75
107,13,val,7.468108,0.75
107,14,val,8.142776,0.76
107,15,val,7.864999,0.77
107,16,val,12.718707,0.77
107,17,val,7.109183,0.78
107,18,val,9.995703,0.79
107,19,val,19.444908,0.79
107,20,val,13.386250,0.80
107,21,val,12.850452,0.81
107,22,val,24.351162,0.82
107,23,val,3.679466,0.82
107,24,val,2.741585,0.83
107,25,val,23.049568,0.83
107,26,val,7.590312,0.84
107,27,val,4.262724,0.85
107,28,val,3.479724,0.85
107,29,val,5.463460,0.86
107,30,val,4.847645,0.87
107,31,val,24.007242,0.87
107,32,val,13.526694,0.88
107,33,val,5.258959,0.88
107,34,val,9.320049,0.89
107,35,val,2.313602,0.89
108,0,train,8.610352,0.11
108,1,train,8.435611,0.15
108,2,train,8.131785,0.18
108,3,train,7.446114,0.21
108,4,train,5.335306,0.24
108,5,train,9.309122,0.28
108,6,train,9.195146,0.31
108,7,train,11.711976,0.34
108,8,train,5.978546,0.37
108,9,train,8.724545,0.41
108,10,train,7.911644,0.44
108,11,train,9.219232,0.47
108,12,train,9.407207,0.51
108,13,train,7.546820,0.54
108,0,val,5.742826,0.65
108,1,val,9.035656,0.66
108,2,val,12.196073,0.67
108,3,val,19.720068,0.67
108,4,val,2.715058,0.68
108,5,val,3.665421,0.69
108,6,val,10.708992,0.70
108,7,val,5.751180,0.70
108,8,val,3.309399,0.71
108,9,val,17.549337,0.72
108,10,val,14.970908,0.72
108,11,val,9.162360,0.73
108,12,val,12.481707,0.73
108,13,val,5.858987,0.74
108,14,val,15.621126,0.75
108,15,val,3.443494,0.75
108,16,val,20.602819,0.76
108,17,val,7.294569,0.77
108,18,val,5.409020,0.77
108,19,val,19.290579,0.78
108,20,val,8.973654,0.78
108,21,val,26.446983,0.79
108,22,val,10.428823,0.80
108,23,val,4.186018,0.81
108,24,val,2.751343,0.81
108,25,val,20.946871,0.82
108,26,val,5.998235,0.83
108,27,val,5.142197,0.83
108,28,val,9.397417,0.84
108,29,val,3.720093,0.85
108,30,val,8.268170,0.85
108,31,val,22.650743,0.86
108,32,val,24.564770,0.86
108,33,val,7.895273,0.87
108,34,val,10.657700,0.87
108,35,val,2.538328,0.87
109,0,train,6.382774,0.13
109,1,train,6.811524,0.16
109,2,train,6.836626,0.19
109,3,train,11.668543,0.22
109,4,train,8.394918,0.26
109,5,train,8.046360,0.29
109,6,train,7.430261,0.32
109,7,train,6.929443,0.36
109,8,train,11.508837,0.39
109,9,train,9.456171,0.42
109,10,train,7.270435,0.45
109,11,train,7.593359,0.49
109,12,train,6.092283,0.52
109,13,train,5.894316,0.55
109,0,val,4.425097,0.67
109,1,val,4.741842,0.67
109,2,val,11.939734,0.68
109,3,val,14.212723,0.69
109,4,val,2.868152,0.69
109,5,val,5.016578,0.71
109,6,val,11.816161,0.71
109,7,val,5.235215,0.72
109,8,val,4.549651,0.72
109,9,val,10.151411,0.73
109,10,val,13.734880,0.74
109,11,val,14.928264,0.74
109,12,val,13.712674,0.75
109,13,val,7.394924,0.76
109,14,val,9.476659,0.76
109,15,val,5.840240,0.77
109,16,val,15.353741,0.77
109,17,val,6.298313,0.78
109,18,val,5.172799,0.79
109,19,val,19.539246,0.79
109,20,val,8.913325,0.80
109,21,val,12.181718,0.81
109,22,val,9.716670,0.81
109,23,val,4.027653,0.82
109,24,val,5.945022,0.83
109,25,val,23.165213,0.83
109,26,val,7.621471,0.84
109,27,val,5.451711,0.85
109,28,val,4.266639,0.85
109,29,val,4.177325,0.86
109,30,val,3.642743,0.86
109,31,val,19.183247,0.87
109,32,val,18.914494,0.88
109,33,val,2.933689,0.88
109,34,val,9.264923,0.88
109,35,val,2.591660,0.89
110,0,train,9.432241,0.12
110,1,train,7.022660,0.15
110,2,train,10.277147,0.18
110,3,train,8.067932,0.22
110,4,train,8.062963,0.25
110,5,train,6.935757,0.28
110,6,train,8.163126,0.31
110,7,train,9.571081,0.35
110,8,train,7.892879,0.38
110,9,train,6.209365,0.41
110,10,train,6.948595,0.44
110,11,train,9.888092,0.48
110,12,train,7.766231,0.51
110,13,train,6.511365,0.54
110,0,val,4.579103,0.69
110,1,val,5.295784,0.69
110,2,val,11.488360,0.70
110,3,val,14.993914,0.71
110,4,val,3.172522,0.71
110,5,val,2.601658,0.73
110,6,val,10.620637,0.73
110,7,val,7.013293,0.74
110,8,val,4.770539,0.75
110,9,val,11.140371,0.75
110,10,val,15.167907,0.76
110,11,val,9.248745,0.76
110,12,val,16.506630,0.77
110,13,val,5.962465,0.78
110,14,val,9.761509,0.78
110,15,val,2.987154,0.79
110,16,val,14.601954,0.80
110,17,val,11.310852,0.80
110,18,val,4.359515,0.81
110,19,val,21.411053,0.81
110,20,val,16.467255,0.82
110,21,val,14.472490,0.83
110,22,val,10.847513,0.84
110,23,val,3.420058,0.84
110,24,val,2.414473,0.85
110,25,val,21.171249,0.86
110,26,val,8.246137,0.87
110,27,val,4.353053,0.88
110,28,val,6.398228,0.89
110,29,val,4.279707,0.90
110,30,val,4.590692,0.90
110,31,val,23.925236,0.91
110,32,val,21.575233,0.91
110,33,val,3.289248,0.92
110,34,val,9.035350,0.92
110,35,val,7.027567,0.93
111,0,train,10.677488,0.13
111,1,train,10.916997,0.16
111,2,train,6.676737,0.19
111,3,train,8.490854,0.22
111,4,train,7.072847,0.26
111,5,train,7.996641,0.29
111,6,train,6.627852,0.33
111,7,train,6.247105,0.36
111,8,train,11.034415,0.40
111,9,train,7.623481,0.43
111,10,train,9.054274,0.46
111,11,train,7.779472,0.49
111,12,train,8.698482,0.52
111,13,train,8.482908,0.55
111,0,val,4.601361,0.66
111,1,val,5.334469,0.67
111,2,val,12.881058,0.68
111,3,val,14.322454,0.68
111,4,val,3.313002,0.69
111,5,val,4.561618,0.70
111,6,val,11.021123,0.71
111,7,val,8.279734,0.71
111,8,val,4.766375,0.72
111,9,val,11.981552,0.73
111,10,val,14.630825,0.73
111,11,val,7.693458,0.74
111,12,val,11.703561,0.75
111,13,val,5.985939,0.75
111,14,val,7.625620,0.76
111,15,val,5.458044,0.77
111,16,val,12.821201,0.77
111,17,val,5.779691,0.78
111,18,val,10.507553,0.79
111,19,val,20.644211,0.79
111,20,val,12.661502,0.80
111,21,val,13.090400,0.81
111,22,val,10.073551,0.82
111,23,val,3.902968,0.82
111,24,val,4.059258,0.83
111,25,val,21.401598,0.84
111,26,val,4.944386,0.84
111,27,val,4.924856,0.85
111,28,val,5.742116,0.85
111,29,val,3.972635,0.86
111,30,val,3.704272,0.87
111,31,val,25.050102,0.87
111,32,val,14.278750,0.88
111,33,val,3.069062,0.88
111,34,val,12.706156,0.89
111,35,val,6.657332,0.89
112,0,train,8.408695,0.13
112,1,train,6.621773,0.16
112,2,train,7.046937,0.20
112,3,train,10.740246,0.23
112,4,train,6.804201,0.26
112,5,train,11.445347,0.30
112,6,train,7.671973,0.33
112,7,train,8.282503,0.36
112,8,train,7.709876,0.40
112,9,train,9.562263,0.43
112,10,train,7.719785,0.46
112,11,train,8.344460,0.49
112,12,train,6.147958,0.52
112,13,train,9.674191,0.55
112,0,val,3.768874,0.67
112,1,val,3.537282,0.68
112,2,val,11.083501,0.68
112,3,val,15.234620,0.69
112,4,val,2.566577,0.70
112,5,val,3.715757,0.71
112,6,val,9.641399,0.71
112,7,val,5.835304,0.72
112,8,val,2.924558,0.73
112,9,val,12.676516,0.73
112,10,val,13.958225,0.74
112,11,val,7.445077,0.75
112,12,val,14.667713,0.75
112,13,val,5.837709,0.76
112,14,val,8.867035,0.76
112,15,val,5.779521,0.77
112,16,val,16.471817,0.78
112,17,val,6.134145,0.78
112,18,val,4.476511,0.79
112,19,val,20.556526,0.80
112,20,val,8.509965,0.81
112,21,val,12.052155,0.81
112,22,val,11.168354,0.82
112,23,val,3.458890,0.82
112,24,val,2.651689,0.83
112,25,val,22.716007,0.84
112,26,val,5.041937,0.84
112,27,val,5.662579,0.85
112,28,val,5.443485,0.85
112,29,val,6.558719,0.86
112,30,val,4.268475,0.87
112,31,val,35.274334,0.87
112,32,val,16.347235,0.88
112,33,val,4.223618,0.88
112,34,val,9.889432,0.89
112,35,val,3.388371,0.89
113,0,train,8.447683,0.18
113,1,train,8.079540,0.22
113,2,train,9.375488,0.26
113,3,train,7.568366,0.29
113,4,train,10.779921,0.32
113,5,train,8.824944,0.36
113,6,train,6.122604,0.40
113,7,train,7.117393,0.44
113,8,train,8.766176,0.48
113,9,train,7.315513,0.52
113,10,train,9.669292,0.55
113,11,train,6.960052,0.58
113,12,train,8.674086,0.62
113,13,train,11.449442,0.65
113,0,val,7.895572,0.83
113,1,val,7.871071,0.85
113,2,val,13.725989,0.86
113,3,val,15.392551,0.86
113,4,val,10.714040,0.87
113,5,val,4.569651,0.89
113,6,val,12.192451,0.89
113,7,val,5.940047,0.90
113,8,val,3.037587,0.91
113,9,val,13.781362,0.92
113,10,val,13.624933,0.93
113,11,val,9.251011,0.94
113,12,val,12.372463,0.95
113,13,val,5.688065,0.96
113,14,val,8.715422,0.96
113,15,val,4.742718,0.97
113,16,val,12.816734,0.98
113,17,val,9.481313,0.99
113,18,val,5.981057,0.99
113,19,val,21.988298,1.00
113,20,val,8.989772,1.01
113,21,val,15.535406,1.02
113,22,val,12.235960,1.03
113,23,val,9.722636,1.04
113,24,val,3.983610,1.05
113,25,val,23.222107,1.06
113,26,val,3.802769,1.07
113,27,val,6.429826,1.08
113,28,val,4.222493,1.09
113,29,val,4.800817,1.10
113,30,val,3.904247,1.10
113,31,val,19.352732,1.11
113,32,val,17.254372,1.12
113,33,val,3.524411,1.12
113,34,val,14.135934,1.13
113,35,val,2.430922,1.14
114,0,train,9.754185,0.15
114,1,train,9.001014,0.21
114,2,train,8.344904,0.24
114,3,train,7.041761,0.28
114,4,train,6.880179,0.32
114,5,train,7.351757,0.36
114,6,train,6.985994,0.39
114,7,train,8.393589,0.44
114,8,train,8.496227,0.47
114,9,train,8.429279,0.51
114,10,train,7.768063,0.54
114,11,train,7.318096,0.57
114,12,train,8.268526,0.61
114,13,train,6.911889,0.64
114,0,val,6.657481,0.81
114,1,val,6.176188,0.82
114,2,val,12.877005,0.84
114,3,val,14.484509,0.84
114,4,val,2.979214,0.85
114,5,val,3.858123,0.86
114,6,val,10.638741,0.87
114,7,val,5.785268,0.88
114,8,val,3.658023,0.89
114,9,val,13.899837,0.90
114,10,val,16.277761,0.90
114,11,val,10.083707,0.91
114,12,val,11.420756,0.92
114,13,val,5.943489,0.93
114,14,val,10.352276,0.94
114,15,val,13.284982,0.95
114,16,val,12.256754,0.96
114,17,val,12.203456,0.97
114,18,val,8.572704,0.97
114,19,val,20.552315,0.98
114,20,val,10.460519,0.99
114,21,val,17.373337,1.00
114,22,val,12.226167,1.01
114,23,val,4.369440,1.02
114,24,val,4.107292,1.03
114,25,val,20.737759,1.04
114,26,val,3.851238,1.05
114,27,val,3.765861,1.06
114,28,val,6.192642,1.07
114,29,val,4.355531,1.08
114,30,val,3.616235,1.09
114,31,val,18.767433,1.10
114,32,val,13.514692,1.10
114,33,val,5.669032,1.11
114,34,val,9.318805,1.11
114,35,val,4.710316,1.12
115,0,train,9.776701,0.17
115,1,train,5.813104,0.20
115,2,train,5.655479,0.24
115,3,train,7.112680,0.27
115,4,train,7.543142,0.32
115,5,train,7.099779,0.35
115,6,train,8.493854,0.39
115,7,train,7.746227,0.44
115,8,train,9.192879,0.48
115,9,train,7.570589,0.51
115,10,train,8.119246,0.54
115,11,train,8.282087,0.57
115,12,train,10.208342,0.61
115,13,train,7.631638,0.64
115,0,val,4.582016,0.82
115,1,val,5.288485,0.84
115,2,val,14.576611,0.85
115,3,val,13.760921,0.86
115,4,val,5.480470,0.87
115,5,val,3.425426,0.88
115,6,val,12.941666,0.89
115,7,val,5.078558,0.90
115,8,val,8.071315,0.91
115,9,val,11.387850,0.92
115,10,val,14.427128,0.95
115,11,val,8.135877,0.97
115,12,val,12.202627,0.99
115,13,val,5.940380,1.00
115,14,val,8.371723,1.01
115,15,val,7.632633,1.02
115,16,val,16.299456,1.03
115,17,val,6.746114,1.05
115,18,val,3.921905,1.06
115,19,val,19.177916,1.07
115,20,val,15.732890,1.08
115,21,val,12.139490,1.10
115,22,val,10.925090,1.11
115,23,val,3.222744,1.13
115,24,val,3.697368,1.14
115,25,val,23.489630,1.16
115,26,val,3.955869,1.17
115,27,val,3.728867,1.18
115,28,val,3.900182,1.19
115,29,val,4.088170,1.20
115,30,val,5.681689,1.21
115,31,val,21.480942,1.23
115,32,val,12.919003,1.24
115,33,val,2.910681,1.26
115,34,val,8.743772,1.27
115,35,val,2.377175,1.29
116,0,train,7.704195,0.17
116,1,train,6.269258,0.22
116,2,train,9.186259,0.27
116,3,train,6.521244,0.31
116,4,train,8.310875,0.36
116,5,train,6.140019,0.39
116,6,train,7.475010,0.43
116,7,train,7.912905,0.46
116,8,train,7.054365,0.50
116,9,train,9.989037,0.53
116,10,train,10.450614,0.56
116,11,train,6.487524,0.60
116,12,train,4.968966,0.63
116,13,train,7.017500,0.66
116,0,val,3.908186,0.78
116,1,val,4.301203,0.79
116,2,val,11.436175,0.79
116,3,val,16.616348,0.80
116,4,val,2.953848,0.81
116,5,val,4.992440,0.82
116,6,val,11.482670,0.82
116,7,val,5.037477,0.83
116,8,val,2.951205,0.84
116,9,val,11.618955,0.84
116,10,val,15.678576,0.85
116,11,val,7.276841,0.86
116,12,val,12.256396,0.86
116,13,val,11.805698,0.87
116,14,val,10.261812,0.88
116,15,val,3.942276,0.88
116,16,val,13.033545,0.89
116,17,val,15.147641,0.89
116,18,val,4.523056,0.90
116,19,val,19.875051,0.91
116,20,val,7.952518,0.92
116,21,val,14.000630,0.93
116,22,val,9.386717,0.93
116,23,val,3.063282,0.94
116,24,val,2.329479,0.95
116,25,val,22.825710,0.95
116,26,val,7.271619,0.96
116,27,val,7.744139,0.97
116,28,val,10.165407,0.98
116,29,val,6.262187,0.98
116,30,val,5.873076,0.99
116,31,val,18.211430,1.00
116,32,val,19.766100,1.00
116,33,val,7.808348,1.00
116,34,val,12.435883,1.01
116,35,val,4.017490,1.02
117,0,train,7.798232,0.12
117,1,train,7.713877,0.16
117,2,train,9.667023,0.19
117,3,train,5.913578,0.22
117,4,train,7.709097,0.26
117,5,train,7.788455,0.29
117,6,train,9.341235,0.32
117,7,train,7.205980,0.36
117,8,train,10.299897,0.39
117,9,train,8.351507,0.42
117,10,train,7.078038,0.46
117,11,train,5.960991,0.49
117,12,train,8.932970,0.52
117,13,train,7.308363,0.55
117,0,val,6.394974,0.67
117,1,val,4.948390,0.68
117,2,val,14.376961,0.69
117,3,val,15.692311,0.69
117,4,val,8.589222,0.70
117,5,val,2.651293,0.71
117,6,val,9.488993,0.72
117,7,val,5.698465,0.72
117,8,val,8.021512,0.73
117,9,val,10.474212,0.74
117,10,val,12.962132,0.74
117,11,val,9.384356,0.75
117,12,val,11.109549,0.76
117,13,val,5.358015,0.76
117,14,val,8.733455,0.77
117,15,val,3.889072,0.78
117,16,val,12.651942,0.78
117,17,val,5.618967,0.79
117,18,val,3.592885,0.80
117,19,val,20.689650,0.81
117,20,val,8.951583,0.82
117,21,val,12.703328,0.82
117,22,val,9.428953,0.83
117,23,val,4.726760,0.84
117,24,val,5.378992,0.84
117,25,val,20.557293,0.85
117,26,val,3.343151,0.86
117,27,val,8.509712,0.86
117,28,val,4.051594,0.87
117,29,val,4.003625,0.88
117,30,val,4.358642,0.88
117,31,val,21.295013,0.89
117,32,val,13.394759,0.89
117,33,val,12.862609,0.90
117,34,val,17.295479,0.90
117,35,val,2.631834,0.91
118,0,train,6.889215,0.18
118,1,train,8.283707,0.21
118,2,train,7.225016,0.24
118,3,train,6.707317,0.28
118,4,train,5.561898,0.31
118,5,train,8.122166,0.34
118,6,train,6.517713,0.37
118,7,train,8.781010,0.41
118,8,train,7.269773,0.44
118,9,train,7.844405,0.47
118,10,train,8.601421,0.50
118,11,train,7.947033,0.54
118,12,train,11.766441,0.57
118,13,train,6.886861,0.60
118,0,val,3.696046,0.73
118,1,val,4.035747,0.73
118,2,val,16.961950,0.74
118,3,val,24.269978,0.75
118,4,val,2.381445,0.76
118,5,val,3.071791,0.77
118,6,val,11.345776,0.77
118,7,val,7.650869,0.78
118,8,val,7.465254,0.79
118,9,val,10.750241,0.79
118,10,val,14.449535,0.80
118,11,val,9.587029,0.81
118,12,val,12.076381,0.81
118,13,val,8.361896,0.82
118,14,val,8.739567,0.82
118,15,val,4.675905,0.83
118,16,val,12.470329,0.84
118,17,val,5.727737,0.84
118,18,val,3.641397,0.85
118,19,val,18.338171,0.86
118,20,val,10.425235,0.87
118,21,val,12.508252,0.87
118,22,val,9.846506,0.88
118,23,val,3.568645,0.88
118,24,val,2.180249,0.89
118,25,val,24.769791,0.90
118,26,val,10.032574,0.90
118,27,val,3.495798,0.91
118,28,val,6.498562,0.91
118,29,val,7.287030,0.92
118,30,val,3.624185,0.93
118,31,val,19.932495,0.93
118,32,val,13.084378,0.94
118,33,val,9.527664,0.94
118,34,val,11.067367,0.94
118,35,val,11.888265,0.95
119,0,train,7.641846,0.12
119,1,train,8.393890,0.16
119,2,train,9.472128,0.19
119,3,train,10.593386,0.22
119,4,train,7.658400,0.25
119,5,train,7.623104,0.29
119,6,train,9.113388,0.32
119,7,train,9.241314,0.35
119,8,train,7.578314,0.39
119,9,train,7.433492,0.42
119,10,train,8.119356,0.45
119,11,train,6.323049,0.48
119,12,train,8.893249,0.52
119,13,train,8.329586,0.55
119,0,val,4.144026,0.66
119,1,val,10.073587,0.67
119,2,val,11.505660,0.67
119,3,val,15.209159,0.68
119,4,val,3.902341,0.68
119,5,val,4.904548,0.69
119,6,val,10.562402,0.70
119,7,val,7.002662,0.71
119,8,val,4.043214,0.71
119,9,val,11.749337,0.72
119,10,val,13.118363,0.73
119,11,val,7.458891,0.74
119,12,val,11.970393,0.75
119,13,val,13.983842,0.76
119,14,val,10.647327,0.76
119,15,val,3.504603,0.77
119,16,val,14.268451,0.78
119,17,val,7.255791,0.78
119,18,val,4.014304,0.79
119,19,val,19.915157,0.80
119,20,val,14.485383,0.80
119,21,val,12.041515,0.81
119,22,val,9.717620,0.82
119,23,val,3.466512,0.82
119,24,val,2.079743,0.83
119,25,val,21.301437,0.83
119,26,val,4.245422,0.84
119,27,val,4.133116,0.85
119,28,val,5.990849,0.85
119,29,val,3.967256,0.86
119,30,val,3.564413,0.87
119,31,val,18.623541,0.87
119,32,val,19.067675,0.88
119,33,val,5.353739,0.88
119,34,val,8.250697,0.89
119,35,val,3.107123,0.89
120,0,train,8.165192,0.13
120,1,train,7.273681,0.17
120,2,train,7.488374,0.20
120,3,train,8.894499,0.23
120,4,train,7.844339,0.26
120,5,train,5.756001,0.30
120,6,train,8.269494,0.33
120,7,train,5.755432,0.36
120,8,train,6.485936,0.39
120,9,train,11.570094,0.43
120,10,train,7.966343,0.46
120,11,train,7.581618,0.50
120,12,train,9.986324,0.53
120,13,train,8.944843,0.56
120,0,val,4.877340,0.68
120,1,val,6.643263,0.69
120,2,val,10.982379,0.69
120,3,val,13.845737,0.70
120,4,val,5.508531,0.71
120,5,val,4.185734,0.72
120,6,val,9.775080,0.73
120,7,val,6.721853,0.73
120,8,val,5.495885,0.74
120,9,val,11.157060,0.75
120,10,val,12.764838,0.75
120,11,val,16.328415,0.76
120,12,val,11.702563,0.77
120,13,val,15.593687,0.77
120,14,val,14.752049,0.78
120,15,val,6.501966,0.79
120,16,val,22.422169,0.79
120,17,val,6.652759,0.80
120,18,val,3.320882,0.81
120,19,val,19.166006,0.82
120,20,val,9.830719,0.82
120,21,val,11.667055,0.83
120,22,val,15.437546,0.84
120,23,val,3.688297,0.84
120,24,val,2.268335,0.85
120,25,val,20.160604,0.86
120,26,val,4.805254,0.86
120,27,val,5.001477,0.87
120,28,val,4.020038,0.88
120,29,val,11.544699,0.89
120,30,val,9.317997,0.89
120,31,val,20.442425,0.90
120,32,val,15.088706,0.90
120,33,val,3.735238,0.91
120,34,val,8.582895,0.92
120,35,val,3.459176,0.92
121,0,train,10.594397,0.12
121,1,train,7.384005,0.16
121,2,train,7.864969,0.19
121,3,train,7.426299,0.22
121,4,train,5.873575,0.25
121,5,train,10.710216,0.29
121,6,train,10.802015,0.32
121,7,train,9.237726,0.35
121,8,train,8.655167,0.38
121,9,train,6.069937,0.42
121,10,train,6.167884,0.45
121,11,train,9.042158,0.48
121,12,train,4.964728,0.52
121,13,train,8.222336,0.55
121,0,val,3.842147,0.66
121,1,val,5.728853,0.67
121,2,val,14.448564,0.68
121,3,val,14.755772,0.68
121,4,val,3.165280,0.69
121,5,val,3.629182,0.70
121,6,val,10.488736,0.71
121,7,val,7.446260,0.71
121,8,val,3.614467,0.72
121,9,val,12.783245,0.73
121,10,val,13.838956,0.73
121,11,val,8.233293,0.74
121,12,val,14.133158,0.75
121,13,val,6.110473,0.75
121,14,val,7.661741,0.76
121,15,val,2.698122,0.77
121,16,val,14.782287,0.77
121,17,val,9.140291,0.78
121,18,val,4.661963,0.78
121,19,val,18.881977,0.79
121,20,val,8.721254,0.80
121,21,val,12.937520,0.81
121,22,val,9.474899,0.82
121,23,val,3.239993,0.82
121,24,val,3.832145,0.83
121,25,val,24.383785,0.83
121,26,val,3.912491,0.84
121,27,val,5.438976,0.85
121,28,val,4.852970,0.85
121,29,val,3.263945,0.86
121,30,val,3.542813,0.87
121,31,val,25.320499,0.87
121,32,val,13.982293,0.88
121,33,val,2.802592,0.88
121,34,val,12.278220,0.89
121,35,val,3.096716,0.89
122,0,train,8.700027,0.18
122,1,train,6.583241,0.21
122,2,train,7.074764,0.24
122,3,train,9.775688,0.28
122,4,train,7.827886,0.31
122,5,train,8.703127,0.35
122,6,train,7.817409,0.39
122,7,train,7.033986,0.42
122,8,train,7.739638,0.46
122,9,train,9.084648,0.49
122,10,train,12.350471,0.52
122,11,train,8.738616,0.55
122,12,train,6.713327,0.58
122,13,train,8.486574,0.61
122,0,val,3.625899,0.73
122,1,val,3.380056,0.74
122,2,val,13.478374,0.74
122,3,val,13.408550,0.75
122,4,val,4.688842,0.76
122,5,val,4.272511,0.77
122,6,val,9.561578,0.77
122,7,val,6.664769,0.78
122,8,val,8.006853,0.79
122,9,val,10.355987,0.80
122,10,val,13.018911,0.80
122,11,val,8.716103,0.81
122,12,val,15.074420,0.82
122,13,val,7.164745,0.82
122,14,val,9.334219,0.83
122,15,val,2.805236,0.83
122,16,val,16.876301,0.84
122,17,val,7.270757,0.85
122,18,val,4.176086,0.85
122,19,val,18.037390,0.86
122,20,val,9.586344,0.87
122,21,val,11.710930,0.88
122,22,val,17.270580,0.88
122,23,val,2.941421,0.89
122,24,val,3.942014,0.90
122,25,val,23.163206,0.90
122,26,val,3.775010,0.91
122,27,val,3.582068,0.92
122,28,val,8.234050,0.92
122,29,val,7.411481,0.93
122,30,val,3.511044,0.94
122,31,val,18.097490,0.94
122,32,val,14.717218,0.95
122,33,val,8.392544,0.95
122,34,val,8.505791,0.95
122,35,val,2.923765,0.96
123,0,train,5.927361,0.13
123,1,train,8.237558,0.16
123,2,train,7.628055,0.19
123,3,train,7.702229,0.22
123,4,train,7.139213,0.26
123,5,train,7.769356,0.29
123,6,train,8.119051,0.32
123,7,train,6.237724,0.36
123,8,train,8.354928,0.39
123,9,train,7.657619,0.42
123,10,train,6.500566,0.45
123,11,train,7.482939,0.48
123,12,train,9.303358,0.52
123,13,train,7.177417,0.55
123,0,val,6.788350,0.68
123,1,val,3.862646,0.68
123,2,val,10.649660,0.69
123,3,val,15.600831,0.70
123,4,val,8.777541,0.71
123,5,val,4.911311,0.71
123,6,val,8.970285,0.72
123,7,val,4.603469,0.73
123,8,val,3.216978,0.74
123,9,val,9.827590,0.75
123,10,val,16.415638,0.76
123,11,val,6.576270,0.77
123,12,val,10.877815,0.79
123,13,val,5.186163,0.80
123,14,val,7.963703,0.81
123,15,val,3.414822,0.82
123,16,val,14.050955,0.83
123,17,val,5.943135,0.84
123,18,val,4.435293,0.85
123,19,val,17.928871,0.87
123,20,val,9.528554,0.88
123,21,val,12.423207,0.89
123,22,val,11.695423,0.90
123,23,val,5.178555,0.91
123,24,val,2.771003,0.92
123,25,val,20.028381,0.93
123,26,val,3.204923,0.94
123,27,val,5.184675,0.95
123,28,val,6.468252,0.96
123,29,val,4.177258,0.97
123,30,val,5.155569,0.98
123,31,val,17.818039,0.99
123,32,val,15.039925,0.99
123,33,val,3.741409,1.00
123,34,val,7.757828,1.01
123,35,val,2.860990,1.02
124,0,train,8.897810,0.22
124,1,train,10.870964,0.27
124,2,train,7.630027,0.31
124,3,train,4.930419,0.35
124,4,train,7.861392,0.39
124,5,train,6.941177,0.42
124,6,train,9.966040,0.45
124,7,train,7.688539,0.49
124,8,train,7.535433,0.53
124,9,train,4.872333,0.57
124,10,train,7.149876,0.60
124,11,train,5.252378,0.63
124,12,train,10.823170,0.66
124,13,train,5.948720,0.70
124,0,val,15.490982,0.88
124,1,val,4.877139,0.90
124,2,val,10.980793,0.91
124,3,val,14.062780,0.91
124,4,val,3.706134,0.92
124,5,val,3.573965,0.93
124,6,val,16.517677,0.94
124,7,val,5.755609,0.95
124,8,val,6.460300,0.95
124,9,val,12.925221,0.96
124,10,val,12.209761,0.97
124,11,val,8.830052,0.98
124,12,val,10.584743,0.99
124,13,val,7.017548,1.00
124,14,val,7.518939,1.01
124,15,val,7.252315,1.01
124,16,val,16.468346,1.02
124,17,val,6.621175,1.03
124,18,val,3.107850,1.04
124,19,val,18.322956,1.05
124,20,val,9.318481,1.06
124,21,val,12.748107,1.07
124,22,val,11.783706,1.07
124,23,val,3.614237,1.08
124,24,val,2.620605,1.09
124,25,val,28.346905,1.11
124,26,val,3.527751,1.12
124,27,val,4.228296,1.13
124,28,val,5.964110,1.14
124,29,val,3.950181,1.15
124,30,val,10.372435,1.16
124,31,val,19.864061,1.17
124,32,val,14.719237,1.18
124,33,val,3.458817,1.19
124,34,val,8.597964,1.19
124,35,val,2.277335,1.20
125,0,train,9.775112,0.19
125,1,train,6.285022,0.23
125,2,train,7.332657,0.27
125,3,train,6.864927,0.31
125,4,train,6.881944,0.35
125,5,train,7.376573,0.38
125,6,train,11.014444,0.42
125,7,train,8.872852,0.46
125,8,train,6.687605,0.50
125,9,train,12.168665,0.54
125,10,train,6.886886,0.57
125,11,train,5.331391,0.60
125,12,train,7.353778,0.63
125,13,train,9.386343,0.66
125,0,val,4.042403,0.84
125,1,val,4.492192,0.85
125,2,val,12.923194,0.86
125,3,val,14.554698,0.87
125,4,val,4.936044,0.88
125,5,val,3.954818,0.89
125,6,val,8.474371,0.89
125,7,val,6.423191,0.90
125,8,val,5.988591,0.91
125,9,val,12.192059,0.92
125,10,val,12.827271,0.93
125,11,val,10.277803,0.94
125,12,val,12.226705,0.94
125,13,val,5.975620,0.96
125,14,val,8.313231,0.97
125,15,val,3.264082,0.98
125,16,val,17.201143,0.98
125,17,val,7.106935,0.99
125,18,val,3.666689,1.00
125,19,val,18.465679,1.01
125,20,val,10.906221,1.02
125,21,val,12.262553,1.03
125,22,val,8.882404,1.04
125,23,val,3.159428,1.05
125,24,val,3.777108,1.06
125,25,val,21.127390,1.07
125,26,val,4.079097,1.08
125,27,val,9.690748,1.09
125,28,val,6.091502,1.10
125,29,val,7.242438,1.10
125,30,val,3.968625,1.11
125,31,val,19.530878,1.12
125,32,val,13.230741,1.12
125,33,val,4.332427,1.13
125,34,val,9.004783,1.13
125,35,val,3.150620,1.14
126,0,train,6.441428,0.18
126,1,train,8.744512,0.23
126,2,train,6.228778,0.26
126,3,train,6.859834,0.30
126,4,train,7.726482,0.34
126,5,train,7.638573,0.37
126,6,train,6.402693,0.41
126,7,train,7.040659,0.46
126,8,train,7.616292,0.49
126,9,train,5.370739,0.53
126,10,train,6.662838,0.56
126,11,train,7.159893,0.60
126,12,train,7.561944,0.63
126,13,train,9.292457,0.66
126,0,val,4.430603,0.83
126,1,val,5.475695,0.84
126,2,val,10.544658,0.86
126,3,val,20.165447,0.88
126,4,val,8.028954,0.89
126,5,val,3.699468,0.90
126,6,val,10.398826,0.91
126,7,val,6.919868,0.92
126,8,val,4.207746,0.93
126,9,val,11.083763,0.94
126,10,val,12.604778,0.95
126,11,val,6.958937,0.96
126,12,val,12.833283,0.97
126,13,val,5.449103,0.98
126,14,val,9.623566,0.99
126,15,val,2.195184,1.00
126,16,val,14.778835,1.01
126,17,val,6.335095,1.02
126,18,val,3.042873,1.03
126,19,val,18.572546,1.05
126,20,val,34.687057,1.06
126,21,val,16.372192,1.06
126,22,val,8.956055,1.07
126,23,val,5.322984,1.08
126,24,val,6.519206,1.08
126,25,val,20.000109,1.09
126,26,val,4.517588,1.09
126,27,val,6.690755,1.10
126,28,val,3.580255,1.11
126,29,val,4.840746,1.11
126,30,val,3.810764,1.12
126,31,val,20.609701,1.12
126,32,val,12.993007,1.13
126,33,val,4.245148,1.13
126,34,val,14.328354,1.14
126,35,val,2.635515,1.15
127,0,train,8.180595,0.12
127,1,train,8.115700,0.16
127,2,train,6.892647,0.19
127,3,train,6.725069,0.23
127,4,train,5.165081,0.28
127,5,train,5.668327,0.31
127,6,train,6.834661,0.34
127,7,train,6.043092,0.38
127,8,train,9.542418,0.41
127,9,train,7.969276,0.45
127,10,train,5.606526,0.48
127,11,train,8.382552,0.51
127,12,train,7.464202,0.54
127,13,train,6.056034,0.58
127,0,val,4.870586,0.70
127,1,val,8.538812,0.71
127,2,val,9.988147,0.73
127,3,val,19.918636,0.76
127,4,val,4.625008,0.77
127,5,val,2.681211,0.78
127,6,val,9.368524,0.79
127,7,val,5.164111,0.80
127,8,val,2.571694,0.81
127,9,val,17.854277,0.82
127,10,val,13.099528,0.83
127,11,val,6.656494,0.83
127,12,val,10.732603,0.84
127,13,val,14.180197,0.85
127,14,val,9.412417,0.86
127,15,val,4.368792,0.86
127,16,val,17.498400,0.87
127,17,val,7.591127,0.88
127,18,val,2.989318,0.89
127,19,val,27.258646,0.90
127,20,val,9.079846,0.91
127,21,val,14.924386,0.92
127,22,val,8.889817,0.92
127,23,val,4.773021,0.93
127,24,val,6.780387,0.94
127,25,val,26.490690,0.95
127,26,val,4.744224,0.95
127,27,val,5.555979,0.96
127,28,val,3.869635,0.97
127,29,val,6.921842,0.98
127,30,val,4.226151,0.99
127,31,val,17.513340,1.00
127,32,val,13.504966,1.00
127,33,val,8.290393,1.01
127,34,val,10.714857,1.02
127,35,val,2.310212,1.03
128,0,train,9.728554,0.15
128,1,train,6.147017,0.18
128,2,train,8.606661,0.21
128,3,train,9.911381,0.24
128,4,train,8.196032,0.28
128,5,train,5.723810,0.32
128,6,train,8.742490,0.36
128,7,train,5.748360,0.39
128,8,train,8.206297,0.43
128,9,train,6.148351,0.46
128,10,train,5.766024,0.49
128,11,train,6.434421,0.52
128,12,train,7.237504,0.56
128,13,train,6.327378,0.59
128,0,val,4.767621,0.71
128,1,val,8.793531,0.72
128,2,val,21.985319,0.73
128,3,val,13.287191,0.74
128,4,val,3.405461,0.74
128,5,val,8.352534,0.75
128,6,val,11.337570,0.76
128,7,val,5.021989,0.76
128,8,val,3.229114,0.77
128,9,val,10.778098,0.78
128,10,val,15.673254,0.78
128,11,val,8.596747,0.79
128,12,val,13.063182,0.80
128,13,val,6.408157,0.80
128,14,val,9.196958,0.81
128,15,val,2.572768,0.82
128,16,val,12.977262,0.82
128,17,val,9.291182,0.83
128,18,val,3.162671,0.84
128,19,val,18.296064,0.84
128,20,val,11.052666,0.85
128,21,val,12.089517,0.86
128,22,val,14.178941,0.86
128,23,val,9.106712,0.87
128,24,val,10.032893,0.88
128,25,val,19.888611,0.88
128,26,val,4.354188,0.89
128,27,val,8.556091,0.90
128,28,val,14.330086,0.90
128,29,val,5.128800,0.91
128,30,val,3.418597,0.91
128,31,val,18.263493,0.92
128,32,val,13.082199,0.92
128,33,val,3.191499,0.93
128,34,val,7.850399,0.94
128,35,val,2.834288,0.94
129,0,train,7.878851,0.12
129,1,train,7.952264,0.16
129,2,train,10.422737,0.19
129,3,train,7.879150,0.22
129,4,train,7.824004,0.25
129,5,train,6.776510,0.29
129,6,train,8.774164,0.32
129,7,train,7.278232,0.35
129,8,train,5.783627,0.39
129,9,train,5.602512,0.42
129,10,train,7.976150,0.45
129,11,train,5.302028,0.48
129,12,train,8.202444,0.52
129,13,train,5.634862,0.55
129,0,val,5.800468,0.66
129,1,val,4.235764,0.67
129,2,val,11.782699,0.67
129,3,val,16.028458,0.68
129,4,val,3.345099,0.69
129,5,val,12.976228,0.69
129,6,val,9.078296,0.70
129,7,val,12.630821,0.71
129,8,val,4.702878,0.72
129,9,val,12.794827,0.72
129,10,val,14.132636,0.73
129,11,val,6.890582,0.74
129,12,val,14.237597,0.75
129,13,val,5.098604,0.76
129,14,val,9.719814,0.77
129,15,val,6.319129,0.78
129,16,val,17.531284,0.78
129,17,val,5.355325,0.79
129,18,val,3.161217,0.80
129,19,val,17.702919,0.81
129,20,val,8.741535,0.81
129,21,val,11.798212,0.82
129,22,val,8.727971,0.83
129,23,val,3.516123,0.83
129,24,val,3.646937,0.84
129,25,val,19.484558,0.84
129,26,val,3.701836,0.85
129,27,val,4.245631,0.86
129,28,val,5.811938,0.86
129,29,val,4.040706,0.87
129,30,val,3.622718,0.88
129,31,val,18.172903,0.88
129,32,val,12.391787,0.89
129,33,val,3.787012,0.89
129,34,val,10.591776,0.90
129,35,val,2.583805,0.90
130,0,train,6.378104,0.12
130,1,train,7.227272,0.16
130,2,train,6.272039,0.19
130,3,train,7.058599,0.22
130,4,train,8.191683,0.26
130,5,train,7.682631,0.29
130,6,train,6.412903,0.32
130,7,train,9.378790,0.36
130,8,train,8.276859,0.40
130,9,train,7.217052,0.43
130,10,train,6.872008,0.46
130,11,train,5.452007,0.50
130,12,train,6.071373,0.53
130,13,train,9.612543,0.56
130,0,val,8.609966,0.76
130,1,val,11.616693,0.77
130,2,val,11.717661,0.78
130,3,val,15.770926,0.79
130,4,val,3.539792,0.80
130,5,val,3.476995,0.81
130,6,val,8.682027,0.82
130,7,val,5.332696,0.83
130,8,val,2.614055,0.84
130,9,val,10.251824,0.85
130,10,val,11.653848,0.86
130,11,val,7.805881,0.87
130,12,val,20.114780,0.88
130,13,val,6.957874,0.89
130,14,val,7.204262,0.90
130,15,val,3.468410,0.91
130,16,val,19.799740,0.92
130,17,val,12.680813,0.93
130,18,val,2.790247,0.94
130,19,val,18.116358,0.95
130,20,val,14.175437,0.96
130,21,val,11.836970,0.96
130,22,val,11.629790,0.98
130,23,val,3.949739,0.98
130,24,val,2.623852,0.99
130,25,val,19.772602,1.00
130,26,val,4.009579,1.01
130,27,val,4.371302,1.02
130,28,val,8.925702,1.03
130,29,val,7.693479,1.04
130,30,val,3.392827,1.05
130,31,val,16.603840,1.05
130,32,val,13.576333,1.06
130,33,val,3.004025,1.07
130,34,val,9.037504,1.08
130,35,val,2.515809,1.08
131,0,train,6.500648,0.13
131,1,train,6.076687,0.19
131,2,train,9.239525,0.23
131,3,train,6.583169,0.27
131,4,train,9.472007,0.32
131,5,train,8.299461,0.35
131,6,train,6.631047,0.38
131,7,train,6.367128,0.42
131,8,train,6.494513,0.45
131,9,train,9.440331,0.48
131,10,train,7.799279,0.51
131,11,train,7.657437,0.54
131,12,train,7.180085,0.58
131,13,train,4.498861,0.61
131,0,val,5.641360,0.77
131,1,val,6.537804,0.78
131,2,val,10.683151,0.79
131,3,val,13.576524,0.80
131,4,val,5.311894,0.81
131,5,val,2.655128,0.82
131,6,val,12.382241,0.83
131,7,val,10.364449,0.83
131,8,val,3.940902,0.84
131,9,val,9.175009,0.85
131,10,val,12.487157,0.86
131,11,val,7.482611,0.87
131,12,val,10.081111,0.87
131,13,val,5.359984,0.88
131,14,val,8.341052,0.89
131,15,val,6.499994,0.90
131,16,val,14.705694,0.91
131,17,val,6.858590,0.92
131,18,val,3.187091,0.92
131,19,val,17.531153,0.93
131,20,val,8.655055,0.94
131,21,val,13.130787,0.95
131,22,val,13.152440,0.95
131,23,val,7.047437,0.96
131,24,val,4.243745,0.97
131,25,val,20.070978,0.98
131,26,val,5.602362,0.99
131,27,val,14.319868,0.99
131,28,val,4.292496,1.01
131,29,val,4.426294,1.01
131,30,val,4.982937,1.02
131,31,val,27.749269,1.03
131,32,val,21.110407,1.04
131,33,val,2.904007,1.04
131,34,val,7.682476,1.05
131,35,val,4.661397,1.05
132,0,train,7.837812,0.18
132,1,train,7.064526,0.22
132,2,train,7.958913,0.27
132,3,train,4.767153,0.31
132,4,train,7.722172,0.36
132,5,train,7.891972,0.40
132,6,train,8.816306,0.44
132,7,train,7.238049,0.47
132,8,train,7.659188,0.50
132,9,train,8.880384,0.54
132,10,train,7.289523,0.57
132,11,train,6.485984,0.60
132,12,train,7.144212,0.63
132,13,train,7.089925,0.66
132,0,val,5.207796,0.81
132,1,val,4.178189,0.82
132,2,val,15.098176,0.83
132,3,val,14.721895,0.84
132,4,val,5.927631,0.85
132,5,val,5.232526,0.86
132,6,val,10.450713,0.86
132,7,val,6.378656,0.87
132,8,val,4.435261,0.88
132,9,val,17.387667,0.89
132,10,val,13.504170,0.90
132,11,val,7.214981,0.90
132,12,val,10.332376,0.91
132,13,val,4.750586,0.92
132,14,val,8.306812,0.93
132,15,val,2.559927,0.93
132,16,val,12.203061,0.94
132,17,val,6.781408,0.95
132,18,val,10.003720,0.95
132,19,val,18.105886,0.96
132,20,val,9.314219,0.97
132,21,val,17.665297,0.97
132,22,val,8.609562,0.98
132,23,val,3.903221,0.99
132,24,val,2.892465,1.00
132,25,val,19.637878,1.01
132,26,val,3.925944,1.02
132,27,val,3.710726,1.03
132,28,val,4.326204,1.04
132,29,val,8.108342,1.04
132,30,val,3.904362,1.06
132,31,val,19.628120,1.07
132,32,val,12.136238,1.07
132,33,val,2.522195,1.07
132,34,val,10.546624,1.08
132,35,val,2.112212,1.08
133,0,train,8.180762,0.13
133,1,train,6.015729,0.17
133,2,train,7.909822,0.20
133,3,train,10.247032,0.24
133,4,train,6.085402,0.27
133,5,train,8.122094,0.31
133,6,train,6.694939,0.34
133,7,train,8.242258,0.37
133,8,train,9.396097,0.41
133,9,train,6.738254,0.44
133,10,train,7.747595,0.47
133,11,train,4.524861,0.52
133,12,train,7.554506,0.56
133,13,train,7.319659,0.59
133,0,val,3.639160,0.79
133,1,val,10.064001,0.80
133,2,val,10.399790,0.81
133,3,val,12.352899,0.83
133,4,val,4.003221,0.84
133,5,val,4.107823,0.85
133,6,val,13.547780,0.86
133,7,val,5.068872,0.87
133,8,val,2.854984,0.88
133,9,val,9.541112,0.88
133,10,val,11.906928,0.89
133,11,val,8.302150,0.91
133,12,val,12.132712,0.92
133,13,val,6.994776,0.93
133,14,val,9.127596,0.94
133,15,val,13.748208,0.95
133,16,val,19.554556,0.97
133,17,val,5.835114,0.98
133,18,val,2.722902,0.99
133,19,val,17.250069,1.00
133,20,val,8.869413,1.02
133,21,val,12.442005,1.03
133,22,val,9.480702,1.04
133,23,val,3.509710,1.05
133,24,val,4.665104,1.06
133,25,val,18.841213,1.07
133,26,val,3.108069,1.09
133,27,val,5.813912,1.09
133,28,val,4.329734,1.10
133,29,val,7.020227,1.12
133,30,val,4.641869,1.13
133,31,val,16.945669,1.13
133,32,val,12.731497,1.14
133,33,val,3.324733,1.15
133,34,val,10.499917,1.15
133,35,val,2.587898,1.16
134,0,train,5.942404,0.19
134,1,train,5.250319,0.23
134,2,train,7.810409,0.26
134,3,train,9.972601,0.31
134,4,train,7.183918,0.36
134,5,train,5.863400,0.42
134,6,train,5.473295,0.47
134,7,train,8.963039,0.51
134,8,train,6.874578,0.56
134,9,train,5.567242,0.60
134,10,train,7.495764,0.64
134,11,train,6.265077,0.67
134,12,train,6.886001,0.70
134,13,train,8.249769,0.74
134,0,val,5.065047,0.91
134,1,val,4.364370,0.93
134,2,val,10.562531,0.95
134,3,val,13.046748,0.97
134,4,val,3.198634,0.98
134,5,val,3.657856,1.00
134,6,val,11.015765,1.01
134,7,val,7.709222,1.03
134,8,val,10.388902,1.05
134,9,val,10.948618,1.06
134,10,val,12.922883,1.08
134,11,val,7.238541,1.09
134,12,val,11.119735,1.10
134,13,val,5.910985,1.12
134,14,val,8.212402,1.14
134,15,val,2.976974,1.16
134,16,val,12.528747,1.17
134,17,val,7.298943,1.18
134,18,val,2.762675,1.19
134,19,val,18.766787,1.20
134,20,val,9.994783,1.22
134,21,val,11.443045,1.23
134,22,val,9.536226,1.25
134,23,val,9.430105,1.26
134,24,val,8.842271,1.28
134,25,val,20.971331,1.29
134,26,val,4.217864,1.30
134,27,val,4.406108,1.31
134,28,val,4.019964,1.32
134,29,val,3.061581,1.33
134,30,val,11.986502,1.34
134,31,val,19.444305,1.36
134,32,val,13.305224,1.36
134,33,val,3.380217,1.37
134,34,val,8.406973,1.38
134,35,val,3.280545,1.39
135,0,train,9.216896,0.30
135,1,train,7.253095,0.35
135,2,train,5.248143,0.38
135,3,train,5.787249,0.42
135,4,train,8.057230,0.46
135,5,train,6.837790,0.50
135,6,train,8.579901,0.53
135,7,train,7.594389,0.58
135,8,train,11.614352,0.61
135,9,train,8.395247,0.64
135,10,train,5.488977,0.68
135,11,train,7.021462,0.71
135,12,train,6.153634,0.74
135,13,train,7.941715,0.77
135,0,val,4.736207,0.95
135,1,val,5.447819,0.97
135,2,val,10.481904,0.98
135,3,val,18.626013,0.99
135,4,val,4.141791,1.00
135,5,val,3.500080,1.01
135,6,val,9.422098,1.01
135,7,val,6.511906,1.02
135,8,val,17.425339,1.03
135,9,val,10.270783,1.04
135,10,val,13.318789,1.05
135,11,val,12.737309,1.05
135,12,val,11.193846,1.07
135,13,val,5.274728,1.08
135,14,val,7.376522,1.08
135,15,val,2.437810,1.09
135,16,val,11.109349,1.10
135,17,val,11.130249,1.11
135,18,val,4.135138,1.12
135,19,val,18.074375,1.13
135,20,val,7.996330,1.14
135,21,val,11.942117,1.15
135,22,val,11.682265,1.16
135,23,val,3.546288,1.17
135,24,val,6.863869,1.18
135,25,val,19.899054,1.19
135,26,val,3.255719,1.20
135,27,val,4.975856,1.21
135,28,val,5.032061,1.23
135,29,val,4.304082,1.24
135,30,val,4.178526,1.24
135,31,val,20.026648,1.26
135,32,val,12.131102,1.27
135,33,val,5.774761,1.28
135,34,val,12.374154,1.29
135,35,val,2.544653,1.30
136,0,train,5.827832,0.19
136,1,train,7.510015,0.24
136,2,train,6.236503,0.27
136,3,train,5.889260,0.31
136,4,train,5.684287,0.35
136,5,train,7.097318,0.39
136,6,train,6.263261,0.42
136,7,train,7.340923,0.46
136,8,train,7.336693,0.50
136,9,train,5.182977,0.54
136,10,train,8.110847,0.58
136,11,train,7.373931,0.61
136,12,train,5.502645,0.64
136,13,train,10.775919,0.67
136,0,val,3.989893,0.83
136,1,val,4.013637,0.84
136,2,val,11.602834,0.85
136,3,val,15.405243,0.86
136,4,val,6.138879,0.86
136,5,val,3.031736,0.87
136,6,val,9.612948,0.88
136,7,val,11.943246,0.89
136,8,val,3.330376,0.90
136,9,val,12.837634,0.91
136,10,val,11.149106,0.92
136,11,val,6.895615,0.92
136,12,val,9.880686,0.93
136,13,val,6.095543,0.94
136,14,val,8.478917,0.95
136,15,val,3.026016,0.96
136,16,val,17.976244,0.97
136,17,val,7.569673,0.98
136,18,val,5.127152,0.98
136,19,val,17.079351,0.99
136,20,val,8.762355,1.00
136,21,val,13.871880,1.00
136,22,val,8.698298,1.01
136,23,val,3.352929,1.01
136,24,val,2.745541,1.02
136,25,val,20.170153,1.03
136,26,val,3.146456,1.04
136,27,val,5.915624,1.05
136,28,val,4.709873,1.05
136,29,val,3.214574,1.06
136,30,val,3.250193,1.07
136,31,val,20.464800,1.07
136,32,val,11.635693,1.08
136,33,val,4.817924,1.08
136,34,val,8.883253,1.09
136,35,val,2.669131,1.09
137,0,train,8.264105,0.14
137,1,train,5.499316,0.18
137,2,train,8.555331,0.21
137,3,train,5.782405,0.24
137,4,train,7.550645,0.28
137,5,train,7.329791,0.31
137,6,train,8.110711,0.34
137,7,train,6.791903,0.38
137,8,train,5.039589,0.41
137,9,train,4.899137,0.44
137,10,train,5.423826,0.47
137,11,train,8.141809,0.50
137,12,train,6.865571,0.54
137,13,train,5.929795,0.57
137,0,val,4.265089,0.70
137,1,val,3.929387,0.70
137,2,val,13.556708,0.71
137,3,val,12.812728,0.72
137,4,val,3.535142,0.73
137,5,val,5.347221,0.74
137,6,val,8.226883,0.74
137,7,val,5.126702,0.75
137,8,val,2.659563,0.76
137,9,val,10.162821,0.76
137,10,val,13.881366,0.77
137,11,val,6.684085,0.78
137,12,val,10.128869,0.78
137,13,val,5.006399,0.79
137,14,val,14.198536,0.79
137,15,val,2.863626,0.80
137,16,val,18.662321,0.81
137,17,val,6.605918,0.81
137,18,val,4.687376,0.82
137,19,val,17.658983,0.83
137,20,val,8.203786,0.84
137,21,val,14.034798,0.84
137,22,val,8.158851,0.85
137,23,val,5.395139,0.85
137,24,val,4.310914,0.86
137,25,val,20.988756,0.87
137,26,val,3.475190,0.87
137,27,val,4.616140,0.88
137,28,val,3.914705,0.89
137,29,val,3.343153,0.89
137,30,val,3.601810,0.90
137,31,val,16.743563,0.91
137,32,val,14.649366,0.91
137,33,val,3.701946,0.92
137,34,val,7.629025,0.93
137,35,val,3.480386,0.93
138,0,train,9.205585,0.13
138,1,train,10.098324,0.16
138,2,train,8.757051,0.20
138,3,train,6.589412,0.23
138,4,train,7.004847,0.26
138,5,train,5.764445,0.30
138,6,train,7.204523,0.33
138,7,train,7.389277,0.36
138,8,train,8.530291,0.40
138,9,train,6.565873,0.44
138,10,train,8.566841,0.47
138,11,train,8.871063,0.50
138,12,train,6.090521,0.53
138,13,train,5.778400,0.56
138,0,val,5.049652,0.69
138,1,val,7.476658,0.69
138,2,val,11.193726,0.70
138,3,val,15.547910,0.71
138,4,val,3.332885,0.72
138,5,val,3.684777,0.72
138,6,val,8.406480,0.73
138,7,val,7.259725,0.74
138,8,val,2.856047,0.74
138,9,val,11.722838,0.75
138,10,val,13.326663,0.76
138,11,val,6.355274,0.76
138,12,val,11.882607,0.77
138,13,val,5.289788,0.78
138,14,val,8.979915,0.78
138,15,val,3.279434,0.79
138,16,val,14.762134,0.80
138,17,val,6.056995,0.80
138,18,val,3.647791,0.81
138,19,val,17.909262,0.82
138,20,val,9.096165,0.83
138,21,val,13.539084,0.83
138,22,val,11.456998,0.84
138,23,val,5.007117,0.85
138,24,val,3.880313,0.85
138,25,val,23.539112,0.86
138,26,val,3.471990,0.87
138,27,val,3.838526,0.87
138,28,val,4.918378,0.88
138,29,val,4.785764,0.89
138,30,val,4.961306,0.89
138,31,val,19.269999,0.90
138,32,val,12.229858,0.91
138,33,val,3.093054,0.91
138,34,val,7.649623,0.92
138,35,val,3.860372,0.93
139,0,train,7.903265,0.12
139,1,train,7.377442,0.16
139,2,train,6.524141,0.19
139,3,train,7.256960,0.22
139,4,train,5.901636,0.26
139,5,train,6.829396,0.29
139,6,train,6.236277,0.32
139,7,train,5.283580,0.36
139,8,train,7.816133,0.39
139,9,train,8.391796,0.42
139,10,train,4.532059,0.45
139,11,train,6.351242,0.49
139,12,train,6.388531,0.52
139,13,train,10.534523,0.55
139,0,val,3.657358,0.66
139,1,val,4.393715,0.67
139,2,val,9.574468,0.68
139,3,val,35.791245,0.69
139,4,val,2.871751,0.69
139,5,val,4.571860,0.70
139,6,val,13.592979,0.71
139,7,val,6.269038,0.72
139,8,val,9.385166,0.72
139,9,val,10.503106,0.73
139,10,val,17.692064,0.74
139,11,val,10.459744,0.74
139,12,val,10.754079,0.75
139,13,val,5.359357,0.76
139,14,val,9.666154,0.76
139,15,val,2.852419,0.77
139,16,val,12.806641,0.78
139,17,val,8.178320,0.78
139,18,val,3.606119,0.79
139,19,val,17.034969,0.80
139,20,val,10.897854,0.81
139,21,val,11.683461,0.81
139,22,val,9.527537,0.82
139,23,val,4.323092,0.82
139,24,val,3.289076,0.83
139,25,val,19.400785,0.84
139,26,val,5.022188,0.84
139,27,val,3.430544,0.85
139,28,val,5.717754,0.86
139,29,val,7.272279,0.86
139,30,val,3.853691,0.87
139,31,val,17.275043,0.87
139,32,val,13.877352,0.88
139,33,val,5.131280,0.88
139,34,val,7.633110,0.89
139,35,val,3.170281,0.89
140,0,train,7.554283,0.12
140,1,train,7.497634,0.15
140,2,train,6.413403,0.18
140,3,train,6.562059,0.22
140,4,train,6.802682,0.25
140,5,train,5.859472,0.28
140,6,train,6.560309,0.32
140,7,train,7.634231,0.35
140,8,train,7.418189,0.38
140,9,train,5.953265,0.42
140,10,train,8.131287,0.45
140,11,train,7.802689,0.48
140,12,train,7.077618,0.51
140,13,train,6.933603,0.55
140,0,val,4.473440,0.67
140,1,val,3.670476,0.68
140,2,val,12.103318,0.69
140,3,val,13.742556,0.70
140,4,val,2.250212,0.71
140,5,val,2.683259,0.72
140,6,val,8.640990,0.72
140,7,val,5.288395,0.73
140,8,val,3.799253,0.74
140,9,val,9.182961,0.74
140,10,val,11.467437,0.75
140,11,val,6.531862,0.76
140,12,val,17.079411,0.77
140,13,val,5.200750,0.77
140,14,val,7.337404,0.78
140,15,val,6.704880,0.79
140,16,val,19.692865,0.79
140,17,val,12.497894,0.80
140,18,val,3.887712,0.81
140,19,val,16.937870,0.82
140,20,val,8.906715,0.82
140,21,val,10.786482,0.83
140,22,val,9.011923,0.84
140,23,val,4.050103,0.84
140,24,val,2.640061,0.85
140,25,val,19.898010,0.86
140,26,val,5.836034,0.86
140,27,val,3.774527,0.87
140,28,val,4.161571,0.88
140,29,val,4.162302,0.88
140,30,val,3.641706,0.89
140,31,val,16.986853,0.90
140,32,val,12.668335,0.91
140,33,val,4.108131,0.91
140,34,val,11.858433,0.92
140,35,val,2.606289,0.92
141,0,train,6.302431,0.13
141,1,train,6.742866,0.17
141,2,train,9.967726,0.20
141,3,train,7.017542,0.23
141,4,train,4.284160,0.27
141,5,train,5.948567,0.30
141,6,train,5.760116,0.33
141,7,train,5.699894,0.37
141,8,train,6.923034,0.40
141,9,train,6.671892,0.43
141,10,train,6.587562,0.47
141,11,train,9.008364,0.50
141,12,train,6.704453,0.53
141,13,train,7.505057,0.57
141,0,val,3.813287,0.70
141,1,val,3.700265,0.71
141,2,val,9.538301,0.72
141,3,val,12.881413,0.72
141,4,val,3.538684,0.73
141,5,val,3.198623,0.74
141,6,val,10.268125,0.75
141,7,val,9.736306,0.75
141,8,val,3.863838,0.76
141,9,val,12.619884,0.77
141,10,val,14.328627,0.77
141,11,val,7.067358,0.78
141,12,val,9.390141,0.79
141,13,val,39.277885,0.79
141,14,val,8.791779,0.80
141,15,val,3.461958,0.81
141,16,val,14.138788,0.81
141,17,val,6.145202,0.82
141,18,val,4.136452,0.83
141,19,val,19.561262,0.83
141,20,val,9.104457,0.84
141,21,val,11.264416,0.85
141,22,val,8.999618,0.86
141,23,val,6.798578,0.86
141,24,val,2.868091,0.87
141,25,val,18.410454,0.88
141,26,val,4.232167,0.88
141,27,val,5.958880,0.89
141,28,val,5.469144,0.90
141,29,val,4.759391,0.90
141,30,val,4.624065,0.91
141,31,val,15.994456,0.91
141,32,val,12.481251,0.92
141,33,val,3.205596,0.92
141,34,val,7.353906,0.93
141,35,val,2.956906,0.93
142,0,train,6.107616,0.13
142,1,train,6.613765,0.16
142,2,train,5.155210,0.19
142,3,train,6.793429,0.22
142,4,train,7.554355,0.26
142,5,train,8.033190,0.29
142,6,train,5.748763,0.32
142,7,train,8.482534,0.36
142,8,train,7.559124,0.39
142,9,train,6.220089,0.42
142,10,train,6.646879,0.45
142,11,train,6.032578,0.48
142,12,train,6.266743,0.51
142,13,train,8.894966,0.55
142,0,val,7.951867,0.67
142,1,val,5.276494,0.67
142,2,val,15.574366,0.68
142,3,val,12.241307,0.69
142,4,val,2.651824,0.70
142,5,val,3.095720,0.71
142,6,val,8.006160,0.72
142,7,val,5.284620,0.73
142,8,val,2.785868,0.73
142,9,val,9.332881,0.74
142,10,val,10.889448,0.75
142,11,val,7.553048,0.75
142,12,val,11.341100,0.76
142,13,val,5.420848,0.77
142,14,val,19.007444,0.77
142,15,val,15.245791,0.78
142,16,val,12.897531,0.79
142,17,val,5.989700,0.79
142,18,val,2.492526,0.80
142,19,val,17.100624,0.81
142,20,val,9.130468,0.82
142,21,val,13.745736,0.82
142,22,val,13.812857,0.83
142,23,val,3.040296,0.84
142,24,val,14.875278,0.84
142,25,val,19.069796,0.85
142,26,val,6.176746,0.86
142,27,val,8.718079,0.86
142,28,val,4.327839,0.87
142,29,val,3.623399,0.88
142,30,val,4.219440,0.88
142,31,val,18.289688,0.89
142,32,val,12.175174,0.89
142,33,val,5.020789,0.90
142,34,val,7.789264,0.90
142,35,val,3.007605,0.91
143,0,train,7.309575,0.16
143,1,train,6.473941,0.20
143,2,train,7.728029,0.23
143,3,train,10.333622,0.26
143,4,train,6.830748,0.29
143,5,train,6.218590,0.33
143,6,train,6.296499,0.36
143,7,train,6.994775,0.39
143,8,train,6.235749,0.43
143,9,train,7.305012,0.46
143,10,train,8.556973,0.49
143,11,train,6.308312,0.52
143,12,train,7.239427,0.56
143,13,train,7.948730,0.59
143,0,val,6.324864,0.71
143,1,val,4.885098,0.72
143,2,val,11.316500,0.73
143,3,val,12.501904,0.73
143,4,val,3.238510,0.75
143,5,val,3.664448,0.75
143,6,val,8.294454,0.76
143,7,val,5.742188,0.77
143,8,val,4.679118,0.78
143,9,val,9.941000,0.78
143,10,val,10.821673,0.79
143,11,val,13.596858,0.80
143,12,val,10.297241,0.80
143,13,val,12.312334,0.81
143,14,val,7.583456,0.82
143,15,val,2.441392,0.82
143,16,val,13.781881,0.83
143,17,val,6.708316,0.84
143,18,val,7.788470,0.85
143,19,val,20.552856,0.85
143,20,val,9.286492,0.86
143,21,val,10.894515,0.87
143,22,val,9.187081,0.87
143,23,val,3.345345,0.88
143,24,val,2.781113,0.89
143,25,val,18.549200,0.89
143,26,val,3.231699,0.90
143,27,val,12.370121,0.91
143,28,val,3.793792,0.91
143,29,val,8.149125,0.92
143,30,val,4.519021,0.93
143,31,val,18.101812,0.93
143,32,val,12.580916,0.94
143,33,val,4.566183,0.94
143,34,val,8.031656,0.95
143,35,val,12.630895,0.95
144,0,train,7.478035,0.12
144,1,train,5.542060,0.16
144,2,train,7.020096,0.19
144,3,train,6.477820,0.22
144,4,train,7.378388,0.25
144,5,train,7.057163,0.29
144,6,train,6.675546,0.32
144,7,train,8.205606,0.35
144,8,train,6.405430,0.39
144,9,train,8.237678,0.42
144,10,train,5.576478,0.45
144,11,train,6.530901,0.48
144,12,train,5.871572,0.52
144,13,train,5.020503,0.55
144,0,val,4.024844,0.67
144,1,val,4.448977,0.68
144,2,val,9.328529,0.69
144,3,val,12.912212,0.70
144,4,val,2.670092,0.71
144,5,val,3.158098,0.72
144,6,val,8.725943,0.72
144,7,val,9.741617,0.73
144,8,val,5.659832,0.74
144,9,val,10.362561,0.74
144,10,val,11.447606,0.75
144,11,val,5.736875,0.76
144,12,val,15.501396,0.76
144,13,val,6.642761,0.77
144,14,val,10.208086,0.78
144,15,val,2.456854,0.78
144,16,val,11.955466,0.79
144,17,val,9.031110,0.80
144,18,val,3.107503,0.80
144,19,val,17.109392,0.81
144,20,val,9.419573,0.82
144,21,val,18.970732,0.83
144,22,val,9.500876,0.83
144,23,val,7.637631,0.84
144,24,val,3.570597,0.84
144,25,val,20.260685,0.85
144,26,val,4.460111,0.86
144,27,val,5.029001,0.86
144,28,val,5.386594,0.87
144,29,val,4.555897,0.88
144,30,val,3.966528,0.88
144,31,val,16.906834,0.89
144,32,val,11.792629,0.89
144,33,val,3.464064,0.90
144,34,val,7.842606,0.90
144,35,val,2.713132,0.91
145,0,train,8.551611,0.12
145,1,train,5.762370,0.15
145,2,train,6.494426,0.18
145,3,train,5.317883,0.22
145,4,train,6.756495,0.25
145,5,train,6.226175,0.29
145,6,train,7.334991,0.32
145,7,train,6.496671,0.35
145,8,train,7.846825,0.39
145,9,train,6.473513,0.42
145,10,train,8.361639,0.45
145,11,train,5.993073,0.48
145,12,train,7.300193,0.51
145,13,train,7.144403,0.54
145,0,val,5.308166,0.66
145,1,val,4.465149,0.67
145,2,val,15.323306,0.67
145,3,val,12.867455,0.68
145,4,val,2.735791,0.69
145,5,val,14.847082,0.70
145,6,val,7.780272,0.70
145,7,val,5.569839,0.71
145,8,val,4.549592,0.71
145,9,val,10.475712,0.72
145,10,val,11.146131,0.73
145,11,val,7.702849,0.73
145,12,val,10.965179,0.74
145,13,val,5.932650,0.75
145,14,val,7.623651,0.76
145,15,val,5.165303,0.77
145,16,val,12.129450,0.78
145,17,val,6.594235,0.79
145,18,val,4.749157,0.79
145,19,val,17.165745,0.80
145,20,val,11.454664,0.81
145,21,val,15.861243,0.81
145,22,val,9.601206,0.82
145,23,val,2.976539,0.83
145,24,val,2.800654,0.83
145,25,val,17.433243,0.84
145,26,val,15.386950,0.85
145,27,val,4.825970,0.85
145,28,val,4.172077,0.86
145,29,val,5.327345,0.87
145,30,val,4.711853,0.87
145,31,val,16.108141,0.88
145,32,val,11.873199,0.89
145,33,val,9.732083,0.89
145,34,val,9.125422,0.90
145,35,val,3.543380,0.90
146,0,train,7.464256,0.12
146,1,train,6.822213,0.16
146,2,train,5.546114,0.19
146,3,train,5.646031,0.22
146,4,train,8.165580,0.26
146,5,train,7.858358,0.29
146,6,train,6.143227,0.33
146,7,train,5.222326,0.36
146,8,train,6.489128,0.40
146,9,train,6.253516,0.44
146,10,train,5.634596,0.47
146,11,train,8.342058,0.51
146,12,train,6.212813,0.54
146,13,train,5.635903,0.57
146,0,val,4.940615,0.73
146,1,val,5.189318,0.74
146,2,val,10.247612,0.75
146,3,val,12.019994,0.76
146,4,val,2.768586,0.77
146,5,val,2.511685,0.78
146,6,val,8.158312,0.79
146,7,val,5.776941,0.79
146,8,val,2.702785,0.80
146,9,val,9.692965,0.81
146,10,val,12.380300,0.82
146,11,val,11.445363,0.83
146,12,val,9.541553,0.84
146,13,val,5.881320,0.86
146,14,val,8.612885,0.87
146,15,val,2.627298,0.88
146,16,val,12.108928,0.89
146,17,val,9.451334,0.90
146,18,val,2.451103,0.91
146,19,val,21.272165,0.92
146,20,val,10.000867,0.93
146,21,val,11.603257,0.94
146,22,val,8.386642,0.95
146,23,val,2.717878,0.96
146,24,val,2.564187,0.97
146,25,val,17.841013,0.98
146,26,val,4.525478,0.98
146,27,val,4.306013,0.99
146,28,val,7.514138,1.00
146,29,val,6.455440,1.01
146,30,val,4.794638,1.02
146,31,val,17.505989,1.03
146,32,val,17.301313,1.03
146,33,val,4.814798,1.04
146,34,val,9.689890,1.05
146,35,val,3.053831,1.06
147,0,train,8.729198,0.19
147,1,train,7.147457,0.24
147,2,train,7.038252,0.28
147,3,train,5.222027,0.32
147,4,train,6.302918,0.36
147,5,train,8.754329,0.41
147,6,train,7.752632,0.44
147,7,train,6.830789,0.50
147,8,train,8.073466,0.53
147,9,train,6.821086,0.58
147,10,train,7.636686,0.62
147,11,train,7.195796,0.65
147,12,train,5.370337,0.68
147,13,train,8.663069,0.73
147,0,val,10.228588,0.94
147,1,val,7.300016,0.98
147,2,val,16.603924,0.99
147,3,val,12.403736,1.00
147,4,val,7.636756,1.01
147,5,val,2.832357,1.02
147,6,val,10.180226,1.03
147,7,val,9.332265,1.04
147,8,val,2.786859,1.06
147,9,val,9.309443,1.08
147,10,val,14.186872,1.09
147,11,val,7.219244,1.10
147,12,val,9.222881,1.12
147,13,val,5.706183,1.13
147,14,val,12.419686,1.14
147,15,val,3.071393,1.15
147,16,val,11.823458,1.18
147,17,val,5.905247,1.19
147,18,val,3.596029,1.20
147,19,val,21.105745,1.22
147,20,val,11.227910,1.24
147,21,val,10.803124,1.25
147,22,val,8.796654,1.26
147,23,val,2.921077,1.29
147,24,val,3.007708,1.30
147,25,val,17.461351,1.31
147,26,val,4.553372,1.33
147,27,val,4.666619,1.35
147,28,val,5.110021,1.36
147,29,val,3.667615,1.38
147,30,val,3.327955,1.40
147,31,val,15.898036,1.41
147,32,val,14.887713,1.43
147,33,val,2.650158,1.46
147,34,val,7.320582,1.46
147,35,val,2.466658,1.47
148,0,train,6.892272,0.26
148,1,train,6.334214,0.31
148,2,train,8.454363,0.36
148,3,train,5.236485,0.39
148,4,train,7.726445,0.43
148,5,train,6.478358,0.47
148,6,train,6.277921,0.50
148,7,train,5.986975,0.55
148,8,train,6.247791,0.58
148,9,train,4.832960,0.62
148,10,train,8.288453,0.66
148,11,train,4.729600,0.69
148,12,train,5.344878,0.72
148,13,train,10.350958,0.75
148,0,val,4.357643,0.93
148,1,val,6.667765,0.95
148,2,val,10.163943,0.96
148,3,val,14.673037,0.97
148,4,val,4.282440,0.98
148,5,val,5.947837,0.99
148,6,val,7.818248,1.00
148,7,val,6.365294,1.01
148,8,val,3.822810,1.03
148,9,val,12.049333,1.04
148,10,val,11.474730,1.05
148,11,val,7.861205,1.06
148,12,val,11.019077,1.07
148,13,val,5.271797,1.08
148,14,val,8.313678,1.09
148,15,val,3.048648,1.10
148,16,val,11.805631,1.11
148,17,val,6.324196,1.12
148,18,val,9.158965,1.13
148,19,val,17.419893,1.14
148,20,val,8.821885,1.15
148,21,val,11.747473,1.16
148,22,val,9.411441,1.17
148,23,val,3.818726,1.18
148,24,val,2.557318,1.20
148,25,val,23.595749,1.21
148,26,val,3.781101,1.22
148,27,val,5.383857,1.23
148,28,val,6.341008,1.23
148,29,val,15.539521,1.24
148,30,val,3.658408,1.25
148,31,val,16.915705,1.27
148,32,val,11.445932,1.28
148,33,val,6.422107,1.29
148,34,val,7.700333,1.30
148,35,val,4.688810,1.30
149,0,train,9.441131,0.19
149,1,train,7.820200,0.24
149,2,train,6.887750,0.28
149,3,train,5.838223,0.31
149,4,train,5.896134,0.35
149,5,train,8.364571,0.38
149,6,train,7.010030,0.41
149,7,train,6.902597,0.45
149,8,train,8.370502,0.48
149,9,train,7.690027,0.52
149,10,train,7.765941,0.55
149,11,train,8.744122,0.58
149,12,train,6.839490,0.61
149,13,train,5.495797,0.64
149,0,val,5.413362,0.77
149,1,val,4.536781,0.77
149,2,val,11.202300,0.78
149,3,val,14.053057,0.79
149,4,val,3.123403,0.80
149,5,val,4.355066,0.80
149,6,val,8.493703,0.81
149,7,val,6.340461,0.82
149,8,val,2.666268,0.82
149,9,val,10.592065,0.83
149,10,val,11.768981,0.84
149,11,val,5.947268,0.84
149,12,val,9.300389,0.85
149,13,val,5.310104,0.85
149,14,val,7.853163,0.86
149,15,val,4.410936,0.87
149,16,val,12.073096,0.87
149,17,val,11.371463,0.88
149,18,val,3.224694,0.89
149,19,val,17.751745,0.90
149,20,val,11.155817,0.91
149,21,val,14.721372,0.92
149,22,val,11.242725,0.93
149,23,val,5.174666,0.94
149,24,val,2.782786,0.95
149,25,val,16.938030,0.95
149,26,val,4.000770,0.96
149,27,val,6.908494,0.97
149,28,val,5.024148,0.97
149,29,val,3.205574,0.98
149,30,val,6.711209,0.99
149,31,val,15.965081,0.99
149,32,val,11.978877,1.00
149,33,val,3.817622,1.00
149,34,val,8.082250,1.01
149,35,val,6.100926,1.01
150,0,train,7.369492,0.13
150,1,train,6.142086,0.16
150,2,train,10.303233,0.19
150,3,train,8.509353,0.23
150,4,train,7.315235,0.26
150,5,train,4.808060,0.29
150,6,train,5.656929,0.32
150,7,train,6.668114,0.36
150,8,train,6.521119,0.39
150,9,train,6.853114,0.42
150,10,train,6.927462,0.46
150,11,train,7.806292,0.49
150,12,train,7.776948,0.52
150,13,train,5.529430,0.55
150,0,val,10.289972,0.67
150,1,val,7.950449,0.67
150,2,val,9.676777,0.68
150,3,val,11.470998,0.69
150,4,val,2.671901,0.71
150,5,val,2.680815,0.72
150,6,val,8.154646,0.73
150,7,val,6.434384,0.73
150,8,val,5.832043,0.74
150,9,val,11.694214,0.74
150,10,val,11.460256,0.75
150,11,val,6.676353,0.76
150,12,val,9.436956,0.76
150,13,val,4.931107,0.77
150,14,val,7.676678,0.78
150,15,val,2.528930,0.78
150,16,val,12.844176,0.79
150,17,val,11.760418,0.80
150,18,val,4.760242,0.81
150,19,val,16.332754,0.81
150,20,val,16.022903,0.82
150,21,val,10.287062,0.82
150,22,val,7.814794,0.83
150,23,val,2.921869,0.84
150,24,val,3.443835,0.84
150,25,val,18.345228,0.85
150,26,val,6.757544,0.85
150,27,val,3.669819,0.86
150,28,val,4.439708,0.87
150,29,val,12.804258,0.87
150,30,val,8.226753,0.88
150,31,val,16.363972,0.89
150,32,val,12.162415,0.89
150,33,val,7.639239,0.89
150,34,val,8.801847,0.90
150,35,val,2.740300,0.91
151,0,train,8.923105,0.12
151,1,train,8.307629,0.16
151,2,train,8.555745,0.19
151,3,train,7.056020,0.22
151,4,train,5.758504,0.25
151,5,train,5.441256,0.30
151,6,train,4.949076,0.33
151,7,train,6.160289,0.37
151,8,train,9.074377,0.40
151,9,train,6.972782,0.43
151,10,train,6.199581,0.46
151,11,train,8.349081,0.50
151,12,train,4.548118,0.53
151,13,train,6.874856,0.56
151,0,val,6.290128,0.68
151,1,val,6.042153,0.68
151,2,val,9.214888,0.69
151,3,val,12.884951,0.70
151,4,val,2.682416,0.70
151,5,val,3.375113,0.72
151,6,val,11.312910,0.72
151,7,val,7.191204,0.73
151,8,val,3.289593,0.74
151,9,val,8.657321,0.74
151,10,val,11.679282,0.75
151,11,val,5.740766,0.75
151,12,val,14.939982,0.76
151,13,val,9.760187,0.77
151,14,val,10.002722,0.78
151,15,val,5.567770,0.79
151,16,val,12.558465,0.80
151,17,val,9.807466,0.81
151,18,val,10.148003,0.82
151,19,val,18.842880,0.83
151,20,val,12.127437,0.84
151,21,val,11.077434,0.85
151,22,val,7.884109,0.85
151,23,val,12.167128,0.86
151,24,val,2.625983,0.87
151,25,val,19.294783,0.88
151,26,val,6.770082,0.89
151,27,val,12.133168,0.90
151,28,val,4.497073,0.91
151,29,val,4.268376,0.92
151,30,val,4.223969,0.93
151,31,val,16.020803,0.94
151,32,val,11.473481,0.95
151,33,val,3.138004,0.95
151,34,val,10.037138,0.96
151,35,val,3.044093,0.96
152,0,train,9.125925,0.19
152,1,train,5.871894,0.23
152,2,train,6.663650,0.28
152,3,train,7.113867,0.32
152,4,train,6.024716,0.37
152,5,train,8.819234,0.41
152,6,train,6.568616,0.44
152,7,train,6.784317,0.48
152,8,train,8.513356,0.51
152,9,train,8.251510,0.54
152,10,train,5.197651,0.57
152,11,train,5.141300,0.61
152,12,train,4.854956,0.64
152,13,train,7.485210,0.67
152,0,val,7.153522,0.79
152,1,val,5.171647,0.80
152,2,val,11.720251,0.81
152,3,val,12.111533,0.82
152,4,val,2.829500,0.83
152,5,val,3.529970,0.84
152,6,val,7.289394,0.85
152,7,val,6.020505,0.86
152,8,val,3.369651,0.87
152,9,val,10.280781,0.87
152,10,val,19.012587,0.88
152,11,val,7.517837,0.88
152,12,val,10.803969,0.89
152,13,val,9.686375,0.90
152,14,val,8.234730,0.90
152,15,val,2.259988,0.91
152,16,val,11.279352,0.92
152,17,val,6.313840,0.93
152,18,val,2.689832,0.93
152,19,val,16.438044,0.94
152,20,val,9.745361,0.95
152,21,val,14.095189,0.95
152,22,val,9.393476,0.96
152,23,val,2.790027,0.97
152,24,val,2.998338,0.97
152,25,val,24.367378,0.98
152,26,val,3.059116,0.99
152,27,val,3.979663,1.00
152,28,val,13.389302,1.01
152,29,val,8.412317,1.02
152,30,val,3.571035,1.03
152,31,val,16.364388,1.04
152,32,val,16.534847,1.05
152,33,val,3.861766,1.05
152,34,val,7.104574,1.06
152,35,val,8.509990,1.07
153,0,train,6.526629,0.13
153,1,train,7.015975,0.17
153,2,train,8.015114,0.21
153,3,train,6.635174,0.25
153,4,train,6.782698,0.29
153,5,train,5.763191,0.32
153,6,train,7.094512,0.35
153,7,train,5.121922,0.38
153,8,train,5.784625,0.42
153,9,train,5.668916,0.45
153,10,train,7.497294,0.48
153,11,train,5.834709,0.52
153,12,train,5.361842,0.55
153,13,train,5.672639,0.58
153,0,val,5.167426,0.72
153,1,val,5.454614,0.73
153,2,val,13.818439,0.73
153,3,val,15.055513,0.74
153,4,val,2.618433,0.75
153,5,val,3.020636,0.76
153,6,val,7.499897,0.76
153,7,val,5.716938,0.77
153,8,val,3.373347,0.78
153,9,val,13.995252,0.79
153,10,val,16.094135,0.80
153,11,val,6.416280,0.81
153,12,val,8.804456,0.82
153,13,val,6.441544,0.83
153,14,val,7.954079,0.84
153,15,val,3.871874,0.85
153,16,val,11.034657,0.86
153,17,val,6.065572,0.87
153,18,val,4.819029,0.88
153,19,val,17.438665,0.89
153,20,val,11.213284,0.89
153,21,val,10.065861,0.90
153,22,val,8.347006,0.91
153,23,val,3.509441,0.92
153,24,val,2.403321,0.92
153,25,val,22.586435,0.93
153,26,val,4.571514,0.94
153,27,val,4.407853,0.94
153,28,val,5.784093,0.95
153,29,val,6.275008,0.96
153,30,val,4.088527,0.97
153,31,val,18.482742,0.97
153,32,val,11.632842,0.98
153,33,val,10.627191,0.98
153,34,val,7.568095,0.98
153,35,val,5.666625,0.99
154,0,train,7.453911,0.13
154,1,train,7.416534,0.16
154,2,train,7.321854,0.19
154,3,train,5.676053,0.23
154,4,train,5.187995,0.26
154,5,train,6.198715,0.30
154,6,train,4.583102,0.33
154,7,train,7.070710,0.36
154,8,train,4.612856,0.40
154,9,train,6.188086,0.43
154,10,train,6.717362,0.47
154,11,train,6.387673,0.51
154,12,train,6.811147,0.54
154,13,train,8.798957,0.57
154,0,val,3.650707,0.71
154,1,val,7.545996,0.72
154,2,val,8.931305,0.73
154,3,val,13.668977,0.74
154,4,val,3.327755,0.75
154,5,val,2.896293,0.75
154,6,val,12.815978,0.76
154,7,val,5.324218,0.77
154,8,val,4.897020,0.77
154,9,val,10.737699,0.78
154,10,val,9.961226,0.79
154,11,val,5.965204,0.79
154,12,val,8.891551,0.80
154,13,val,9.624546,0.81
154,14,val,9.778287,0.81
154,15,val,2.105079,0.82
154,16,val,11.392007,0.84
154,17,val,6.556437,0.84
154,18,val,3.009624,0.85
154,19,val,16.029264,0.86
154,20,val,8.328395,0.86
154,21,val,11.256557,0.87
154,22,val,9.151009,0.88
154,23,val,6.762967,0.88
154,24,val,2.848245,0.89
154,25,val,20.090979,0.89
154,26,val,4.150798,0.90
154,27,val,4.298320,0.91
154,28,val,4.571752,0.91
154,29,val,5.879375,0.92
154,30,val,4.246607,0.93
154,31,val,16.555233,0.93
154,32,val,11.241251,0.94
154,33,val,2.958334,0.94
154,34,val,9.402589,0.95
154,35,val,3.253993,0.95
155,0,train,5.656275,0.20
155,1,train,7.148964,0.26
155,2,train,8.248156,0.30
155,3,train,6.399655,0.34
155,4,train,8.271539,0.37
155,5,train,7.151680,0.41
155,6,train,7.875957,0.45
155,7,train,6.074568,0.48
155,8,train,8.918782,0.51
155,9,train,6.989256,0.54
155,10,train,6.113861,0.57
155,11,train,5.031854,0.60
155,12,train,9.723706,0.63
155,13,train,6.681635,0.67
155,0,val,3.566046,0.78
155,1,val,4.818655,0.79
155,2,val,9.446770,0.79
155,3,val,12.243971,0.80
155,4,val,4.457528,0.81
155,5,val,2.672582,0.82
155,6,val,8.894275,0.83
155,7,val,6.498020,0.83
155,8,val,2.927344,0.84
155,9,val,8.955358,0.85
155,10,val,10.301523,0.85
155,11,val,14.901985,0.86
155,12,val,9.909142,0.87
155,13,val,6.540449,0.87
155,14,val,7.756870,0.88
155,15,val,3.403082,0.89
155,16,val,11.599796,0.89
155,17,val,7.168919,0.90
155,18,val,3.972367,0.91
155,19,val,16.565882,0.91
155,20,val,10.816222,0.92
155,21,val,15.341240,0.93
155,22,val,11.020821,0.94
155,23,val,3.052295,0.95
155,24,val,9.604712,0.95
155,25,val,17.739830,0.96
155,26,val,2.947233,0.97
155,27,val,8.399740,0.98
155,28,val,4.222077,0.99
155,29,val,15.001456,0.99
155,30,val,4.472404,1.00
155,31,val,16.277924,1.00
155,32,val,14.089022,1.01
155,33,val,6.315101,1.01
155,34,val,7.131011,1.02
155,35,val,3.342664,1.03
156,0,train,5.796468,0.12
156,1,train,5.221167,0.16
156,2,train,5.766131,0.19
156,3,train,6.449712,0.22
156,4,train,5.137236,0.25
156,5,train,7.147020,0.29
156,6,train,10.319887,0.32
156,7,train,6.008750,0.35
156,8,train,6.096592,0.39
156,9,train,6.853381,0.42
156,10,train,7.124095,0.45
156,11,train,5.883517,0.48
156,12,train,6.326049,0.52
156,13,train,7.023407,0.55
156,0,val,6.259310,0.66
156,1,val,4.072420,0.67
156,2,val,10.653403,0.67
156,3,val,12.694157,0.68
156,4,val,2.872335,0.69
156,5,val,3.380566,0.69
156,6,val,7.742661,0.70
156,7,val,7.110780,0.71
156,8,val,3.184234,0.72
156,9,val,13.525098,0.72
156,10,val,11.083881,0.73
156,11,val,6.367622,0.73
156,12,val,11.280430,0.74
156,13,val,8.954829,0.75
156,14,val,11.195610,0.75
156,15,val,2.697184,0.76
156,16,val,12.693104,0.77
156,17,val,5.187771,0.77
156,18,val,5.473134,0.78
156,19,val,15.945244,0.78
156,20,val,9.589671,0.79
156,21,val,10.177835,0.80
156,22,val,7.881959,0.81
156,23,val,2.529397,0.81
156,24,val,5.086671,0.82
156,25,val,20.825888,0.83
156,26,val,4.433239,0.83
156,27,val,11.559856,0.84
156,28,val,6.362332,0.85
156,29,val,7.335537,0.85
156,30,val,3.349489,0.86
156,31,val,22.522854,0.86
156,32,val,11.040630,0.87
156,33,val,4.110789,0.87
156,34,val,9.438596,0.88
156,35,val,5.182003,0.88
157,0,train,6.206304,0.18
157,1,train,6.441280,0.22
157,2,train,6.452822,0.25
157,3,train,7.677972,0.28
157,4,train,4.730258,0.33
157,5,train,6.119102,0.37
157,6,train,5.377803,0.40
157,7,train,7.230318,0.45
157,8,train,8.367855,0.48
157,9,train,8.917247,0.52
157,10,train,4.777264,0.55
157,11,train,6.255692,0.58
157,12,train,9.487827,0.62
157,13,train,7.058991,0.65
157,0,val,4.966203,0.81
157,1,val,5.004809,0.83
157,2,val,8.560814,0.84
157,3,val,16.040184,0.85
157,4,val,6.175205,0.85
157,5,val,6.878607,0.86
157,6,val,8.673825,0.87
157,7,val,5.360606,0.88
157,8,val,5.026189,0.89
157,9,val,15.094969,0.90
157,10,val,10.992040,0.91
157,11,val,12.007204,0.92
157,12,val,9.591815,0.93
157,13,val,8.657822,0.94
157,14,val,11.550586,0.96
157,15,val,1.934880,0.97
157,16,val,12.144135,0.98
157,17,val,7.104314,0.99
157,18,val,3.579965,1.00
157,19,val,17.879526,1.01
157,20,val,8.711518,1.02
157,21,val,12.803294,1.03
157,22,val,9.433409,1.05
157,23,val,10.310708,1.06
157,24,val,11.315448,1.07
157,25,val,17.733036,1.08
157,26,val,3.026927,1.09
157,27,val,4.113117,1.11
157,28,val,4.348115,1.12
157,29,val,4.356120,1.14
157,30,val,4.782271,1.15
157,31,val,15.862437,1.16
157,32,val,20.107557,1.17
157,33,val,7.612038,1.17
157,34,val,9.371378,1.18
157,35,val,2.654169,1.18
158,0,train,5.811108,0.18
158,1,train,7.137548,0.24
158,2,train,4.508917,0.26
158,3,train,6.729880,0.30
158,4,train,5.585009,0.34
158,5,train,5.484134,0.37
158,6,train,5.984633,0.40
158,7,train,5.319149,0.45
158,8,train,7.571413,0.48
158,9,train,11.651990,0.51
158,10,train,5.689013,0.55
158,11,train,6.999073,0.58
158,12,train,5.423812,0.61
158,13,train,7.200649,0.64
158,0,val,6.312531,0.81
158,1,val,4.155942,0.81
158,2,val,9.306669,0.83
158,3,val,14.026399,0.84
158,4,val,2.536816,0.85
158,5,val,3.715229,0.86
158,6,val,7.918641,0.87
158,7,val,11.651388,0.88
158,8,val,7.774426,0.88
158,9,val,9.924518,0.89
158,10,val,11.015991,0.90
158,11,val,7.818112,0.91
158,12,val,14.306302,0.92
158,13,val,6.783844,0.93
158,14,val,8.981170,0.94
158,15,val,4.253510,0.94
158,16,val,14.027772,0.95
158,17,val,6.392282,0.96
158,18,val,3.034953,0.97
158,19,val,16.074699,0.98
158,20,val,9.986108,0.98
158,21,val,11.502983,0.99
158,22,val,7.817307,1.00
158,23,val,5.157451,1.01
158,24,val,6.500919,1.02
158,25,val,20.093718,1.03
158,26,val,3.940470,1.04
158,27,val,8.012493,1.05
158,28,val,4.602113,1.05
158,29,val,5.974767,1.06
158,30,val,3.747645,1.07
158,31,val,17.313211,1.08
158,32,val,11.608688,1.08
158,33,val,3.484264,1.09
158,34,val,8.149071,1.09
158,35,val,2.311859,1.10
159,0,train,7.202432,0.19
159,1,train,5.323843,0.23
159,2,train,6.950502,0.27
159,3,train,6.487885,0.30
159,4,train,10.466971,0.34
159,5,train,9.773474,0.38
159,6,train,4.820860,0.41
159,7,train,6.669881,0.45
159,8,train,7.378057,0.49
159,9,train,7.169216,0.52
159,10,train,7.041885,0.56
159,11,train,6.971800,0.59
159,12,train,5.969679,0.62
159,13,train,6.778514,0.65
159,0,val,9.126882,0.85
159,1,val,5.450831,0.86
159,2,val,10.067939,0.88
159,3,val,11.575019,0.88
159,4,val,6.607377,0.89
159,5,val,4.629260,0.90
159,6,val,10.586883,0.91
159,7,val,5.997546,0.92
159,8,val,6.839451,0.93
159,9,val,10.325514,0.94
159,10,val,13.887964,0.95
159,11,val,10.524249,0.96
159,12,val,8.747812,0.97
159,13,val,7.864566,0.98
159,14,val,7.093750,0.99
159,15,val,2.713713,1.00
159,16,val,13.999642,1.01
159,17,val,13.094356,1.03
159,18,val,4.413781,1.04
159,19,val,18.953835,1.05
159,20,val,14.543637,1.06
159,21,val,10.785695,1.07
159,22,val,12.607109,1.08
159,23,val,4.370956,1.09
159,24,val,8.634748,1.10
159,25,val,17.643486,1.11
159,26,val,3.463046,1.12
159,27,val,4.434480,1.13
159,28,val,6.304278,1.14
159,29,val,11.377331,1.15
159,30,val,3.935182,1.16
159,31,val,15.208326,1.17
159,32,val,11.691151,1.18
159,33,val,2.725728,1.18
159,34,val,7.827467,1.19
159,35,val,2.475236,1.20
160,0,train,7.308869,0.18
160,1,train,9.376884,0.22
160,2,train,8.898924,0.25
160,3,train,5.359007,0.28
160,4,train,7.955393,0.32
160,5,train,6.077626,0.36
160,6,train,4.771906,0.39
160,7,train,5.850266,0.43
160,8,train,6.242828,0.46
160,9,train,9.002856,0.49
160,10,train,7.711222,0.52
160,11,train,5.087930,0.55
160,12,train,4.056503,0.58
160,13,train,7.000283,0.62
160,0,val,4.645576,0.73
160,1,val,3.741725,0.74
160,2,val,9.286257,0.75
160,3,val,11.525583,0.75
160,4,val,4.210091,0.76
160,5,val,6.311889,0.77
160,6,val,14.352367,0.78
160,7,val,5.672234,0.78
160,8,val,5.101372,0.79
160,9,val,9.250862,0.80
160,10,val,15.924698,0.80
160,11,val,7.283258,0.81
160,12,val,8.588308,0.82
160,13,val,7.650217,0.82
160,14,val,7.898814,0.83
160,15,val,3.205415,0.84
160,16,val,12.202637,0.84
160,17,val,6.102418,0.85
160,18,val,3.067774,0.86
160,19,val,17.399010,0.86
160,20,val,8.359537,0.87
160,21,val,10.582097,0.88
160,22,val,7.473478,0.88
160,23,val,3.523731,0.89
160,24,val,2.168041,0.90
160,25,val,18.503836,0.90
160,26,val,8.497636,0.91
160,27,val,5.370513,0.92
160,28,val,5.704885,0.92
160,29,val,5.745332,0.93
160,30,val,4.020242,0.94
160,31,val,15.886533,0.94
160,32,val,17.826927,0.95
160,33,val,4.903539,0.95
160,34,val,7.630247,0.95
160,35,val,3.284050,0.96
161,0,train,8.774365,0.12
161,1,train,5.027197,0.15
161,2,train,5.588926,0.19
161,3,train,6.069126,0.22
161,4,train,6.783961,0.25
161,5,train,6.639812,0.29
161,6,train,6.214408,0.32
161,7,train,5.872781,0.35
161,8,train,6.730160,0.39
161,9,train,7.787478,0.42
161,10,train,7.783997,0.45
161,11,train,5.329733,0.48
161,12,train,6.754838,0.52
161,13,train,6.819081,0.55
161,0,val,6.054670,0.66
161,1,val,4.718086,0.67
161,2,val,10.837571,0.68
161,3,val,12.186109,0.68
161,4,val,3.011241,0.69
161,5,val,2.985473,0.70
161,6,val,7.171923,0.71
161,7,val,9.422042,0.71
161,8,val,3.122653,0.72
161,9,val,9.003511,0.73
161,10,val,12.730821,0.73
161,11,val,7.290248,0.74
161,12,val,9.578179,0.74
161,13,val,5.574890,0.75
161,14,val,17.966772,0.76
161,15,val,7.327173,0.76
161,16,val,12.649785,0.77
161,17,val,7.554964,0.77
161,18,val,3.161845,0.78
161,19,val,16.314177,0.79
161,20,val,8.985049,0.79
161,21,val,15.560282,0.80
161,22,val,8.333937,0.81
161,23,val,3.347684,0.82
161,24,val,2.798520,0.82
161,25,val,17.588755,0.83
161,26,val,8.675107,0.84
161,27,val,5.068682,0.84
161,28,val,12.520437,0.85
161,29,val,4.677935,0.86
161,30,val,4.145598,0.86
161,31,val,19.640429,0.87
161,32,val,15.739607,0.87
161,33,val,2.721591,0.88
161,34,val,9.021263,0.88
161,35,val,3.340326,0.89
162,0,train,6.976841,0.12
162,1,train,5.769932,0.15
162,2,train,6.597784,0.19
162,3,train,7.147739,0.22
162,4,train,6.151302,0.25
162,5,train,4.893891,0.29
162,6,train,6.983358,0.32
162,7,train,6.331102,0.35
162,8,train,8.045228,0.38
162,9,train,8.887318,0.42
162,10,train,7.924967,0.45
162,11,train,5.102512,0.48
162,12,train,5.520445,0.52
162,13,train,5.984678,0.55
162,0,val,4.713972,0.66
162,1,val,6.500417,0.66
162,2,val,9.452979,0.67
162,3,val,11.740256,0.68
162,4,val,3.225577,0.68
162,5,val,2.642807,0.69
162,6,val,10.625211,0.70
162,7,val,5.515596,0.71
162,8,val,3.527361,0.71
162,9,val,11.556771,0.72
162,10,val,9.811636,0.73
162,11,val,12.341185,0.73
162,12,val,12.608624,0.74
162,13,val,5.460391,0.75
162,14,val,7.335416,0.75
162,15,val,7.618000,0.76
162,16,val,11.864202,0.77
162,17,val,5.765376,0.77
162,18,val,4.674296,0.78
162,19,val,16.180599,0.79
162,20,val,8.342664,0.80
162,21,val,10.147066,0.80
162,22,val,7.609399,0.81
162,23,val,3.028861,0.82
162,24,val,2.591854,0.82
162,25,val,21.833908,0.83
162,26,val,3.253514,0.83
162,27,val,5.758135,0.84
162,28,val,3.823371,0.85
162,29,val,10.324284,0.85
162,30,val,3.793602,0.86
162,31,val,14.715850,0.87
162,32,val,10.983797,0.87
162,33,val,3.415548,0.87
162,34,val,8.602315,0.88
162,35,val,3.728796,0.88
163,0,train,6.333801,0.12
163,1,train,7.731890,0.15
163,2,train,5.454370,0.18
163,3,train,4.519993,0.22
163,4,train,4.771047,0.25
163,5,train,7.255093,0.28
163,6,train,5.515722,0.31
163,7,train,6.396395,0.35
163,8,train,5.411274,0.38
163,9,train,5.920303,0.42
163,10,train,8.955149,0.45
163,11,train,5.812310,0.48
163,12,train,7.562704,0.51
163,13,train,4.866344,0.54
163,0,val,8.555385,0.67
163,1,val,11.648484,0.68
163,2,val,9.769486,0.69
163,3,val,18.915983,0.70
163,4,val,7.679060,0.71
163,5,val,3.503637,0.71
163,6,val,6.976537,0.72
163,7,val,8.818076,0.73
163,8,val,4.186470,0.73
163,9,val,9.526152,0.74
163,10,val,11.371197,0.74
163,11,val,5.861543,0.75
163,12,val,8.469346,0.76
163,13,val,6.954251,0.76
163,14,val,15.888023,0.77
163,15,val,2.223994,0.77
163,16,val,11.798443,0.78
163,17,val,8.211536,0.79
163,18,val,4.734923,0.80
163,19,val,23.275097,0.81
163,20,val,9.664440,0.81
163,21,val,10.422202,0.82
163,22,val,10.554032,0.83
163,23,val,2.810125,0.84
163,24,val,2.578475,0.84
163,25,val,16.616106,0.85
163,26,val,6.079359,0.85
163,27,val,4.812861,0.86
163,28,val,10.374570,0.87
163,29,val,7.765878,0.87
163,30,val,4.101915,0.88
163,31,val,15.237057,0.88
163,32,val,10.488518,0.89
163,33,val,2.725346,0.90
163,34,val,9.057387,0.90
163,35,val,3.091110,0.91
164,0,train,5.221217,0.15
164,1,train,6.637119,0.20
164,2,train,5.503742,0.24
164,3,train,5.615548,0.27
164,4,train,5.972717,0.30
164,5,train,7.507088,0.34
164,6,train,5.608525,0.37
164,7,train,5.546638,0.41
164,8,train,8.047293,0.44
164,9,train,7.015248,0.48
164,10,train,5.294572,0.52
164,11,train,5.456556,0.55
164,12,train,5.645674,0.58
164,13,train,5.591990,0.61
164,0,val,4.328871,0.84
164,1,val,6.007271,0.87
164,2,val,9.402302,0.88
164,3,val,11.625247,0.89
164,4,val,3.537509,0.90
164,5,val,3.897603,0.91
164,6,val,6.714818,0.91
164,7,val,5.420869,0.92
164,8,val,3.237545,0.93
164,9,val,10.103117,0.94
164,10,val,16.966904,0.95
164,11,val,6.109109,0.96
164,12,val,9.556060,0.97
164,13,val,8.675129,0.98
164,14,val,8.015799,0.99
164,15,val,4.341406,1.00
164,16,val,14.608107,1.01
164,17,val,5.629906,1.01
164,18,val,11.337317,1.02
164,19,val,15.889357,1.03
164,20,val,9.181041,1.04
164,21,val,11.305512,1.05
164,22,val,8.518610,1.06
164,23,val,2.670555,1.07
164,24,val,4.109671,1.08
164,25,val,16.362143,1.09
164,26,val,3.605706,1.10
164,27,val,6.431029,1.11
164,28,val,4.123753,1.11
164,29,val,10.239302,1.12
164,30,val,3.277918,1.13
164,31,val,15.388206,1.14
164,32,val,17.242071,1.15
164,33,val,2.917005,1.15
164,34,val,6.401239,1.17
164,35,val,3.736979,1.17
165,0,train,7.401790,0.18
165,1,train,6.548631,0.23
165,2,train,5.433096,0.27
165,3,train,5.516784,0.32
165,4,train,7.165343,0.36
165,5,train,7.064384,0.39
165,6,train,5.676873,0.42
165,7,train,7.719350,0.46
165,8,train,7.854877,0.49
165,9,train,7.032985,0.52
165,10,train,6.645509,0.56
165,11,train,4.851182,0.59
165,12,train,5.812510,0.62
165,13,train,7.484316,0.65
165,0,val,6.738549,0.77
165,1,val,3.766083,0.79
165,2,val,10.484389,0.79
165,3,val,15.704505,0.80
165,4,val,2.750545,0.81
165,5,val,2.913609,0.82
165,6,val,11.970982,0.82
165,7,val,5.002861,0.83
165,8,val,3.252496,0.84
165,9,val,10.822030,0.85
165,10,val,11.276743,0.86
165,11,val,6.253720,0.86
165,12,val,13.718691,0.87
165,13,val,7.489903,0.88
165,14,val,6.946431,0.88
165,15,val,6.163287,0.89
165,16,val,11.604330,0.90
165,17,val,8.769486,0.90
165,18,val,4.758614,0.91
165,19,val,16.041700,0.92
165,20,val,13.368544,0.92
165,21,val,17.970341,0.93
165,22,val,7.507847,0.93
165,23,val,4.263325,0.94
165,24,val,2.896639,0.95
165,25,val,18.326048,0.95
165,26,val,6.179391,0.96
165,27,val,10.179920,0.97
165,28,val,7.722366,0.97
165,29,val,4.302505,0.98
165,30,val,3.298142,0.99
165,31,val,15.003184,0.99
165,32,val,12.068829,1.00
165,33,val,5.192201,1.01
165,34,val,8.704979,1.02
165,35,val,4.099522,1.03
166,0,train,6.408234,0.17
166,1,train,5.672601,0.22
166,2,train,4.849243,0.26
166,3,train,5.237319,0.29
166,4,train,6.028402,0.33
166,5,train,5.389772,0.36
166,6,train,6.102304,0.39
166,7,train,8.186648,0.43
166,8,train,7.422166,0.46
166,9,train,5.258563,0.50
166,10,train,7.164719,0.53
166,11,train,6.409374,0.56
166,12,train,7.419508,0.60
166,13,train,5.170073,0.63
166,0,val,4.636741,0.77
166,1,val,10.711898,0.77
166,2,val,9.224947,0.78
166,3,val,11.748362,0.79
166,4,val,5.764650,0.80
166,5,val,4.278049,0.81
166,6,val,7.848801,0.82
166,7,val,5.677525,0.83
166,8,val,3.160796,0.83
166,9,val,9.057761,0.84
166,10,val,16.479427,0.84
166,11,val,6.813431,0.85
166,12,val,8.354070,0.86
166,13,val,5.134899,0.86
166,14,val,7.003807,0.87
166,15,val,2.947895,0.88
166,16,val,12.625837,0.88
166,17,val,6.781110,0.89
166,18,val,7.972108,0.90
166,19,val,17.125975,0.91
166,20,val,10.407275,0.91
166,21,val,10.627726,0.92
166,22,val,7.439963,0.94
166,23,val,5.866196,0.94
166,24,val,4.477217,0.95
166,25,val,17.188759,0.97
166,26,val,3.628566,0.98
166,27,val,3.660893,0.99
166,28,val,5.804452,1.00
166,29,val,8.602294,1.02
166,30,val,3.313302,1.03
166,31,val,15.255288,1.03
166,32,val,11.735079,1.04
166,33,val,3.869491,1.05
166,34,val,9.022868,1.06
166,35,val,3.604954,1.06
167,0,train,5.304658,0.15
167,1,train,7.780476,0.19
167,2,train,6.358470,0.23
167,3,train,6.989350,0.26
167,4,train,6.144429,0.30
167,5,train,7.814925,0.34
167,6,train,5.392473,0.37
167,7,train,5.322774,0.41
167,8,train,5.813423,0.45
167,9,train,5.429489,0.48
167,10,train,5.822759,0.51
167,11,train,5.574701,0.54
167,12,train,6.079305,0.58
167,13,train,6.815181,0.61
167,0,val,4.109914,0.77
167,1,val,4.635696,0.79
167,2,val,10.367541,0.79
167,3,val,10.995970,0.80
167,4,val,8.250222,0.81
167,5,val,3.837736,0.82
167,6,val,6.956925,0.83
167,7,val,5.188181,0.84
167,8,val,3.758635,0.85
167,9,val,9.279194,0.85
167,10,val,17.934834,0.86
167,11,val,13.473102,0.87
167,12,val,11.742970,0.87
167,13,val,5.024160,0.89
167,14,val,7.040648,0.89
167,15,val,2.620159,0.90
167,16,val,11.376542,0.91
167,17,val,5.822103,0.92
167,18,val,12.831184,0.93
167,19,val,15.400815,0.94
167,20,val,8.813931,0.95
167,21,val,11.660832,0.96
167,22,val,9.126511,0.97
167,23,val,3.008978,0.98
167,24,val,3.185625,1.00
167,25,val,18.329975,1.01
167,26,val,5.220327,1.02
167,27,val,4.021635,1.03
167,28,val,7.102562,1.04
167,29,val,5.449032,1.05
167,30,val,3.148063,1.06
167,31,val,15.726679,1.07
167,32,val,11.035624,1.07
167,33,val,3.350654,1.08
167,34,val,7.721005,1.08
167,35,val,2.582111,1.10
168,0,train,7.475840,0.15
168,1,train,4.465077,0.18
168,2,train,5.444080,0.22
168,3,train,5.514928,0.25
168,4,train,4.651113,0.30
168,5,train,5.550993,0.36
168,6,train,7.060847,0.39
168,7,train,5.295986,0.42
168,8,train,5.431712,0.46
168,9,train,5.618000,0.49
168,10,train,5.817042,0.52
168,11,train,5.124513,0.55
168,12,train,6.466206,0.58
168,13,train,6.261075,0.61
168,0,val,4.701517,0.73
168,1,val,6.188537,0.73
168,2,val,9.039553,0.74
168,3,val,10.885633,0.74
168,4,val,3.495667,0.75
168,5,val,2.381533,0.76
168,6,val,6.754780,0.78
168,7,val,9.891684,0.79
168,8,val,4.424048,0.80
168,9,val,9.253695,0.81
168,10,val,9.884333,0.82
168,11,val,8.478228,0.83
168,12,val,14.673453,0.84
168,13,val,5.533969,0.85
168,14,val,7.383576,0.86
168,15,val,2.792333,0.87
168,16,val,15.179729,0.88
168,17,val,5.267180,0.89
168,18,val,3.478271,0.90
168,19,val,18.764086,0.91
168,20,val,8.822171,0.91
168,21,val,17.816650,0.92
168,22,val,8.155741,0.93
168,23,val,7.702134,0.94
168,24,val,3.662491,0.95
168,25,val,18.561140,0.96
168,26,val,9.910032,0.97
168,27,val,4.610615,0.98
168,28,val,5.506265,0.99
168,29,val,5.046466,1.00
168,30,val,6.218965,1.01
168,31,val,14.667942,1.02
168,32,val,14.815046,1.02
168,33,val,4.256805,1.03
168,34,val,8.361646,1.04
168,35,val,2.561455,1.04
169,0,train,6.138437,0.17
169,1,train,5.298993,0.21
169,2,train,4.056926,0.25
169,3,train,5.533447,0.29
169,4,train,4.654275,0.33
169,5,train,6.343878,0.36
169,6,train,7.733831,0.40
169,7,train,6.914066,0.44
169,8,train,6.129020,0.47
169,9,train,6.559786,0.51
169,10,train,7.199167,0.54
169,11,train,7.423677,0.57
169,12,train,9.411322,0.60
169,13,train,7.402793,0.64
169,0,val,3.690515,0.81
169,1,val,4.692255,0.83
169,2,val,9.182697,0.84
169,3,val,13.463875,0.85
169,4,val,2.863909,0.86
169,5,val,3.553870,0.87
169,6,val,15.090791,0.88
169,7,val,5.244389,0.89
169,8,val,5.747779,0.89
169,9,val,8.181651,0.90
169,10,val,9.701674,0.91
169,11,val,5.700611,0.92
169,12,val,9.165770,0.93
169,13,val,6.689585,0.94
169,14,val,8.308185,0.94
169,15,val,3.562683,0.95
169,16,val,11.272434,0.96
169,17,val,5.635795,0.97
169,18,val,2.637201,0.98
169,19,val,15.707289,0.98
169,20,val,8.835954,0.99
169,21,val,10.211067,1.00
169,22,val,8.065839,1.01
169,23,val,2.779932,1.01
169,24,val,7.493773,1.03
169,25,val,15.725500,1.03
169,26,val,9.651838,1.04
169,27,val,7.405622,1.05
169,28,val,5.491804,1.06
169,29,val,5.372148,1.07
169,30,val,9.024495,1.07
169,31,val,15.390001,1.08
169,32,val,10.673728,1.09
169,33,val,2.359023,1.09
169,34,val,7.662946,1.10
169,35,val,2.490219,1.10
170,0,train,6.994246,0.18
170,1,train,6.395329,0.22
170,2,train,6.045796,0.26
170,3,train,6.977262,0.30
170,4,train,6.893640,0.34
170,5,train,6.347179,0.37
170,6,train,6.819585,0.41
170,7,train,5.584168,0.46
170,8,train,6.863891,0.50
170,9,train,6.068915,0.54
170,10,train,5.410975,0.58
170,11,train,6.246233,0.61
170,12,train,4.227683,0.64
170,13,train,6.158657,0.67
170,0,val,3.444288,0.86
170,1,val,4.130274,0.88
170,2,val,13.185584,0.89
170,3,val,15.005590,0.90
170,4,val,2.601835,0.91
170,5,val,4.895612,0.92
170,6,val,9.812812,0.93
170,7,val,5.436347,0.94
170,8,val,3.441435,0.95
170,9,val,10.648477,0.96
170,10,val,10.909482,0.97
170,11,val,7.114277,0.99
170,12,val,10.191089,0.99
170,13,val,5.932628,1.00
170,14,val,10.614701,1.01
170,15,val,3.043488,1.02
170,16,val,12.513507,1.03
170,17,val,9.733535,1.04
170,18,val,4.687014,1.05
170,19,val,15.289552,1.06
170,20,val,12.289877,1.07
170,21,val,9.987499,1.08
170,22,val,7.791332,1.09
170,23,val,2.569894,1.10
170,24,val,3.194469,1.11
170,25,val,16.225327,1.11
170,26,val,11.269136,1.12
170,27,val,3.905983,1.12
170,28,val,4.870564,1.13
170,29,val,5.227549,1.14
170,30,val,5.667009,1.14
170,31,val,17.228567,1.15
170,32,val,12.214513,1.15
170,33,val,3.401606,1.16
170,34,val,7.510467,1.17
170,35,val,2.954326,1.17
171,0,train,4.947478,0.12
171,1,train,6.200669,0.16
171,2,train,6.178969,0.19
171,3,train,5.419220,0.22
171,4,train,5.023326,0.25
171,5,train,5.606008,0.29
171,6,train,6.533288,0.32
171,7,train,5.174213,0.35
171,8,train,7.215636,0.38
171,9,train,7.610179,0.41
171,10,train,6.484276,0.44
171,11,train,6.224325,0.48
171,12,train,5.261646,0.51
171,13,train,5.094471,0.54
171,0,val,6.079790,0.65
171,1,val,4.824935,0.66
171,2,val,9.085001,0.66
171,3,val,14.906846,0.67
171,4,val,7.820727,0.68
171,5,val,5.830692,0.68
171,6,val,8.290203,0.69
171,7,val,6.671885,0.70
171,8,val,2.525040,0.70
171,9,val,9.112950,0.71
171,10,val,13.590826,0.72
171,11,val,12.299574,0.72
171,12,val,8.656436,0.73
171,13,val,6.173661,0.73
171,14,val,13.910192,0.74
171,15,val,3.032112,0.75
171,16,val,10.872656,0.75
171,17,val,5.491043,0.76
171,18,val,12.874680,0.76
171,19,val,26.291616,0.77
171,20,val,8.931113,0.78
171,21,val,9.459856,0.78
171,22,val,7.754397,0.79
171,23,val,3.601479,0.80
171,24,val,3.104078,0.80
171,25,val,16.543383,0.81
171,26,val,4.482430,0.82
171,27,val,8.047796,0.82
171,28,val,4.422141,0.83
171,29,val,4.270140,0.83
171,30,val,4.052299,0.84
171,31,val,15.110106,0.85
171,32,val,10.733248,0.85
171,33,val,2.981389,0.85
171,34,val,6.383938,0.86
171,35,val,6.846632,0.86
172,0,train,4.539356,0.13
172,1,train,7.100819,0.17
172,2,train,5.912086,0.20
172,3,train,5.776959,0.23
172,4,train,5.049724,0.26
172,5,train,6.964750,0.29
172,6,train,5.470341,0.32
172,7,train,5.573820,0.36
172,8,train,6.152721,0.39
172,9,train,4.484134,0.42
172,10,train,6.036227,0.45
172,11,train,5.115779,0.48
172,12,train,6.162606,0.52
172,13,train,5.755499,0.55
172,0,val,11.448604,0.66
172,1,val,5.907303,0.67
172,2,val,10.169645,0.68
172,3,val,11.324183,0.68
172,4,val,2.951074,0.69
172,5,val,2.588583,0.70
172,6,val,8.282355,0.71
172,7,val,5.572275,0.71
172,8,val,3.658283,0.72
172,9,val,9.023762,0.73
172,10,val,10.561112,0.73
172,11,val,9.300401,0.74
172,12,val,8.773565,0.74
172,13,val,4.464677,0.75
172,14,val,8.458860,0.76
172,15,val,3.083221,0.76
172,16,val,23.137197,0.77
172,17,val,6.034733,0.77
172,18,val,4.640138,0.78
172,19,val,21.994390,0.79
172,20,val,9.176644,0.79
172,21,val,9.443869,0.80
172,22,val,13.071289,0.81
172,23,val,5.262600,0.82
172,24,val,4.053117,0.82
172,25,val,17.449591,0.83
172,26,val,3.943986,0.84
172,27,val,3.988391,0.84
172,28,val,3.506509,0.85
172,29,val,3.299710,0.86
172,30,val,3.678158,0.86
172,31,val,14.592292,0.87
172,32,val,13.237715,0.87
172,33,val,2.939984,0.88
172,34,val,13.073004,0.88
172,35,val,3.410535,0.89
173,0,train,4.554898,0.12
173,1,train,4.693887,0.15
173,2,train,6.571564,0.18
173,3,train,5.848466,0.21
173,4,train,4.556349,0.25
173,5,train,5.608581,0.29
173,6,train,4.217978,0.32
173,7,train,6.581202,0.35
173,8,train,5.413347,0.39
173,9,train,7.177197,0.42
173,10,train,5.658429,0.45
173,11,train,5.247106,0.48
173,12,train,8.484170,0.51
173,13,train,6.757545,0.55
173,0,val,6.388856,0.66
173,1,val,7.247335,0.66
173,2,val,10.299052,0.67
173,3,val,11.028183,0.68
173,4,val,3.338791,0.68
173,5,val,3.767515,0.69
173,6,val,8.014736,0.70
173,7,val,9.205161,0.71
173,8,val,5.140941,0.71
173,9,val,10.280097,0.72
173,10,val,9.878534,0.73
173,11,val,7.432287,0.73
173,12,val,9.998758,0.74
173,13,val,7.848159,0.75
173,14,val,7.404989,0.75
173,15,val,3.007595,0.76
173,16,val,11.175955,0.76
173,17,val,7.386480,0.77
173,18,val,3.513189,0.78
173,19,val,16.616329,0.78
173,20,val,9.363461,0.79
173,21,val,10.780351,0.80
173,22,val,10.878098,0.81
173,23,val,3.553168,0.81
173,24,val,4.669185,0.82
173,25,val,15.769899,0.83
173,26,val,12.833084,0.83
173,27,val,4.685287,0.84
173,28,val,3.860210,0.84
173,29,val,10.495529,0.85
173,30,val,5.342769,0.86
173,31,val,16.430731,0.86
173,32,val,15.696320,0.87
173,33,val,2.893489,0.87
173,34,val,13.658266,0.88
173,35,val,2.707268,0.88
174,0,train,7.585299,0.12
174,1,train,5.427314,0.16
174,2,train,6.023268,0.19
174,3,train,5.699196,0.22
174,4,train,4.693453,0.26
174,5,train,7.359419,0.29
174,6,train,5.268927,0.32
174,7,train,9.029645,0.36
174,8,train,8.318755,0.39
174,9,train,5.856667,0.43
174,10,train,6.406704,0.46
174,11,train,5.942273,0.49
174,12,train,4.981812,0.52
174,13,train,6.405141,0.55
174,0,val,4.101895,0.70
174,1,val,8.653431,0.71
174,2,val,8.551886,0.72
174,3,val,11.237532,0.73
174,4,val,3.358557,0.74
174,5,val,6.568233,0.74
174,6,val,6.932785,0.75
174,7,val,5.681018,0.76
174,8,val,3.651670,0.77
174,9,val,9.049729,0.77
174,10,val,9.558101,0.78
174,11,val,42.129478,0.79
174,12,val,14.764688,0.79
174,13,val,4.950731,0.80
174,14,val,7.360738,0.81
174,15,val,8.588595,0.82
174,16,val,10.677439,0.82
174,17,val,5.397614,0.83
174,18,val,7.735159,0.84
174,19,val,14.733936,0.85
174,20,val,11.035041,0.86
174,21,val,9.713895,0.86
174,22,val,17.377846,0.87
174,23,val,3.178699,0.88
174,24,val,3.994455,0.88
174,25,val,15.108672,0.89
174,26,val,4.292820,0.90
174,27,val,8.871993,0.90
174,28,val,5.284337,0.91
174,29,val,5.818891,0.92
174,30,val,10.680432,0.92
174,31,val,16.251429,0.93
174,32,val,10.796620,0.94
174,33,val,2.871135,0.94
174,34,val,7.073983,0.95
174,35,val,4.999622,0.95
175,0,train,6.389992,0.12
175,1,train,4.558417,0.16
175,2,train,11.661510,0.19
175,3,train,5.568721,0.22
175,4,train,5.754579,0.25
175,5,train,4.834556,0.29
175,6,train,5.678239,0.32
175,7,train,5.562569,0.37
175,8,train,4.946466,0.44
175,9,train,5.500594,0.47
175,10,train,6.742621,0.50
175,11,train,5.225925,0.54
175,12,train,6.400886,0.57
175,13,train,5.988559,0.60
175,0,val,6.759527,0.73
175,1,val,6.469921,0.73
175,2,val,9.823307,0.74
175,3,val,12.414668,0.75
175,4,val,4.872858,0.76
175,5,val,4.849519,0.76
175,6,val,7.465586,0.77
175,7,val,5.527929,0.78
175,8,val,3.266959,0.79
175,9,val,8.449745,0.79
175,10,val,9.998094,0.80
175,11,val,9.752856,0.81
175,12,val,9.662799,0.82
175,13,val,6.645780,0.83
175,14,val,8.267418,0.84
175,15,val,3.993785,0.85
175,16,val,12.395965,0.88
175,17,val,7.398664,0.89
175,18,val,3.340417,0.90
175,19,val,15.462465,0.91
175,20,val,9.727401,0.91
175,21,val,11.092329,0.93
175,22,val,10.913757,0.94
175,23,val,3.502143,0.95
175,24,val,1.986105,0.96
175,25,val,15.141994,0.97
175,26,val,3.369591,0.98
175,27,val,4.541288,0.99
175,28,val,3.919609,1.00
175,29,val,7.347559,1.01
175,30,val,5.160801,1.02
175,31,val,14.206592,1.03
175,32,val,11.486694,1.04
175,33,val,2.918795,1.04
175,34,val,7.248424,1.05
175,35,val,3.236291,1.05
176,0,train,7.924537,0.20
176,1,train,6.195030,0.25
176,2,train,5.611888,0.30
176,3,train,7.334751,0.33
176,4,train,5.912249,0.37
176,5,train,4.744406,0.40
176,6,train,6.482866,0.44
176,7,train,6.749140,0.49
176,8,train,5.143351,0.52
176,9,train,7.184881,0.55
176,10,train,8.021313,0.59
176,11,train,6.883624,0.62
176,12,train,7.711674,0.65
176,13,train,4.883802,0.68
176,0,val,3.897323,0.82
176,1,val,5.081653,0.83
176,2,val,10.135087,0.83
176,3,val,11.259333,0.85
176,4,val,4.973869,0.86
176,5,val,7.392782,0.86
176,6,val,8.639279,0.87
176,7,val,5.280874,0.88
176,8,val,2.896277,0.89
176,9,val,13.135615,0.89
176,10,val,14.382730,0.90
176,11,val,6.660488,0.91
176,12,val,7.898329,0.92
176,13,val,4.885113,0.92
176,14,val,8.094938,0.93
176,15,val,2.979871,0.94
176,16,val,14.481063,0.95
176,17,val,9.158037,0.96
176,18,val,5.905479,0.97
176,19,val,14.886368,0.97
176,20,val,10.940411,0.98
176,21,val,10.880995,0.99
176,22,val,7.407260,1.00
176,23,val,3.060461,1.01
176,24,val,2.909267,1.01
176,25,val,15.470696,1.02
176,26,val,6.436506,1.03
176,27,val,5.096871,1.03
176,28,val,4.086390,1.04
176,29,val,5.234044,1.05
176,30,val,5.730135,1.06
176,31,val,14.173585,1.07
176,32,val,11.492105,1.07
176,33,val,3.634381,1.08
176,34,val,7.150850,1.08
176,35,val,5.518546,1.08
177,0,train,7.032282,0.12
177,1,train,6.913889,0.16
177,2,train,5.057388,0.19
177,3,train,4.432604,0.22
177,4,train,4.821397,0.25
177,5,train,8.886841,0.29
177,6,train,5.366368,0.32
177,7,train,7.382208,0.35
177,8,train,8.329310,0.39
177,9,train,6.764175,0.42
177,10,train,5.598022,0.45
177,11,train,6.028482,0.49
177,12,train,4.314502,0.52
177,13,train,6.018315,0.55
177,0,val,3.794451,0.67
177,1,val,5.032742,0.68
177,2,val,9.067874,0.68
177,3,val,17.227232,0.69
177,4,val,9.945531,0.69
177,5,val,2.854113,0.71
177,6,val,9.902571,0.72
177,7,val,12.650271,0.72
177,8,val,2.745026,0.73
177,9,val,10.264736,0.74
177,10,val,11.882197,0.74
177,11,val,5.719480,0.75
177,12,val,7.902383,0.75
177,13,val,11.577335,0.76
177,14,val,8.435737,0.77
177,15,val,3.882293,0.77
177,16,val,10.544684,0.78
177,17,val,9.271483,0.79
177,18,val,7.833645,0.79
177,19,val,14.459910,0.80
177,20,val,9.860506,0.81
177,21,val,9.409524,0.82
177,22,val,8.260414,0.82
177,23,val,3.119571,0.83
177,24,val,4.772909,0.84
177,25,val,16.569189,0.84
177,26,val,3.016868,0.85
177,27,val,3.877323,0.86
177,28,val,4.169780,0.86
177,29,val,3.893712,0.87
177,30,val,4.401170,0.88
177,31,val,17.545912,0.88
177,32,val,14.388902,0.89
177,33,val,3.563628,0.89
177,34,val,8.167046,0.89
177,35,val,17.338028,0.90
178,0,train,6.293240,0.13
178,1,train,4.298066,0.17
178,2,train,4.852796,0.20
178,3,train,6.658075,0.23
178,4,train,4.882338,0.26
178,5,train,6.132652,0.30
178,6,train,5.879075,0.33
178,7,train,9.966862,0.37
178,8,train,5.918423,0.40
178,9,train,5.004544,0.43
178,10,train,5.094515,0.46
178,11,train,4.642250,0.49
178,12,train,6.172677,0.53
178,13,train,5.975374,0.56
178,0,val,4.112194,0.68
178,1,val,9.821342,0.68
178,2,val,9.994966,0.69
178,3,val,12.545174,0.70
178,4,val,4.707017,0.71
178,5,val,5.276369,0.72
178,6,val,7.205136,0.72
178,7,val,5.556164,0.73
178,8,val,4.108395,0.74
178,9,val,8.483691,0.74
178,10,val,14.696344,0.75
178,11,val,5.402047,0.76
178,12,val,8.849246,0.76
178,13,val,4.831778,0.77
178,14,val,7.508726,0.78
178,15,val,3.546596,0.78
178,16,val,18.082060,0.79
178,17,val,7.527277,0.80
178,18,val,5.371169,0.81
178,19,val,15.131702,0.82
178,20,val,8.165057,0.83
178,21,val,10.849621,0.83
178,22,val,7.688957,0.84
178,23,val,2.849029,0.85
178,24,val,2.942293,0.85
178,25,val,17.143816,0.86
178,26,val,3.577140,0.87
178,27,val,4.069944,0.87
178,28,val,5.188584,0.88
178,29,val,3.548694,0.89
178,30,val,8.302535,0.89
178,31,val,16.452328,0.90
178,32,val,11.465960,0.91
178,33,val,4.859494,0.91
178,34,val,7.086671,0.92
178,35,val,3.222363,0.92
179,0,train,5.315903,0.17
179,1,train,6.257172,0.21
179,2,train,4.625295,0.24
179,3,train,8.698635,0.28
179,4,train,5.210226,0.32
179,5,train,6.224704,0.36
179,6,train,9.935709,0.40
179,7,train,6.636454,0.44
179,8,train,9.141150,0.48
179,9,train,7.410485,0.52
179,10,train,7.012676,0.55
179,11,train,6.925747,0.59
179,12,train,5.941891,0.62
179,13,train,6.232224,0.65
179,0,val,4.815112,0.81
179,1,val,10.386206,0.82
179,2,val,10.644101,0.83
179,3,val,12.774995,0.84
179,4,val,3.631942,0.85
179,5,val,3.433194,0.85
179,6,val,7.219698,0.86
179,7,val,5.687805,0.87
179,8,val,4.511124,0.88
179,9,val,9.870668,0.89
179,10,val,9.902574,0.89
179,11,val,5.309872,0.90
179,12,val,9.233328,0.91
179,13,val,4.718199,0.92
179,14,val,10.816793,0.93
179,15,val,2.983423,0.94
179,16,val,12.024713,0.95
179,17,val,8.730806,0.95
179,18,val,3.171992,0.96
179,19,val,18.778343,0.97
179,20,val,8.682401,0.98
179,21,val,15.706788,0.99
179,22,val,14.832312,1.00
179,23,val,4.533667,1.00
179,24,val,5.452584,1.01
179,25,val,15.751214,1.02
179,26,val,4.789855,1.03
179,27,val,5.685115,1.04
179,28,val,11.990585,1.05
179,29,val,5.990181,1.06
179,30,val,6.114111,1.06
179,31,val,13.923059,1.07
179,32,val,10.801447,1.08
179,33,val,4.262792,1.09
179,34,val,9.576138,1.09
179,35,val,3.263875,1.10
180,0,train,5.298592,0.19
180,1,train,7.050535,0.24
180,2,train,5.350588,0.26
180,3,train,5.233610,0.30
180,4,train,5.302579,0.34
180,5,train,5.648358,0.37
180,6,train,5.890027,0.41
180,7,train,6.707461,0.46
180,8,train,5.925264,0.49
180,9,train,4.152498,0.52
180,10,train,5.774775,0.56
180,11,train,5.582602,0.59
180,12,train,4.793664,0.62
180,13,train,8.048315,0.65
180,0,val,4.167589,0.85
180,1,val,4.460629,0.86
180,2,val,9.190593,0.87
180,3,val,12.380684,0.88
180,4,val,2.611523,0.89
180,5,val,3.137375,0.90
180,6,val,7.070754,0.91
180,7,val,18.055069,0.92
180,8,val,2.765980,0.92
180,9,val,8.854149,0.93
180,10,val,9.891653,0.94
180,11,val,5.284688,0.95
180,12,val,22.518311,0.96
180,13,val,4.612888,0.97
180,14,val,7.398934,0.98
180,15,val,2.212501,0.99
180,16,val,11.115618,1.00
180,17,val,8.437174,1.01
180,18,val,4.730489,1.02
180,19,val,16.776052,1.03
180,20,val,8.294476,1.03
180,21,val,11.491015,1.04
180,22,val,11.587734,1.05
180,23,val,2.843749,1.06
180,24,val,2.860009,1.07
180,25,val,15.240654,1.08
180,26,val,3.470554,1.09
180,27,val,4.906785,1.10
180,28,val,4.347968,1.11
180,29,val,3.400880,1.12
180,30,val,5.559018,1.13
180,31,val,13.876685,1.13
180,32,val,10.459636,1.14
180,33,val,4.154630,1.14
180,34,val,7.718620,1.15
180,35,val,2.241126,1.16
181,0,train,6.757186,0.18
181,1,train,7.122975,0.23
181,2,train,8.968762,0.26
181,3,train,6.448609,0.30
181,4,train,5.509377,0.34
181,5,train,6.878466,0.38
181,6,train,7.956174,0.42
181,7,train,5.747590,0.46
181,8,train,5.439159,0.50
181,9,train,6.398793,0.53
181,10,train,5.791940,0.57
181,11,train,4.227670,0.60
181,12,train,5.902189,0.63
181,13,train,6.118828,0.67
181,0,val,3.734708,0.82
181,1,val,5.709497,0.84
181,2,val,8.320799,0.86
181,3,val,11.103726,0.88
181,4,val,3.081942,0.89
181,5,val,2.843742,0.90
181,6,val,7.983036,0.91
181,7,val,4.923271,0.92
181,8,val,4.869516,0.93
181,9,val,8.179642,0.93
181,10,val,17.073362,0.94
181,11,val,5.513893,0.95
181,12,val,8.619936,0.96
181,13,val,4.120372,0.97
181,14,val,7.762891,0.98
181,15,val,5.814583,0.99
181,16,val,18.285759,1.00
181,17,val,7.741727,1.01
181,18,val,3.062863,1.02
181,19,val,14.299977,1.03
181,20,val,9.145866,1.03
181,21,val,10.000718,1.04
181,22,val,7.631907,1.05
181,23,val,4.560143,1.06
181,24,val,2.773290,1.07
181,25,val,17.035814,1.08
181,26,val,3.438348,1.09
181,27,val,6.350698,1.10
181,28,val,3.981503,1.11
181,29,val,5.086461,1.12
181,30,val,6.005602,1.14
181,31,val,14.253128,1.15
181,32,val,11.190943,1.16
181,33,val,4.153010,1.17
181,34,val,8.605394,1.18
181,35,val,5.710999,1.19
182,0,train,5.987101,0.18
182,1,train,5.115330,0.23
182,2,train,5.127597,0.27
182,3,train,5.565503,0.31
182,4,train,6.327148,0.34
182,5,train,6.661916,0.38
182,6,train,5.167318,0.41
182,7,train,5.813548,0.44
182,8,train,6.096924,0.48
182,9,train,7.471504,0.51
182,10,train,5.552092,0.54
182,11,train,6.485765,0.58
182,12,train,7.435646,0.61
182,13,train,5.975123,0.64
182,0,val,6.857293,0.82
182,1,val,4.206269,0.83
182,2,val,10.569493,0.84
182,3,val,11.937441,0.85
182,4,val,2.859213,0.86
182,5,val,3.868428,0.88
182,6,val,15.756913,0.88
182,7,val,5.040042,0.89
182,8,val,3.013918,0.90
182,9,val,8.194050,0.91
182,10,val,11.698479,0.92
182,11,val,6.001379,0.94
182,12,val,8.683992,0.96
182,13,val,7.576787,0.97
182,14,val,25.467770,0.98
182,15,val,3.733959,0.99
182,16,val,10.480735,1.00
182,17,val,5.663332,1.01
182,18,val,2.954574,1.02
182,19,val,14.691771,1.03
182,20,val,8.695820,1.04
182,21,val,9.968594,1.05
182,22,val,6.943005,1.06
182,23,val,3.547071,1.06
182,24,val,3.239141,1.07
182,25,val,16.508526,1.08
182,26,val,3.429478,1.09
182,27,val,4.440034,1.10
182,28,val,3.694320,1.11
182,29,val,4.798395,1.12
182,30,val,11.379366,1.13
182,31,val,14.330843,1.14
182,32,val,12.400576,1.14
182,33,val,3.317391,1.15
182,34,val,10.693965,1.16
182,35,val,4.623939,1.16
183,0,train,6.282388,0.14
183,1,train,5.539641,0.20
183,2,train,5.161731,0.24
183,3,train,7.774202,0.30
183,4,train,6.951465,0.34
183,5,train,6.595355,0.38
183,6,train,5.438080,0.42
183,7,train,6.521240,0.45
183,8,train,4.422142,0.49
183,9,train,5.407309,0.53
183,10,train,5.312863,0.56
183,11,train,5.207491,0.59
183,12,train,6.523824,0.62
183,13,train,5.820551,0.65
183,0,val,10.399751,0.82
183,1,val,5.729990,0.84
183,2,val,9.278022,0.86
183,3,val,12.378638,0.87
183,4,val,2.731494,0.88
183,5,val,9.501015,0.89
183,6,val,6.238530,0.90
183,7,val,5.284275,0.91
183,8,val,3.984866,0.92
183,9,val,11.787550,0.93
183,10,val,11.188912,0.94
183,11,val,6.592421,0.95
183,12,val,8.254850,0.96
183,13,val,6.008355,0.97
183,14,val,7.120447,0.98
183,15,val,2.361400,0.99
183,16,val,11.254477,1.00
183,17,val,7.058598,1.01
183,18,val,3.316576,1.02
183,19,val,14.798024,1.02
183,20,val,14.903153,1.03
183,21,val,12.500129,1.05
183,22,val,17.804928,1.06
183,23,val,2.503323,1.07
183,24,val,3.956969,1.07
183,25,val,14.580804,1.08
183,26,val,8.368993,1.09
183,27,val,4.813821,1.10
183,28,val,8.306866,1.11
183,29,val,3.853491,1.12
183,30,val,4.612495,1.13
183,31,val,14.303016,1.14
183,32,val,15.240492,1.15
183,33,val,3.907848,1.15
183,34,val,8.020018,1.16
183,35,val,3.251502,1.17
184,0,train,7.463147,0.22
184,1,train,4.670880,0.26
184,2,train,5.967081,0.32
184,3,train,6.583270,0.37
184,4,train,6.133677,0.42
184,5,train,5.477987,0.46
184,6,train,4.099627,0.51
184,7,train,6.099207,0.55
184,8,train,4.636276,0.59
184,9,train,8.118742,0.63
184,10,train,6.766805,0.67
184,11,train,7.829598,0.70
184,12,train,4.872020,0.73
184,13,train,4.688817,0.77
184,0,val,5.051200,0.89
184,1,val,8.600395,0.90
184,2,val,12.242483,0.91
184,3,val,11.941437,0.92
184,4,val,2.972519,0.93
184,5,val,4.259720,0.94
184,6,val,6.541577,0.95
184,7,val,5.756500,0.96
184,8,val,17.959030,0.96
184,9,val,9.226110,0.97
184,10,val,9.864701,0.98
184,11,val,4.996774,0.98
184,12,val,7.794961,0.99
184,13,val,5.246635,1.00
184,14,val,7.380845,1.00
184,15,val,2.580575,1.01
184,16,val,10.274395,1.02
184,17,val,10.174809,1.03
184,18,val,3.210415,1.03
184,19,val,14.454789,1.04
184,20,val,8.369190,1.05
184,21,val,10.039872,1.06
184,22,val,7.511682,1.07
184,23,val,3.555266,1.08
184,24,val,2.672894,1.09
184,25,val,14.872856,1.10
184,26,val,3.644215,1.10
184,27,val,3.946320,1.11
184,28,val,3.848158,1.11
184,29,val,7.977960,1.12
184,30,val,13.753160,1.14
184,31,val,13.727386,1.14
184,32,val,10.685971,1.15
184,33,val,6.926185,1.15
184,34,val,8.894290,1.16
184,35,val,3.087375,1.17
185,0,train,4.981857,0.14
185,1,train,6.664057,0.18
185,2,train,6.195020,0.21
185,3,train,4.660353,0.24
185,4,train,4.998345,0.28
185,5,train,3.424007,0.32
185,6,train,6.515549,0.36
185,7,train,5.824570,0.39
185,8,train,5.500617,0.42
185,9,train,5.295405,0.45
185,10,train,5.909397,0.48
185,11,train,5.729572,0.52
185,12,train,6.134437,0.55
185,13,train,5.279518,0.59
185,0,val,6.431727,0.71
185,1,val,10.451069,0.72
185,2,val,10.409718,0.73
185,3,val,11.915873,0.73
185,4,val,7.958931,0.74
185,5,val,3.481697,0.76
185,6,val,5.849805,0.77
185,7,val,11.874257,0.78
185,8,val,3.702121,0.79
185,9,val,9.993363,0.79
185,10,val,9.730688,0.80
185,11,val,7.157347,0.81
185,12,val,7.555574,0.82
185,13,val,4.350718,0.82
185,14,val,12.408981,0.83
185,15,val,3.955989,0.84
185,16,val,11.224480,0.84
185,17,val,8.883642,0.86
185,18,val,8.118930,0.87
185,19,val,15.700784,0.87
185,20,val,9.656915,0.88
185,21,val,11.568316,0.89
185,22,val,18.049734,0.89
185,23,val,2.580291,0.90
185,24,val,4.074180,0.91
185,25,val,19.690039,0.91
185,26,val,4.329564,0.92
185,27,val,7.106752,0.92
185,28,val,8.977899,0.93
185,29,val,7.622773,0.94
185,30,val,3.057424,0.94
185,31,val,14.084127,0.95
185,32,val,11.117788,0.96
185,33,val,3.557471,0.96
185,34,val,6.200718,0.97
185,35,val,3.726847,0.97
186,0,train,4.612220,0.13
186,1,train,6.046964,0.16
186,2,train,6.158818,0.20
186,3,train,5.732756,0.23
186,4,train,6.042454,0.26
186,5,train,5.923982,0.29
186,6,train,5.533455,0.33
186,7,train,4.930815,0.36
186,8,train,7.172317,0.39
186,9,train,10.967717,0.42
186,10,train,5.656662,0.46
186,11,train,5.460421,0.49
186,12,train,4.584329,0.52
186,13,train,5.435587,0.55
186,0,val,6.857064,0.67
186,1,val,10.545150,0.68
186,2,val,8.708280,0.68
186,3,val,10.743077,0.69
186,4,val,9.057048,0.70
186,5,val,4.211121,0.71
186,6,val,5.868593,0.72
186,7,val,6.998938,0.72
186,8,val,4.077610,0.73
186,9,val,21.982595,0.74
186,10,val,9.332260,0.74
186,11,val,14.830146,0.75
186,12,val,8.580988,0.76
186,13,val,8.134542,0.76
186,14,val,19.466942,0.77
186,15,val,4.794939,0.77
186,16,val,11.157823,0.78
186,17,val,6.603367,0.79
186,18,val,7.172392,0.79
186,19,val,15.515918,0.80
186,20,val,8.976419,0.81
186,21,val,10.614847,0.82
186,22,val,7.068981,0.83
186,23,val,3.953796,0.83
186,24,val,4.280209,0.84
186,25,val,16.881590,0.85
186,26,val,6.022880,0.85
186,27,val,7.446639,0.86
186,28,val,3.939145,0.87
186,29,val,4.460178,0.87
186,30,val,4.406687,0.88
186,31,val,14.451462,0.88
186,32,val,10.769597,0.89
186,33,val,3.116373,0.89
186,34,val,6.546001,0.90
186,35,val,7.631474,0.90
187,0,train,5.123062,0.13
187,1,train,7.327856,0.17
187,2,train,5.955517,0.20
187,3,train,7.172019,0.23
187,4,train,5.777381,0.26
187,5,train,4.565777,0.30
187,6,train,5.124301,0.33
187,7,train,5.114303,0.36
187,8,train,5.286496,0.40
187,9,train,4.872505,0.43
187,10,train,4.965384,0.46
187,11,train,5.603122,0.49
187,12,train,6.368687,0.53
187,13,train,4.812372,0.56
187,0,val,11.794262,0.69
187,1,val,6.641284,0.69
187,2,val,11.025205,0.70
187,3,val,11.408780,0.71
187,4,val,3.549823,0.72
187,5,val,3.382815,0.72
187,6,val,6.627623,0.73
187,7,val,7.462455,0.74
187,8,val,2.739699,0.74
187,9,val,9.216118,0.75
187,10,val,10.722069,0.76
187,11,val,6.961584,0.76
187,12,val,7.656617,0.77
187,13,val,6.971395,0.77
187,14,val,8.706935,0.78
187,15,val,2.293355,0.79
187,16,val,11.779618,0.79
187,17,val,8.036333,0.80
187,18,val,3.411286,0.81
187,19,val,16.993189,0.82
187,20,val,8.328456,0.82
187,21,val,11.178288,0.83
187,22,val,8.164550,0.84
187,23,val,3.006530,0.84
187,24,val,4.875773,0.85
187,25,val,16.542465,0.85
187,26,val,4.096315,0.86
187,27,val,7.861024,0.87
187,28,val,3.476778,0.87
187,29,val,3.555896,0.88
187,30,val,18.393724,0.89
187,31,val,14.146162,0.89
187,32,val,10.389448,0.90
187,33,val,2.910088,0.90
187,34,val,7.458919,0.91
187,35,val,3.243270,0.91
188,0,train,6.289249,0.13
188,1,train,5.384870,0.16
188,2,train,5.328773,0.20
188,3,train,6.012776,0.24
188,4,train,5.985509,0.27
188,5,train,4.656248,0.31
188,6,train,6.563218,0.34
188,7,train,5.267651,0.38
188,8,train,6.079053,0.41
188,9,train,6.494592,0.44
188,10,train,4.197252,0.48
188,11,train,6.012737,0.51
188,12,train,5.393693,0.54
188,13,train,7.808334,0.57
188,0,val,4.847427,0.69
188,1,val,6.669581,0.69
188,2,val,9.354910,0.70
188,3,val,12.995718,0.71
188,4,val,3.068319,0.73
188,5,val,3.357326,0.74
188,6,val,6.219170,0.76
188,7,val,6.188426,0.77
188,8,val,3.244687,0.78
188,9,val,15.456150,0.79
188,10,val,12.300847,0.80
188,11,val,5.490690,0.81
188,12,val,7.547793,0.82
188,13,val,11.086887,0.83
188,14,val,6.971488,0.84
188,15,val,3.856778,0.86
188,16,val,10.360741,0.87
188,17,val,20.047089,0.88
188,18,val,4.365124,0.89
188,19,val,15.965550,0.90
188,20,val,8.347342,0.91
188,21,val,9.566823,0.92
188,22,val,7.165604,0.93
188,23,val,2.782888,0.94
188,24,val,3.974136,0.95
188,25,val,16.116070,0.96
188,26,val,3.938958,0.97
188,27,val,7.541470,0.98
188,28,val,3.474739,0.99
188,29,val,6.406538,1.00
188,30,val,3.795674,1.01
188,31,val,13.446537,1.01
188,32,val,11.256444,1.02
188,33,val,3.321417,1.03
188,34,val,7.248959,1.03
188,35,val,4.431265,1.05
189,0,train,4.764039,0.18
189,1,train,6.630874,0.22
189,2,train,5.207034,0.26
189,3,train,6.398085,0.29
189,4,train,5.793655,0.33
189,5,train,5.164824,0.37
189,6,train,6.828815,0.41
189,7,train,7.106128,0.45
189,8,train,6.515384,0.49
189,9,train,6.900470,0.52
189,10,train,6.906072,0.56
189,11,train,5.968116,0.59
189,12,train,6.521745,0.62
189,13,train,4.849007,0.65
189,0,val,8.465516,0.83
189,1,val,4.078760,0.85
189,2,val,9.196252,0.86
189,3,val,15.804360,0.87
189,4,val,13.868572,0.88
189,5,val,5.404126,0.88
189,6,val,6.940328,0.89
189,7,val,12.093696,0.90
189,8,val,6.061218,0.91
189,9,val,9.796906,0.92
189,10,val,8.937273,0.93
189,11,val,6.860221,0.93
189,12,val,9.719180,0.95
189,13,val,5.524284,0.96
189,14,val,7.800329,0.96
189,15,val,2.782012,0.97
189,16,val,11.517355,0.98
189,17,val,5.392272,0.99
189,18,val,3.465178,1.00
189,19,val,14.544642,1.01
189,20,val,9.826488,1.02
189,21,val,14.792252,1.02
189,22,val,6.756048,1.03
189,23,val,2.939960,1.04
189,24,val,10.191476,1.05
189,25,val,16.095394,1.07
189,26,val,4.082279,1.08
189,27,val,4.107224,1.08
189,28,val,8.149438,1.09
189,29,val,4.779573,1.10
189,30,val,3.526784,1.11
189,31,val,14.603028,1.12
189,32,val,10.986135,1.12
189,33,val,2.973333,1.13
189,34,val,6.785826,1.13
189,35,val,3.204845,1.14
190,0,train,5.781854,0.14
190,1,train,5.529445,0.19
190,2,train,4.708927,0.23
190,3,train,5.403401,0.27
190,4,train,5.796747,0.31
190,5,train,5.392097,0.35
190,6,train,4.654534,0.38
190,7,train,5.589328,0.43
190,8,train,5.190112,0.46
190,9,train,4.358604,0.50
190,10,train,5.729758,0.53
190,11,train,5.346290,0.56
190,12,train,5.015565,0.60
190,13,train,6.050896,0.63
190,0,val,5.973080,0.78
190,1,val,7.207396,0.81
190,2,val,19.290594,0.82
190,3,val,14.989813,0.83
190,4,val,3.054014,0.84
190,5,val,3.076600,0.85
190,6,val,6.467171,0.86
190,7,val,9.731435,0.87
190,8,val,10.224660,0.88
190,9,val,9.937717,0.88
190,10,val,10.812226,0.89
190,11,val,5.758237,0.90
190,12,val,7.475505,0.91
190,13,val,9.752263,0.92
190,14,val,8.125066,0.92
190,15,val,6.978299,0.93
190,16,val,10.592573,0.94
190,17,val,6.120614,0.95
190,18,val,2.969380,0.96
190,19,val,16.098272,0.97
190,20,val,8.306237,0.97
190,21,val,9.543226,0.98
190,22,val,12.075927,0.99
190,23,val,2.731824,1.00
190,24,val,4.574739,1.01
190,25,val,13.891918,1.02
190,26,val,8.249419,1.03
190,27,val,4.339472,1.03
190,28,val,4.034817,1.04
190,29,val,4.003734,1.05
190,30,val,3.756096,1.06
190,31,val,14.039679,1.07
190,32,val,10.908895,1.07
190,33,val,2.793431,1.08
190,34,val,6.085566,1.08
190,35,val,2.977200,1.09
191,0,train,4.546004,0.19
191,1,train,5.667952,0.24
191,2,train,4.611426,0.29
191,3,train,4.581390,0.33
191,4,train,6.429836,0.37
191,5,train,7.583628,0.40
191,6,train,4.657322,0.43
191,7,train,5.187642,0.47
191,8,train,5.098396,0.52
191,9,train,4.049600,0.56
191,10,train,6.369137,0.60
191,11,train,3.914811,0.63
191,12,train,7.911499,0.66
191,13,train,5.904766,0.69
191,0,val,5.047523,0.88
191,1,val,6.720448,0.90
191,2,val,12.720944,0.92
191,3,val,12.028642,0.93
191,4,val,3.093575,0.94
191,5,val,3.300453,0.95
191,6,val,6.368049,0.96
191,7,val,12.920547,0.97
191,8,val,4.026320,0.98
191,9,val,9.519492,0.99
191,10,val,10.052311,1.01
191,11,val,6.069857,1.02
191,12,val,8.017315,1.03
191,13,val,4.070864,1.04
191,14,val,7.389481,1.05
191,15,val,5.205770,1.06
191,16,val,11.379143,1.08
191,17,val,6.518923,1.09
191,18,val,3.064047,1.10
191,19,val,14.821230,1.11
191,20,val,10.356910,1.12
191,21,val,10.589988,1.14
191,22,val,9.403313,1.15
191,23,val,3.029527,1.16
191,24,val,2.527550,1.17
191,25,val,14.651824,1.18
191,26,val,3.722279,1.19
191,27,val,6.862721,1.19
191,28,val,4.424488,1.20
191,29,val,3.094005,1.21
191,30,val,4.407924,1.22
191,31,val,13.337721,1.23
191,32,val,20.719425,1.24
191,33,val,3.713756,1.24
191,34,val,11.777902,1.24
191,35,val,3.089419,1.25
192,0,train,5.146561,0.13
192,1,train,5.550423,0.16
192,2,train,6.620153,0.19
192,3,train,4.605184,0.23
192,4,train,6.923450,0.27
192,5,train,6.544301,0.30
192,6,train,5.526103,0.33
192,7,train,3.996884,0.37
192,8,train,5.123281,0.41
192,9,train,4.981022,0.44
192,10,train,4.227941,0.47
192,11,train,5.339148,0.50
192,12,train,8.038890,0.53
192,13,train,9.646573,0.56
192,0,val,7.029000,0.68
192,1,val,4.436943,0.69
192,2,val,10.049697,0.70
192,3,val,10.467351,0.70
192,4,val,2.477652,0.71
192,5,val,2.747959,0.72
192,6,val,5.421424,0.73
192,7,val,5.818488,0.73
192,8,val,4.220615,0.74
192,9,val,9.738577,0.75
192,10,val,8.927640,0.76
192,11,val,6.120318,0.76
192,12,val,8.715531,0.77
192,13,val,4.765803,0.78
192,14,val,6.045062,0.78
192,15,val,2.766028,0.79
192,16,val,10.074870,0.80
192,17,val,5.931663,0.80
192,18,val,3.058887,0.81
192,19,val,27.396530,0.82
192,20,val,9.806273,0.83
192,21,val,12.560371,0.83
192,22,val,7.946887,0.84
192,23,val,2.747065,0.85
192,24,val,4.223752,0.85
192,25,val,15.335406,0.86
192,26,val,3.179538,0.87
192,27,val,4.528731,0.87
192,28,val,6.046797,0.88
192,29,val,4.285217,0.89
192,30,val,3.676202,0.89
192,31,val,14.680404,0.90
192,32,val,17.523977,0.90
192,33,val,2.612193,0.91
192,34,val,7.610292,0.91
192,35,val,2.758444,0.92
193,0,train,4.843084,0.17
193,1,train,4.823227,0.20
193,2,train,7.643649,0.24
193,3,train,4.496242,0.27
193,4,train,7.419462,0.31
193,5,train,5.320367,0.34
193,6,train,5.859494,0.37
193,7,train,9.990824,0.41
193,8,train,4.837534,0.44
193,9,train,4.359020,0.47
193,10,train,6.012746,0.51
193,11,train,5.045005,0.54
193,12,train,7.003254,0.57
193,13,train,4.631997,0.60
193,0,val,4.044412,0.72
193,1,val,4.322183,0.73
193,2,val,12.973762,0.73
193,3,val,20.943460,0.74
193,4,val,3.029031,0.75
193,5,val,6.093458,0.76
193,6,val,6.153104,0.77
193,7,val,6.279459,0.77
193,8,val,2.893357,0.78
193,9,val,16.607361,0.78
193,10,val,9.977357,0.79
193,11,val,6.834524,0.80
193,12,val,8.996708,0.80
193,13,val,17.883673,0.81
193,14,val,10.684212,0.82
193,15,val,2.855015,0.83
193,16,val,11.147023,0.84
193,17,val,10.277991,0.85
193,18,val,4.944780,0.86
193,19,val,14.310912,0.86
193,20,val,12.730532,0.87
193,21,val,10.639556,0.88
193,22,val,8.681155,0.88
193,23,val,2.949526,0.89
193,24,val,3.296007,0.90
193,25,val,14.025786,0.90
193,26,val,14.467580,0.91
193,27,val,6.172369,0.92
193,28,val,8.656261,0.92
193,29,val,5.250398,0.93
193,30,val,6.590823,0.94
193,31,val,14.091383,0.94
193,32,val,11.529071,0.95
193,33,val,4.030997,0.95
193,34,val,7.701844,0.96
193,35,val,3.364347,0.97
194,0,train,4.400682,0.12
194,1,train,4.910161,0.16
194,2,train,5.660902,0.19
194,3,train,5.086570,0.22
194,4,train,6.542608,0.26
194,5,train,4.203693,0.29
194,6,train,5.206719,0.32
194,7,train,4.891674,0.36
194,8,train,5.144762,0.39
194,9,train,5.730404,0.42
194,10,train,5.576716,0.45
194,11,train,4.389112,0.49
194,12,train,5.321492,0.52
194,13,train,5.982395,0.55
194,0,val,9.938161,0.66
194,1,val,7.588842,0.67
194,2,val,8.820758,0.68
194,3,val,10.792423,0.68
194,4,val,3.680229,0.69
194,5,val,3.174758,0.70
194,6,val,5.443336,0.71
194,7,val,5.629848,0.72
194,8,val,8.272754,0.73
194,9,val,10.261727,0.73
194,10,val,12.170062,0.74
194,11,val,6.037996,0.74
194,12,val,8.375824,0.75
194,13,val,7.116234,0.76
194,14,val,8.096099,0.76
194,15,val,3.087434,0.77
194,16,val,11.060120,0.77
194,17,val,5.801282,0.78
194,18,val,2.750600,0.79
194,19,val,17.746708,0.79
194,20,val,11.397891,0.80
194,21,val,17.046740,0.81
194,22,val,7.171169,0.82
194,23,val,2.915159,0.82
194,24,val,4.527813,0.83
194,25,val,14.414590,0.84
194,26,val,4.105780,0.85
194,27,val,6.492246,0.85
194,28,val,3.705790,0.86
194,29,val,4.629329,0.87
194,30,val,5.921254,0.88
194,31,val,18.137224,0.89
194,32,val,17.200527,0.89
194,33,val,3.804240,0.89
194,34,val,6.459693,0.90
194,35,val,3.706818,0.91
195,0,train,5.812457,0.12
195,1,train,6.207270,0.16
195,2,train,6.507094,0.19
195,3,train,6.426050,0.22
195,4,train,6.710328,0.26
195,5,train,6.275623,0.29
195,6,train,4.790410,0.32
195,7,train,5.283493,0.36
195,8,train,7.054812,0.39
195,9,train,4.170385,0.42
195,10,train,4.636475,0.45
195,11,train,7.294784,0.49
195,12,train,5.668980,0.52
195,13,train,5.114921,0.55
195,0,val,4.992796,0.67
195,1,val,4.059168,0.67
195,2,val,9.838156,0.68
195,3,val,11.962317,0.68
195,4,val,5.134596,0.69
195,5,val,3.422584,0.70
195,6,val,7.338275,0.71
195,7,val,6.744534,0.72
195,8,val,3.160803,0.72
195,9,val,8.431343,0.73
195,10,val,11.702606,0.74
195,11,val,7.495954,0.74
195,12,val,11.816909,0.75
195,13,val,4.004356,0.76
195,14,val,9.241302,0.76
195,15,val,2.849815,0.77
195,16,val,10.758247,0.78
195,17,val,5.835571,0.78
195,18,val,6.329596,0.79
195,19,val,19.707077,0.80
195,20,val,28.393694,0.81
195,21,val,10.797359,0.82
195,22,val,8.180726,0.82
195,23,val,5.619446,0.83
195,24,val,2.477464,0.83
195,25,val,14.013605,0.84
195,26,val,4.322974,0.85
195,27,val,10.471251,0.85
195,28,val,13.666841,0.86
195,29,val,4.132397,0.87
195,30,val,4.094433,0.87
195,31,val,14.767215,0.88
195,32,val,10.694998,0.88
195,33,val,3.265789,0.89
195,34,val,7.325403,0.89
195,35,val,3.186839,0.90
196,0,train,7.016521,0.14
196,1,train,6.058842,0.17
196,2,train,5.661999,0.20
196,3,train,5.295895,0.24
196,4,train,5.784228,0.27
196,5,train,5.787864,0.30
196,6,train,5.780151,0.33
196,7,train,4.877805,0.37
196,8,train,4.348393,0.42
196,9,train,5.144877,0.46
196,10,train,9.023065,0.49
196,11,train,5.236807,0.53
196,12,train,6.967460,0.55
196,13,train,5.466983,0.59
196,0,val,4.251981,0.71
196,1,val,3.625653,0.72
196,2,val,9.120460,0.72
196,3,val,13.206653,0.73
196,4,val,5.766919,0.74
196,5,val,2.871990,0.76
196,6,val,5.900362,0.76
196,7,val,5.926247,0.77
196,8,val,8.849968,0.77
196,9,val,9.008759,0.78
196,10,val,9.788144,0.79
196,11,val,7.067935,0.80
196,12,val,7.478718,0.80
196,13,val,5.093798,0.81
196,14,val,9.432054,0.81
196,15,val,3.408282,0.82
196,16,val,18.210051,0.83
196,17,val,5.359409,0.83
196,18,val,8.083673,0.85
196,19,val,14.778316,0.85
196,20,val,10.123247,0.86
196,21,val,12.201885,0.87
196,22,val,7.454494,0.88
196,23,val,2.659685,0.89
196,24,val,3.579457,0.90
196,25,val,14.749086,0.91
196,26,val,3.633057,0.92
196,27,val,4.131687,0.92
196,28,val,3.502514,0.94
196,29,val,4.718198,0.95
196,30,val,8.486006,0.96
196,31,val,15.133732,0.97
196,32,val,10.200787,0.98
196,33,val,3.926874,0.99
196,34,val,9.437243,1.00
196,35,val,2.707512,1.01
197,0,train,7.935779,0.19
197,1,train,6.364591,0.23
197,2,train,5.918180,0.26
197,3,train,3.677714,0.29
197,4,train,5.516864,0.33
197,5,train,8.581348,0.36
197,6,train,6.813646,0.39
197,7,train,5.489637,0.43
197,8,train,7.074900,0.47
197,9,train,7.161235,0.50
197,10,train,4.824504,0.54
197,11,train,4.605552,0.57
197,12,train,6.698451,0.60
197,13,train,5.138282,0.63
197,0,val,4.636568,0.75
197,1,val,4.046055,0.76
197,2,val,9.389613,0.77
197,3,val,11.082649,0.78
197,4,val,6.417524,0.79
197,5,val,4.250433,0.79
197,6,val,5.706955,0.80
197,7,val,9.930192,0.81
197,8,val,4.730132,0.81
197,9,val,8.132999,0.82
197,10,val,12.217293,0.83
197,11,val,7.078110,0.83
197,12,val,10.434858,0.84
197,13,val,10.644622,0.85
197,14,val,8.017004,0.85
197,15,val,3.455884,0.86
197,16,val,12.073089,0.86
197,17,val,7.008801,0.87
197,18,val,3.447850,0.88
197,19,val,24.170437,0.89
197,20,val,16.270737,0.89
197,21,val,9.579623,0.90
197,22,val,7.079997,0.91
197,23,val,4.103174,0.91
197,24,val,7.301430,0.92
197,25,val,14.949002,0.93
197,26,val,4.150825,0.93
197,27,val,5.799801,0.94
197,28,val,3.758658,0.95
197,29,val,7.517495,0.95
197,30,val,6.680999,0.96
197,31,val,14.163458,0.96
197,32,val,10.112659,0.97
197,33,val,2.852849,0.97
197,34,val,6.364947,0.98
197,35,val,3.419801,0.99
198,0,train,4.810997,0.14
198,1,train,4.997921,0.18
198,2,train,5.056722,0.21
198,3,train,7.461721,0.24
198,4,train,4.296885,0.28
198,5,train,4.368434,0.32
198,6,train,4.251333,0.35
198,7,train,4.390649,0.38
198,8,train,6.471197,0.42
198,9,train,4.145721,0.45
198,10,train,4.823554,0.48
198,11,train,7.116002,0.51
198,12,train,7.287166,0.54
198,13,train,5.613211,0.58
198,0,val,4.920740,0.69
198,1,val,6.289411,0.70
198,2,val,12.195042,0.71
198,3,val,11.347376,0.71
198,4,val,2.562862,0.72
198,5,val,2.906653,0.73
198,6,val,6.376030,0.74
198,7,val,6.027101,0.74
198,8,val,4.973583,0.75
198,9,val,19.657661,0.76
198,10,val,8.595191,0.76
198,11,val,5.033410,0.77
198,12,val,7.220213,0.77
198,13,val,4.689827,0.78
198,14,val,8.280951,0.79
198,15,val,4.708317,0.79
198,16,val,14.309669,0.80
198,17,val,7.671525,0.80
198,18,val,3.734913,0.81
198,19,val,14.341261,0.82
198,20,val,8.984071,0.83
198,21,val,10.791849,0.84
198,22,val,6.806308,0.84
198,23,val,3.490971,0.85
198,24,val,3.298058,0.86
198,25,val,15.603222,0.86
198,26,val,6.861230,0.87
198,27,val,5.566117,0.87
198,28,val,5.655923,0.88
198,29,val,3.457931,0.89
198,30,val,3.326964,0.89
198,31,val,14.305202,0.90
198,32,val,10.818120,0.90
198,33,val,4.457687,0.91
198,34,val,51.251209,0.91
198,35,val,2.737652,0.92
199,0,train,5.910150,0.12
199,1,train,7.654146,0.15
199,2,train,6.141041,0.18
199,3,train,5.578773,0.22
199,4,train,5.079801,0.25
199,5,train,6.117892,0.28
199,6,train,5.326450,0.32
199,7,train,5.725183,0.35
199,8,train,5.362283,0.38
199,9,train,5.029097,0.42
199,10,train,5.419826,0.45
199,11,train,5.810406,0.48
199,12,train,4.960132,0.52
199,13,train,7.042012,0.55
199,0,val,3.967006,0.71
199,1,val,4.404968,0.72
199,2,val,8.138788,0.73
199,3,val,10.292031,0.74
199,4,val,3.327426,0.75
199,5,val,4.431123,0.76
199,6,val,5.554470,0.77
199,7,val,5.729034,0.77
199,8,val,3.645627,0.78
199,9,val,9.834325,0.79
199,10,val,8.229708,0.80
199,11,val,5.279898,0.81
199,12,val,8.287029,0.81
199,13,val,5.038744,0.82
199,14,val,7.600130,0.83
199,15,val,15.784945,0.84
199,16,val,17.426960,0.85
199,17,val,5.972566,0.85
199,18,val,2.704532,0.86
199,19,val,14.506693,0.87
199,20,val,8.828798,0.88
199,21,val,9.745065,0.89
199,22,val,12.738780,0.90
199,23,val,2.628418,0.91
199,24,val,2.767392,0.92
199,25,val,18.274511,0.93
199,26,val,5.876620,0.94
199,27,val,4.206574,0.95
199,28,val,4.827700,0.96
199,29,val,4.095570,0.97
199,30,val,3.751650,0.98
199,31,val,14.166388,0.99
199,32,val,10.502087,0.99
199,33,val,3.523928,1.00
199,34,val,6.067241,1.00
199,35,val,3.088065,1.01
200,0,train,5.546037,0.21
200,1,train,4.987549,0.26
200,2,train,3.900329,0.31
200,3,train,6.815856,0.36
200,4,train,4.799365,0.41
200,5,train,4.512311,0.45
200,6,train,6.727746,0.49
200,7,train,4.451222,0.53
200,8,train,6.515057,0.57
200,9,train,5.698760,0.62
200,10,train,5.781923,0.65
200,11,train,6.489138,0.68
200,12,train,7.123242,0.72
200,13,train,4.036231,0.75
200,0,val,4.728783,0.93
200,1,val,4.622790,0.96
200,2,val,8.326931,0.97
200,3,val,15.642177,0.98
200,4,val,2.699185,0.98
200,5,val,2.638971,0.99
200,6,val,6.048892,1.00
200,7,val,6.975273,1.01
200,8,val,3.381515,1.02
200,9,val,7.860653,1.03
200,10,val,8.808785,1.04
200,11,val,5.383482,1.05
200,12,val,8.844798,1.06
200,13,val,7.402444,1.07
200,14,val,8.270437,1.07
200,15,val,2.835267,1.08
200,16,val,10.613845,1.09
200,17,val,5.320729,1.10
200,18,val,3.973765,1.11
200,19,val,14.943920,1.11
200,20,val,8.541845,1.12
200,21,val,10.964414,1.13
200,22,val,7.882685,1.14
200,23,val,5.139589,1.15
200,24,val,4.533357,1.16
200,25,val,16.032721,1.17
200,26,val,3.470639,1.18
200,27,val,4.394334,1.19
200,28,val,6.197608,1.20
200,29,val,5.703941,1.20
200,30,val,3.801723,1.22
200,31,val,13.884740,1.23
200,32,val,10.382524,1.23
200,33,val,3.947206,1.24
200,34,val,5.995237,1.25
200,35,val,23.445362,1.26
201,0,train,5.197825,0.17
201,1,train,6.553486,0.21
201,2,train,5.530273,0.25
201,3,train,8.121923,0.30
201,4,train,6.218860,0.34
201,5,train,5.268581,0.38
201,6,train,5.660871,0.42
201,7,train,5.823428,0.45
201,8,train,5.989604,0.49
201,9,train,6.117545,0.52
201,10,train,4.224893,0.56
201,11,train,5.119079,0.59
201,12,train,6.135688,0.62
201,13,train,4.424271,0.65
201,0,val,4.306009,0.84
201,1,val,3.629948,0.85
201,2,val,8.333151,0.86
201,3,val,10.648539,0.87
201,4,val,3.025853,0.88
201,5,val,2.434193,0.89
201,6,val,5.613930,0.89
201,7,val,12.093000,0.90
201,8,val,4.647645,0.91
201,9,val,9.197832,0.92
201,10,val,8.516078,0.93
201,11,val,12.279831,0.93
201,12,val,7.116700,0.94
201,13,val,4.127506,0.95
201,14,val,6.835471,0.96
201,15,val,2.830966,0.97
201,16,val,10.515649,0.98
201,17,val,5.632835,0.99
201,18,val,4.443271,1.00
201,19,val,14.372626,1.01
201,20,val,10.993627,1.02
201,21,val,14.000398,1.03
201,22,val,7.061641,1.05
201,23,val,3.331854,1.06
201,24,val,14.785992,1.07
201,25,val,14.139163,1.08
201,26,val,3.501322,1.09
201,27,val,8.857520,1.10
201,28,val,4.279361,1.11
201,29,val,6.626907,1.12
201,30,val,3.747956,1.12
201,31,val,13.094626,1.13
201,32,val,10.797265,1.14
201,33,val,3.805208,1.14
201,34,val,8.036642,1.15
201,35,val,3.001936,1.16
202,0,train,4.810539,0.16
202,1,train,5.770791,0.21
202,2,train,5.791349,0.24
202,3,train,7.886940,0.28
202,4,train,5.578998,0.32
202,5,train,5.091743,0.35
202,6,train,4.832551,0.39
202,7,train,4.159499,0.43
202,8,train,4.116450,0.46
202,9,train,6.580575,0.50
202,10,train,4.225028,0.54
202,11,train,6.899215,0.57
202,12,train,5.283544,0.60
202,13,train,6.828395,0.64
202,0,val,4.058672,0.79
202,1,val,4.226643,0.81
202,2,val,7.872724,0.82
202,3,val,10.158802,0.83
202,4,val,3.775549,0.84
202,5,val,2.906904,0.85
202,6,val,9.890386,0.86
202,7,val,8.232830,0.87
202,8,val,3.495449,0.89
202,9,val,9.856839,0.90
202,10,val,8.336249,0.91
202,11,val,8.409893,0.92
202,12,val,6.951471,0.94
202,13,val,4.228260,0.95
202,14,val,10.748248,0.97
202,15,val,2.215699,0.98
202,16,val,38.702374,0.99
202,17,val,6.033775,0.99
202,18,val,2.981886,1.01
202,19,val,16.582497,1.01
202,20,val,8.827344,1.03
202,21,val,9.944070,1.04
202,22,val,7.399302,1.05
202,23,val,3.016617,1.06
202,24,val,3.019566,1.07
202,25,val,15.890858,1.08
202,26,val,3.442287,1.08
202,27,val,6.054721,1.10
202,28,val,4.746659,1.10
202,29,val,6.066124,1.11
202,30,val,4.906034,1.12
202,31,val,15.002525,1.13
202,32,val,9.814541,1.14
202,33,val,2.986553,1.14
202,34,val,6.946990,1.15
202,35,val,6.066491,1.16
203,0,train,5.073263,0.15
203,1,train,4.444992,0.19
203,2,train,4.744929,0.22
203,3,train,6.513252,0.25
203,4,train,5.558455,0.28
203,5,train,4.726161,0.32
203,6,train,5.596106,0.35
203,7,train,5.951734,0.38
203,8,train,6.351559,0.41
203,9,train,4.641004,0.45
203,10,train,5.183919,0.48
203,11,train,5.749590,0.51
203,12,train,5.124508,0.54
203,13,train,4.612693,0.57
203,0,val,4.775258,0.69
203,1,val,6.864599,0.69
203,2,val,14.561859,0.70
203,3,val,10.410750,0.71
203,4,val,2.736276,0.71
203,5,val,4.788532,0.72
203,6,val,5.839718,0.73
203,7,val,5.307818,0.74
203,8,val,4.732178,0.74
203,9,val,8.323100,0.75
203,10,val,8.733876,0.76
203,11,val,8.298621,0.77
203,12,val,7.266270,0.78
203,13,val,5.427593,0.79
203,14,val,7.809036,0.79
203,15,val,3.259023,0.80
203,16,val,11.407619,0.81
203,17,val,5.401964,0.81
203,18,val,4.430670,0.83
203,19,val,15.630276,0.83
203,20,val,12.083580,0.84
203,21,val,10.567383,0.85
203,22,val,7.784757,0.85
203,23,val,2.441806,0.86
203,24,val,3.243086,0.86
203,25,val,15.760712,0.87
203,26,val,3.013777,0.88
203,27,val,5.609617,0.88
203,28,val,11.336809,0.89
203,29,val,3.850904,0.90
203,30,val,4.022344,0.90
203,31,val,13.036322,0.91
203,32,val,10.147717,0.91
203,33,val,4.459102,0.92
203,34,val,6.724761,0.92
203,35,val,3.126773,0.93
204,0,train,5.291757,0.17
204,1,train,6.367232,0.21
204,2,train,7.190806,0.24
204,3,train,4.600258,0.27
204,4,train,4.695914,0.30
204,5,train,5.403637,0.34
204,6,train,5.355350,0.37
204,7,train,5.840274,0.40
204,8,train,4.207076,0.43
204,9,train,5.334575,0.47
204,10,train,5.697492,0.50
204,11,train,4.397335,0.53
204,12,train,5.211368,0.56
204,13,train,6.091759,0.59
204,0,val,3.978503,0.79
204,1,val,7.740448,0.80
204,2,val,9.560958,0.82
204,3,val,10.377826,0.83
204,4,val,2.521276,0.84
204,5,val,2.768770,0.84
204,6,val,5.435201,0.85
204,7,val,5.665431,0.86
204,8,val,2.791747,0.86
204,9,val,8.326927,0.87
204,10,val,8.746913,0.88
204,11,val,6.209723,0.89
204,12,val,7.633472,0.89
204,13,val,6.035438,0.90
204,14,val,7.308422,0.91
204,15,val,2.867957,0.92
204,16,val,10.108129,0.92
204,17,val,5.332959,0.93
204,18,val,4.042869,0.94
204,19,val,14.351320,0.94
204,20,val,8.951292,0.95
204,21,val,10.741326,0.96
204,22,val,7.776187,0.97
204,23,val,9.878243,0.98
204,24,val,3.957166,0.98
204,25,val,13.634426,0.99
204,26,val,5.464627,1.00
204,27,val,4.711887,1.01
204,28,val,5.602005,1.01
204,29,val,5.304741,1.02
204,30,val,3.291917,1.02
204,31,val,13.298904,1.03
204,32,val,13.314234,1.04
204,33,val,3.977059,1.04
204,34,val,8.518470,1.04
204,35,val,3.079986,1.05
205,0,train,6.423497,0.19
205,1,train,4.916570,0.24
205,2,train,4.505439,0.27
205,3,train,3.686448,0.32
205,4,train,4.486435,0.38
205,5,train,4.759045,0.43
205,6,train,5.174318,0.48
205,7,train,6.746193,0.52
205,8,train,4.509647,0.55
205,9,train,5.902714,0.58
205,10,train,5.361401,0.61
205,11,train,5.835626,0.65
205,12,train,6.034749,0.68
205,13,train,5.024036,0.71
205,0,val,5.007598,0.85
205,1,val,4.912829,0.86
205,2,val,9.795972,0.87
205,3,val,10.090485,0.88
205,4,val,4.236392,0.89
205,5,val,3.885193,0.89
205,6,val,6.438868,0.90
205,7,val,5.820778,0.91
205,8,val,3.594455,0.92
205,9,val,45.410774,0.93
205,10,val,15.540282,0.93
205,11,val,5.501377,0.94
205,12,val,10.068710,0.95
205,13,val,7.145013,0.95
205,14,val,8.662440,0.96
205,15,val,4.506235,0.97
205,16,val,11.316934,0.98
205,17,val,6.242490,0.99
205,18,val,4.216431,1.00
205,19,val,13.933177,1.01
205,20,val,9.519722,1.01
205,21,val,9.936621,1.02
205,22,val,17.649836,1.03
205,23,val,4.129743,1.03
205,24,val,2.320684,1.04
205,25,val,14.766243,1.04
205,26,val,6.102796,1.05
205,27,val,4.009932,1.06
205,28,val,3.968755,1.06
205,29,val,4.521929,1.07
205,30,val,7.183515,1.08
205,31,val,13.967044,1.08
205,32,val,12.192377,1.09
205,33,val,2.804205,1.09
205,34,val,12.212663,1.10
205,35,val,3.570673,1.10
206,0,train,6.316717,0.12
206,1,train,4.229051,0.15
206,2,train,5.863920,0.19
206,3,train,5.096399,0.22
206,4,train,6.569610,0.26
206,5,train,5.795426,0.29
206,6,train,4.385658,0.33
206,7,train,4.645468,0.36
206,8,train,5.795266,0.39
206,9,train,8.010559,0.43
206,10,train,6.359830,0.46
206,11,train,8.443624,0.49
206,12,train,5.046708,0.52
206,13,train,9.188729,0.55
206,0,val,6.577132,0.67
206,1,val,3.966808,0.68
206,2,val,16.561283,0.68
206,3,val,10.247437,0.69
206,4,val,3.669317,0.70
206,5,val,2.624520,0.71
206,6,val,5.347514,0.71
206,7,val,5.607203,0.72
206,8,val,3.124224,0.73
206,9,val,8.580297,0.73
206,10,val,8.530560,0.74
206,11,val,5.718492,0.75
206,12,val,7.508985,0.75
206,13,val,4.122550,0.76
206,14,val,6.446228,0.77
206,15,val,4.136833,0.77
206,16,val,11.136828,0.78
206,17,val,5.565173,0.78
206,18,val,3.209425,0.79
206,19,val,15.854752,0.80
206,20,val,9.275874,0.81
206,21,val,18.111549,0.82
206,22,val,9.985159,0.82
206,23,val,6.363618,0.83
206,24,val,2.599739,0.84
206,25,val,14.916993,0.84
206,26,val,10.686476,0.85
206,27,val,3.781869,0.85
206,28,val,5.457472,0.86
206,29,val,8.196249,0.87
206,30,val,14.533794,0.87
206,31,val,15.787577,0.88
206,32,val,12.577676,0.88
206,33,val,4.401704,0.89
206,34,val,7.617957,0.89
206,35,val,3.423404,0.90
207,0,train,6.158499,0.12
207,1,train,6.066151,0.15
207,2,train,4.726413,0.18
207,3,train,4.941140,0.21
207,4,train,5.657310,0.25
207,5,train,4.702079,0.28
207,6,train,5.223379,0.31
207,7,train,6.868834,0.35
207,8,train,6.063132,0.38
207,9,train,3.855366,0.41
207,10,train,5.178886,0.44
207,11,train,5.319325,0.47
207,12,train,6.045448,0.51
207,13,train,6.256961,0.54
207,0,val,4.104146,0.65
207,1,val,9.477520,0.66
207,2,val,11.512052,0.66
207,3,val,15.959968,0.67
207,4,val,3.155216,0.68
207,5,val,7.916743,0.69
207,6,val,5.531870,0.70
207,7,val,6.820028,0.70
207,8,val,3.248815,0.71
207,9,val,8.497475,0.71
207,10,val,8.370565,0.72
207,11,val,5.445119,0.73
207,12,val,8.425752,0.73
207,13,val,5.885347,0.74
207,14,val,7.195958,0.75
207,15,val,2.819033,0.75
207,16,val,11.983360,0.76
207,17,val,5.085426,0.76
207,18,val,2.608235,0.77
207,19,val,16.497255,0.78
207,20,val,12.452743,0.78
207,21,val,9.424228,0.79
207,22,val,8.762792,0.80
207,23,val,2.834117,0.80
207,24,val,2.878156,0.81
207,25,val,17.651031,0.82
207,26,val,4.718839,0.82
207,27,val,4.194051,0.83
207,28,val,4.187843,0.84
207,29,val,3.918962,0.84
207,30,val,3.510657,0.85
207,31,val,13.876542,0.85
207,32,val,13.624316,0.86
207,33,val,3.856167,0.86
207,34,val,6.032564,0.87
207,35,val,3.233247,0.87
208,0,train,5.615095,0.12
208,1,train,7.616735,0.15
208,2,train,7.488778,0.18
208,3,train,5.217027,0.22
208,4,train,6.187733,0.25
208,5,train,3.729289,0.29
208,6,train,6.652857,0.32
208,7,train,6.890241,0.35
208,8,train,5.545085,0.38
208,9,train,5.674655,0.42
208,10,train,3.919217,0.45
208,11,train,5.096069,0.48
208,12,train,5.872699,0.51
208,13,train,5.494862,0.55
208,0,val,3.504617,0.66
208,1,val,6.482040,0.67
208,2,val,16.033085,0.68
208,3,val,10.499870,0.68
208,4,val,2.787811,0.69
208,5,val,4.552498,0.70
208,6,val,5.519778,0.71
208,7,val,6.516882,0.71
208,8,val,2.690119,0.72
208,9,val,13.198614,0.73
208,10,val,7.885812,0.73
208,11,val,7.496012,0.74
208,12,val,7.640028,0.74
208,13,val,14.242040,0.75
208,14,val,7.129413,0.76
208,15,val,2.908315,0.76
208,16,val,10.737353,0.77
208,17,val,5.095186,0.77
208,18,val,3.058682,0.78
208,19,val,21.643635,0.79
208,20,val,8.768147,0.79
208,21,val,9.692812,0.80
208,22,val,10.261714,0.81
208,23,val,2.664591,0.81
208,24,val,10.445616,0.82
208,25,val,13.143004,0.83
208,26,val,3.096615,0.83
208,27,val,4.453060,0.84
208,28,val,4.841837,0.85
208,29,val,4.152178,0.85
208,30,val,3.884420,0.86
208,31,val,16.552349,0.87
208,32,val,10.707509,0.87
208,33,val,2.830717,0.87
208,34,val,6.847949,0.88
208,35,val,3.560763,0.88
209,0,train,5.171847,0.12
209,1,train,4.760146,0.16
209,2,train,6.477035,0.19
209,3,train,4.820331,0.22
209,4,train,5.613626,0.25
209,5,train,4.152484,0.29
209,6,train,6.115513,0.32
209,7,train,5.668384,0.35
209,8,train,5.300481,0.39
209,9,train,5.987203,0.42
209,10,train,5.193605,0.45
209,11,train,5.967779,0.48
209,12,train,5.317314,0.52
209,13,train,5.028369,0.55
209,0,val,4.306037,0.66
209,1,val,4.569860,0.67
209,2,val,7.778681,0.67
209,3,val,12.716898,0.68
209,4,val,2.620477,0.68
209,5,val,2.697878,0.69
209,6,val,6.251116,0.70
209,7,val,6.736320,0.71
209,8,val,2.753667,0.72
209,9,val,11.711026,0.72
209,10,val,8.790330,0.73
209,11,val,12.487528,0.74
209,12,val,6.832143,0.74
209,13,val,4.406083,0.75
209,14,val,6.358731,0.76
209,15,val,4.344723,0.76
209,16,val,15.083094,0.77
209,17,val,6.103601,0.78
209,18,val,3.430465,0.78
209,19,val,17.679855,0.79
209,20,val,8.426068,0.80
209,21,val,9.307402,0.81
209,22,val,8.049436,0.81
209,23,val,4.032111,0.82
209,24,val,2.472018,0.83
209,25,val,14.236090,0.83
209,26,val,4.430316,0.84
209,27,val,4.188189,0.85
209,28,val,3.958534,0.85
209,29,val,3.403334,0.86
209,30,val,3.638829,0.87
209,31,val,13.557056,0.87
209,32,val,14.652986,0.88
209,33,val,3.455435,0.88
209,34,val,6.382369,0.88
209,35,val,2.799531,0.89
210,0,train,4.617734,0.14
210,1,train,5.500673,0.17
210,2,train,4.473464,0.20
210,3,train,6.498963,0.23
210,4,train,6.259289,0.26
210,5,train,5.484059,0.30
210,6,train,5.240560,0.33
210,7,train,5.464719,0.37
210,8,train,6.842431,0.40
210,9,train,5.629636,0.44
210,10,train,4.646664,0.47
210,11,train,7.753629,0.50
210,12,train,5.456396,0.54
210,13,train,5.403744,0.57
210,0,val,3.999155,0.69
210,1,val,8.226310,0.69
210,2,val,8.902422,0.70
210,3,val,14.466905,0.71
210,4,val,5.642483,0.72
210,5,val,4.817269,0.72
210,6,val,6.903770,0.73
210,7,val,6.846399,0.74
210,8,val,3.235821,0.74
210,9,val,8.275537,0.75
210,10,val,8.932178,0.76
210,11,val,6.350839,0.76
210,12,val,7.922501,0.77
210,13,val,5.705843,0.78
210,14,val,10.052691,0.78
210,15,val,6.027078,0.79
210,16,val,15.190649,0.80
210,17,val,6.259274,0.80
210,18,val,2.975080,0.81
210,19,val,15.708607,0.82
210,20,val,9.435236,0.82
210,21,val,9.005787,0.83
210,22,val,6.711249,0.84
210,23,val,2.543777,0.84
210,24,val,2.114214,0.85
210,25,val,17.553246,0.86
210,26,val,3.655909,0.86
210,27,val,12.007257,0.87
210,28,val,5.533716,0.88
210,29,val,4.513075,0.88
210,30,val,3.776154,0.89
210,31,val,13.148624,0.90
210,32,val,16.638659,0.90
210,33,val,2.767438,0.90
210,34,val,7.176191,0.91
210,35,val,2.984662,0.92
211,0,train,5.773880,0.12
211,1,train,5.471622,0.15
211,2,train,5.503010,0.19
211,3,train,5.379849,0.22
211,4,train,6.840245,0.25
211,5,train,5.776781,0.29
211,6,train,5.663490,0.32
211,7,train,5.854500,0.35
211,8,train,6.257603,0.39
211,9,train,4.262486,0.42
211,10,train,4.996116,0.45
211,11,train,6.782885,0.49
211,12,train,5.063953,0.53
211,13,train,4.657844,0.56
211,0,val,4.346127,0.67
211,1,val,4.045780,0.68
211,2,val,8.592867,0.68
211,3,val,9.976389,0.69
211,4,val,2.895794,0.70
211,5,val,2.521602,0.71
211,6,val,5.387887,0.71
211,7,val,8.462794,0.72
211,8,val,3.051286,0.73
211,9,val,9.522254,0.73
211,10,val,8.460404,0.74
211,11,val,4.992340,0.75
211,12,val,11.060007,0.75
211,13,val,4.445183,0.76
211,14,val,8.304673,0.77
211,15,val,4.947610,0.77
211,16,val,15.438560,0.78
211,17,val,6.137692,0.79
211,18,val,5.778713,0.79
211,19,val,14.616492,0.80
211,20,val,9.205804,0.81
211,21,val,9.610776,0.82
211,22,val,6.825758,0.82
211,23,val,2.909207,0.83
211,24,val,2.403699,0.84
211,25,val,13.723518,0.84
211,26,val,5.483576,0.85
211,27,val,4.859059,0.85
211,28,val,4.599641,0.86
211,29,val,3.341074,0.87
211,30,val,4.874216,0.87
211,31,val,13.297032,0.88
211,32,val,10.070962,0.88
211,33,val,4.641730,0.89
211,34,val,7.102791,0.89
211,35,val,3.009922,0.90
212,0,train,5.409863,0.13
212,1,train,4.588759,0.16
212,2,train,5.313574,0.20
212,3,train,5.549661,0.24
212,4,train,7.361716,0.30
212,5,train,5.181428,0.34
212,6,train,6.538022,0.38
212,7,train,4.525205,0.42
212,8,train,6.565281,0.45
212,9,train,4.743383,0.50
212,10,train,5.326306,0.53
212,11,train,8.560968,0.56
212,12,train,5.344593,0.59
212,13,train,6.147684,0.62
212,0,val,3.822984,0.79
212,1,val,4.706460,0.80
212,2,val,12.424424,0.81
212,3,val,11.147959,0.82
212,4,val,6.925466,0.83
212,5,val,6.602460,0.84
212,6,val,6.112318,0.85
212,7,val,8.136510,0.85
212,8,val,3.214457,0.86
212,9,val,7.913744,0.87
212,10,val,9.396462,0.88
212,11,val,8.702255,0.89
212,12,val,7.698397,0.90
212,13,val,5.658392,0.91
212,14,val,7.730986,0.92
212,15,val,2.504038,0.93
212,16,val,10.097015,0.94
212,17,val,4.916702,0.95
212,18,val,3.394259,0.96
212,19,val,13.935761,0.97
212,20,val,8.912635,0.97
212,21,val,9.478289,0.98
212,22,val,8.056416,0.99
212,23,val,3.774605,1.00
212,24,val,8.706451,1.02
212,25,val,15.897543,1.03
212,26,val,4.415413,1.04
212,27,val,4.322641,1.05
212,28,val,3.855614,1.05
212,29,val,4.898519,1.06
212,30,val,4.237901,1.07
212,31,val,14.660279,1.08
212,32,val,11.590876,1.08
212,33,val,4.695782,1.09
212,34,val,6.965975,1.09
212,35,val,3.038911,1.10
213,0,train,6.453021,0.20
213,1,train,5.064419,0.24
213,2,train,5.942821,0.29
213,3,train,5.394789,0.34
213,4,train,5.700354,0.37
213,5,train,4.896456,0.40
213,6,train,5.920192,0.44
213,7,train,5.064448,0.48
213,8,train,5.662145,0.52
213,9,train,4.615302,0.56
213,10,train,6.909074,0.60
213,11,train,4.862080,0.63
213,12,train,4.617268,0.66
213,13,train,4.644314,0.69
213,0,val,4.348557,0.88
213,1,val,4.579426,0.89
213,2,val,9.688107,0.90
213,3,val,9.387486,0.91
213,4,val,4.615862,0.92
213,5,val,2.916241,0.93
213,6,val,8.693544,0.94
213,7,val,8.274884,0.95
213,8,val,3.255935,0.96
213,9,val,9.921317,0.97
213,10,val,8.421827,0.98
213,11,val,5.040778,0.99
213,12,val,7.632280,1.01
213,13,val,3.903842,1.01
213,14,val,7.990485,1.02
213,15,val,5.334888,1.03
213,16,val,9.596196,1.04
213,17,val,5.397780,1.05
213,18,val,5.016101,1.06
213,19,val,17.048744,1.06
213,20,val,12.321253,1.07
213,21,val,11.188555,1.08
213,22,val,6.942424,1.09
213,23,val,2.535413,1.10
213,24,val,2.462918,1.11
213,25,val,15.908024,1.12
213,26,val,3.534316,1.13
213,27,val,6.146060,1.14
213,28,val,5.581818,1.15
213,29,val,3.436663,1.16
213,30,val,3.283307,1.16
213,31,val,13.547426,1.17
213,32,val,10.596680,1.18
213,33,val,3.352272,1.18
213,34,val,8.118583,1.19
213,35,val,2.666826,1.20
214,0,train,6.257140,0.18
214,1,train,5.308429,0.22
214,2,train,10.993856,0.26
214,3,train,4.891628,0.30
214,4,train,5.416469,0.34
214,5,train,5.628709,0.37
214,6,train,5.537857,0.41
214,7,train,4.915653,0.44
214,8,train,4.067405,0.47
214,9,train,5.532521,0.51
214,10,train,3.997142,0.55
214,11,train,6.364552,0.58
214,12,train,5.622675,0.61
214,13,train,5.732834,0.64
214,0,val,5.509425,0.83
214,1,val,5.052956,0.84
214,2,val,8.783335,0.85
214,3,val,10.049797,0.86
214,4,val,3.894649,0.87
214,5,val,3.015340,0.88
214,6,val,9.943361,0.89
214,7,val,6.409409,0.90
214,8,val,6.548527,0.91
214,9,val,8.624970,0.92
214,10,val,9.165192,0.93
214,11,val,11.486520,0.94
214,12,val,10.324020,0.96
214,13,val,5.490497,0.97
214,14,val,8.320920,0.98
214,15,val,24.381121,0.99
214,16,val,12.092695,1.00
214,17,val,5.474231,1.01
214,18,val,2.635145,1.02
214,19,val,18.472025,1.04
214,20,val,9.483550,1.05
214,21,val,9.744459,1.06
214,22,val,7.097313,1.07
214,23,val,3.566103,1.08
214,24,val,8.435349,1.09
214,25,val,20.304657,1.10
214,26,val,5.842090,1.11
214,27,val,4.935652,1.12
214,28,val,4.416341,1.13
214,29,val,4.966822,1.14
214,30,val,8.246487,1.15
214,31,val,12.982369,1.16
214,32,val,10.883965,1.17
214,33,val,3.603164,1.17
214,34,val,6.688331,1.18
214,35,val,4.667352,1.19
215,0,train,4.281240,0.18
215,1,train,5.300056,0.23
215,2,train,6.095409,0.26
215,3,train,4.297024,0.31
215,4,train,5.653646,0.35
215,5,train,5.371793,0.38
215,6,train,5.263948,0.42
215,7,train,4.939702,0.45
215,8,train,5.832519,0.50
215,9,train,4.720162,0.53
215,10,train,6.159059,0.57
215,11,train,6.344605,0.60
215,12,train,5.635436,0.63
215,13,train,4.437666,0.66
215,0,val,4.296618,0.79
215,1,val,5.136648,0.79
215,2,val,8.244726,0.80
215,3,val,10.478059,0.81
215,4,val,3.678871,0.82
215,5,val,5.813160,0.83
215,6,val,5.381349,0.84
215,7,val,5.750178,0.85
215,8,val,3.797373,0.85
215,9,val,12.080127,0.86
215,10,val,8.521468,0.87
215,11,val,5.099829,0.87
215,12,val,7.532089,0.88
215,13,val,4.684506,0.89
215,14,val,6.690455,0.89
215,15,val,3.008898,0.90
215,16,val,11.843386,0.91
215,17,val,10.645666,0.92
215,18,val,3.502667,0.92
215,19,val,17.311211,0.93
215,20,val,10.059281,0.93
215,21,val,9.585531,0.94
215,22,val,8.378812,0.95
215,23,val,3.407712,0.95
215,24,val,3.109282,0.96
215,25,val,13.023759,0.97
215,26,val,3.837514,0.97
215,27,val,5.755076,0.98
215,28,val,4.617268,0.99
215,29,val,4.441995,0.99
215,30,val,3.458462,1.00
215,31,val,13.375259,1.00
215,32,val,10.175321,1.01
215,33,val,3.158348,1.02
215,34,val,8.715536,1.02
215,35,val,2.995066,1.02
216,0,train,5.503367,0.12
216,1,train,5.609702,0.16
216,2,train,6.331316,0.19
216,3,train,6.000383,0.22
216,4,train,6.123048,0.26
216,5,train,5.138343,0.29
216,6,train,4.446345,0.32
216,7,train,5.184308,0.35
216,8,train,5.409133,0.39
216,9,train,4.810538,0.43
216,10,train,6.543900,0.46
216,11,train,5.738216,0.49
216,12,train,6.827697,0.52
216,13,train,4.320020,0.55
216,0,val,6.874823,0.66
216,1,val,11.222065,0.67
216,2,val,7.655718,0.68
216,3,val,9.883902,0.69
216,4,val,2.920588,0.69
216,5,val,6.837569,0.70
216,6,val,5.582881,0.71
216,7,val,6.610220,0.72
216,8,val,2.715202,0.72
216,9,val,9.112302,0.73
216,10,val,8.266281,0.74
216,11,val,8.144218,0.74
216,12,val,7.710826,0.75
216,13,val,4.069282,0.75
216,14,val,8.873399,0.76
216,15,val,7.486637,0.77
216,16,val,10.393767,0.77
216,17,val,6.575330,0.78
216,18,val,2.951383,0.79
216,19,val,16.218971,0.80
216,20,val,9.536490,0.81
216,21,val,8.969756,0.82
216,22,val,11.442118,0.83
216,23,val,4.545243,0.84
216,24,val,2.675563,0.84
216,25,val,18.474297,0.85
216,26,val,5.462235,0.85
216,27,val,5.026203,0.86
216,28,val,4.989015,0.87
216,29,val,10.026434,0.87
216,30,val,12.036618,0.88
216,31,val,13.396906,0.89
216,32,val,9.969064,0.89
216,33,val,4.013530,0.89
216,34,val,8.858323,0.90
216,35,val,11.394811,0.90
217,0,train,4.734005,0.11
217,1,train,7.018606,0.15
217,2,train,4.434666,0.18
217,3,train,5.510952,0.21
217,4,train,3.466411,0.25
217,5,train,7.446594,0.28
217,6,train,4.980773,0.31
217,7,train,4.858589,0.34
217,8,train,6.761819,0.38
217,9,train,6.720739,0.41
217,10,train,6.434415,0.44
217,11,train,5.540963,0.47
217,12,train,4.361095,0.51
217,13,train,4.980265,0.54
217,0,val,4.834213,0.65
217,1,val,4.734365,0.66
217,2,val,13.841637,0.67
217,3,val,9.059050,0.67
217,4,val,3.561985,0.68
217,5,val,4.026636,0.69
217,6,val,7.163299,0.70
217,7,val,10.438776,0.70
217,8,val,3.683048,0.71
217,9,val,12.350351,0.72
217,10,val,9.755367,0.72
217,11,val,5.330693,0.73
217,12,val,10.031199,0.73
217,13,val,5.377710,0.74
217,14,val,8.003447,0.75
217,15,val,2.728653,0.75
217,16,val,21.113064,0.76
217,17,val,5.506992,0.77
217,18,val,2.475137,0.77
217,19,val,15.620333,0.78
217,20,val,11.408838,0.79
217,21,val,9.954750,0.80
217,22,val,7.375407,0.80
217,23,val,9.724316,0.81
217,24,val,3.647712,0.81
217,25,val,16.101196,0.82
217,26,val,4.169668,0.83
217,27,val,5.312135,0.83
217,28,val,3.801769,0.84
217,29,val,7.447919,0.84
217,30,val,9.202128,0.85
217,31,val,18.135744,0.86
217,32,val,9.568471,0.86
217,33,val,6.273230,0.87
217,34,val,8.100507,0.87
217,35,val,6.492044,0.87
218,0,train,3.941505,0.12
218,1,train,4.682733,0.16
218,2,train,4.196256,0.19
218,3,train,5.225867,0.22
218,4,train,5.065058,0.26
218,5,train,6.098070,0.30
218,6,train,7.500016,0.33
218,7,train,7.614507,0.36
218,8,train,6.098222,0.39
218,9,train,5.892571,0.43
218,10,train,5.281878,0.46
218,11,train,5.239540,0.50
218,12,train,5.966943,0.53
218,13,train,5.594551,0.56
218,0,val,4.346238,0.69
218,1,val,4.488780,0.70
218,2,val,7.944077,0.71
218,3,val,9.725051,0.72
218,4,val,3.857263,0.73
218,5,val,2.823284,0.74
218,6,val,5.153939,0.75
218,7,val,5.186006,0.76
218,8,val,2.637195,0.77
218,9,val,10.221945,0.78
218,10,val,8.972213,0.78
218,11,val,5.698442,0.79
218,12,val,7.104608,0.80
218,13,val,5.367913,0.81
218,14,val,8.386871,0.82
218,15,val,2.474795,0.83
218,16,val,11.488453,0.84
218,17,val,5.652767,0.85
218,18,val,4.585433,0.86
218,19,val,16.185583,0.87
218,20,val,10.162977,0.88
218,21,val,10.828017,0.89
218,22,val,8.546933,0.90
218,23,val,7.480463,0.91
218,24,val,3.348302,0.92
218,25,val,14.845939,0.93
218,26,val,4.796848,0.94
218,27,val,4.316093,0.95
218,28,val,4.466647,0.96
218,29,val,4.268589,0.97
218,30,val,5.765203,0.97
218,31,val,24.505812,0.98
218,32,val,10.876722,0.99
218,33,val,2.557809,1.00
218,34,val,14.088367,1.01
218,35,val,3.887224,1.02
219,0,train,4.756579,0.20
219,1,train,4.859898,0.26
219,2,train,4.488848,0.31
219,3,train,3.803595,0.36
219,4,train,4.612494,0.41
219,5,train,4.806110,0.47
219,6,train,4.186527,0.53
219,7,train,5.015357,0.56
219,8,train,4.045971,0.60
219,9,train,4.443353,0.64
219,10,train,6.130720,0.67
219,11,train,4.962261,0.70
219,12,train,3.902085,0.74
219,13,train,5.371680,0.77
219,0,val,4.495949,0.94
219,1,val,4.797141,0.96
219,2,val,11.171562,0.96
219,3,val,10.542094,0.97
219,4,val,3.885611,0.98
219,5,val,3.171767,0.99
219,6,val,4.842428,1.00
219,7,val,6.085026,1.00
219,8,val,4.130859,1.01
219,9,val,8.511762,1.02
219,10,val,10.038699,1.03
219,11,val,6.171736,1.04
219,12,val,15.957766,1.05
219,13,val,5.541228,1.06
219,14,val,16.079643,1.07
219,15,val,5.693666,1.08
219,16,val,11.845776,1.09
219,17,val,6.460518,1.09
219,18,val,3.162103,1.10
219,19,val,14.977219,1.11
219,20,val,9.664626,1.12
219,21,val,13.184771,1.13
219,22,val,7.110414,1.14
219,23,val,5.389838,1.15
219,24,val,3.837336,1.16
219,25,val,13.632290,1.17
219,26,val,4.046936,1.18
219,27,val,4.750788,1.19
219,28,val,5.721383,1.20
219,29,val,4.435463,1.21
219,30,val,3.864241,1.22
219,31,val,13.615755,1.22
219,32,val,15.370374,1.23
219,33,val,3.698510,1.24
219,34,val,7.609437,1.24
219,35,val,16.784086,1.25
220,0,train,5.384934,0.14
220,1,train,4.798733,0.20
220,2,train,7.255675,0.24
220,3,train,8.172229,0.28
220,4,train,6.666455,0.32
220,5,train,4.924714,0.35
220,6,train,4.521441,0.38
220,7,train,5.452628,0.42
220,8,train,5.019377,0.45
220,9,train,5.845726,0.49
220,10,train,5.635860,0.52
220,11,train,5.289162,0.55
220,12,train,6.241294,0.58
220,13,train,6.627357,0.62
220,0,val,4.788509,0.76
220,1,val,4.488755,0.77
220,2,val,8.361989,0.78
220,3,val,10.154292,0.78
220,4,val,8.486131,0.79
220,5,val,5.087414,0.80
220,6,val,6.060324,0.81
220,7,val,12.150476,0.82
220,8,val,2.882058,0.82
220,9,val,21.753891,0.83
220,10,val,10.596374,0.84
220,11,val,4.950558,0.84
220,12,val,7.227743,0.85
220,13,val,5.329716,0.86
220,14,val,8.022116,0.86
220,15,val,2.885421,0.87
220,16,val,10.617461,0.88
220,17,val,5.125650,0.89
220,18,val,2.626716,0.89
220,19,val,18.137157,0.90
220,20,val,11.876585,0.91
220,21,val,12.137033,0.91
220,22,val,7.974108,0.92
220,23,val,2.453071,0.93
220,24,val,8.671040,0.94
220,25,val,14.360418,0.95
220,26,val,10.064634,0.96
220,27,val,5.421804,0.97
220,28,val,4.629411,0.98
220,29,val,3.803762,0.99
220,30,val,5.156033,1.00
220,31,val,14.559579,1.01
220,32,val,9.492734,1.02
220,33,val,3.583285,1.02
220,34,val,15.610132,1.03
220,35,val,2.950346,1.03
221,0,train,5.694442,0.14
221,1,train,3.870955,0.18
221,2,train,4.606194,0.22
221,3,train,6.087338,0.25
221,4,train,4.135101,0.28
221,5,train,6.101842,0.31
221,6,train,6.144343,0.35
221,7,train,6.078454,0.39
221,8,train,6.422870,0.43
221,9,train,4.674033,0.47
221,10,train,6.390343,0.50
221,11,train,6.495800,0.53
221,12,train,5.450745,0.56
221,13,train,5.336950,0.59
221,0,val,5.425508,0.73
221,1,val,4.964241,0.74
221,2,val,8.622933,0.74
221,3,val,11.816677,0.76
221,4,val,2.775640,0.77
221,5,val,2.737413,0.78
221,6,val,5.637673,0.78
221,7,val,7.298129,0.79
221,8,val,8.131990,0.79
221,9,val,8.758143,0.80
221,10,val,9.607846,0.81
221,11,val,5.045914,0.81
221,12,val,9.461886,0.82
221,13,val,5.356584,0.83
221,14,val,6.733033,0.83
221,15,val,2.011775,0.84
221,16,val,11.527895,0.85
221,17,val,6.026812,0.86
221,18,val,3.832208,0.86
221,19,val,14.804633,0.87
221,20,val,11.456668,0.88
221,21,val,16.985126,0.90
221,22,val,8.246406,0.91
221,23,val,3.306494,0.91
221,24,val,3.323373,0.93
221,25,val,16.953791,0.94
221,26,val,3.943160,0.94
221,27,val,4.063302,0.95
221,28,val,5.931612,0.96
221,29,val,4.383061,0.97
221,30,val,3.981716,0.98
221,31,val,15.807695,0.99
221,32,val,16.011847,0.99
221,33,val,2.780459,1.00
221,34,val,8.080622,1.00
221,35,val,25.427698,1.00
222,0,train,7.275627,0.17
222,1,train,4.984915,0.21
222,2,train,7.679195,0.24
222,3,train,6.247942,0.28
222,4,train,5.439351,0.32
222,5,train,4.202237,0.36
222,6,train,4.478056,0.39
222,7,train,4.531782,0.43
222,8,train,6.352808,0.47
222,9,train,6.256909,0.51
222,10,train,5.325809,0.54
222,11,train,4.404955,0.57
222,12,train,5.390583,0.60
222,13,train,3.617876,0.64
222,0,val,4.025316,0.82
222,1,val,5.593668,0.84
222,2,val,14.341592,0.85
222,3,val,9.692362,0.86
222,4,val,3.515130,0.86
222,5,val,3.200817,0.87
222,6,val,12.205701,0.88
222,7,val,6.906417,0.89
222,8,val,4.777505,0.90
222,9,val,9.472777,0.90
222,10,val,8.287091,0.91
222,11,val,5.176377,0.92
222,12,val,6.802628,0.93
222,13,val,5.672102,0.94
222,14,val,7.731869,0.95
222,15,val,2.369642,0.96
222,16,val,11.279180,0.96
222,17,val,5.334022,0.97
222,18,val,10.301526,0.98
222,19,val,15.212803,0.99
222,20,val,10.555405,1.00
222,21,val,12.659118,1.01
222,22,val,9.438145,1.01
222,23,val,7.488009,1.04
222,24,val,2.351557,1.06
222,25,val,13.265824,1.09
222,26,val,3.262285,1.11
222,27,val,5.454280,1.13
222,28,val,5.536442,1.15
222,29,val,4.946878,1.17
222,30,val,5.200734,1.18
222,31,val,14.056952,1.19
222,32,val,10.389018,1.20
222,33,val,2.860709,1.20
222,34,val,6.523226,1.21
222,35,val,9.124855,1.22
223,0,train,4.922822,0.18
223,1,train,5.610194,0.22
223,2,train,4.635947,0.26
223,3,train,6.567655,0.30
223,4,train,5.933682,0.34
223,5,train,6.360027,0.38
223,6,train,4.008367,0.41
223,7,train,4.922384,0.46
223,8,train,4.185328,0.50
223,9,train,5.631212,0.53
223,10,train,4.897073,0.56
223,11,train,6.433516,0.60
223,12,train,5.864236,0.63
223,13,train,4.576808,0.66
223,0,val,6.309172,0.82
223,1,val,5.510676,0.83
223,2,val,8.169904,0.84
223,3,val,10.130124,0.85
223,4,val,3.948509,0.86
223,5,val,3.373275,0.87
223,6,val,6.433349,0.87
223,7,val,8.448808,0.88
223,8,val,3.667488,0.89
223,9,val,9.443183,0.90
223,10,val,9.132221,0.91
223,11,val,5.990562,0.92
223,12,val,7.212678,0.93
223,13,val,5.915610,0.93
223,14,val,8.397804,0.95
223,15,val,2.460945,0.95
223,16,val,10.177281,0.96
223,17,val,6.994097,0.97
223,18,val,2.470727,0.98
223,19,val,17.643139,0.99
223,20,val,9.943311,1.00
223,21,val,10.202500,1.01
223,22,val,8.929083,1.02
223,23,val,2.310139,1.02
223,24,val,2.271277,1.03
223,25,val,18.135521,1.04
223,26,val,3.375756,1.05
223,27,val,3.829667,1.06
223,28,val,4.300634,1.07
223,29,val,4.578133,1.08
223,30,val,3.965864,1.09
223,31,val,13.503062,1.10
223,32,val,9.960812,1.10
223,33,val,3.026303,1.11
223,34,val,9.075081,1.11
223,35,val,2.498636,1.12
224,0,train,5.314182,0.19
224,1,train,5.397915,0.23
224,2,train,5.429855,0.27
224,3,train,3.601006,0.31
224,4,train,6.189813,0.34
224,5,train,5.561918,0.38
224,6,train,5.329376,0.41
224,7,train,5.564500,0.46
224,8,train,4.137777,0.49
224,9,train,4.574320,0.53
224,10,train,4.708047,0.56
224,11,train,5.857056,0.59
224,12,train,5.161242,0.63
224,13,train,5.189615,0.66
224,0,val,6.916977,0.83
224,1,val,4.528606,0.85
224,2,val,12.201307,0.86
224,3,val,9.194627,0.87
224,4,val,2.820748,0.88
224,5,val,2.940567,0.89
224,6,val,4.627158,0.90
224,7,val,6.199357,0.91
224,8,val,3.870069,0.92
224,9,val,9.037792,0.93
224,10,val,11.886642,0.94
224,11,val,4.940802,0.95
224,12,val,9.946610,0.96
224,13,val,3.943778,0.97
224,14,val,8.247693,0.98
224,15,val,5.711110,0.99
224,16,val,10.753181,1.00
224,17,val,6.371299,1.02
224,18,val,2.529586,1.02
224,19,val,15.420465,1.04
224,20,val,10.041151,1.05
224,21,val,8.946520,1.06
224,22,val,12.360242,1.07
224,23,val,5.091519,1.07
224,24,val,6.777009,1.08
224,25,val,13.151497,1.09
224,26,val,3.581389,1.10
224,27,val,4.101626,1.11
224,28,val,5.384086,1.12
224,29,val,3.306324,1.13
224,30,val,3.651359,1.14
224,31,val,12.881521,1.15
224,32,val,12.556362,1.16
224,33,val,2.627860,1.17
224,34,val,11.619524,1.17
224,35,val,2.545209,1.18
225,0,train,4.833296,0.19
225,1,train,5.140000,0.24
225,2,train,4.671062,0.28
225,3,train,5.056953,0.31
225,4,train,5.885666,0.36
225,5,train,4.396323,0.40
225,6,train,5.621336,0.44
225,7,train,4.490733,0.48
225,8,train,5.297787,0.51
225,9,train,4.422858,0.55
225,10,train,7.409287,0.58
225,11,train,5.798147,0.61
225,12,train,4.548033,0.64
225,13,train,4.708882,0.67
225,0,val,4.074942,0.79
225,1,val,5.141864,0.80
225,2,val,9.787210,0.81
225,3,val,17.316944,0.81
225,4,val,4.666773,0.82
225,5,val,2.864816,0.83
225,6,val,5.793821,0.84
225,7,val,6.513333,0.85
225,8,val,3.201820,0.85
225,9,val,12.370904,0.86
225,10,val,9.475793,0.87
225,11,val,6.536043,0.87
225,12,val,9.486922,0.88
225,13,val,11.473389,0.89
225,14,val,8.049059,0.89
225,15,val,11.482602,0.90
225,16,val,10.129600,0.90
225,17,val,5.832504,0.91
225,18,val,2.494860,0.92
225,19,val,15.049954,0.92
225,20,val,11.158130,0.93
225,21,val,9.563122,0.94
225,22,val,6.630562,0.95
225,23,val,3.394660,0.96
225,24,val,2.415382,0.96
225,25,val,13.383662,0.97
225,26,val,3.229457,0.98
225,27,val,7.427978,0.98
225,28,val,4.473291,0.99
225,29,val,4.335420,1.00
225,30,val,4.814161,1.00
225,31,val,13.663893,1.01
225,32,val,9.946535,1.01
225,33,val,10.109200,1.02
225,34,val,5.918439,1.02
225,35,val,3.837230,1.02
226,0,train,4.407026,0.14
226,1,train,5.192381,0.18
226,2,train,4.944130,0.21
226,3,train,4.924859,0.24
226,4,train,4.396191,0.27
226,5,train,6.104055,0.31
226,6,train,5.513541,0.34
226,7,train,5.807477,0.37
226,8,train,5.756152,0.40
226,9,train,7.025174,0.44
226,10,train,4.959799,0.47
226,11,train,5.525675,0.50
226,12,train,3.861732,0.53
226,13,train,5.677262,0.57
226,0,val,5.131733,0.69
226,1,val,4.098300,0.70
226,2,val,7.897154,0.70
226,3,val,10.822108,0.71
226,4,val,2.776268,0.73
226,5,val,4.418146,0.73
226,6,val,4.693229,0.74
226,7,val,5.661998,0.75
226,8,val,3.047438,0.76
226,9,val,17.810736,0.76
226,10,val,8.455205,0.77
226,11,val,11.138131,0.77
226,12,val,7.013093,0.78
226,13,val,5.038587,0.79
226,14,val,8.855194,0.79
226,15,val,6.597267,0.80
226,16,val,15.700112,0.81
226,17,val,5.161118,0.81
226,18,val,4.544125,0.82
226,19,val,14.082568,0.83
226,20,val,9.565593,0.84
226,21,val,9.919075,0.84
226,22,val,8.337906,0.85
226,23,val,2.717297,0.86
226,24,val,2.897694,0.86
226,25,val,13.560658,0.87
226,26,val,4.029952,0.88
226,27,val,4.411141,0.88
226,28,val,3.970759,0.89
226,29,val,8.675072,0.90
226,30,val,3.676230,0.90
226,31,val,13.829298,0.91
226,32,val,13.973162,0.91
226,33,val,2.693357,0.92
226,34,val,6.924220,0.93
226,35,val,2.640080,0.93
227,0,train,6.153061,0.12
227,1,train,6.145936,0.17
227,2,train,6.195842,0.20
227,3,train,6.423057,0.24
227,4,train,4.913198,0.27
227,5,train,5.038715,0.30
227,6,train,5.344713,0.34
227,7,train,5.162250,0.37
227,8,train,5.066070,0.40
227,9,train,4.245223,0.43
227,10,train,3.686163,0.47
227,11,train,4.394021,0.50
227,12,train,4.673326,0.53
227,13,train,5.009502,0.56
227,0,val,4.455308,0.68
227,1,val,3.829110,0.69
227,2,val,8.107985,0.69
227,3,val,11.303723,0.70
227,4,val,3.440051,0.71
227,5,val,12.804001,0.72
227,6,val,5.075078,0.72
227,7,val,7.104751,0.73
227,8,val,10.655742,0.74
227,9,val,11.408701,0.74
227,10,val,7.986030,0.75
227,11,val,6.553363,0.76
227,12,val,6.817753,0.76
227,13,val,4.252779,0.77
227,14,val,11.137413,0.77
227,15,val,3.198099,0.78
227,16,val,11.525237,0.79
227,17,val,5.688306,0.79
227,18,val,6.385652,0.80
227,19,val,13.239473,0.81
227,20,val,16.693575,0.82
227,21,val,18.049120,0.83
227,22,val,6.667971,0.83
227,23,val,3.454808,0.84
227,24,val,1.933105,0.84
227,25,val,12.750125,0.85
227,26,val,3.293595,0.86
227,27,val,10.726242,0.86
227,28,val,5.457972,0.87
227,29,val,3.481108,0.88
227,30,val,4.174511,0.88
227,31,val,13.353063,0.89
227,32,val,11.040254,0.89
227,33,val,4.260566,0.90
227,34,val,7.372727,0.90
227,35,val,4.131032,0.91
228,0,train,4.791267,0.13
228,1,train,3.637820,0.16
228,2,train,5.585595,0.19
228,3,train,5.258950,0.23
228,4,train,4.997259,0.26
228,5,train,5.420816,0.30
228,6,train,4.368793,0.33
228,7,train,4.143914,0.36
228,8,train,4.958243,0.40
228,9,train,6.570354,0.43
228,10,train,4.103135,0.46
228,11,train,4.449698,0.49
228,12,train,5.101628,0.52
228,13,train,4.648393,0.56
228,0,val,5.732612,0.67
228,1,val,8.920930,0.68
228,2,val,11.082684,0.69
228,3,val,10.502188,0.69
228,4,val,3.771634,0.71
228,5,val,7.194825,0.71
228,6,val,5.085644,0.72
228,7,val,6.392349,0.72
228,8,val,6.039947,0.73
228,9,val,8.374007,0.74
228,10,val,9.912903,0.74
228,11,val,5.725616,0.75
228,12,val,8.281005,0.76
228,13,val,5.165780,0.76
228,14,val,12.530313,0.77
228,15,val,2.907278,0.78
228,16,val,10.033102,0.79
228,17,val,5.274663,0.80
228,18,val,2.939258,0.82
228,19,val,14.250259,0.84
228,20,val,8.844745,0.85
228,21,val,9.477730,0.87
228,22,val,9.600456,0.88
228,23,val,3.249506,0.90
228,24,val,2.267207,0.90
228,25,val,14.153340,0.91
228,26,val,3.719365,0.92
228,27,val,4.599945,0.93
228,28,val,5.388678,0.94
228,29,val,4.596223,0.95
228,30,val,12.268716,0.96
228,31,val,12.865530,0.96
228,32,val,16.056898,0.97
228,33,val,4.282492,0.98
228,34,val,9.816157,0.99
228,35,val,6.853474,0.99
229,0,train,4.350200,0.14
229,1,train,5.080092,0.18
229,2,train,5.816050,0.21
229,3,train,4.498289,0.25
229,4,train,5.803273,0.29
229,5,train,5.896297,0.33
229,6,train,4.567831,0.36
229,7,train,6.573954,0.40
229,8,train,5.632172,0.45
229,9,train,4.639272,0.49
229,10,train,4.376339,0.53
229,11,train,5.311566,0.55
229,12,train,4.487921,0.58
229,13,train,6.634789,0.62
229,0,val,4.761413,0.82
229,1,val,6.865499,0.84
229,2,val,8.339936,0.86
229,3,val,9.446777,0.87
229,4,val,4.067901,0.88
229,5,val,4.383996,0.89
229,6,val,8.365636,0.90
229,7,val,5.816457,0.91
229,8,val,2.982951,0.92
229,9,val,16.790827,0.93
229,10,val,7.509122,0.94
229,11,val,5.692474,0.95
229,12,val,6.550536,0.96
229,13,val,5.173674,0.96
229,14,val,7.634239,0.97
229,15,val,3.157274,0.98
229,16,val,11.893392,0.98
229,17,val,11.835161,0.99
229,18,val,3.502958,1.00
229,19,val,15.376082,1.00
229,20,val,12.610001,1.01
229,21,val,9.127863,1.02
229,22,val,9.883550,1.02
229,23,val,3.987677,1.03
229,24,val,2.911399,1.04
229,25,val,12.720554,1.05
229,26,val,3.817135,1.05
229,27,val,4.834293,1.06
229,28,val,4.944020,1.06
229,29,val,4.284241,1.07
229,30,val,4.079631,1.08
229,31,val,13.003389,1.08
229,32,val,10.252504,1.09
229,33,val,5.126287,1.09
229,34,val,9.288889,1.10
229,35,val,2.855999,1.10
230,0,train,4.962082,0.13
230,1,train,3.822888,0.16
230,2,train,6.957940,0.19
230,3,train,5.763938,0.22
230,4,train,3.827218,0.26
230,5,train,5.953031,0.29
230,6,train,6.285604,0.32
230,7,train,7.256881,0.35
230,8,train,5.260327,0.39
230,9,train,4.458252,0.42
230,10,train,4.485752,0.45
230,11,train,3.508408,0.48
230,12,train,3.940421,0.52
230,13,train,4.649262,0.55
230,0,val,4.722106,0.66
230,1,val,4.559434,0.67
230,2,val,7.389021,0.68
230,3,val,36.152782,0.68
230,4,val,8.723319,0.69
230,5,val,4.723707,0.70
230,6,val,9.227175,0.71
230,7,val,7.929060,0.72
230,8,val,2.540842,0.72
230,9,val,9.338879,0.73
230,10,val,9.200233,0.74
230,11,val,7.215962,0.74
230,12,val,7.300417,0.75
230,13,val,3.575215,0.76
230,14,val,7.285567,0.76
230,15,val,3.548661,0.77
230,16,val,14.127679,0.78
230,17,val,12.812901,0.78
230,18,val,9.745751,0.79
230,19,val,15.057065,0.80
230,20,val,10.539569,0.81
230,21,val,9.308156,0.81
230,22,val,6.524423,0.82
230,23,val,3.060044,0.83
230,24,val,5.742400,0.83
230,25,val,12.231383,0.84
230,26,val,6.783310,0.85
230,27,val,4.287258,0.85
230,28,val,12.002356,0.86
230,29,val,3.441447,0.86
230,30,val,3.882898,0.87
230,31,val,15.999821,0.88
230,32,val,9.487656,0.88
230,33,val,3.132144,0.89
230,34,val,8.301599,0.89
230,35,val,5.771355,0.89
231,0,train,4.916231,0.13
231,1,train,3.772295,0.16
231,2,train,3.122238,0.19
231,3,train,4.728808,0.22
231,4,train,4.166753,0.26
231,5,train,4.597895,0.29
231,6,train,4.298338,0.33
231,7,train,4.763774,0.36
231,8,train,5.734489,0.39
231,9,train,4.699137,0.42
231,10,train,5.395475,0.45
231,11,train,5.515972,0.49
231,12,train,5.094056,0.52
231,13,train,4.001390,0.55
231,0,val,6.151046,0.67
231,1,val,6.016646,0.67
231,2,val,7.440884,0.68
231,3,val,11.923248,0.69
231,4,val,8.440165,0.69
231,5,val,3.336684,0.70
231,6,val,6.100001,0.71
231,7,val,5.778894,0.72
231,8,val,3.006997,0.73
231,9,val,8.877981,0.73
231,10,val,8.028043,0.74
231,11,val,8.567632,0.75
231,12,val,13.028122,0.75
231,13,val,4.114709,0.76
231,14,val,8.498134,0.76
231,15,val,2.178203,0.77
231,16,val,10.593066,0.78
231,17,val,5.788411,0.78
231,18,val,3.509285,0.79
231,19,val,14.870393,0.80
231,20,val,9.922531,0.80
231,21,val,9.135800,0.81
231,22,val,7.043680,0.82
231,23,val,3.242507,0.83
231,24,val,6.580803,0.83
231,25,val,12.610365,0.84
231,26,val,5.374548,0.84
231,27,val,5.426170,0.85
231,28,val,4.778622,0.86
231,29,val,5.385515,0.86
231,30,val,3.982947,0.87
231,31,val,12.956827,0.87
231,32,val,10.661404,0.88
231,33,val,3.936502,0.88
231,34,val,7.890270,0.89
231,35,val,2.772222,0.89
232,0,train,5.694711,0.12
232,1,train,7.581408,0.16
232,2,train,4.685166,0.19
232,3,train,4.584138,0.22
232,4,train,5.223171,0.26
232,5,train,6.244391,0.29
232,6,train,4.553529,0.32
232,7,train,4.925217,0.36
232,8,train,9.119965,0.39
232,9,train,5.555336,0.42
232,10,train,5.514885,0.46
232,11,train,4.257587,0.49
232,12,train,5.857157,0.52
232,13,train,4.586938,0.55
232,0,val,4.530339,0.66
232,1,val,4.625529,0.67
232,2,val,8.688055,0.68
232,3,val,14.358043,0.68
232,4,val,6.660296,0.69
232,5,val,3.855210,0.70
232,6,val,5.042661,0.71
232,7,val,5.908850,0.72
232,8,val,4.022406,0.72
232,9,val,15.933142,0.73
232,10,val,14.739864,0.74
232,11,val,10.218913,0.74
232,12,val,6.640323,0.75
232,13,val,6.196173,0.75
232,14,val,7.565001,0.76
232,15,val,3.628095,0.77
232,16,val,11.348212,0.77
232,17,val,7.088181,0.78
232,18,val,8.975792,0.79
232,19,val,14.583633,0.80
232,20,val,9.496432,0.81
232,21,val,9.833453,0.83
232,22,val,12.742880,0.84
232,23,val,3.144276,0.85
232,24,val,2.531429,0.87
232,25,val,13.244654,0.88
232,26,val,4.035727,0.89
232,27,val,7.143613,0.89
232,28,val,4.504906,0.90
232,29,val,6.617368,0.91
232,30,val,5.975566,0.91
232,31,val,19.068523,0.92
232,32,val,14.338906,0.93
232,33,val,3.060359,0.93
232,34,val,7.581615,0.93
232,35,val,3.728979,0.94
233,0,train,6.452757,0.12
233,1,train,5.339907,0.16
233,2,train,4.573550,0.19
233,3,train,3.970088,0.22
233,4,train,4.252446,0.26
233,5,train,6.949112,0.29
233,6,train,6.323362,0.32
233,7,train,5.401183,0.35
233,8,train,6.908603,0.39
233,9,train,6.178940,0.42
233,10,train,4.864076,0.45
233,11,train,5.676199,0.48
233,12,train,6.267578,0.51
233,13,train,6.233749,0.54
233,0,val,4.407713,0.66
233,1,val,5.272509,0.67
233,2,val,8.686326,0.67
233,3,val,57.964821,0.68
233,4,val,3.260401,0.69
233,5,val,3.401060,0.70
233,6,val,56.292927,0.70
233,7,val,5.763314,0.71
233,8,val,3.064447,0.72
233,9,val,10.438028,0.72
233,10,val,53.873734,0.73
233,11,val,5.640175,0.74
233,12,val,7.109609,0.74
233,13,val,4.295759,0.75
233,14,val,7.013521,0.76
233,15,val,8.126876,0.76
233,16,val,11.562592,0.77
233,17,val,7.766457,0.78
233,18,val,3.051843,0.78
233,19,val,14.979987,0.79
233,20,val,16.297125,0.80
233,21,val,11.390523,0.81
233,22,val,8.345729,0.81
233,23,val,12.404397,0.82
233,24,val,4.366903,0.83
233,25,val,13.910202,0.83
233,26,val,3.547871,0.84
233,27,val,4.145133,0.85
233,28,val,3.515434,0.85
233,29,val,5.060158,0.86
233,30,val,10.391570,0.87
233,31,val,13.142646,0.87
233,32,val,9.715750,0.88
233,33,val,3.740260,0.88
233,34,val,6.707115,0.88
233,35,val,3.017324,0.89
234,0,train,5.536538,0.13
234,1,train,4.830254,0.16
234,2,train,4.482726,0.19
234,3,train,4.318981,0.23
234,4,train,3.809890,0.26
234,5,train,5.241675,0.29
234,6,train,6.075226,0.33
234,7,train,4.592495,0.36
234,8,train,5.983219,0.40
234,9,train,4.737483,0.43
234,10,train,6.439563,0.46
234,11,train,5.607071,0.49
234,12,train,4.205667,0.52
234,13,train,3.890801,0.56
234,0,val,5.345653,0.67
234,1,val,5.589897,0.68
234,2,val,7.224601,0.69
234,3,val,15.885116,0.69
234,4,val,2.317921,0.70
234,5,val,6.061807,0.71
234,6,val,11.633178,0.72
234,7,val,6.024005,0.72
234,8,val,3.098416,0.73
234,9,val,9.872155,0.74
234,10,val,10.105967,0.74
234,11,val,6.104001,0.75
234,12,val,6.846798,0.76
234,13,val,3.772839,0.76
234,14,val,10.202316,0.77
234,15,val,3.028341,0.78
234,16,val,9.673667,0.78
234,17,val,5.004955,0.79
234,18,val,4.306885,0.80
234,19,val,15.122217,0.80
234,20,val,9.342067,0.81
234,21,val,15.097465,0.82
234,22,val,6.868780,0.83
234,23,val,3.924695,0.84
234,24,val,2.997690,0.84
234,25,val,13.025408,0.85
234,26,val,4.718405,0.86
234,27,val,5.987647,0.86
234,28,val,4.549355,0.87
234,29,val,21.061672,0.88
234,30,val,4.999939,0.89
234,31,val,13.538991,0.89
234,32,val,9.588138,0.90
234,33,val,2.943962,0.90
234,34,val,6.844427,0.90
234,35,val,3.880211,0.91
235,0,train,4.939670,0.13
235,1,train,3.860686,0.16
235,2,train,12.897755,0.19
235,3,train,5.054310,0.22
235,4,train,7.030062,0.26
235,5,train,5.281241,0.29
235,6,train,5.126408,0.33
235,7,train,5.023063,0.36
235,8,train,5.640167,0.41
235,9,train,4.667804,0.44
235,10,train,5.768164,0.47
235,11,train,4.029979,0.51
235,12,train,6.304340,0.54
235,13,train,4.715101,0.57
235,0,val,7.264631,0.72
235,1,val,5.861019,0.75
235,2,val,7.898149,0.77
235,3,val,9.005805,0.78
235,4,val,3.393064,0.79
235,5,val,2.584069,0.80
235,6,val,6.289749,0.80
235,7,val,11.772136,0.81
235,8,val,5.304940,0.82
235,9,val,10.713058,0.83
235,10,val,8.033143,0.84
235,11,val,4.673222,0.84
235,12,val,12.050696,0.85
235,13,val,9.727322,0.87
235,14,val,9.858614,0.88
235,15,val,3.448545,0.88
235,16,val,13.111890,0.89
235,17,val,5.704995,0.90
235,18,val,5.302209,0.91
235,19,val,14.751248,0.92
235,20,val,9.259531,0.92
235,21,val,9.268130,0.93
235,22,val,10.628850,0.94
235,23,val,3.250733,0.95
235,24,val,1.902759,0.95
235,25,val,13.628428,0.97
235,26,val,3.922249,0.97
235,27,val,4.806856,0.98
235,28,val,3.807201,0.99
235,29,val,4.092229,1.00
235,30,val,7.759713,1.01
235,31,val,12.999345,1.01
235,32,val,8.900071,1.02
235,33,val,3.015336,1.03
235,34,val,6.789055,1.03
235,35,val,3.538463,1.04
236,0,train,4.337504,0.20
236,1,train,5.543749,0.24
236,2,train,6.519598,0.29
236,3,train,4.068336,0.32
236,4,train,4.773158,0.37
236,5,train,4.577948,0.40
236,6,train,4.434133,0.44
236,7,train,4.170267,0.48
236,8,train,5.360465,0.52
236,9,train,4.769794,0.54
236,10,train,6.156431,0.58
236,11,train,4.683687,0.61
236,12,train,4.675727,0.64
236,13,train,4.286442,0.67
236,0,val,6.669701,0.85
236,1,val,4.202499,0.87
236,2,val,7.264533,0.88
236,3,val,9.919556,0.89
236,4,val,3.877646,0.90
236,5,val,2.614148,0.90
236,6,val,5.221737,0.91
236,7,val,7.098066,0.92
236,8,val,4.588606,0.93
236,9,val,15.181810,0.94
236,10,val,8.883831,0.95
236,11,val,6.952019,0.96
236,12,val,7.395876,0.97
236,13,val,11.201617,0.98
236,14,val,8.605685,0.99
236,15,val,4.996027,1.00
236,16,val,35.434925,1.01
236,17,val,5.359217,1.02
236,18,val,4.591222,1.03
236,19,val,26.927006,1.03
236,20,val,12.648887,1.04
236,21,val,9.454109,1.05
236,22,val,7.686097,1.06
236,23,val,2.479901,1.08
236,24,val,3.106094,1.09
236,25,val,13.135153,1.09
236,26,val,5.341047,1.10
236,27,val,5.030926,1.11
236,28,val,4.073341,1.12
236,29,val,4.673584,1.13
236,30,val,9.242924,1.13
236,31,val,13.122767,1.14
236,32,val,9.563711,1.15
236,33,val,4.396404,1.15
236,34,val,7.926135,1.16
236,35,val,4.474836,1.16
237,0,train,5.014148,0.16
237,1,train,4.468128,0.20
237,2,train,5.567619,0.24
237,3,train,3.918823,0.27
237,4,train,4.214432,0.31
237,5,train,4.575323,0.35
237,6,train,4.769455,0.39
237,7,train,2.967669,0.43
237,8,train,5.334490,0.46
237,9,train,4.831180,0.50
237,10,train,4.604914,0.53
237,11,train,3.455322,0.56
237,12,train,5.182078,0.60
237,13,train,4.963217,0.63
237,0,val,15.343126,0.80
237,1,val,7.731250,0.82
237,2,val,8.612614,0.83
237,3,val,14.197750,0.84
237,4,val,2.952101,0.84
237,5,val,4.399581,0.85
237,6,val,4.907900,0.86
237,7,val,11.804015,0.87
237,8,val,4.791397,0.88
237,9,val,8.855776,0.89
237,10,val,9.649121,0.90
237,11,val,4.999433,0.90
237,12,val,6.443418,0.92
237,13,val,4.476668,0.93
237,14,val,6.671749,0.93
237,15,val,2.797721,0.94
237,16,val,9.986225,0.95
237,17,val,5.010845,0.96
237,18,val,4.847786,0.97
237,19,val,14.097069,0.98
237,20,val,16.316683,0.99
237,21,val,9.170908,0.99
237,22,val,7.203137,1.00
237,23,val,3.789798,1.01
237,24,val,3.849585,1.02
237,25,val,12.776138,1.04
237,26,val,4.134134,1.04
237,27,val,4.688263,1.05
237,28,val,7.054380,1.06
237,29,val,4.266435,1.07
237,30,val,4.219840,1.08
237,31,val,12.700171,1.08
237,32,val,10.074702,1.09
237,33,val,3.140911,1.10
237,34,val,6.359659,1.10
237,35,val,4.843449,1.11
238,0,train,4.766209,0.29
238,1,train,3.780688,0.37
238,2,train,5.063081,0.46
238,3,train,6.023947,0.54
238,4,train,4.333657,0.58
238,5,train,5.898972,0.63
238,6,train,4.904437,0.66
238,7,train,4.351670,0.69
238,8,train,5.527680,0.76
238,9,train,4.380009,0.83
238,10,train,5.906188,0.90
238,11,train,9.555205,0.95
238,12,train,3.950625,1.02
238,13,train,5.753057,1.10
238,0,val,4.972180,1.39
238,1,val,6.699406,1.44
238,2,val,19.741022,1.45
238,3,val,9.300939,1.46
238,4,val,3.040182,1.47
238,5,val,6.298062,1.48
238,6,val,4.579011,1.48
238,7,val,6.065490,1.49
238,8,val,4.137774,1.50
238,9,val,8.885660,1.51
238,10,val,10.766356,1.52
238,11,val,8.870451,1.52
238,12,val,7.753584,1.53
238,13,val,5.228262,1.54
238,14,val,9.039709,1.55
238,15,val,2.527590,1.55
238,16,val,9.884443,1.56
238,17,val,12.761003,1.57
238,18,val,7.218359,1.57
238,19,val,15.388934,1.58
238,20,val,8.862134,1.59
238,21,val,9.157273,1.59
238,22,val,6.605520,1.60
238,23,val,3.295696,1.61
238,24,val,4.221178,1.62
238,25,val,12.332611,1.62
238,26,val,16.514158,1.63
238,27,val,5.907388,1.64
238,28,val,7.154159,1.64
238,29,val,5.549753,1.65
238,30,val,3.545781,1.66
238,31,val,21.412680,1.66
238,32,val,10.572461,1.67
238,33,val,9.072991,1.67
238,34,val,5.923058,1.68
238,35,val,4.235061,1.68
239,0,train,4.901227,0.13
239,1,train,5.455930,0.17
239,2,train,5.219236,0.20
239,3,train,5.741497,0.23
239,4,train,5.331376,0.26
239,5,train,5.611225,0.30
239,6,train,4.968922,0.33
239,7,train,4.083583,0.36
239,8,train,5.469797,0.40
239,9,train,3.522189,0.43
239,10,train,4.598948,0.46
239,11,train,4.103529,0.49
239,12,train,5.441187,0.53
239,13,train,5.718048,0.56
239,0,val,5.266691,0.68
239,1,val,4.145047,0.68
239,2,val,7.456188,0.69
239,3,val,9.039602,0.70
239,4,val,3.113722,0.70
239,5,val,2.606064,0.71
239,6,val,5.609345,0.72
239,7,val,6.576487,0.73
239,8,val,4.874170,0.73
239,9,val,9.598302,0.74
239,10,val,7.641798,0.75
239,11,val,5.578187,0.75
239,12,val,8.172240,0.76
239,13,val,4.367532,0.77
239,14,val,14.322072,0.77
239,15,val,3.472251,0.78
239,16,val,10.259019,0.79
239,17,val,5.846463,0.79
239,18,val,2.945176,0.80
239,19,val,14.507562,0.81
239,20,val,8.333185,0.82
239,21,val,8.942729,0.83
239,22,val,6.544219,0.83
239,23,val,6.425835,0.84
239,24,val,5.304938,0.84
239,25,val,12.776661,0.85
239,26,val,3.216789,0.86
239,27,val,6.171504,0.86
239,28,val,5.332620,0.87
239,29,val,6.062845,0.88
239,30,val,5.022011,0.88
239,31,val,13.717446,0.89
239,32,val,10.627341,0.89
239,33,val,3.346992,0.90
239,34,val,7.168123,0.90
239,35,val,2.544177,0.91
240,0,train,4.007869,0.13
240,1,train,3.876212,0.17
240,2,train,5.542457,0.20
240,3,train,5.276013,0.23
240,4,train,3.791526,0.27
240,5,train,4.083269,0.30
240,6,train,3.916566,0.33
240,7,train,5.577985,0.36
240,8,train,7.578739,0.40
240,9,train,5.057591,0.43
240,10,train,5.289203,0.46
240,11,train,4.067926,0.50
240,12,train,4.582725,0.53
240,13,train,4.298647,0.56
240,0,val,5.441124,0.67
240,1,val,4.149810,0.68
240,2,val,7.041698,0.69
240,3,val,9.159483,0.69
240,4,val,2.616874,0.70
240,5,val,2.610342,0.71
240,6,val,5.709546,0.72
240,7,val,5.763345,0.73
240,8,val,3.931491,0.74
240,9,val,8.391562,0.74
240,10,val,9.351557,0.75
240,11,val,11.333770,0.75
240,12,val,7.758848,0.76
240,13,val,4.467334,0.77
240,14,val,10.001126,0.77
240,15,val,3.227122,0.78
240,16,val,19.891380,0.79
240,17,val,5.719419,0.79
240,18,val,3.131740,0.80
240,19,val,13.897214,0.82
240,20,val,8.121945,0.83
240,21,val,11.616641,0.84
240,22,val,9.125424,0.84
240,23,val,5.924736,0.85
240,24,val,2.741882,0.86
240,25,val,12.023791,0.86
240,26,val,4.328576,0.87
240,27,val,4.397043,0.87
240,28,val,3.977956,0.88
240,29,val,8.856881,0.89
240,30,val,4.131509,0.89
240,31,val,13.115853,0.90
240,32,val,10.578451,0.90
240,33,val,3.378908,0.91
240,34,val,6.743306,0.92
240,35,val,2.827894,0.92
241,0,train,4.101068,0.13
241,1,train,5.836218,0.16
241,2,train,4.985802,0.19
241,3,train,3.901616,0.23
241,4,train,5.995918,0.26
241,5,train,6.618402,0.30
241,6,train,5.608471,0.33
241,7,train,5.461316,0.36
241,8,train,4.277545,0.40
241,9,train,5.851715,0.43
241,10,train,5.394415,0.46
241,11,train,5.101384,0.49
241,12,train,4.825682,0.53
241,13,train,5.436685,0.56
241,0,val,5.447176,0.67
241,1,val,4.723016,0.68
241,2,val,10.952656,0.68
241,3,val,9.265352,0.69
241,4,val,3.816181,0.70
241,5,val,2.541358,0.71
241,6,val,6.964011,0.72
241,7,val,5.857163,0.72
241,8,val,3.047552,0.74
241,9,val,8.806468,0.75
241,10,val,8.275858,0.76
241,11,val,5.138685,0.77
241,12,val,10.753224,0.78
241,13,val,4.814682,0.79
241,14,val,6.663146,0.80
241,15,val,2.385418,0.81
241,16,val,11.071817,0.82
241,17,val,5.263730,0.83
241,18,val,3.103311,0.84
241,19,val,13.797867,0.84
241,20,val,14.334907,0.85
241,21,val,11.025266,0.86
241,22,val,10.726983,0.86
241,23,val,4.272537,0.87
241,24,val,5.561613,0.88
241,25,val,13.727592,0.89
241,26,val,3.299851,0.90
241,27,val,11.150303,0.91
241,28,val,4.629357,0.92
241,29,val,3.930552,0.93
241,30,val,5.343146,0.94
241,31,val,13.226678,0.94
241,32,val,10.848613,0.95
241,33,val,2.766875,0.95
241,34,val,13.446845,0.95
241,35,val,3.116451,0.96
242,0,train,4.535686,0.12
242,1,train,4.466671,0.16
242,2,train,3.825140,0.19
242,3,train,4.478669,0.22
242,4,train,3.521554,0.26
242,5,train,4.253186,0.29
242,6,train,7.565370,0.32
242,7,train,5.108194,0.35
242,8,train,4.618136,0.39
242,9,train,5.413383,0.42
242,10,train,4.937217,0.45
242,11,train,4.139438,0.48
242,12,train,4.676207,0.52
242,13,train,12.504622,0.55
242,0,val,5.941554,0.66
242,1,val,4.612502,0.67
242,2,val,9.125436,0.68
242,3,val,10.586778,0.68
242,4,val,3.286860,0.69
242,5,val,3.301979,0.70
242,6,val,4.806813,0.71
242,7,val,5.543374,0.71
242,8,val,2.797202,0.72
242,9,val,8.560356,0.73
242,10,val,8.731007,0.73
242,11,val,5.896111,0.74
242,12,val,6.784070,0.75
242,13,val,8.110607,0.75
242,14,val,14.146515,0.76
242,15,val,4.142644,0.77
242,16,val,10.219607,0.77
242,17,val,5.467326,0.78
242,18,val,2.638386,0.79
242,19,val,14.205429,0.80
242,20,val,9.083271,0.81
242,21,val,8.922114,0.81
242,22,val,7.296458,0.82
242,23,val,9.242333,0.83
242,24,val,3.170055,0.84
242,25,val,13.474360,0.84
242,26,val,4.159314,0.85
242,27,val,5.179333,0.85
242,28,val,4.307654,0.86
242,29,val,4.317627,0.87
242,30,val,4.454348,0.87
242,31,val,12.291757,0.88
242,32,val,9.785944,0.88
242,33,val,3.823762,0.89
242,34,val,6.966786,0.89
242,35,val,3.042794,0.90
243,0,train,3.899515,0.12
243,1,train,5.005634,0.16
243,2,train,5.702300,0.19
243,3,train,6.085792,0.22
243,4,train,4.313626,0.25
243,5,train,4.901739,0.29
243,6,train,4.898005,0.32
243,7,train,4.501915,0.35
243,8,train,6.101919,0.38
243,9,train,5.252654,0.42
243,10,train,5.498943,0.45
243,11,train,5.251130,0.48
243,12,train,5.821978,0.51
243,13,train,4.377666,0.55
243,0,val,4.471315,0.67
243,1,val,13.969565,0.67
243,2,val,12.051795,0.68
243,3,val,9.095255,0.69
243,4,val,3.037519,0.70
243,5,val,4.099564,0.71
243,6,val,4.731400,0.71
243,7,val,5.497653,0.72
243,8,val,10.097759,0.73
243,9,val,15.538777,0.73
243,10,val,7.889403,0.74
243,11,val,4.704328,0.75
243,12,val,6.707041,0.75
243,13,val,6.418468,0.76
243,14,val,6.385468,0.77
243,15,val,3.235288,0.77
243,16,val,11.461020,0.78
243,17,val,7.383400,0.79
243,18,val,3.217121,0.80
243,19,val,14.691403,0.81
243,20,val,8.673389,0.81
243,21,val,8.664014,0.82
243,22,val,7.008190,0.83
243,23,val,4.953275,0.83
243,24,val,5.004920,0.84
243,25,val,19.072876,0.85
243,26,val,9.906560,0.85
243,27,val,8.207575,0.86
243,28,val,7.561138,0.86
243,29,val,4.033647,0.87
243,30,val,6.641673,0.88
243,31,val,13.417414,0.88
243,32,val,9.225396,0.89
243,33,val,4.363537,0.89
243,34,val,16.171656,0.90
243,35,val,3.913168,0.91
244,0,train,4.940312,0.14
244,1,train,4.954266,0.18
244,2,train,3.527692,0.21
244,3,train,5.524323,0.24
244,4,train,7.641733,0.27
244,5,train,4.866538,0.31
244,6,train,6.136612,0.34
244,7,train,4.826235,0.37
244,8,train,4.665061,0.40
244,9,train,4.358039,0.44
244,10,train,3.692040,0.47
244,11,train,4.018901,0.50
244,12,train,5.983670,0.53
244,13,train,5.701406,0.57
244,0,val,5.925149,0.68
244,1,val,4.713473,0.69
244,2,val,10.932034,0.70
244,3,val,10.857588,0.70
244,4,val,2.483646,0.71
244,5,val,14.080588,0.72
244,6,val,4.496416,0.73
244,7,val,5.517497,0.74
244,8,val,2.580561,0.74
244,9,val,8.445221,0.75
244,10,val,7.145518,0.75
244,11,val,13.197371,0.76
244,12,val,8.120565,0.77
244,13,val,3.955482,0.77
244,14,val,6.970305,0.78
244,15,val,3.377851,0.79
244,16,val,10.772464,0.79
244,17,val,5.151526,0.80
244,18,val,4.947784,0.81
244,19,val,13.496119,0.81
244,20,val,8.496303,0.82
244,21,val,8.133107,0.83
244,22,val,6.892996,0.84
244,23,val,3.502626,0.85
244,24,val,3.700569,0.85
244,25,val,12.998707,0.86
244,26,val,9.972591,0.87
244,27,val,6.427601,0.87
244,28,val,4.606545,0.88
244,29,val,3.828641,0.88
244,30,val,10.506282,0.89
244,31,val,16.010105,0.90
244,32,val,8.879409,0.90
244,33,val,3.662865,0.91
244,34,val,7.061313,0.91
244,35,val,2.865568,0.91
245,0,train,5.305146,0.15
245,1,train,4.821947,0.18
245,2,train,3.728363,0.22
245,3,train,5.514946,0.25
245,4,train,4.460465,0.29
245,5,train,4.220220,0.32
245,6,train,4.874420,0.35
245,7,train,4.201865,0.39
245,8,train,6.817035,0.42
245,9,train,4.437342,0.45
245,10,train,5.245224,0.49
245,11,train,4.714609,0.52
245,12,train,4.039462,0.55
245,13,train,5.016032,0.58
245,0,val,5.866470,0.70
245,1,val,5.181478,0.71
245,2,val,7.363052,0.72
245,3,val,9.805346,0.72
245,4,val,2.893914,0.73
245,5,val,3.709744,0.74
245,6,val,5.222334,0.75
245,7,val,6.174536,0.75
245,8,val,8.085486,0.76
245,9,val,10.485570,0.77
245,10,val,15.041700,0.77
245,11,val,6.724531,0.78
245,12,val,6.621630,0.79
245,13,val,6.979741,0.79
245,14,val,6.964564,0.80
245,15,val,3.674317,0.81
245,16,val,9.526059,0.81
245,17,val,6.642718,0.82
245,18,val,3.369210,0.82
245,19,val,13.647805,0.83
245,20,val,8.594461,0.84
245,21,val,9.187615,0.85
245,22,val,10.137138,0.85
245,23,val,3.181630,0.86
245,24,val,6.445552,0.87
245,25,val,15.240814,0.88
245,26,val,5.686752,0.88
245,27,val,5.921917,0.89
245,28,val,4.025796,0.90
245,29,val,4.114686,0.90
245,30,val,3.810702,0.91
245,31,val,14.178813,0.91
245,32,val,10.906563,0.92
245,33,val,5.201049,0.92
245,34,val,7.638474,0.93
245,35,val,3.374839,0.94
246,0,train,4.615327,0.17
246,1,train,3.712262,0.24
246,2,train,3.979504,0.27
246,3,train,5.567902,0.31
246,4,train,4.473307,0.35
246,5,train,5.384062,0.38
246,6,train,4.923259,0.42
246,7,train,4.924204,0.45
246,8,train,6.931460,0.49
246,9,train,4.146664,0.53
246,10,train,4.249784,0.56
246,11,train,6.146295,0.59
246,12,train,5.925179,0.63
246,13,train,3.654056,0.66
246,0,val,4.955899,0.86
246,1,val,5.260981,0.88
246,2,val,7.865106,0.89
246,3,val,11.019436,0.90
246,4,val,3.190370,0.91
246,5,val,3.408628,0.92
246,6,val,4.561992,0.93
246,7,val,11.259165,0.93
246,8,val,4.244447,0.94
246,9,val,9.355220,0.95
246,10,val,7.950207,0.96
246,11,val,5.134896,0.97
246,12,val,6.949067,0.98
246,13,val,5.672987,0.99
246,14,val,7.787493,1.00
246,15,val,2.572403,1.01
246,16,val,10.469052,1.02
246,17,val,5.071426,1.02
246,18,val,3.610847,1.03
246,19,val,13.809349,1.04
246,20,val,10.773759,1.05
246,21,val,9.578135,1.06
246,22,val,6.784076,1.07
246,23,val,2.651553,1.08
246,24,val,6.673527,1.09
246,25,val,12.256027,1.09
246,26,val,7.629199,1.10
246,27,val,4.072751,1.11
246,28,val,4.426273,1.12
246,29,val,4.154803,1.13
246,30,val,10.387412,1.14
246,31,val,12.261683,1.14
246,32,val,12.770568,1.15
246,33,val,3.614032,1.16
246,34,val,14.265735,1.16
246,35,val,3.356386,1.17
247,0,train,4.158879,0.29
247,1,train,4.894761,0.38
247,2,train,5.092312,0.47
247,3,train,5.077348,0.52
247,4,train,5.502347,0.56
247,5,train,5.752054,0.64
247,6,train,4.724321,0.71
247,7,train,5.821453,0.77
247,8,train,4.317031,0.87
247,9,train,4.395851,0.95
247,10,train,6.608848,1.00
247,11,train,4.718397,1.04
247,12,train,4.611214,1.11
247,13,train,3.988771,1.19
247,0,val,6.865459,1.66
247,1,val,4.702864,1.69
247,2,val,8.724236,1.70
247,3,val,10.426880,1.71
247,4,val,2.621966,1.72
247,5,val,2.445379,1.73
247,6,val,4.920000,1.74
247,7,val,7.291228,1.75
247,8,val,4.993987,1.76
247,9,val,7.987257,1.77
247,10,val,10.399018,1.78
247,11,val,9.084169,1.80
247,12,val,8.159646,1.82
247,13,val,5.718696,1.83
247,14,val,9.305078,1.85
247,15,val,3.247533,1.86
247,16,val,10.257275,1.87
247,17,val,5.063283,1.89
247,18,val,3.100587,1.90
247,19,val,13.964197,1.91
247,20,val,9.655224,1.93
247,21,val,12.119862,1.94
247,22,val,6.809705,1.95
247,23,val,11.421147,1.96
247,24,val,3.476969,1.97
247,25,val,12.036119,1.99
247,26,val,4.883834,2.01
247,27,val,4.663135,2.02
247,28,val,4.655601,2.03
247,29,val,6.109740,2.04
247,30,val,7.798131,2.05
247,31,val,13.002549,2.06
247,32,val,9.240802,2.07
247,33,val,3.262923,2.08
247,34,val,6.142527,2.09
247,35,val,3.039649,2.10
248,0,train,4.667439,0.16
248,1,train,5.067436,0.22
248,2,train,5.190661,0.27
248,3,train,4.675825,0.31
248,4,train,4.355651,0.35
248,5,train,3.378077,0.38
248,6,train,7.034197,0.44
248,7,train,3.364180,0.48
248,8,train,4.934356,0.51
248,9,train,11.702988,0.55
248,10,train,4.465595,0.58
248,11,train,5.614140,0.61
248,12,train,4.945048,0.65
248,13,train,5.250947,0.68
248,0,val,4.194521,0.86
248,1,val,12.167916,0.88
248,2,val,7.037191,0.89
248,3,val,13.396920,0.90
248,4,val,4.404005,0.91
248,5,val,3.336195,0.92
248,6,val,6.900960,0.93
248,7,val,5.286827,0.95
248,8,val,2.644971,0.95
248,9,val,8.580412,0.96
248,10,val,8.396602,0.98
248,11,val,5.575466,0.99
248,12,val,9.025543,1.00
248,13,val,3.512550,1.01
248,14,val,21.355967,1.01
248,15,val,4.998294,1.02
248,16,val,12.240039,1.03
248,17,val,12.012811,1.04
248,18,val,2.658251,1.05
248,19,val,13.906679,1.06
248,20,val,14.192611,1.07
248,21,val,9.251237,1.09
248,22,val,8.335742,1.09
248,23,val,6.606995,1.10
248,24,val,2.032137,1.11
248,25,val,12.621319,1.13
248,26,val,3.657151,1.14
248,27,val,6.744883,1.15
248,28,val,4.419753,1.16
248,29,val,4.215526,1.17
248,30,val,4.788042,1.18
248,31,val,15.765821,1.19
248,32,val,9.310515,1.20
248,33,val,3.659641,1.20
248,34,val,6.147913,1.21
248,35,val,2.989026,1.22
249,0,train,5.416795,0.19
249,1,train,5.691554,0.23
249,2,train,5.069471,0.27
249,3,train,4.031686,0.30
249,4,train,4.063323,0.34
249,5,train,5.633595,0.37
249,6,train,5.399750,0.41
249,7,train,4.198786,0.45
249,8,train,4.891864,0.48
249,9,train,4.815253,0.52
249,10,train,5.570421,0.55
249,11,train,3.754079,0.58
249,12,train,4.557511,0.62
249,13,train,4.789316,0.65
249,0,val,5.308748,0.83
249,1,val,4.005709,0.84
249,2,val,7.682505,0.85
249,3,val,13.342738,0.86
249,4,val,5.883148,0.86
249,5,val,3.748900,0.87
249,6,val,4.758664,0.88
249,7,val,5.590507,0.88
249,8,val,3.200796,0.89
249,9,val,15.197861,0.90
249,10,val,8.470925,0.90
249,11,val,7.665525,0.91
249,12,val,7.354055,0.92
249,13,val,3.485981,0.92
249,14,val,16.209923,0.93
249,15,val,4.737044,0.94
249,16,val,8.966212,0.95
249,17,val,8.519613,0.95
249,18,val,5.423574,0.96
249,19,val,14.239950,0.96
249,20,val,9.211871,0.97
249,21,val,8.876451,0.98
249,22,val,7.835989,0.99
249,23,val,5.131205,0.99
249,24,val,4.676593,1.00
249,25,val,12.226946,1.01
249,26,val,4.011992,1.01
249,27,val,5.100782,1.02
249,28,val,4.998640,1.03
249,29,val,4.615065,1.03
249,30,val,4.725146,1.04
249,31,val,13.646231,1.05
249,32,val,9.127823,1.06
249,33,val,5.806525,1.06
249,34,val,6.273866,1.06
249,35,val,3.828336,1.07
250,0,train,5.048303,0.12
250,1,train,4.325153,0.16
250,2,train,5.245216,0.19
250,3,train,4.146400,0.23
250,4,train,4.648904,0.26
250,5,train,6.767101,0.29
250,6,train,4.639291,0.33
250,7,train,4.780752,0.36
250,8,train,4.389619,0.40
250,9,train,4.457273,0.44
250,10,train,4.238782,0.47
250,11,train,6.134673,0.50
250,12,train,4.034093,0.53
250,13,train,4.314722,0.56
250,0,val,5.683745,0.67
250,1,val,3.865081,0.68
250,2,val,7.456577,0.68
250,3,val,9.459695,0.69
250,4,val,3.357423,0.70
250,5,val,3.329496,0.70
250,6,val,11.307029,0.71
250,7,val,7.231811,0.72
250,8,val,4.065079,0.73
250,9,val,7.888892,0.73
250,10,val,8.788123,0.74
250,11,val,7.928461,0.75
250,12,val,11.566670,0.75
250,13,val,7.116731,0.76
250,14,val,7.220582,0.77
250,15,val,2.687008,0.77
250,16,val,16.302063,0.78
250,17,val,11.899487,0.78
250,18,val,3.486981,0.79
250,19,val,13.491726,0.80
250,20,val,9.289466,0.80
250,21,val,9.651979,0.82
250,22,val,6.706643,0.82
250,23,val,3.445785,0.83
250,24,val,2.996777,0.84
250,25,val,12.712726,0.85
250,26,val,6.055237,0.85
250,27,val,14.877845,0.86
250,28,val,4.371562,0.86
250,29,val,3.530133,0.87
250,30,val,4.692438,0.88
250,31,val,12.236412,0.88
250,32,val,14.700565,0.89
250,33,val,4.741735,0.89
250,34,val,6.192865,0.90
250,35,val,3.227174,0.90
251,0,train,5.685819,0.12
251,1,train,4.135578,0.16
251,2,train,4.989740,0.19
251,3,train,4.981190,0.22
251,4,train,4.649017,0.25
251,5,train,6.118745,0.29
251,6,train,4.393357,0.32
251,7,train,4.154797,0.35
251,8,train,4.974159,0.38
251,9,train,4.171564,0.42
251,10,train,8.675974,0.45
251,11,train,4.107788,0.48
251,12,train,3.860670,0.51
251,13,train,5.013471,0.55
251,0,val,10.209329,0.66
251,1,val,4.070491,0.66
251,2,val,7.328493,0.67
251,3,val,11.063719,0.68
251,4,val,3.638141,0.68
251,5,val,4.319925,0.69
251,6,val,6.580468,0.70
251,7,val,6.095468,0.71
251,8,val,3.673935,0.72
251,9,val,7.509391,0.73
251,10,val,10.474912,0.73
251,11,val,12.518620,0.74
251,12,val,8.376545,0.74
251,13,val,6.666423,0.75
251,14,val,6.405629,0.76
251,15,val,3.343720,0.76
251,16,val,11.563762,0.77
251,17,val,8.889399,0.78
251,18,val,4.326230,0.78
251,19,val,17.746828,0.79
251,20,val,8.317213,0.80
251,21,val,11.496360,0.80
251,22,val,7.895848,0.81
251,23,val,3.110720,0.82
251,24,val,3.022982,0.82
251,25,val,12.334582,0.83
251,26,val,5.884491,0.84
251,27,val,4.158857,0.84
251,28,val,4.355906,0.85
251,29,val,5.247889,0.86
251,30,val,5.079997,0.86
251,31,val,12.196039,0.87
251,32,val,18.782520,0.87
251,33,val,3.234222,0.88
251,34,val,14.184316,0.88
251,35,val,2.791219,0.88
252,0,train,4.111386,0.13
252,1,train,4.742074,0.16
252,2,train,5.251652,0.19
252,3,train,3.906229,0.23
252,4,train,5.209948,0.26
252,5,train,4.065904,0.29
252,6,train,3.621466,0.33
252,7,train,4.357197,0.36
252,8,train,5.583474,0.39
252,9,train,5.316895,0.43
252,10,train,3.927333,0.46
252,11,train,4.528060,0.49
252,12,train,5.306734,0.52
252,13,train,4.860985,0.55
252,0,val,20.194410,0.69
252,1,val,10.722109,0.69
252,2,val,6.918086,0.70
252,3,val,10.227270,0.71
252,4,val,3.582741,0.72
252,5,val,3.942670,0.73
252,6,val,4.422382,0.74
252,7,val,5.546903,0.74
252,8,val,2.554088,0.75
252,9,val,9.117950,0.75
252,10,val,12.046454,0.76
252,11,val,6.215977,0.77
252,12,val,10.481342,0.77
252,13,val,5.149435,0.78
252,14,val,8.060414,0.79
252,15,val,2.397590,0.79
252,16,val,10.816072,0.80
252,17,val,8.545856,0.81
252,18,val,5.764114,0.82
252,19,val,13.755472,0.82
252,20,val,11.052935,0.83
252,21,val,8.661102,0.84
252,22,val,7.824095,0.84
252,23,val,12.650427,0.85
252,24,val,2.606645,0.85
252,25,val,11.793926,0.86
252,26,val,4.516110,0.87
252,27,val,4.064154,0.87
252,28,val,7.469635,0.88
252,29,val,3.493148,0.89
252,30,val,3.798469,0.89
252,31,val,12.490065,0.90
252,32,val,10.365927,0.90
252,33,val,3.543367,0.91
252,34,val,7.412644,0.92
252,35,val,2.924245,0.92
253,0,train,5.836224,0.13
253,1,train,3.456722,0.16
253,2,train,4.007371,0.19
253,3,train,5.980727,0.23
253,4,train,5.178984,0.26
253,5,train,4.787793,0.30
253,6,train,4.388436,0.33
253,7,train,5.978079,0.36
253,8,train,5.441545,0.39
253,9,train,3.656387,0.43
253,10,train,4.186337,0.46
253,11,train,3.479514,0.49
253,12,train,5.195893,0.52
253,13,train,4.390805,0.55
253,0,val,5.696558,0.68
253,1,val,4.195945,0.69
253,2,val,14.381978,0.70
253,3,val,11.282429,0.71
253,4,val,6.469136,0.72
253,5,val,8.117670,0.72
253,6,val,11.251323,0.73
253,7,val,5.374488,0.74
253,8,val,9.652461,0.74
253,9,val,8.761469,0.75
253,10,val,7.575512,0.76
253,11,val,4.687530,0.76
253,12,val,6.198580,0.77
253,13,val,4.359643,0.78
253,14,val,14.903101,0.78
253,15,val,2.586864,0.79
253,16,val,14.352074,0.79
253,17,val,9.838416,0.80
253,18,val,5.255010,0.81
253,19,val,13.688752,0.82
253,20,val,11.647852,0.83
253,21,val,8.375154,0.83
253,22,val,7.994647,0.84
253,23,val,2.978535,0.84
253,24,val,10.118807,0.85
253,25,val,12.092006,0.86
253,26,val,3.094566,0.86
253,27,val,5.797992,0.87
253,28,val,5.018445,0.88
253,29,val,4.977455,0.88
253,30,val,5.131690,0.89
253,31,val,13.300196,0.90
253,32,val,8.905419,0.90
253,33,val,4.608231,0.90
253,34,val,9.355037,0.91
253,35,val,3.759447,0.92
254,0,train,5.299989,0.12
254,1,train,4.237448,0.16
254,2,train,3.989527,0.19
254,3,train,6.600647,0.22
254,4,train,3.838885,0.25
254,5,train,4.750516,0.29
254,6,train,3.708713,0.32
254,7,train,6.020151,0.35
254,8,train,4.518593,0.38
254,9,train,3.653961,0.42
254,10,train,4.765898,0.45
254,11,train,5.114380,0.48
254,12,train,4.682801,0.51
254,13,train,3.576191,0.55
254,0,val,4.191058,0.66
254,1,val,6.160573,0.67
254,2,val,7.038710,0.68
254,3,val,10.157493,0.69
254,4,val,3.574722,0.71
254,5,val,5.043603,0.72
254,6,val,6.451477,0.72
254,7,val,6.606893,0.73
254,8,val,11.868906,0.74
254,9,val,9.882905,0.75
254,10,val,8.165299,0.75
254,11,val,7.514750,0.76
254,12,val,6.617731,0.77
254,13,val,3.646328,0.78
254,14,val,7.838840,0.79
254,15,val,3.502286,0.79
254,16,val,13.897676,0.81
254,17,val,5.622971,0.82
254,18,val,5.064147,0.83
254,19,val,13.554548,0.83
254,20,val,9.195925,0.84
254,21,val,14.252980,0.84
254,22,val,7.975988,0.85
254,23,val,2.616044,0.86
254,24,val,6.739072,0.86
254,25,val,13.041116,0.87
254,26,val,6.674323,0.88
254,27,val,4.262741,0.88
254,28,val,3.859303,0.89
254,29,val,5.003031,0.90
254,30,val,4.282416,0.91
254,31,val,15.440518,0.91
254,32,val,10.500814,0.92
254,33,val,3.496489,0.92
254,34,val,6.396935,0.93
254,35,val,3.120612,0.93
255,0,train,3.679983,0.12
255,1,train,3.995423,0.16
255,2,train,5.182122,0.19
255,3,train,5.525757,0.23
255,4,train,4.547250,0.26
255,5,train,4.181469,0.30
255,6,train,5.045254,0.33
255,7,train,5.887955,0.36
255,8,train,6.064147,0.40
255,9,train,3.390592,0.43
255,10,train,4.605431,0.46
255,11,train,4.911651,0.50
255,12,train,4.203956,0.53
255,13,train,5.260660,0.57
255,0,val,6.306686,0.70
255,1,val,13.023210,0.71
255,2,val,6.896021,0.72
255,3,val,9.830451,0.73
255,4,val,3.092671,0.74
255,5,val,3.470718,0.75
255,6,val,4.575819,0.75
255,7,val,5.399050,0.76
255,8,val,7.975822,0.77
255,9,val,10.848712,0.77
255,10,val,7.096642,0.78
255,11,val,5.374019,0.78
255,12,val,8.312876,0.79
255,13,val,4.001441,0.80
255,14,val,7.081314,0.80
255,15,val,2.422574,0.81
255,16,val,10.587505,0.82
255,17,val,5.556581,0.82
255,18,val,3.585036,0.84
255,19,val,18.443661,0.86
255,20,val,10.283441,0.87
255,21,val,8.826740,0.88
255,22,val,6.710515,0.88
255,23,val,3.271827,0.89
255,24,val,6.241629,0.90
255,25,val,12.317984,0.90
255,26,val,3.350648,0.91
255,27,val,15.289140,0.92
255,28,val,4.766081,0.93
255,29,val,4.128725,0.94
255,30,val,3.818183,0.95
255,31,val,12.731933,0.97
255,32,val,8.974760,0.98
255,33,val,2.758746,0.99
255,34,val,8.167117,1.00
255,35,val,4.479261,1.01
256,0,train,4.332784,0.17
256,1,train,4.588620,0.24
256,2,train,5.277080,0.28
256,3,train,5.301902,0.32
256,4,train,4.257253,0.36
256,5,train,5.241462,0.40
256,6,train,3.101912,0.44
256,7,train,3.999288,0.47
256,8,train,5.560129,0.50
256,9,train,5.120114,0.54
256,10,train,4.310039,0.58
256,11,train,4.437696,0.61
256,12,train,4.849067,0.64
256,13,train,5.278236,0.67
256,0,val,4.860366,0.78
256,1,val,9.569735,0.79
256,2,val,7.996907,0.80
256,3,val,10.121415,0.81
256,4,val,2.804962,0.82
256,5,val,11.919002,0.83
256,6,val,4.738526,0.84
256,7,val,6.288281,0.85
256,8,val,2.849506,0.85
256,9,val,9.139401,0.86
256,10,val,16.582970,0.87
256,11,val,5.291076,0.87
256,12,val,17.793438,0.88
256,13,val,4.212276,0.89
256,14,val,7.026688,0.89
256,15,val,3.379504,0.90
256,16,val,9.787958,0.90
256,17,val,5.139047,0.91
256,18,val,7.491741,0.92
256,19,val,14.955074,0.92
256,20,val,10.568439,0.93
256,21,val,9.946653,0.94
256,22,val,6.800943,0.95
256,23,val,4.531596,0.96
256,24,val,2.171999,0.96
256,25,val,12.646013,0.97
256,26,val,3.432635,0.98
256,27,val,10.680852,0.98
256,28,val,3.867457,0.99
256,29,val,5.018538,1.00
256,30,val,7.526354,1.00
256,31,val,12.807291,1.01
256,32,val,11.134541,1.01
256,33,val,3.418344,1.02
256,34,val,6.344470,1.02
256,35,val,4.287619,1.03
257,0,train,5.278268,0.13
257,1,train,4.604591,0.16
257,2,train,4.986242,0.19
257,3,train,5.187591,0.23
257,4,train,5.131428,0.26
257,5,train,3.473718,0.30
257,6,train,5.873993,0.33
257,7,train,3.619904,0.36
257,8,train,4.643134,0.39
257,9,train,5.144527,0.43
257,10,train,4.754561,0.46
257,11,train,4.019795,0.49
257,12,train,4.412866,0.52
257,13,train,4.097908,0.55
257,0,val,4.675936,0.67
257,1,val,6.700227,0.68
257,2,val,11.272352,0.69
257,3,val,8.540236,0.69
257,4,val,4.560587,0.70
257,5,val,3.233293,0.71
257,6,val,3.995507,0.72
257,7,val,6.604314,0.72
257,8,val,4.409713,0.73
257,9,val,8.104266,0.74
257,10,val,10.912792,0.74
257,11,val,6.485525,0.75
257,12,val,6.969826,0.76
257,13,val,6.421980,0.77
257,14,val,6.227069,0.78
257,15,val,6.724534,0.79
257,16,val,9.629777,0.80
257,17,val,5.650220,0.81
257,18,val,4.030298,0.81
257,19,val,14.552325,0.82
257,20,val,8.591563,0.83
257,21,val,8.681246,0.83
257,22,val,16.710464,0.84
257,23,val,8.315998,0.85
257,24,val,2.736820,0.85
257,25,val,12.966369,0.86
257,26,val,3.788481,0.87
257,27,val,5.029740,0.87
257,28,val,3.697896,0.88
257,29,val,4.736055,0.88
257,30,val,3.359749,0.89
257,31,val,11.924253,0.90
257,32,val,9.620618,0.91
257,33,val,4.056551,0.91
257,34,val,7.166777,0.92
257,35,val,3.567833,0.92
258,0,train,4.670453,0.12
258,1,train,3.980584,0.17
258,2,train,5.242380,0.20
258,3,train,3.667021,0.23
258,4,train,4.168280,0.27
258,5,train,6.625033,0.30
258,6,train,5.379749,0.33
258,7,train,6.900601,0.37
258,8,train,6.162724,0.40
258,9,train,3.348267,0.43
258,10,train,3.830888,0.46
258,11,train,3.547269,0.49
258,12,train,4.012094,0.53
258,13,train,4.364711,0.56
258,0,val,5.752134,0.67
258,1,val,3.887201,0.68
258,2,val,7.160408,0.68
258,3,val,8.837008,0.69
258,4,val,3.282907,0.70
258,5,val,2.811723,0.71
258,6,val,5.370792,0.71
258,7,val,7.882554,0.72
258,8,val,3.043797,0.73
258,9,val,8.032615,0.73
258,10,val,7.656482,0.74
258,11,val,5.061715,0.75
258,12,val,6.682095,0.75
258,13,val,9.603743,0.76
258,14,val,6.680450,0.77
258,15,val,3.341743,0.77
258,16,val,10.073350,0.78
258,17,val,4.620886,0.79
258,18,val,2.736494,0.79
258,19,val,14.742098,0.80
258,20,val,10.295642,0.81
258,21,val,9.046561,0.82
258,22,val,16.281584,0.82
258,23,val,7.199135,0.83
258,24,val,2.022804,0.84
258,25,val,13.272794,0.85
258,26,val,3.537120,0.86
258,27,val,5.692318,0.87
258,28,val,5.217355,0.87
258,29,val,9.656633,0.88
258,30,val,12.211448,0.89
258,31,val,13.251951,0.89
258,32,val,10.050380,0.90
258,33,val,11.790195,0.90
258,34,val,8.942148,0.90
258,35,val,3.159478,0.91
259,0,train,3.191241,0.12
259,1,train,4.121517,0.16
259,2,train,4.955874,0.19
259,3,train,6.225113,0.22
259,4,train,5.454286,0.26
259,5,train,3.958230,0.29
259,6,train,3.800462,0.32
259,7,train,6.029378,0.35
259,8,train,4.959279,0.39
259,9,train,3.136005,0.42
259,10,train,5.065317,0.45
259,11,train,5.032031,0.49
259,12,train,4.224444,0.52
259,13,train,4.547121,0.55
259,0,val,10.071328,0.68
259,1,val,5.459898,0.69
259,2,val,7.856936,0.70
259,3,val,9.050803,0.71
259,4,val,4.819577,0.72
259,5,val,3.075135,0.73
259,6,val,4.428959,0.74
259,7,val,5.835004,0.76
259,8,val,3.428911,0.77
259,9,val,16.011160,0.78
259,10,val,7.437975,0.79
259,11,val,6.651122,0.82
259,12,val,7.429971,0.84
259,13,val,8.291006,0.85
259,14,val,6.773751,0.86
259,15,val,8.195304,0.87
259,16,val,9.508891,0.88
259,17,val,5.064940,0.89
259,18,val,3.480997,0.90
259,19,val,15.802934,0.91
259,20,val,16.866219,0.92
259,21,val,10.581355,0.93
259,22,val,8.774898,0.94
259,23,val,2.950058,0.95
259,24,val,8.997534,0.96
259,25,val,11.916448,0.97
259,26,val,4.616309,0.98
259,27,val,6.470429,0.99
259,28,val,4.528475,1.00
259,29,val,6.328012,1.01
259,30,val,3.680749,1.02
259,31,val,14.302662,1.03
259,32,val,11.927649,1.04
259,33,val,2.741061,1.04
259,34,val,5.848788,1.05
259,35,val,4.875853,1.05
260,0,train,5.420711,0.18
260,1,train,5.741203,0.23
260,2,train,4.629438,0.25
260,3,train,5.624664,0.29
260,4,train,5.120656,0.33
260,5,train,5.503631,0.37
260,6,train,3.910880,0.41
260,7,train,4.260471,0.46
260,8,train,4.212216,0.49
260,9,train,5.872911,0.53
260,10,train,6.179000,0.56
260,11,train,5.048991,0.59
260,12,train,4.419453,0.62
260,13,train,3.802480,0.65
260,0,val,4.990024,0.82
260,1,val,9.857162,0.84
260,2,val,7.118818,0.86
260,3,val,8.655863,0.87
260,4,val,2.281032,0.87
260,5,val,2.721418,0.88
260,6,val,4.777290,0.89
260,7,val,7.066670,0.90
260,8,val,9.603954,0.91
260,9,val,8.537145,0.92
260,10,val,7.277850,0.92
260,11,val,9.241262,0.93
260,12,val,12.329748,0.95
260,13,val,5.569887,0.95
260,14,val,13.768817,0.96
260,15,val,4.562804,0.97
260,16,val,13.684732,0.98
260,17,val,5.435812,0.99
260,18,val,3.263916,1.00
260,19,val,15.161136,1.00
260,20,val,9.010689,1.01
260,21,val,8.496391,1.02
260,22,val,9.039255,1.03
260,23,val,2.578263,1.04
260,24,val,5.999084,1.05
260,25,val,12.971764,1.06
260,26,val,3.456867,1.07
260,27,val,4.815222,1.07
260,28,val,4.673007,1.08
260,29,val,3.254902,1.09
260,30,val,3.821035,1.10
260,31,val,19.792091,1.11
260,32,val,8.485353,1.11
260,33,val,4.215812,1.12
260,34,val,6.103804,1.13
260,35,val,3.127378,1.13
261,0,train,4.536430,0.15
261,1,train,4.452857,0.21
261,2,train,4.057071,0.25
261,3,train,4.728633,0.29
261,4,train,4.850123,0.33
261,5,train,5.079058,0.37
261,6,train,5.394239,0.42
261,7,train,4.074890,0.46
261,8,train,4.019291,0.50
261,9,train,4.201404,0.54
261,10,train,5.299191,0.57
261,11,train,4.912401,0.60
261,12,train,4.120959,0.64
261,13,train,4.196098,0.67
261,0,val,5.145052,0.82
261,1,val,8.456820,0.85
261,2,val,8.093646,0.87
261,3,val,9.592954,0.88
261,4,val,3.507514,0.89
261,5,val,3.709955,0.90
261,6,val,5.362104,0.91
261,7,val,8.789089,0.92
261,8,val,7.011431,0.93
261,9,val,9.105000,0.94
261,10,val,7.169121,0.95
261,11,val,4.191290,0.97
261,12,val,6.033519,0.98
261,13,val,5.303934,0.99
261,14,val,7.595001,1.00
261,15,val,3.912493,1.01
261,16,val,16.649452,1.02
261,17,val,4.867425,1.02
261,18,val,3.663300,1.03
261,19,val,13.718908,1.04
261,20,val,11.182597,1.05
261,21,val,9.450076,1.06
261,22,val,10.113547,1.08
261,23,val,2.729743,1.08
261,24,val,4.257010,1.09
261,25,val,13.272622,1.10
261,26,val,4.278518,1.11
261,27,val,4.397054,1.12
261,28,val,4.780106,1.13
261,29,val,5.797149,1.14
261,30,val,4.637471,1.15
261,31,val,13.071591,1.16
261,32,val,9.119638,1.16
261,33,val,2.841203,1.17
261,34,val,8.324327,1.18
261,35,val,3.691519,1.18
262,0,train,4.440187,0.17
262,1,train,6.060795,0.22
262,2,train,3.513268,0.26
262,3,train,6.300679,0.29
262,4,train,4.705914,0.33
262,5,train,5.404546,0.36
262,6,train,3.930379,0.40
262,7,train,3.710773,0.44
262,8,train,3.652370,0.48
262,9,train,5.074712,0.51
262,10,train,5.556884,0.54
262,11,train,4.773403,0.58
262,12,train,4.740925,0.61
262,13,train,5.143225,0.64
262,0,val,7.030803,0.77
262,1,val,4.311223,0.78
262,2,val,7.269079,0.78
262,3,val,8.878477,0.79
262,4,val,3.581370,0.80
262,5,val,2.801237,0.81
262,6,val,4.700377,0.82
262,7,val,5.522832,0.82
262,8,val,3.815512,0.83
262,9,val,13.970364,0.84
262,10,val,7.058938,0.85
262,11,val,5.353442,0.85
262,12,val,5.878293,0.86
262,13,val,3.757458,0.86
262,14,val,19.352322,0.87
262,15,val,2.229984,0.88
262,16,val,9.385771,0.88
262,17,val,5.168248,0.89
262,18,val,3.083375,0.90
262,19,val,16.826542,0.91
262,20,val,18.309536,0.92
262,21,val,9.571125,0.93
262,22,val,8.055964,0.93
262,23,val,3.996618,0.94
262,24,val,3.064307,0.95
262,25,val,13.110941,0.95
262,26,val,2.931383,0.96
262,27,val,4.044849,0.97
262,28,val,5.191908,0.97
262,29,val,16.736273,0.98
262,30,val,5.300691,0.98
262,31,val,12.594349,0.99
262,32,val,21.410536,1.00
262,33,val,3.900691,1.01
262,34,val,5.763908,1.01
262,35,val,2.460534,1.01
263,0,train,5.640208,0.13
263,1,train,4.397004,0.17
263,2,train,3.419797,0.20
263,3,train,5.838739,0.24
263,4,train,4.020764,0.28
263,5,train,5.211452,0.32
263,6,train,5.764718,0.35
263,7,train,5.082345,0.39
263,8,train,4.297130,0.43
263,9,train,4.578436,0.46
263,10,train,6.031341,0.49
263,11,train,4.595228,0.52
263,12,train,3.330893,0.55
263,13,train,4.587102,0.58
263,0,val,5.079306,0.71
263,1,val,10.795591,0.72
263,2,val,11.968076,0.73
263,3,val,8.963980,0.73
263,4,val,3.624839,0.75
263,5,val,2.742625,0.75
263,6,val,4.775654,0.76
263,7,val,19.881132,0.77
263,8,val,4.530871,0.78
263,9,val,8.630545,0.78
263,10,val,7.029710,0.79
263,11,val,5.836133,0.80
263,12,val,6.336068,0.81
263,13,val,4.584037,0.82
263,14,val,7.124032,0.83
263,15,val,3.781538,0.84
263,16,val,12.957949,0.86
263,17,val,5.450044,0.87
263,18,val,3.599489,0.88
263,19,val,14.049765,0.89
263,20,val,9.075571,0.90
263,21,val,9.571624,0.91
263,22,val,9.877978,0.91
263,23,val,5.317394,0.92
263,24,val,2.471132,0.93
263,25,val,11.460160,0.93
263,26,val,7.430632,0.94
263,27,val,4.915678,0.95
263,28,val,8.344402,0.96
263,29,val,5.106532,0.96
263,30,val,3.491186,0.97
263,31,val,12.588377,0.98
263,32,val,9.419317,0.98
263,33,val,4.355729,0.99
263,34,val,6.069107,0.99
263,35,val,2.692260,1.00
264,0,train,5.110066,0.12
264,1,train,5.034177,0.16
264,2,train,5.400081,0.19
264,3,train,4.717681,0.23
264,4,train,4.047665,0.27
264,5,train,4.298066,0.30
264,6,train,5.288581,0.33
264,7,train,4.611120,0.37
264,8,train,5.231074,0.40
264,9,train,5.168142,0.43
264,10,train,4.195666,0.47
264,11,train,7.536067,0.50
264,12,train,3.954854,0.53
264,13,train,4.357862,0.56
264,0,val,5.019632,0.69
264,1,val,4.268962,0.69
264,2,val,12.295079,0.70
264,3,val,9.228498,0.71
264,4,val,3.583925,0.72
264,5,val,3.286932,0.73
264,6,val,4.464667,0.73
264,7,val,5.734745,0.74
264,8,val,3.058162,0.74
264,9,val,7.679447,0.75
264,10,val,7.627651,0.76
264,11,val,11.924868,0.76
264,12,val,7.127859,0.77
264,13,val,6.198393,0.78
264,14,val,7.096514,0.78
264,15,val,2.501931,0.79
264,16,val,10.055129,0.80
264,17,val,5.387365,0.80
264,18,val,3.561792,0.81
264,19,val,13.574657,0.82
264,20,val,8.551472,0.83
264,21,val,9.934733,0.83
264,22,val,7.359454,0.84
264,23,val,4.516753,0.85
264,24,val,2.398549,0.85
264,25,val,11.811560,0.86
264,26,val,3.053061,0.87
264,27,val,4.624040,0.87
264,28,val,4.278503,0.88
264,29,val,7.197679,0.89
264,30,val,3.570426,0.89
264,31,val,12.647885,0.90
264,32,val,9.496585,0.90
264,33,val,3.155287,0.91
264,34,val,5.951656,0.91
264,35,val,2.818595,0.92
265,0,train,4.118463,0.14
265,1,train,4.194337,0.19
265,2,train,4.755857,0.22
265,3,train,4.510782,0.25
265,4,train,7.313134,0.30
265,5,train,3.405775,0.33
265,6,train,5.865656,0.36
265,7,train,3.361401,0.40
265,8,train,4.313191,0.43
265,9,train,6.718218,0.46
265,10,train,4.190555,0.49
265,11,train,3.925344,0.53
265,12,train,4.405642,0.56
265,13,train,4.749329,0.59
265,0,val,11.469041,0.71
265,1,val,4.744959,0.71
265,2,val,7.792945,0.72
265,3,val,9.356179,0.73
265,4,val,3.695390,0.74
265,5,val,2.668988,0.75
265,6,val,5.141988,0.76
265,7,val,5.987206,0.76
265,8,val,3.173470,0.77
265,9,val,8.380699,0.78
265,10,val,7.670444,0.78
265,11,val,8.403628,0.79
265,12,val,6.411083,0.80
265,13,val,4.473030,0.80
265,14,val,8.131481,0.81
265,15,val,11.587056,0.82
265,16,val,10.845941,0.82
265,17,val,7.924113,0.83
265,18,val,3.910665,0.84
265,19,val,13.523952,0.85
265,20,val,9.005600,0.85
265,21,val,9.794518,0.86
265,22,val,7.215200,0.87
265,23,val,2.665186,0.88
265,24,val,2.249514,0.88
265,25,val,12.695382,0.89
265,26,val,4.055120,0.90
265,27,val,4.650945,0.90
265,28,val,6.090174,0.91
265,29,val,8.085881,0.92
265,30,val,6.309516,0.92
265,31,val,14.134554,0.93
265,32,val,8.608403,0.93
265,33,val,3.714356,0.94
265,34,val,6.797750,0.95
265,35,val,4.087236,0.95
266,0,train,4.666277,0.14
266,1,train,3.751896,0.18
266,2,train,4.699906,0.21
266,3,train,4.140143,0.24
266,4,train,3.994019,0.27
266,5,train,4.453027,0.31
266,6,train,5.476380,0.34
266,7,train,4.081565,0.38
266,8,train,6.239940,0.41
266,9,train,5.069266,0.44
266,10,train,3.739581,0.47
266,11,train,6.431440,0.51
266,12,train,5.233217,0.54
266,13,train,4.649383,0.57
266,0,val,4.383276,0.69
266,1,val,4.432353,0.70
266,2,val,7.124786,0.70
266,3,val,8.649166,0.71
266,4,val,3.141927,0.73
266,5,val,2.643694,0.74
266,6,val,6.539874,0.74
266,7,val,7.344925,0.75
266,8,val,4.060743,0.76
266,9,val,9.053866,0.77
266,10,val,8.991762,0.78
266,11,val,4.759526,0.78
266,12,val,7.019542,0.79
266,13,val,4.116179,0.80
266,14,val,6.787327,0.81
266,15,val,3.488101,0.81
266,16,val,10.205650,0.82
266,17,val,6.153449,0.83
266,18,val,6.408750,0.84
266,19,val,13.656905,0.85
266,20,val,10.795587,0.85
266,21,val,9.045225,0.86
266,22,val,7.788949,0.87
266,23,val,3.442094,0.87
266,24,val,2.330815,0.88
266,25,val,12.027328,0.89
266,26,val,5.346553,0.89
266,27,val,19.177597,0.90
266,28,val,4.305131,0.91
266,29,val,10.929358,0.91
266,30,val,4.957517,0.92
266,31,val,13.741666,0.93
266,32,val,12.857096,0.94
266,33,val,4.174537,0.94
266,34,val,5.851148,0.95
266,35,val,3.727288,0.95
267,0,train,4.144346,0.13
267,1,train,5.781143,0.17
267,2,train,4.221354,0.20
267,3,train,4.962020,0.23
267,4,train,5.435563,0.26
267,5,train,3.376936,0.30
267,6,train,4.665970,0.33
267,7,train,5.131255,0.36
267,8,train,5.896053,0.40
267,9,train,4.776476,0.43
267,10,train,4.016312,0.46
267,11,train,5.658684,0.49
267,12,train,4.774258,0.53
267,13,train,4.480006,0.56
267,0,val,4.733911,0.68
267,1,val,4.543535,0.69
267,2,val,11.515397,0.69
267,3,val,8.836147,0.70
267,4,val,7.648901,0.71
267,5,val,4.666406,0.72
267,6,val,4.663893,0.73
267,7,val,6.842391,0.73
267,8,val,3.143847,0.74
267,9,val,14.520247,0.75
267,10,val,7.440166,0.75
267,11,val,11.595545,0.76
267,12,val,7.465512,0.77
267,13,val,3.739486,0.77
267,14,val,8.614430,0.78
267,15,val,4.208858,0.79
267,16,val,10.945228,0.79
267,17,val,4.879909,0.80
267,18,val,2.516337,0.81
267,19,val,14.199239,0.82
267,20,val,15.245910,0.83
267,21,val,9.468911,0.83
267,22,val,6.209786,0.84
267,23,val,3.035502,0.85
267,24,val,2.199708,0.85
267,25,val,11.054197,0.86
267,26,val,3.853537,0.87
267,27,val,6.600768,0.87
267,28,val,3.713799,0.88
267,29,val,7.345544,0.89
267,30,val,4.661286,0.89
267,31,val,12.532797,0.90
267,32,val,10.860913,0.91
267,33,val,2.871227,0.92
267,34,val,17.145082,0.92
267,35,val,3.454935,0.92
268,0,train,4.124044,0.13
268,1,train,3.554707,0.16
268,2,train,4.767599,0.20
268,3,train,5.149378,0.23
268,4,train,4.718604,0.27
268,5,train,4.532302,0.30
268,6,train,4.299768,0.34
268,7,train,3.922544,0.37
268,8,train,5.111589,0.40
268,9,train,3.970702,0.43
268,10,train,4.734369,0.47
268,11,train,3.928993,0.50
268,12,train,3.972635,0.53
268,13,train,3.922421,0.56
268,0,val,4.607602,0.68
268,1,val,4.945892,0.69
268,2,val,8.150328,0.69
268,3,val,9.464744,0.70
268,4,val,2.665608,0.71
268,5,val,3.559142,0.72
268,6,val,8.479356,0.73
268,7,val,5.881304,0.73
268,8,val,4.652913,0.74
268,9,val,8.383718,0.75
268,10,val,6.848327,0.75
268,11,val,5.109167,0.76
268,12,val,6.323777,0.76
268,13,val,4.491370,0.77
268,14,val,8.164015,0.78
268,15,val,4.310340,0.78
268,16,val,12.579868,0.79
268,17,val,4.373823,0.80
268,18,val,9.653116,0.80
268,19,val,14.212837,0.81
268,20,val,10.319197,0.82
268,21,val,7.987393,0.83
268,22,val,6.294446,0.84
268,23,val,5.171555,0.84
268,24,val,10.565729,0.85
268,25,val,11.960200,0.86
268,26,val,6.264175,0.86
268,27,val,4.681379,0.87
268,28,val,4.513013,0.88
268,29,val,3.811388,0.89
268,30,val,4.001002,0.89
268,31,val,12.385869,0.90
268,32,val,9.212779,0.90
268,33,val,3.069200,0.91
268,34,val,6.111094,0.91
268,35,val,2.941449,0.92
269,0,train,4.411892,0.15
269,1,train,5.602514,0.20
269,2,train,4.526913,0.23
269,3,train,5.095462,0.29
269,4,train,7.032696,0.32
269,5,train,3.364044,0.35
269,6,train,5.075595,0.39
269,7,train,4.141871,0.42
269,8,train,3.327848,0.46
269,9,train,5.957051,0.49
269,10,train,4.658901,0.52
269,11,train,3.884099,0.56
269,12,train,4.812920,0.59
269,13,train,3.991117,0.62
269,0,val,5.092040,0.75
269,1,val,9.998944,0.77
269,2,val,8.129987,0.79
269,3,val,14.503890,0.80
269,4,val,4.187358,0.81
269,5,val,3.886320,0.82
269,6,val,4.824716,0.83
269,7,val,5.615616,0.84
269,8,val,5.686495,0.85
269,9,val,16.622553,0.87
269,10,val,6.976533,0.88
269,11,val,10.088451,0.89
269,12,val,13.568565,0.90
269,13,val,3.677315,0.91
269,14,val,9.516109,0.92
269,15,val,3.313576,0.93
269,16,val,13.165681,0.94
269,17,val,5.096225,0.95
269,18,val,11.148646,0.96
269,19,val,14.683395,0.96
269,20,val,9.659768,0.97
269,21,val,9.340077,0.98
269,22,val,6.893188,0.99
269,23,val,2.841153,0.99
269,24,val,8.145291,1.00
269,25,val,11.827432,1.01
269,26,val,4.374190,1.01
269,27,val,5.361787,1.02
269,28,val,3.836502,1.03
269,29,val,4.292518,1.04
269,30,val,3.846549,1.05
269,31,val,12.600796,1.05
269,32,val,8.612735,1.06
269,33,val,2.791522,1.06
269,34,val,10.129943,1.07
269,35,val,3.200195,1.07
270,0,train,6.599376,0.15
270,1,train,4.428969,0.18
270,2,train,4.171047,0.22
270,3,train,4.670085,0.26
270,4,train,4.599230,0.31
270,5,train,4.148519,0.34
270,6,train,3.916720,0.37
270,7,train,4.170139,0.41
270,8,train,4.987502,0.44
270,9,train,3.847910,0.47
270,10,train,3.861264,0.51
270,11,train,5.077337,0.54
270,12,train,5.118854,0.57
270,13,train,5.078914,0.60
270,0,val,5.198203,0.72
270,1,val,3.849791,0.72
270,2,val,7.865445,0.73
270,3,val,8.300263,0.74
270,4,val,11.415298,0.74
270,5,val,2.832605,0.75
270,6,val,5.107198,0.76
270,7,val,5.817084,0.77
270,8,val,4.932650,0.78
270,9,val,9.212985,0.78
270,10,val,7.736729,0.79
270,11,val,5.017095,0.80
270,12,val,9.390154,0.80
270,13,val,4.209773,0.81
270,14,val,6.757362,0.81
270,15,val,7.638187,0.82
270,16,val,9.037490,0.83
270,17,val,6.078896,0.83
270,18,val,2.392743,0.84
270,19,val,16.881666,0.85
270,20,val,9.501684,0.86
270,21,val,10.056314,0.86
270,22,val,7.667618,0.87
270,23,val,3.365400,0.87
270,24,val,6.065089,0.88
270,25,val,18.024101,0.89
270,26,val,4.837420,0.89
270,27,val,5.013355,0.90
270,28,val,4.254814,0.91
270,29,val,3.686024,0.92
270,30,val,3.306539,0.93
270,31,val,14.157427,0.94
270,32,val,8.395956,0.94
270,33,val,6.942322,0.95
270,34,val,8.011028,0.95
270,35,val,2.804290,0.96
271,0,train,4.305995,0.14
271,1,train,3.900740,0.17
271,2,train,6.060028,0.21
271,3,train,4.117417,0.25
271,4,train,5.660860,0.30
271,5,train,4.604080,0.33
271,6,train,9.887359,0.37
271,7,train,5.379872,0.41
271,8,train,4.413713,0.44
271,9,train,5.165728,0.48
271,10,train,6.136189,0.51
271,11,train,4.289172,0.54
271,12,train,4.162389,0.57
271,13,train,5.644671,0.60
271,0,val,4.468991,0.75
271,1,val,4.585848,0.76
271,2,val,7.171660,0.77
271,3,val,11.265563,0.79
271,4,val,3.033710,0.80
271,5,val,6.895026,0.80
271,6,val,4.221578,0.81
271,7,val,7.221998,0.82
271,8,val,5.226707,0.83
271,9,val,8.282812,0.84
271,10,val,12.635111,0.85
271,11,val,4.554544,0.85
271,12,val,7.098448,0.86
271,13,val,5.168963,0.87
271,14,val,13.486748,0.88
271,15,val,2.880034,0.90
271,16,val,10.095015,0.91
271,17,val,10.398639,0.91
271,18,val,4.624516,0.92
271,19,val,14.089705,0.93
271,20,val,8.969167,0.94
271,21,val,8.037313,0.96
271,22,val,5.756283,0.97
271,23,val,3.183143,0.99
271,24,val,13.454268,1.01
271,25,val,12.763369,1.03
271,26,val,3.477732,1.05
271,27,val,4.861949,1.06
271,28,val,3.802897,1.07
271,29,val,3.705426,1.08
271,30,val,4.044271,1.09
271,31,val,13.366716,1.10
271,32,val,11.662624,1.11
271,33,val,9.482926,1.12
271,34,val,6.385433,1.13
271,35,val,2.887192,1.15
272,0,train,4.101743,0.31
272,1,train,5.208330,0.36
272,2,train,4.131068,0.40
272,3,train,5.152486,0.46
272,4,train,5.360875,0.51
272,5,train,4.309704,0.55
272,6,train,3.405338,0.60
272,7,train,4.435054,0.71
272,8,train,4.847702,0.80
272,9,train,4.672326,0.84
272,10,train,5.539016,0.87
272,11,train,3.360533,0.90
272,12,train,4.603570,0.94
272,13,train,4.002998,0.98
272,0,val,4.521218,1.19
272,1,val,3.883008,1.21
272,2,val,6.805008,1.23
272,3,val,17.506420,1.25
272,4,val,4.070033,1.26
272,5,val,2.636303,1.27
272,6,val,4.049723,1.28
272,7,val,9.570247,1.29
272,8,val,3.796626,1.31
272,9,val,8.546954,1.32
272,10,val,7.216073,1.33
272,11,val,5.140944,1.35
272,12,val,6.832011,1.36
272,13,val,4.629075,1.37
272,14,val,6.857543,1.38
272,15,val,3.792615,1.39
272,16,val,9.782777,1.40
272,17,val,4.533476,1.41
272,18,val,3.787318,1.42
272,19,val,14.102797,1.43
272,20,val,9.906870,1.44
272,21,val,8.438779,1.46
272,22,val,10.261436,1.47
272,23,val,2.844482,1.49
272,24,val,3.799547,1.51
272,25,val,11.538934,1.53
272,26,val,4.692010,1.54
272,27,val,4.375055,1.56
272,28,val,6.467850,1.57
272,29,val,4.021923,1.58
272,30,val,7.698075,1.59
272,31,val,13.872662,1.60
272,32,val,12.177858,1.61
272,33,val,3.078102,1.62
272,34,val,7.298882,1.63
272,35,val,18.813421,1.64
273,0,train,3.950510,0.23
273,1,train,8.518946,0.29
273,2,train,4.310486,0.36
273,3,train,4.664160,0.41
273,4,train,5.493032,0.45
273,5,train,5.010345,0.49
273,6,train,4.221442,0.54
273,7,train,7.735757,0.58
273,8,train,5.043005,0.61
273,9,train,3.285681,0.64
273,10,train,4.782487,0.68
273,11,train,3.205722,0.71
273,12,train,5.065726,0.74
273,13,train,4.421534,0.77
273,0,val,5.111173,0.89
273,1,val,3.862469,0.89
273,2,val,8.174884,0.90
273,3,val,9.655149,0.91
273,4,val,3.117668,0.91
273,5,val,3.665423,0.93
273,6,val,4.441804,0.93
273,7,val,7.857110,0.94
273,8,val,6.958048,0.95
273,9,val,10.639037,0.95
273,10,val,7.253455,0.96
273,11,val,5.494524,0.97
273,12,val,6.893836,0.97
273,13,val,5.461705,0.98
273,14,val,7.574903,0.99
273,15,val,4.140196,0.99
273,16,val,9.225574,1.00
273,17,val,7.136714,1.00
273,18,val,2.807477,1.01
273,19,val,13.478626,1.02
273,20,val,16.132559,1.03
273,21,val,8.551934,1.03
273,22,val,6.903833,1.04
273,23,val,2.724406,1.05
273,24,val,3.048799,1.06
273,25,val,12.125025,1.06
273,26,val,3.299559,1.07
273,27,val,5.656494,1.08
273,28,val,4.460012,1.09
273,29,val,5.757408,1.09
273,30,val,4.539140,1.10
273,31,val,16.343981,1.10
273,32,val,8.524762,1.11
273,33,val,7.191386,1.11
273,34,val,6.321068,1.12
273,35,val,3.728746,1.12
274,0,train,5.110522,0.12
274,1,train,4.233605,0.16
274,2,train,4.120223,0.19
274,3,train,5.697089,0.22
274,4,train,4.249903,0.26
274,5,train,8.038122,0.29
274,6,train,4.350551,0.33
274,7,train,4.141310,0.36
274,8,train,6.024807,0.39
274,9,train,4.807553,0.43
274,10,train,4.023149,0.46
274,11,train,4.898618,0.49
274,12,train,3.714466,0.52
274,13,train,3.811244,0.55
274,0,val,4.594055,0.67
274,1,val,4.789846,0.68
274,2,val,8.155675,0.69
274,3,val,9.909159,0.69
274,4,val,5.678838,0.70
274,5,val,8.516209,0.71
274,6,val,4.283366,0.72
274,7,val,5.997462,0.72
274,8,val,2.836748,0.73
274,9,val,8.526386,0.74
274,10,val,8.079149,0.74
274,11,val,4.759326,0.75
274,12,val,7.074351,0.75
274,13,val,3.945858,0.76
274,14,val,8.209377,0.77
274,15,val,2.228572,0.77
274,16,val,14.794175,0.78
274,17,val,10.079011,0.79
274,18,val,6.529194,0.79
274,19,val,13.643158,0.80
274,20,val,12.586936,0.81
274,21,val,15.741640,0.82
274,22,val,6.274929,0.82
274,23,val,5.214758,0.83
274,24,val,2.384355,0.84
274,25,val,11.595967,0.84
274,26,val,4.108015,0.85
274,27,val,5.254714,0.85
274,28,val,4.214954,0.86
274,29,val,4.318003,0.87
274,30,val,4.330197,0.87
274,31,val,12.083735,0.88
274,32,val,8.835677,0.89
274,33,val,3.776460,0.89
274,34,val,8.942485,0.90
274,35,val,3.396433,0.90
275,0,train,3.741636,0.18
275,1,train,5.712537,0.23
275,2,train,5.926476,0.26
275,3,train,4.596383,0.29
275,4,train,4.303974,0.33
275,5,train,3.665915,0.36
275,6,train,5.501523,0.40
275,7,train,4.660086,0.44
275,8,train,3.681934,0.47
275,9,train,4.262604,0.50
275,10,train,3.161264,0.53
275,11,train,4.754868,0.57
275,12,train,3.768535,0.60
275,13,train,4.341205,0.63
275,0,val,6.989212,0.81
275,1,val,4.631491,0.82
275,2,val,8.048051,0.83
275,3,val,10.329397,0.84
275,4,val,2.545871,0.85
275,5,val,3.614737,0.86
275,6,val,7.660040,0.86
275,7,val,8.437500,0.87
275,8,val,3.198270,0.87
275,9,val,7.912292,0.88
275,10,val,7.258047,0.89
275,11,val,4.538787,0.89
275,12,val,5.961089,0.90
275,13,val,5.269596,0.91
275,14,val,7.164277,0.93
275,15,val,5.986544,0.94
275,16,val,9.798639,0.94
275,17,val,7.229527,0.95
275,18,val,3.505768,0.96
275,19,val,12.766970,0.96
275,20,val,13.040643,0.97
275,21,val,10.249182,0.97
275,22,val,7.470896,0.98
275,23,val,4.465913,0.99
275,24,val,2.661224,1.00
275,25,val,13.672153,1.01
275,26,val,10.043700,1.02
275,27,val,5.121717,1.03
275,28,val,3.649615,1.05
275,29,val,3.694318,1.06
275,30,val,4.153573,1.07
275,31,val,14.292447,1.08
275,32,val,8.387224,1.08
275,33,val,3.233387,1.09
275,34,val,7.010166,1.10
275,35,val,3.072887,1.11
276,0,train,4.711729,0.14
276,1,train,6.379576,0.21
276,2,train,5.058690,0.25
276,3,train,4.503483,0.29
276,4,train,3.747654,0.33
276,5,train,5.740719,0.36
276,6,train,5.637366,0.40
276,7,train,4.642696,0.44
276,8,train,3.500532,0.47
276,9,train,4.854110,0.51
276,10,train,4.299410,0.54
276,11,train,4.515950,0.57
276,12,train,5.496903,0.60
276,13,train,4.091951,0.63
276,0,val,11.417876,0.74
276,1,val,7.137114,0.75
276,2,val,6.763906,0.76
276,3,val,11.007810,0.76
276,4,val,4.457822,0.77
276,5,val,3.435936,0.79
276,6,val,6.363391,0.79
276,7,val,6.313100,0.80
276,8,val,3.061732,0.81
276,9,val,9.742194,0.81
276,10,val,7.660599,0.82
276,11,val,9.032022,0.83
276,12,val,6.130692,0.83
276,13,val,3.811500,0.84
276,14,val,7.571152,0.84
276,15,val,2.763702,0.85
276,16,val,10.377978,0.86
276,17,val,6.525784,0.86
276,18,val,5.823902,0.87
276,19,val,19.880733,0.88
276,20,val,17.374638,0.88
276,21,val,8.458154,0.89
276,22,val,6.246453,0.90
276,23,val,2.623096,0.90
276,24,val,2.179459,0.91
276,25,val,12.682129,0.92
276,26,val,3.407939,0.92
276,27,val,5.035592,0.93
276,28,val,4.105040,0.94
276,29,val,3.716338,0.94
276,30,val,3.682696,0.95
276,31,val,14.802034,0.95
276,32,val,8.973340,0.96
276,33,val,2.875065,0.96
276,34,val,7.926391,0.97
276,35,val,3.331954,0.97
277,0,train,3.861411,0.12
277,1,train,5.971379,0.16
277,2,train,4.941849,0.19
277,3,train,3.916865,0.22
277,4,train,4.783777,0.26
277,5,train,4.445691,0.29
277,6,train,4.560394,0.32
277,7,train,5.914278,0.36
277,8,train,3.759842,0.39
277,9,train,4.739179,0.42
277,10,train,7.043822,0.46
277,11,train,5.682418,0.49
277,12,train,5.066154,0.52
277,13,train,4.212186,0.55
277,0,val,8.897349,0.66
277,1,val,11.532743,0.67
277,2,val,7.555755,0.68
277,3,val,10.681162,0.68
277,4,val,13.947727,0.69
277,5,val,10.508681,0.70
277,6,val,5.562197,0.71
277,7,val,5.864594,0.72
277,8,val,2.569865,0.72
277,9,val,9.189981,0.73
277,10,val,7.487325,0.74
277,11,val,5.402704,0.74
277,12,val,6.634488,0.75
277,13,val,4.375992,0.76
277,14,val,12.168872,0.76
277,15,val,2.308408,0.77
277,16,val,11.018365,0.77
277,17,val,5.165189,0.78
277,18,val,10.032245,0.79
277,19,val,18.774002,0.80
277,20,val,10.503835,0.81
277,21,val,9.138616,0.81
277,22,val,6.744068,0.82
277,23,val,3.543151,0.83
277,24,val,2.860241,0.83
277,25,val,11.362167,0.84
277,26,val,4.652762,0.84
277,27,val,4.478947,0.85
277,28,val,4.537285,0.86
277,29,val,4.060147,0.86
277,30,val,3.981489,0.87
277,31,val,11.951761,0.87
277,32,val,8.283445,0.88
277,33,val,2.777588,0.88
277,34,val,6.548414,0.89
277,35,val,5.210690,0.89
278,0,train,4.153593,0.12
278,1,train,7.835835,0.15
278,2,train,4.502291,0.18
278,3,train,4.372925,0.22
278,4,train,4.067835,0.25
278,5,train,5.404153,0.29
278,6,train,4.986245,0.32
278,7,train,4.816294,0.35
278,8,train,6.649155,0.39
278,9,train,4.210320,0.42
278,10,train,5.176075,0.45
278,11,train,4.194364,0.48
278,12,train,6.212505,0.51
278,13,train,3.162472,0.54
278,0,val,4.835545,0.66
278,1,val,6.151116,0.66
278,2,val,9.147986,0.67
278,3,val,9.584867,0.68
278,4,val,2.700857,0.68
278,5,val,2.861294,0.69
278,6,val,4.674098,0.70
278,7,val,5.839679,0.71
278,8,val,2.720912,0.71
278,9,val,8.692083,0.72
278,10,val,7.002010,0.73
278,11,val,5.336636,0.73
278,12,val,6.992255,0.74
278,13,val,4.366693,0.74
278,14,val,15.628468,0.75
278,15,val,4.547996,0.76
278,16,val,14.523750,0.76
278,17,val,5.245698,0.77
278,18,val,3.128946,0.77
278,19,val,14.721869,0.78
278,20,val,10.461593,0.79
278,21,val,8.713367,0.80
278,22,val,10.094419,0.81
278,23,val,4.828981,0.81
278,24,val,6.870095,0.82
278,25,val,11.492870,0.83
278,26,val,10.912105,0.83
278,27,val,5.009866,0.84
278,28,val,6.603018,0.84
278,29,val,3.555274,0.85
278,30,val,6.804955,0.86
278,31,val,13.219376,0.86
278,32,val,8.255639,0.87
278,33,val,4.146362,0.87
278,34,val,6.787921,0.88
278,35,val,2.946584,0.88
279,0,train,4.302512,0.14
279,1,train,4.954844,0.18
279,2,train,4.235402,0.21
279,3,train,4.751381,0.24
279,4,train,3.694912,0.28
279,5,train,3.422544,0.31
279,6,train,4.223534,0.35
279,7,train,6.569944,0.38
279,8,train,4.700861,0.41
279,9,train,5.760060,0.45
279,10,train,4.104459,0.48
279,11,train,4.649864,0.51
279,12,train,4.646029,0.54
279,13,train,5.849574,0.57
279,0,val,4.443671,0.69
279,1,val,7.305800,0.70
279,2,val,7.244232,0.70
279,3,val,9.264472,0.71
279,4,val,15.419127,0.71
279,5,val,4.837025,0.73
279,6,val,4.335333,0.73
279,7,val,6.450574,0.74
279,8,val,3.192118,0.75
279,9,val,8.402776,0.75
279,10,val,7.370008,0.76
279,11,val,5.244440,0.77
279,12,val,8.664584,0.77
279,13,val,3.850960,0.78
279,14,val,13.085608,0.78
279,15,val,2.975148,0.79
279,16,val,10.930173,0.80
279,17,val,5.891631,0.80
279,18,val,3.003663,0.81
279,19,val,13.439892,0.82
279,20,val,9.399303,0.83
279,21,val,11.561274,0.84
279,22,val,8.305579,0.85
279,23,val,2.911832,0.85
279,24,val,7.101973,0.86
279,25,val,12.165333,0.87
279,26,val,7.546846,0.87
279,27,val,4.764734,0.88
279,28,val,3.989013,0.88
279,29,val,4.312974,0.89
279,30,val,3.292270,0.90
279,31,val,12.284259,0.90
279,32,val,9.125229,0.91
279,33,val,2.974861,0.91
279,34,val,7.502405,0.92
279,35,val,2.696955,0.93
280,0,train,3.721143,0.13
280,1,train,3.998769,0.16
280,2,train,3.910698,0.19
280,3,train,4.115963,0.23
280,4,train,4.504189,0.26
280,5,train,5.190319,0.29
280,6,train,4.138912,0.33
280,7,train,4.588248,0.36
280,8,train,4.332946,0.39
280,9,train,4.826994,0.43
280,10,train,4.949255,0.45
280,11,train,4.414542,0.49
280,12,train,2.989259,0.52
280,13,train,4.145294,0.55
280,0,val,5.762484,0.67
280,1,val,5.434386,0.67
280,2,val,8.157051,0.68
280,3,val,8.075629,0.69
280,4,val,6.928078,0.70
280,5,val,3.585958,0.70
280,6,val,7.463820,0.71
280,7,val,6.152606,0.72
280,8,val,3.468484,0.72
280,9,val,9.182895,0.73
280,10,val,7.714857,0.73
280,11,val,5.067348,0.74
280,12,val,7.072092,0.75
280,13,val,3.428100,0.75
280,14,val,10.253440,0.76
280,15,val,5.271411,0.77
280,16,val,36.110756,0.77
280,17,val,4.799489,0.78
280,18,val,3.032375,0.79
280,19,val,13.416494,0.79
280,20,val,9.192845,0.80
280,21,val,9.265063,0.81
280,22,val,9.052887,0.82
280,23,val,2.962815,0.82
280,24,val,2.758004,0.83
280,25,val,13.505853,0.84
280,26,val,12.281101,0.84
280,27,val,5.382630,0.85
280,28,val,4.832001,0.86
280,29,val,4.495676,0.86
280,30,val,4.412159,0.87
280,31,val,13.095440,0.87
280,32,val,9.689964,0.88
280,33,val,8.350779,0.88
280,34,val,6.272920,0.89
280,35,val,3.180021,0.89
281,0,train,3.065665,0.12
281,1,train,4.369925,0.16
281,2,train,3.372311,0.19
281,3,train,4.422067,0.22
281,4,train,5.125748,0.25
281,5,train,3.896703,0.29
281,6,train,11.533958,0.32
281,7,train,4.920422,0.35
281,8,train,3.894723,0.39
281,9,train,3.729396,0.42
281,10,train,4.304613,0.45
281,11,train,4.184576,0.48
281,12,train,4.533803,0.51
281,13,train,4.086561,0.55
281,0,val,4.943909,0.66
281,1,val,6.924064,0.66
281,2,val,6.969775,0.67
281,3,val,12.089350,0.68
281,4,val,2.684702,0.68
281,5,val,9.720963,0.70
281,6,val,5.590827,0.70
281,7,val,6.386878,0.71
281,8,val,4.494650,0.71
281,9,val,9.114126,0.72
281,10,val,6.762488,0.73
281,11,val,4.951562,0.73
281,12,val,8.493428,0.74
281,13,val,4.701918,0.74
281,14,val,7.863957,0.75
281,15,val,2.342248,0.76
281,16,val,9.377876,0.76
281,17,val,5.433558,0.77
281,18,val,4.182645,0.77
281,19,val,12.985351,0.78
281,20,val,8.866441,0.79
281,21,val,9.767188,0.80
281,22,val,6.507466,0.81
281,23,val,3.945150,0.81
281,24,val,2.818140,0.82
281,25,val,11.582283,0.83
281,26,val,3.514787,0.83
281,27,val,8.365195,0.84
281,28,val,13.554962,0.85
281,29,val,5.093091,0.85
281,30,val,5.611387,0.86
281,31,val,12.108176,0.87
281,32,val,11.520737,0.87
281,33,val,7.206132,0.87
281,34,val,9.414119,0.88
281,35,val,3.718271,0.88
282,0,train,7.678092,0.12
282,1,train,3.978400,0.16
282,2,train,6.570023,0.19
282,3,train,5.079226,0.22
282,4,train,4.422091,0.25
282,5,train,5.097854,0.29
282,6,train,4.801476,0.32
282,7,train,3.508928,0.35
282,8,train,5.275794,0.39
282,9,train,4.738331,0.42
282,10,train,4.072029,0.45
282,11,train,3.959141,0.49
282,12,train,4.009601,0.53
282,13,train,5.169563,0.57
282,0,val,6.488206,0.68
282,1,val,4.440335,0.69
282,2,val,11.141722,0.70
282,3,val,9.061553,0.70
282,4,val,6.053786,0.71
282,5,val,2.649284,0.72
282,6,val,4.871839,0.73
282,7,val,6.607167,0.73
282,8,val,3.670254,0.74
282,9,val,8.219386,0.75
282,10,val,7.015599,0.76
282,11,val,4.989874,0.76
282,12,val,5.662099,0.77
282,13,val,4.788726,0.78
282,14,val,7.023777,0.78
282,15,val,16.810715,0.79
282,16,val,8.752216,0.80
282,17,val,4.839411,0.80
282,18,val,3.683013,0.81
282,19,val,12.492674,0.82
282,20,val,24.790712,0.83
282,21,val,10.607656,0.84
282,22,val,7.999982,0.84
282,23,val,4.800260,0.85
282,24,val,1.957738,0.86
282,25,val,11.008969,0.87
282,26,val,3.566227,0.88
282,27,val,4.767798,0.89
282,28,val,5.564032,0.89
282,29,val,4.222855,0.90
282,30,val,4.071180,0.91
282,31,val,14.433080,0.92
282,32,val,9.346699,0.93
282,33,val,12.127341,0.93
282,34,val,6.942813,0.94
282,35,val,3.059745,0.94
283,0,train,4.688110,0.13
283,1,train,4.629001,0.17
283,2,train,3.455732,0.20
283,3,train,4.190535,0.23
283,4,train,4.615734,0.27
283,5,train,3.442091,0.30
283,6,train,2.953639,0.33
283,7,train,3.057782,0.36
283,8,train,4.820451,0.41
283,9,train,3.814170,0.44
283,10,train,4.533840,0.47
283,11,train,5.323046,0.51
283,12,train,5.273237,0.54
283,13,train,4.425065,0.57
283,0,val,5.342038,0.74
283,1,val,4.103604,0.75
283,2,val,8.045978,0.76
283,3,val,8.692031,0.77
283,4,val,3.765180,0.78
283,5,val,5.773495,0.79
283,6,val,4.623125,0.80
283,7,val,6.555887,0.81
283,8,val,3.374609,0.82
283,9,val,8.472404,0.83
283,10,val,7.155685,0.84
283,11,val,5.223386,0.85
283,12,val,7.423216,0.86
283,13,val,5.345777,0.87
283,14,val,10.712629,0.88
283,15,val,2.488240,0.88
283,16,val,12.994280,0.89
283,17,val,6.371138,0.90
283,18,val,9.086219,0.91
283,19,val,14.599780,0.92
283,20,val,10.492284,0.93
283,21,val,9.779812,0.94
283,22,val,6.226526,0.94
283,23,val,3.236657,0.95
283,24,val,2.745045,0.97
283,25,val,12.432947,0.98
283,26,val,5.243940,0.98
283,27,val,6.362055,0.99
283,28,val,4.560771,1.00
283,29,val,4.172668,1.01
283,30,val,3.898178,1.02
283,31,val,14.662746,1.02
283,32,val,8.541810,1.03
283,33,val,6.788979,1.03
283,34,val,5.852491,1.04
283,35,val,3.254888,1.04
284,0,train,3.448153,0.18
284,1,train,3.236285,0.22
284,2,train,4.338851,0.26
284,3,train,6.371877,0.30
284,4,train,4.200083,0.34
284,5,train,3.890027,0.38
284,6,train,4.754473,0.41
284,7,train,5.345555,0.45
284,8,train,3.736964,0.49
284,9,train,3.067381,0.53
284,10,train,3.735602,0.56
284,11,train,5.443149,0.59
284,12,train,4.064637,0.62
284,13,train,3.421050,0.65
284,0,val,5.080382,0.83
284,1,val,4.787296,0.84
284,2,val,8.146541,0.85
284,3,val,10.511202,0.86
284,4,val,3.423574,0.87
284,5,val,3.152763,0.88
284,6,val,6.067098,0.88
284,7,val,7.713489,0.89
284,8,val,3.311773,0.90
284,9,val,8.295433,0.91
284,10,val,7.905077,0.92
284,11,val,5.463202,0.93
284,12,val,5.992247,0.94
284,13,val,4.610743,0.95
284,14,val,7.968988,0.95
284,15,val,2.398563,0.96
284,16,val,14.911028,0.97
284,17,val,12.415356,0.98
284,18,val,3.639126,0.99
284,19,val,14.047147,1.00
284,20,val,9.751317,1.00
284,21,val,8.609538,1.01
284,22,val,6.341033,1.02
284,23,val,4.147024,1.03
284,24,val,2.404836,1.04
284,25,val,13.092942,1.05
284,26,val,3.386851,1.06
284,27,val,4.873818,1.07
284,28,val,4.408791,1.08
284,29,val,5.345108,1.09
284,30,val,8.795260,1.10
284,31,val,12.456983,1.11
284,32,val,7.891670,1.11
284,33,val,2.875361,1.12
284,34,val,7.013141,1.13
284,35,val,2.923928,1.13
285,0,train,7.394241,0.19
285,1,train,4.478654,0.25
285,2,train,4.620848,0.30
285,3,train,3.387752,0.36
285,4,train,3.988315,0.42
285,5,train,3.464006,0.49
285,6,train,3.807927,0.53
285,7,train,3.464089,0.57
285,8,train,3.729326,0.61
285,9,train,5.827483,0.66
285,10,train,3.156176,0.70
285,11,train,3.615237,0.73
285,12,train,4.691271,0.77
285,13,train,4.652645,0.81
285,0,val,8.921968,1.09
285,1,val,4.252479,1.13
285,2,val,7.313284,1.15
285,3,val,8.683225,1.17
285,4,val,4.139892,1.20
285,5,val,2.539437,1.23
285,6,val,4.784659,1.26
285,7,val,6.535939,1.28
285,8,val,3.810476,1.30
285,9,val,7.699747,1.34
285,10,val,8.137033,1.36
285,11,val,4.576707,1.39
285,12,val,6.471353,1.41
285,13,val,3.637876,1.44
285,14,val,6.765177,1.46
285,15,val,2.440368,1.48
285,16,val,9.879910,1.50
285,17,val,10.322770,1.52
285,18,val,4.307429,1.53
285,19,val,13.341884,1.55
285,20,val,9.876768,1.56
285,21,val,8.841853,1.58
285,22,val,6.589821,1.59
285,23,val,3.655864,1.60
285,24,val,2.886478,1.60
285,25,val,11.025491,1.62
285,26,val,4.447633,1.63
285,27,val,10.686790,1.64
285,28,val,6.325323,1.65
285,29,val,4.108961,1.66
285,30,val,4.047277,1.67
285,31,val,12.551753,1.67
285,32,val,9.731784,1.68
285,33,val,3.072780,1.69
285,34,val,15.457695,1.69
285,35,val,4.271158,1.70
286,0,train,4.102773,0.19
286,1,train,4.506226,0.22
286,2,train,2.939995,0.26
286,3,train,5.494290,0.29
286,4,train,3.526619,0.34
286,5,train,5.082453,0.38
286,6,train,4.342096,0.42
286,7,train,3.511490,0.46
286,8,train,3.808942,0.50
286,9,train,3.329211,0.54
286,10,train,4.901233,0.58
286,11,train,4.528959,0.61
286,12,train,4.576130,0.64
286,13,train,4.722250,0.67
286,0,val,6.339803,0.80
286,1,val,6.045300,0.81
286,2,val,7.727145,0.81
286,3,val,10.409520,0.82
286,4,val,3.386521,0.83
286,5,val,2.915199,0.84
286,6,val,3.824868,0.84
286,7,val,5.862387,0.85
286,8,val,3.978940,0.86
286,9,val,10.014986,0.88
286,10,val,6.572972,0.89
286,11,val,12.147488,0.89
286,12,val,6.881155,0.90
286,13,val,4.684798,0.91
286,14,val,7.780806,0.91
286,15,val,2.290919,0.92
286,16,val,10.090181,0.92
286,17,val,13.448250,0.94
286,18,val,2.502655,0.94
286,19,val,45.867611,0.95
286,20,val,9.641456,0.96
286,21,val,16.464497,0.96
286,22,val,10.745022,0.97
286,23,val,4.630487,0.98
286,24,val,4.302794,0.98
286,25,val,10.867812,0.99
286,26,val,3.935823,1.00
286,27,val,4.890054,1.00
286,28,val,5.293219,1.01
286,29,val,9.770809,1.01
286,30,val,7.684860,1.02
286,31,val,12.395075,1.03
286,32,val,8.549766,1.03
286,33,val,3.163996,1.04
286,34,val,6.206264,1.04
286,35,val,2.855692,1.05
287,0,train,4.462888,0.12
287,1,train,3.494461,0.15
287,2,train,3.988325,0.19
287,3,train,4.743175,0.22
287,4,train,7.213463,0.25
287,5,train,4.952741,0.29
287,6,train,4.114621,0.32
287,7,train,4.578502,0.35
287,8,train,3.455955,0.38
287,9,train,3.434038,0.42
287,10,train,5.611322,0.45
287,11,train,4.728354,0.48
287,12,train,4.346338,0.51
287,13,train,5.018119,0.54
287,0,val,7.182185,0.66
287,1,val,6.203870,0.67
287,2,val,10.336355,0.67
287,3,val,8.806507,0.68
287,4,val,3.068783,0.68
287,5,val,3.939977,0.70
287,6,val,4.024766,0.71
287,7,val,7.297015,0.71
287,8,val,3.340916,0.72
287,9,val,8.427293,0.73
287,10,val,7.596830,0.74
287,11,val,6.334188,0.74
287,12,val,11.436330,0.75
287,13,val,6.257645,0.76
287,14,val,8.057703,0.76
287,15,val,2.297800,0.77
287,16,val,9.766176,0.78
287,17,val,7.084392,0.78
287,18,val,3.185679,0.79
287,19,val,15.994936,0.80
287,20,val,8.558409,0.81
287,21,val,16.570608,0.82
287,22,val,7.225554,0.83
287,23,val,10.316570,0.84
287,24,val,3.041741,0.85
287,25,val,13.047811,0.85
287,26,val,7.425494,0.86
287,27,val,4.802882,0.86
287,28,val,5.092571,0.87
287,29,val,4.112292,0.88
287,30,val,4.149991,0.88
287,31,val,12.522676,0.89
287,32,val,9.463262,0.90
287,33,val,3.212984,0.90
287,34,val,7.389218,0.91
287,35,val,4.281961,0.91
288,0,train,3.219351,0.12
288,1,train,4.069329,0.15
288,2,train,4.642168,0.19
288,3,train,4.604130,0.22
288,4,train,4.383020,0.25
288,5,train,5.898037,0.29
288,6,train,4.289200,0.32
288,7,train,5.214558,0.35
288,8,train,3.902626,0.38
288,9,train,5.427964,0.42
288,10,train,4.046598,0.45
288,11,train,11.067862,0.48
288,12,train,4.450817,0.51
288,13,train,4.966277,0.54
288,0,val,9.941669,0.68
288,1,val,4.664755,0.68
288,2,val,14.264321,0.69
288,3,val,10.572275,0.70
288,4,val,2.767561,0.71
288,5,val,3.163616,0.72
288,6,val,4.928374,0.72
288,7,val,6.901261,0.73
288,8,val,4.787670,0.74
288,9,val,7.909151,0.74
288,10,val,8.727454,0.75
288,11,val,4.620313,0.76
288,12,val,8.878227,0.76
288,13,val,7.029536,0.77
288,14,val,6.880771,0.77
288,15,val,3.327311,0.78
288,16,val,18.023436,0.79
288,17,val,12.930218,0.79
288,18,val,3.840327,0.80
288,19,val,13.035939,0.81
288,20,val,12.006290,0.82
288,21,val,9.064657,0.83
288,22,val,12.852949,0.83
288,23,val,2.560765,0.84
288,24,val,3.492242,0.85
288,25,val,11.203100,0.85
288,26,val,3.632022,0.86
288,27,val,4.815107,0.87
288,28,val,4.052783,0.87
288,29,val,4.309905,0.88
288,30,val,4.121307,0.89
288,31,val,17.259489,0.90
288,32,val,8.652906,0.90
288,33,val,6.789287,0.91
288,34,val,7.844657,0.92
288,35,val,6.032666,0.93
289,0,train,4.139780,0.12
289,1,train,2.871408,0.16
289,2,train,4.879294,0.19
289,3,train,4.611437,0.22
289,4,train,4.805737,0.26
289,5,train,4.133340,0.29
289,6,train,4.325527,0.32
289,7,train,4.544523,0.35
289,8,train,4.122225,0.39
289,9,train,3.893253,0.42
289,10,train,5.195840,0.45
289,11,train,4.946986,0.48
289,12,train,6.704706,0.52
289,13,train,4.062034,0.55
289,0,val,5.480417,0.66
289,1,val,3.842020,0.67
289,2,val,7.257631,0.67
289,3,val,11.064263,0.68
289,4,val,3.151059,0.69
289,5,val,3.957766,0.70
289,6,val,6.136853,0.71
289,7,val,10.322608,0.71
289,8,val,3.305019,0.72
289,9,val,8.267966,0.72
289,10,val,7.563663,0.73
289,11,val,6.700403,0.74
289,12,val,11.331194,0.74
289,13,val,4.461221,0.75
289,14,val,10.126797,0.76
289,15,val,3.706851,0.76
289,16,val,14.421287,0.77
289,17,val,4.944499,0.78
289,18,val,2.533151,0.78
289,19,val,13.591424,0.79
289,20,val,9.003563,0.80
289,21,val,9.175380,0.81
289,22,val,5.771491,0.82
289,23,val,4.679050,0.82
289,24,val,2.542303,0.83
289,25,val,12.503233,0.84
289,26,val,7.422247,0.84
289,27,val,4.748290,0.85
289,28,val,3.994856,0.85
289,29,val,4.320873,0.86
289,30,val,6.882430,0.87
289,31,val,13.595189,0.87
289,32,val,9.837322,0.88
289,33,val,3.593337,0.88
289,34,val,8.204684,0.89
289,35,val,3.039267,0.89
290,0,train,6.569359,0.13
290,1,train,3.067838,0.16
290,2,train,4.174499,0.19
290,3,train,3.436229,0.22
290,4,train,4.091455,0.26
290,5,train,3.176159,0.29
290,6,train,4.800910,0.33
290,7,train,4.615123,0.36
290,8,train,3.966262,0.39
290,9,train,4.833210,0.43
290,10,train,5.477761,0.46
290,11,train,3.466016,0.49
290,12,train,3.572683,0.52
290,13,train,3.861423,0.55
290,0,val,12.164830,0.67
290,1,val,5.281275,0.67
290,2,val,7.902279,0.68
290,3,val,9.110776,0.69
290,4,val,2.674857,0.70
290,5,val,3.075131,0.71
290,6,val,4.666179,0.71
290,7,val,5.848496,0.72
290,8,val,3.170517,0.73
290,9,val,19.370237,0.73
290,10,val,12.027310,0.74
290,11,val,4.649932,0.74
290,12,val,8.506984,0.75
290,13,val,3.711268,0.76
290,14,val,7.385915,0.76
290,15,val,5.301078,0.77
290,16,val,10.020700,0.78
290,17,val,4.719643,0.78
290,18,val,3.143612,0.79
290,19,val,15.281543,0.81
290,20,val,8.897815,0.81
290,21,val,8.981091,0.82
290,22,val,9.880235,0.83
290,23,val,6.509767,0.84
290,24,val,2.916316,0.85
290,25,val,11.351714,0.85
290,26,val,4.506961,0.86
290,27,val,4.946058,0.87
290,28,val,4.815057,0.87
290,29,val,3.847538,0.88
290,30,val,5.099179,0.88
290,31,val,11.990307,0.89
290,32,val,8.973406,0.90
290,33,val,5.343128,0.90
290,34,val,7.479954,0.91
290,35,val,3.149187,0.91
291,0,train,3.900562,0.12
291,1,train,3.419718,0.16
291,2,train,4.526443,0.19
291,3,train,4.142136,0.22
291,4,train,4.457768,0.26
291,5,train,3.890431,0.29
291,6,train,6.471640,0.32
291,7,train,3.475389,0.36
291,8,train,4.748050,0.39
291,9,train,5.326010,0.42
291,10,train,4.257109,0.45
291,11,train,4.011619,0.48
291,12,train,3.654950,0.52
291,13,train,3.487583,0.55
291,0,val,5.709695,0.67
291,1,val,6.528989,0.68
291,2,val,14.108891,0.68
291,3,val,12.014567,0.69
291,4,val,3.991251,0.70
291,5,val,9.107899,0.71
291,6,val,4.589311,0.72
291,7,val,5.940305,0.73
291,8,val,4.374543,0.73
291,9,val,10.927742,0.74
291,10,val,7.275763,0.75
291,11,val,10.212674,0.76
291,12,val,8.155105,0.76
291,13,val,6.827556,0.77
291,14,val,9.270324,0.78
291,15,val,2.857102,0.78
291,16,val,11.474861,0.79
291,17,val,5.458591,0.80
291,18,val,3.330568,0.81
291,19,val,13.654730,0.82
291,20,val,9.654935,0.83
291,21,val,8.984995,0.84
291,22,val,6.822945,0.84
291,23,val,3.587370,0.85
291,24,val,4.309749,0.86
291,25,val,12.481482,0.86
291,26,val,3.956446,0.87
291,27,val,5.071374,0.87
291,28,val,12.761506,0.88
291,29,val,4.077867,0.89
291,30,val,4.011440,0.90
291,31,val,14.619244,0.92
291,32,val,8.624367,0.92
291,33,val,4.347670,0.93
291,34,val,6.725635,0.93
291,35,val,4.238583,0.93
292,0,train,3.325135,0.13
292,1,train,4.272623,0.16
292,2,train,4.865469,0.19
292,3,train,4.380417,0.23
292,4,train,4.544641,0.27
292,5,train,3.378216,0.30
292,6,train,5.515199,0.33
292,7,train,3.542421,0.36
292,8,train,3.492110,0.39
292,9,train,4.934328,0.43
292,10,train,4.210722,0.46
292,11,train,4.000020,0.49
292,12,train,3.258617,0.52
292,13,train,4.455130,0.55
292,0,val,5.510424,0.67
292,1,val,4.101043,0.67
292,2,val,6.686819,0.68
292,3,val,8.944002,0.69
292,4,val,2.827808,0.69
292,5,val,2.916150,0.70
292,6,val,3.859798,0.71
292,7,val,9.032842,0.72
292,8,val,3.206472,0.72
292,9,val,8.661938,0.73
292,10,val,6.900196,0.74
292,11,val,5.838137,0.74
292,12,val,7.141882,0.75
292,13,val,3.665921,0.76
292,14,val,7.830418,0.76
292,15,val,2.602293,0.77
292,16,val,14.125357,0.78
292,17,val,5.218379,0.79
292,18,val,3.508469,0.79
292,19,val,13.080981,0.80
292,20,val,8.780928,0.81
292,21,val,56.353279,0.82
292,22,val,6.325735,0.83
292,23,val,4.336918,0.83
292,24,val,2.228738,0.84
292,25,val,13.675870,0.85
292,26,val,3.864917,0.85
292,27,val,4.260268,0.86
292,28,val,4.627469,0.87
292,29,val,4.344470,0.87
292,30,val,5.908865,0.88
292,31,val,12.417948,0.88
292,32,val,8.107106,0.89
292,33,val,3.606654,0.89
292,34,val,6.329953,0.90
292,35,val,2.895429,0.90
293,0,train,4.126235,0.14
293,1,train,5.629847,0.18
293,2,train,4.006901,0.21
293,3,train,5.402835,0.24
293,4,train,3.557682,0.27
293,5,train,4.527967,0.31
293,6,train,5.328180,0.34
293,7,train,3.839936,0.37
293,8,train,5.842735,0.41
293,9,train,3.540284,0.44
293,10,train,4.039279,0.47
293,11,train,6.086680,0.50
293,12,train,3.700900,0.54
293,13,train,5.448876,0.57
293,0,val,4.754318,0.68
293,1,val,6.470085,0.69
293,2,val,11.026538,0.70
293,3,val,8.748019,0.70
293,4,val,11.265747,0.71
293,5,val,3.326819,0.72
293,6,val,8.659425,0.73
293,7,val,6.765316,0.73
293,8,val,3.108975,0.74
293,9,val,9.138155,0.75
293,10,val,8.739056,0.75
293,11,val,7.268230,0.76
293,12,val,6.600965,0.77
293,13,val,3.766891,0.77
293,14,val,11.659657,0.78
293,15,val,2.190238,0.79
293,16,val,11.438249,0.79
293,17,val,5.167996,0.80
293,18,val,11.065126,0.81
293,19,val,44.200253,0.81
293,20,val,8.935658,0.83
293,21,val,10.146281,0.84
293,22,val,6.118032,0.84
293,23,val,4.458123,0.85
293,24,val,2.875950,0.86
293,25,val,12.242370,0.86
293,26,val,3.401476,0.87
293,27,val,6.771763,0.88
293,28,val,4.193822,0.88
293,29,val,3.708217,0.89
293,30,val,4.146922,0.90
293,31,val,12.870652,0.90
293,32,val,12.578766,0.91
293,33,val,3.226015,0.91
293,34,val,6.257283,0.91
293,35,val,5.358492,0.92
294,0,train,5.679375,0.13
294,1,train,3.213660,0.17
294,2,train,3.869226,0.20
294,3,train,3.814791,0.23
294,4,train,5.789808,0.26
294,5,train,5.233580,0.30
294,6,train,3.595000,0.33
294,7,train,5.551723,0.37
294,8,train,5.138630,0.40
294,9,train,3.968676,0.44
294,10,train,4.206160,0.47
294,11,train,6.542981,0.50
294,12,train,5.887436,0.53
294,13,train,5.888015,0.56
294,0,val,4.965453,0.68
294,1,val,4.623723,0.68
294,2,val,7.253105,0.69
294,3,val,8.292523,0.70
294,4,val,6.177401,0.70
294,5,val,2.800545,0.71
294,6,val,4.123173,0.72
294,7,val,10.410747,0.73
294,8,val,2.821862,0.73
294,9,val,9.403249,0.74
294,10,val,8.861975,0.75
294,11,val,4.385150,0.76
294,12,val,6.285198,0.76
294,13,val,8.555739,0.77
294,14,val,6.591021,0.78
294,15,val,2.530704,0.78
294,16,val,9.277875,0.79
294,17,val,4.586308,0.79
294,18,val,3.221592,0.80
294,19,val,21.671143,0.81
294,20,val,14.544776,0.82
294,21,val,8.323486,0.82
294,22,val,6.950208,0.83
294,23,val,3.273770,0.84
294,24,val,4.664858,0.84
294,25,val,11.210308,0.85
294,26,val,10.931328,0.86
294,27,val,7.462406,0.86
294,28,val,4.912082,0.87
294,29,val,3.952175,0.88
294,30,val,8.520519,0.89
294,31,val,15.812957,0.89
294,32,val,8.082989,0.90
294,33,val,4.293219,0.90
294,34,val,6.189321,0.90
294,35,val,3.020172,0.91
295,0,train,4.727468,0.12
295,1,train,6.019227,0.16
295,2,train,3.510023,0.19
295,3,train,3.933727,0.24
295,4,train,3.937793,0.27
295,5,train,4.185047,0.30
295,6,train,4.723949,0.34
295,7,train,4.568116,0.37
295,8,train,4.309193,0.40
295,9,train,5.640550,0.44
295,10,train,3.369432,0.47
295,11,train,4.698359,0.50
295,12,train,4.651539,0.54
295,13,train,4.255868,0.57
295,0,val,4.888103,0.70
295,1,val,4.713585,0.70
295,2,val,7.293562,0.71
295,3,val,8.526228,0.72
295,4,val,3.402318,0.73
295,5,val,2.625840,0.74
295,6,val,3.882640,0.75
295,7,val,6.860850,0.75
295,8,val,4.075428,0.76
295,9,val,9.270580,0.77
295,10,val,7.007776,0.78
295,11,val,5.518090,0.78
295,12,val,6.142659,0.79
295,13,val,4.056303,0.79
295,14,val,6.914318,0.80
295,15,val,9.729633,0.81
295,16,val,8.842554,0.81
295,17,val,4.380574,0.82
295,18,val,2.836852,0.83
295,19,val,13.329940,0.84
295,20,val,16.130234,0.84
295,21,val,8.859332,0.85
295,22,val,6.503828,0.85
295,23,val,3.794277,0.86
295,24,val,3.268436,0.87
295,25,val,14.606202,0.87
295,26,val,4.064415,0.88
295,27,val,4.787299,0.88
295,28,val,5.234519,0.89
295,29,val,4.778407,0.90
295,30,val,3.723447,0.90
295,31,val,12.466158,0.91
295,32,val,10.091304,0.92
295,33,val,3.080376,0.92
295,34,val,7.426191,0.93
295,35,val,3.305029,0.93
296,0,train,4.391562,0.12
296,1,train,5.131904,0.16
296,2,train,3.253528,0.19
296,3,train,3.848348,0.22
296,4,train,5.531094,0.26
296,5,train,4.385971,0.29
296,6,train,4.475462,0.33
296,7,train,3.742283,0.37
296,8,train,4.379828,0.43
296,9,train,4.316026,0.46
296,10,train,3.962144,0.49
296,11,train,3.585793,0.53
296,12,train,3.564064,0.56
296,13,train,3.092300,0.59
296,0,val,4.712942,0.73
296,1,val,6.982719,0.74
296,2,val,6.660216,0.75
296,3,val,9.647431,0.77
296,4,val,3.627393,0.78
296,5,val,3.737313,0.79
296,6,val,5.102235,0.81
296,7,val,6.854600,0.82
296,8,val,6.925839,0.84
296,9,val,9.531393,0.86
296,10,val,8.004981,0.88
296,11,val,5.314831,0.90
296,12,val,5.545910,0.91
296,13,val,4.003347,0.92
296,14,val,7.698485,0.93
296,15,val,3.569529,0.95
296,16,val,12.293401,0.98
296,17,val,6.375210,0.99
296,18,val,4.905749,1.01
296,19,val,14.311249,1.02
296,20,val,13.955744,1.03
296,21,val,10.278639,1.05
296,22,val,7.043658,1.06
296,23,val,3.559684,1.09
296,24,val,6.687818,1.12
296,25,val,11.094696,1.14
296,26,val,7.304639,1.16
296,27,val,4.842303,1.17
296,28,val,4.590426,1.18
296,29,val,4.606480,1.20
296,30,val,7.458148,1.21
296,31,val,12.612091,1.23
296,32,val,15.428470,1.24
296,33,val,3.692767,1.25
296,34,val,6.062067,1.26
296,35,val,3.537928,1.27
297,0,train,3.879555,0.27
297,1,train,3.128598,0.34
297,2,train,2.555595,0.40
297,3,train,4.644766,0.44
297,4,train,3.653051,0.48
297,5,train,3.796568,0.52
297,6,train,4.444626,0.56
297,7,train,4.953244,0.59
297,8,train,3.066081,0.63
297,9,train,5.098341,0.68
297,10,train,5.615675,0.71
297,11,train,4.010202,0.74
297,12,train,3.125417,0.77
297,13,train,4.635564,0.81
297,0,val,5.325308,0.99
297,1,val,4.161447,1.00
297,2,val,7.294406,1.01
297,3,val,10.902596,1.02
297,4,val,4.884016,1.03
297,5,val,3.833240,1.04
297,6,val,4.039529,1.05
297,7,val,6.458220,1.05
297,8,val,4.692296,1.06
297,9,val,7.633659,1.07
297,10,val,7.061179,1.08
297,11,val,5.740616,1.09
297,12,val,5.320997,1.10
297,13,val,3.574602,1.12
297,14,val,7.071470,1.12
297,15,val,2.785527,1.13
297,16,val,9.256320,1.14
297,17,val,5.961929,1.15
297,18,val,2.971088,1.16
297,19,val,23.700380,1.17
297,20,val,13.973367,1.18
297,21,val,8.430534,1.19
297,22,val,6.062371,1.19
297,23,val,2.938979,1.21
297,24,val,4.785520,1.22
297,25,val,10.771583,1.23
297,26,val,4.896448,1.24
297,27,val,6.063837,1.24
297,28,val,5.062371,1.25
297,29,val,4.125278,1.26
297,30,val,10.296418,1.27
297,31,val,12.826543,1.28
297,32,val,10.854763,1.28
297,33,val,16.559416,1.29
297,34,val,6.382189,1.29
297,35,val,3.512609,1.30
298,0,train,3.424686,0.19
298,1,train,3.991498,0.23
298,2,train,6.056849,0.27
298,3,train,4.067864,0.30
298,4,train,4.188848,0.35
298,5,train,4.463472,0.38
298,6,train,3.912306,0.41
298,7,train,3.829618,0.46
298,8,train,6.250646,0.50
298,9,train,5.070666,0.54
298,10,train,4.449757,0.57
298,11,train,3.263661,0.60
298,12,train,4.795031,0.63
298,13,train,5.654459,0.66
298,0,val,4.656332,0.87
298,1,val,4.465605,0.88
298,2,val,6.633149,0.89
298,3,val,8.680685,0.90
298,4,val,5.729383,0.91
298,5,val,2.509011,0.92
298,6,val,5.322605,0.92
298,7,val,7.089481,0.93
298,8,val,3.299762,0.94
298,9,val,7.670120,0.95
298,10,val,10.251539,0.96
298,11,val,4.487176,0.97
298,12,val,5.568715,0.97
298,13,val,4.408470,0.98
298,14,val,12.497538,0.99
298,15,val,3.574953,1.00
298,16,val,14.767371,1.01
298,17,val,4.887195,1.02
298,18,val,3.298789,1.03
298,19,val,13.270228,1.03
298,20,val,8.586876,1.04
298,21,val,10.929816,1.05
298,22,val,12.124276,1.06
298,23,val,2.911630,1.07
298,24,val,3.702436,1.07
298,25,val,12.706240,1.09
298,26,val,4.757458,1.09
298,27,val,4.711232,1.10
298,28,val,4.997116,1.11
298,29,val,16.559181,1.12
298,30,val,4.333042,1.13
298,31,val,11.842115,1.13
298,32,val,7.976527,1.14
298,33,val,3.961903,1.14
298,34,val,6.259283,1.15
298,35,val,3.285697,1.15
299,0,train,4.073880,0.18
299,1,train,4.015536,0.23
299,2,train,3.877233,0.26
299,3,train,4.252200,0.29
299,4,train,5.186802,0.34
299,5,train,3.460160,0.38
299,6,train,3.823286,0.42
299,7,train,3.559143,0.45
299,8,train,3.778758,0.49
299,9,train,4.918161,0.52
299,10,train,3.463964,0.56
299,11,train,4.709218,0.59
299,12,train,3.501995,0.62
299,13,train,4.660554,0.66
299,0,val,4.373631,0.84
299,1,val,5.186757,0.86
299,2,val,7.544502,0.87
299,3,val,10.010327,0.88
299,4,val,2.857892,0.89
299,5,val,6.221346,0.90
299,6,val,5.113896,0.91
299,7,val,6.254847,0.92
299,8,val,2.847330,0.93
299,9,val,10.656689,0.94
299,10,val,12.456870,0.95
299,11,val,4.169679,0.97
299,12,val,8.953668,0.98
299,13,val,5.311682,0.99
299,14,val,7.388229,1.00
299,15,val,2.329791,1.01
299,16,val,10.800635,1.02
299,17,val,9.358909,1.03
299,18,val,11.068984,1.04
299,19,val,12.668552,1.05
299,20,val,8.599528,1.07
299,21,val,12.910779,1.08
299,22,val,7.404043,1.09
299,23,val,3.170090,1.10
299,24,val,2.360341,1.11
299,25,val,10.771563,1.12
299,26,val,10.078494,1.13
299,27,val,5.785113,1.13
299,28,val,4.262730,1.14
299,29,val,4.611559,1.15
299,30,val,4.656351,1.15
299,31,val,11.743500,1.16
299,32,val,7.894913,1.17
299,33,val,2.842226,1.17
299,34,val,6.185483,1.18
299,35,val,4.368687,1.18
0,0,train,104.036407,1.44
0,1,train,81.796799,1.49
0,2,train,80.173843,1.54
0,3,train,86.995285,1.59
0,4,train,55.136368,1.64
0,5,train,45.581310,1.69
0,6,train,37.177345,1.73
0,7,train,46.017387,1.77
0,8,train,48.308941,1.81
0,9,train,37.579613,1.85
0,10,train,39.484188,1.88
0,11,train,38.810894,1.91
0,12,train,33.161407,1.94
0,13,train,34.194550,1.97
0,0,val,12.987008,2.18
0,1,val,12.420700,2.20
0,2,val,41.203396,2.21
0,3,val,53.322330,2.21
0,4,val,9.825144,2.22
0,5,val,13.667089,2.23
0,6,val,57.579662,2.24
0,7,val,15.744738,2.25
0,8,val,12.802859,2.26
0,9,val,55.369694,2.27
0,10,val,69.370277,2.28
0,11,val,40.526573,2.28
0,12,val,48.747101,2.30
0,13,val,39.905998,2.30
0,14,val,36.514183,2.31
0,15,val,23.697517,2.32
0,16,val,58.069347,2.33
0,17,val,20.765060,2.34
0,18,val,19.638222,2.35
0,19,val,69.740982,2.35
0,20,val,34.778103,2.36
0,21,val,45.905701,2.37
0,22,val,48.689125,2.38
0,23,val,22.706079,2.39
0,24,val,14.670798,2.40
0,25,val,68.035820,2.41
0,26,val,13.489313,2.42
0,27,val,17.033691,2.43
0,28,val,12.802893,2.43
0,29,val,10.847925,2.44
0,30,val,21.878637,2.45
0,31,val,65.810951,2.46
0,32,val,51.367737,2.46
0,33,val,15.568995,2.47
0,34,val,44.275078,2.48
0,35,val,14.522249,2.48
1,0,train,43.150970,0.18
1,1,train,38.677635,0.23
1,2,train,27.504274,0.28
1,3,train,32.123024,0.32
1,4,train,42.749100,0.36
1,5,train,30.642193,0.39
1,6,train,33.379215,0.42
1,7,train,40.076733,0.46
1,8,train,42.057823,0.49
1,9,train,24.112942,0.52
1,10,train,30.552036,0.55
1,11,train,23.494062,0.58
1,12,train,32.166512,0.61
1,13,train,29.996887,0.64
1,0,val,9.779130,0.76
1,1,val,15.775807,0.76
1,2,val,36.591362,0.77
1,3,val,45.308079,0.78
1,4,val,7.610467,0.78
1,5,val,5.981074,0.80
1,6,val,49.079712,0.80
1,7,val,16.969042,0.81
1,8,val,7.468805,0.82
1,9,val,40.864555,0.82
1,10,val,45.438202,0.83
1,11,val,36.285522,0.84
1,12,val,37.223011,0.84
1,13,val,29.107672,0.85
1,14,val,26.451456,0.85
1,15,val,15.990500,0.86
1,16,val,39.975502,0.87
1,17,val,17.260973,0.87
1,18,val,6.019417,0.88
1,19,val,56.658630,0.89
1,20,val,18.346903,0.90
1,21,val,37.501144,0.90
1,22,val,35.348034,0.91
1,23,val,29.036278,0.92
1,24,val,11.604349,0.93
1,25,val,66.126373,0.94
1,26,val,11.568051,0.95
1,27,val,12.742513,0.95
1,28,val,7.773835,0.96
1,29,val,10.262765,0.96
1,30,val,6.695724,0.97
1,31,val,56.747143,0.98
1,32,val,42.514793,0.98
1,33,val,6.996178,0.99
1,34,val,26.599600,1.00
1,35,val,9.428995,1.00
2,0,train,23.615023,0.14
2,1,train,31.273859,0.17
2,2,train,31.390099,0.21
2,3,train,26.488579,0.24
2,4,train,22.206045,0.28
2,5,train,28.198246,0.31
2,6,train,26.933399,0.35
2,7,train,24.602400,0.38
2,8,train,30.015333,0.41
2,9,train,27.034817,0.44
2,10,train,26.823471,0.47
2,11,train,33.790478,0.50
2,12,train,29.037027,0.53
2,13,train,27.674654,0.56
2,0,val,9.068551,0.69
2,1,val,6.744839,0.70
2,2,val,32.519852,0.71
2,3,val,40.967396,0.72
2,4,val,9.649179,0.72
2,5,val,7.036356,0.73
2,6,val,44.751068,0.74
2,7,val,10.740026,0.74
2,8,val,6.890908,0.75
2,9,val,39.925793,0.75
2,10,val,45.093849,0.76
2,11,val,32.692352,0.77
2,12,val,34.124294,0.78
2,13,val,23.757389,0.78
2,14,val,21.505878,0.79
2,15,val,15.338789,0.79
2,16,val,40.340988,0.80
2,17,val,16.293005,0.81
2,18,val,7.924008,0.82
2,19,val,52.197346,0.82
2,20,val,15.585270,0.83
2,21,val,30.694782,0.84
2,22,val,37.091511,0.84
2,23,val,17.417303,0.85
2,24,val,7.145085,0.86
2,25,val,53.313526,0.86
2,26,val,9.926772,0.87
2,27,val,9.074790,0.88
2,28,val,9.860851,0.88
2,29,val,5.818720,0.89
2,30,val,7.340734,0.90
2,31,val,55.290146,0.90
2,32,val,40.095524,0.91
2,33,val,8.677551,0.91
2,34,val,27.862995,0.92
2,35,val,7.963862,0.92
3,0,train,32.496563,0.16
3,1,train,18.826096,0.20
3,2,train,30.911718,0.23
3,3,train,30.563599,0.26
3,4,train,32.428722,0.29
3,5,train,32.852097,0.33
3,6,train,19.184788,0.35
3,7,train,26.017689,0.39
3,8,train,31.485769,0.42
3,9,train,21.375809,0.46
3,10,train,21.383272,0.49
3,11,train,23.358601,0.52
3,12,train,27.364594,0.55
3,13,train,25.242229,0.58
3,0,val,12.128420,0.70
3,1,val,5.455967,0.71
3,2,val,29.945255,0.71
3,3,val,40.975449,0.72
3,4,val,3.949085,0.73
3,5,val,5.283236,0.74
3,6,val,43.925701,0.74
3,7,val,10.310019,0.75
3,8,val,10.211778,0.76
3,9,val,38.279232,0.76
3,10,val,54.129139,0.77
3,11,val,27.971964,0.78
3,12,val,34.976566,0.78
3,13,val,20.208097,0.79
3,14,val,21.405279,0.79
3,15,val,13.672821,0.80
3,16,val,31.790222,0.81
3,17,val,18.004419,0.81
3,18,val,4.989531,0.82
3,19,val,52.064556,0.83
3,20,val,14.275444,0.84
3,21,val,30.980089,0.84
3,22,val,28.544863,0.85
3,23,val,12.474670,0.85
3,24,val,4.546253,0.86
3,25,val,50.579933,0.87
3,26,val,6.305138,0.88
3,27,val,7.251590,0.88
3,28,val,8.399907,0.89
3,29,val,7.386620,0.90
3,30,val,4.346735,0.90
3,31,val,45.687843,0.91
3,32,val,43.793976,0.91
3,33,val,9.574690,0.92
3,34,val,31.815287,0.92
3,35,val,27.169331,0.93
4,0,train,21.884512,0.16
4,1,train,22.221012,0.19
4,2,train,21.821230,0.23
4,3,train,26.036425,0.26
4,4,train,25.528877,0.29
4,5,train,22.995216,0.34
4,6,train,25.534103,0.37
4,7,train,21.701975,0.40
4,8,train,26.472759,0.44
4,9,train,22.019520,0.47
4,10,train,25.976265,0.50
4,11,train,33.405510,0.53
4,12,train,20.443911,0.56
4,13,train,17.348866,0.59
4,0,val,8.250412,0.70
4,1,val,9.494497,0.71
4,2,val,29.222965,0.71
4,3,val,39.325821,0.72
4,4,val,5.355584,0.73
4,5,val,5.950322,0.74
4,6,val,47.380070,0.74
4,7,val,8.900069,0.75
4,8,val,5.651413,0.76
4,9,val,38.300327,0.76
4,10,val,39.687290,0.77
4,11,val,27.182182,0.78
4,12,val,33.730160,0.78
4,13,val,18.549997,0.79
4,14,val,25.014578,0.80
4,15,val,10.549319,0.80
4,16,val,32.429573,0.81
4,17,val,11.852829,0.82
4,18,val,5.896938,0.82
4,19,val,48.102325,0.83
4,20,val,16.281319,0.84
4,21,val,30.031666,0.84
4,22,val,28.427052,0.85
4,23,val,13.125873,0.86
4,24,val,7.321424,0.86
4,25,val,61.035904,0.87
4,26,val,12.164339,0.88
4,27,val,4.982673,0.88
4,28,val,16.990690,0.89
4,29,val,8.793437,0.89
4,30,val,6.657455,0.90
4,31,val,44.537716,0.91
4,32,val,39.835373,0.91
4,33,val,9.065015,0.92
4,34,val,24.257418,0.92
4,35,val,6.184507,0.93
5,0,train,20.311504,0.16
5,1,train,25.773422,0.20
5,2,train,29.253996,0.23
5,3,train,19.330212,0.26
5,4,train,19.983006,0.30
5,5,train,26.893637,0.33
5,6,train,22.210594,0.37
5,7,train,20.907301,0.40
5,8,train,27.174137,0.44
5,9,train,23.886265,0.47
5,10,train,25.793926,0.50
5,11,train,29.617220,0.53
5,12,train,24.122337,0.56
5,13,train,27.933083,0.59
5,0,val,6.890107,0.70
5,1,val,5.176867,0.71
5,2,val,31.286934,0.71
5,3,val,40.493427,0.72
5,4,val,9.677809,0.73
5,5,val,8.228615,0.74
5,6,val,44.677708,0.75
5,7,val,11.178888,0.75
5,8,val,7.505985,0.76
5,9,val,35.732422,0.77
5,10,val,48.628601,0.77
5,11,val,28.658960,0.78
5,12,val,32.813679,0.79
5,13,val,20.382530,0.79
5,14,val,20.012836,0.80
5,15,val,17.253643,0.81
5,16,val,31.655355,0.81
5,17,val,11.011341,0.82
5,18,val,3.998674,0.82
5,19,val,48.102383,0.83
5,20,val,14.138947,0.84
5,21,val,31.162968,0.85
5,22,val,28.211407,0.85
5,23,val,11.193152,0.86
5,24,val,4.699607,0.87
5,25,val,53.081024,0.87
5,26,val,6.463631,0.88
5,27,val,4.770594,0.88
5,28,val,7.457180,0.89
5,29,val,5.475709,0.90
5,30,val,7.444134,0.90
5,31,val,44.541683,0.91
5,32,val,38.454601,0.91
5,33,val,6.648024,0.92
5,34,val,37.489887,0.92
5,35,val,3.714329,0.93
6,0,train,21.435991,0.13
6,1,train,19.564312,0.16
6,2,train,20.254744,0.20
6,3,train,18.953741,0.23
6,4,train,24.235962,0.26
6,5,train,20.524563,0.30
6,6,train,14.815632,0.33
6,7,train,25.884977,0.36
6,8,train,27.717125,0.39
6,9,train,21.477486,0.42
6,10,train,26.907646,0.45
6,11,train,23.576584,0.48
6,12,train,17.963295,0.51
6,13,train,29.077587,0.54
6,0,val,6.841188,0.71
6,1,val,4.623529,0.72
6,2,val,28.301714,0.73
6,3,val,37.073112,0.74
6,4,val,4.321521,0.75
6,5,val,7.384552,0.76
6,6,val,40.356190,0.77
6,7,val,8.462770,0.77
6,8,val,4.035043,0.79
6,9,val,39.775604,0.79
6,10,val,37.685688,0.80
6,11,val,27.221716,0.81
6,12,val,34.080059,0.82
6,13,val,18.546099,0.83
6,14,val,21.526197,0.84
6,15,val,9.444961,0.85
6,16,val,28.217382,0.86
6,17,val,11.432256,0.87
6,18,val,4.215507,0.88
6,19,val,54.804085,0.89
6,20,val,14.267445,0.89
6,21,val,36.393696,0.90
6,22,val,28.541967,0.91
6,23,val,11.043325,0.92
6,24,val,5.478421,0.93
6,25,val,48.452576,0.94
6,26,val,9.281486,0.95
6,27,val,6.594838,0.96
6,28,val,14.453245,0.97
6,29,val,6.880649,0.98
6,30,val,8.144486,0.99
6,31,val,43.840988,1.00
6,32,val,34.222836,1.00
6,33,val,10.136749,1.01
6,34,val,26.013403,1.02
6,35,val,3.850518,1.02
7,0,train,26.509443,0.21
7,1,train,19.023113,0.25
7,2,train,20.581507,0.30
7,3,train,35.938774,0.33
7,4,train,21.478252,0.38
7,5,train,18.681881,0.42
7,6,train,25.138760,0.46
7,7,train,21.996830,0.51
7,8,train,18.750168,0.55
7,9,train,26.098755,0.59
7,10,train,14.639249,0.63
7,11,train,20.976910,0.66
7,12,train,28.080879,0.69
7,13,train,14.335211,0.72
7,0,val,4.264624,0.91
7,1,val,16.492100,0.92
7,2,val,28.865192,0.93
7,3,val,35.485554,0.94
7,4,val,7.516166,0.95
7,5,val,5.311508,0.96
7,6,val,43.316681,0.96
7,7,val,7.737435,0.97
7,8,val,5.175719,0.98
7,9,val,30.211000,0.99
7,10,val,39.768055,1.00
7,11,val,26.480881,1.00
7,12,val,29.817184,1.01
7,13,val,17.907892,1.02
7,14,val,18.589439,1.03
7,15,val,8.989410,1.04
7,16,val,29.006239,1.05
7,17,val,11.664290,1.06
7,18,val,3.078309,1.07
7,19,val,45.120205,1.08
7,20,val,12.688619,1.09
7,21,val,28.152641,1.10
7,22,val,25.849131,1.11
7,23,val,14.156511,1.12
7,24,val,3.708395,1.13
7,25,val,51.254200,1.14
7,26,val,5.687666,1.15
7,27,val,7.495543,1.15
7,28,val,6.609190,1.16
7,29,val,12.111232,1.17
7,30,val,5.370306,1.18
7,31,val,42.854111,1.19
7,32,val,35.325024,1.19
7,33,val,3.745632,1.20
7,34,val,29.640226,1.20
7,35,val,4.293541,1.21
8,0,train,26.020182,0.28
8,1,train,22.922482,0.33
8,2,train,16.626358,0.38
8,3,train,25.177254,0.43
8,4,train,25.708096,0.48
8,5,train,19.861275,0.54
8,6,train,17.292389,0.61
8,7,train,19.093290,0.66
8,8,train,19.670683,0.70
8,9,train,21.377356,0.76
8,10,train,18.238224,0.80
8,11,train,24.533840,0.83
8,12,train,21.675537,0.87
8,13,train,23.651485,0.91
8,0,val,5.804372,1.08
8,1,val,8.844132,1.09
8,2,val,28.704819,1.11
8,3,val,35.157856,1.12
8,4,val,10.044602,1.13
8,5,val,9.340493,1.14
8,6,val,37.498524,1.15
8,7,val,11.932151,1.16
8,8,val,4.643244,1.17
8,9,val,30.449461,1.18
8,10,val,37.941738,1.19
8,11,val,28.082788,1.20
8,12,val,31.944719,1.21
8,13,val,24.014200,1.22
8,14,val,21.528385,1.23
8,15,val,11.038377,1.24
8,16,val,27.183863,1.26
8,17,val,18.765427,1.27
8,18,val,10.762120,1.28
8,19,val,51.346725,1.29
8,20,val,15.829550,1.30
8,21,val,27.170387,1.32
8,22,val,26.430075,1.33
8,23,val,10.224854,1.33
8,24,val,4.481589,1.34
8,25,val,50.691513,1.35
8,26,val,6.502051,1.36
8,27,val,5.309937,1.37
8,28,val,8.485826,1.38
8,29,val,5.950620,1.39
8,30,val,5.430297,1.40
8,31,val,41.414616,1.41
8,32,val,47.202183,1.41
8,33,val,5.038688,1.42
8,34,val,22.470287,1.43
8,35,val,5.171742,1.43
9,0,train,21.904434,0.15
9,1,train,29.450947,0.21
9,2,train,20.170330,0.25
9,3,train,16.357876,0.29
9,4,train,24.255936,0.33
9,5,train,19.216427,0.37
9,6,train,22.994213,0.41
9,7,train,17.087887,0.45
9,8,train,19.649353,0.49
9,9,train,26.215691,0.52
9,10,train,16.382759,0.56
9,11,train,18.861595,0.59
9,12,train,16.669573,0.62
9,13,train,23.348558,0.65
9,0,val,8.950050,0.86
9,1,val,5.375771,0.88
9,2,val,34.115997,0.89
9,3,val,37.446503,0.90
9,4,val,3.752274,0.91
9,5,val,4.459190,0.91
9,6,val,37.617676,0.92
9,7,val,7.562537,0.93
9,8,val,5.013591,0.94
9,9,val,34.352791,0.96
9,10,val,40.210049,0.97
9,11,val,23.201963,0.98
9,12,val,31.548933,0.99
9,13,val,18.325453,1.00
9,14,val,18.885712,1.01
9,15,val,16.876888,1.02
9,16,val,27.582203,1.03
9,17,val,10.930889,1.05
9,18,val,5.549197,1.06
9,19,val,45.807323,1.07
9,20,val,12.098344,1.08
9,21,val,29.042355,1.09
9,22,val,24.838327,1.10
9,23,val,10.121023,1.11
9,24,val,8.702210,1.12
9,25,val,46.141102,1.13
9,26,val,14.199065,1.14
9,27,val,3.515368,1.15
9,28,val,5.660605,1.16
9,29,val,9.803988,1.17
9,30,val,9.407224,1.18
9,31,val,42.871738,1.19
9,32,val,36.806198,1.20
9,33,val,3.820630,1.20
9,34,val,21.365522,1.21
9,35,val,5.553967,1.22
10,0,train,20.864603,0.14
10,1,train,16.714096,0.19
10,2,train,16.543922,0.24
10,3,train,19.016823,0.28
10,4,train,22.281736,0.33
10,5,train,15.004911,0.36
10,6,train,24.760521,0.39
10,7,train,21.785307,0.42
10,8,train,27.610195,0.45
10,9,train,22.121031,0.49
10,10,train,16.584314,0.52
10,11,train,15.313344,0.55
10,12,train,15.275465,0.58
10,13,train,24.008167,0.61
10,0,val,11.715373,0.72
10,1,val,8.430818,0.73
10,2,val,27.118046,0.74
10,3,val,33.511280,0.74
10,4,val,4.822516,0.75
10,5,val,8.312335,0.76
10,6,val,37.675018,0.77
10,7,val,14.383040,0.78
10,8,val,4.240276,0.78
10,9,val,29.735607,0.79
10,10,val,34.723324,0.80
10,11,val,27.625120,0.80
10,12,val,33.070953,0.81
10,13,val,17.525614,0.82
10,14,val,17.159260,0.82
10,15,val,14.033082,0.83
10,16,val,25.940987,0.84
10,17,val,10.140228,0.84
10,18,val,5.716831,0.85
10,19,val,47.257305,0.85
10,20,val,13.537797,0.86
10,21,val,26.137173,0.87
10,22,val,26.190401,0.88
10,23,val,9.720278,0.89
10,24,val,6.134715,0.89
10,25,val,46.499447,0.90
10,26,val,6.908012,0.90
10,27,val,8.132936,0.91
10,28,val,5.828443,0.92
10,29,val,5.819269,0.92
10,30,val,4.904443,0.93
10,31,val,53.189396,0.94
10,32,val,33.166187,0.94
10,33,val,5.436593,0.94
10,34,val,20.589500,0.95
10,35,val,3.103463,0.95
11,0,train,26.942596,0.14
11,1,train,20.762465,0.18
11,2,train,23.387093,0.21
11,3,train,20.727203,0.25
11,4,train,23.629189,0.29
11,5,train,15.557529,0.33
11,6,train,17.916721,0.36
11,7,train,21.701256,0.39
11,8,train,29.026249,0.43
11,9,train,24.686174,0.46
11,10,train,26.906532,0.49
11,11,train,16.548868,0.52
11,12,train,18.125458,0.55
11,13,train,25.751205,0.58
11,0,val,5.276749,0.69
11,1,val,5.223379,0.70
11,2,val,25.754362,0.71
11,3,val,33.302971,0.71
11,4,val,4.532637,0.72
11,5,val,5.014338,0.73
11,6,val,35.949696,0.74
11,7,val,7.010377,0.75
11,8,val,2.869646,0.75
11,9,val,32.732643,0.76
11,10,val,37.559525,0.77
11,11,val,21.483093,0.77
11,12,val,30.757189,0.78
11,13,val,17.355450,0.78
11,14,val,16.720737,0.79
11,15,val,10.344768,0.80
11,16,val,25.600557,0.80
11,17,val,10.638329,0.81
11,18,val,12.082767,0.81
11,19,val,44.669392,0.82
11,20,val,14.583857,0.83
11,21,val,29.549086,0.84
11,22,val,25.968096,0.84
11,23,val,14.923736,0.85
11,24,val,5.571551,0.86
11,25,val,46.102612,0.86
11,26,val,8.398647,0.87
11,27,val,4.891703,0.88
11,28,val,4.218751,0.88
11,29,val,4.235187,0.89
11,30,val,9.727443,0.90
11,31,val,41.413593,0.90
11,32,val,31.755611,0.91
11,33,val,8.350529,0.91
11,34,val,22.205582,0.91
11,35,val,6.165898,0.92
12,0,train,21.807720,0.14
12,1,train,16.164181,0.18
12,2,train,21.893141,0.21
12,3,train,21.312157,0.24
12,4,train,15.494396,0.28
12,5,train,19.483473,0.31
12,6,train,22.909227,0.34
12,7,train,26.108967,0.37
12,8,train,17.171898,0.41
12,9,train,16.361935,0.44
12,10,train,19.849085,0.47
12,11,train,17.701735,0.50
12,12,train,20.407633,0.53
12,13,train,21.780571,0.56
12,0,val,13.080904,0.69
12,1,val,9.522787,0.70
12,2,val,24.653442,0.70
12,3,val,33.100502,0.71
12,4,val,5.041080,0.72
12,5,val,12.367035,0.73
12,6,val,36.324631,0.73
12,7,val,8.880951,0.74
12,8,val,6.489171,0.75
12,9,val,37.495083,0.75
12,10,val,37.701477,0.76
12,11,val,24.567911,0.77
12,12,val,35.302631,0.77
12,13,val,17.102716,0.78
12,14,val,17.438562,0.78
12,15,val,7.304975,0.79
12,16,val,25.955843,0.80
12,17,val,20.032635,0.80
12,18,val,5.813232,0.81
12,19,val,43.578262,0.81
12,20,val,15.589067,0.82
12,21,val,25.686419,0.83
12,22,val,33.018753,0.84
12,23,val,13.942758,0.84
12,24,val,5.039080,0.85
12,25,val,44.343403,0.86
12,26,val,4.182657,0.86
12,27,val,6.972073,0.87
12,28,val,5.710573,0.87
12,29,val,7.459310,0.88
12,30,val,13.116425,0.89
12,31,val,42.963299,0.89
12,32,val,38.129044,0.90
12,33,val,6.766845,0.90
12,34,val,20.645187,0.91
12,35,val,3.268814,0.91
13,0,train,18.158243,0.12
13,1,train,18.337048,0.16
13,2,train,11.872131,0.20
13,3,train,11.728919,0.23
13,4,train,18.043013,0.27
13,5,train,25.134121,0.30
13,6,train,15.505301,0.33
13,7,train,18.484129,0.36
13,8,train,15.715334,0.40
13,9,train,14.669860,0.43
13,10,train,26.063404,0.46
13,11,train,26.873791,0.49
13,12,train,18.689169,0.52
13,13,train,21.814499,0.55
13,0,val,8.841396,0.66
13,1,val,4.940247,0.66
13,2,val,26.710871,0.67
13,3,val,35.744228,0.68
13,4,val,3.491523,0.68
13,5,val,9.267339,0.69
13,6,val,33.649250,0.70
13,7,val,5.960033,0.71
13,8,val,5.112630,0.72
13,9,val,28.525238,0.73
13,10,val,33.590267,0.73
13,11,val,23.909334,0.74
13,12,val,30.370173,0.74
13,13,val,15.750053,0.75
13,14,val,15.646164,0.76
13,15,val,7.835119,0.76
13,16,val,25.458912,0.77
13,17,val,9.898407,0.78
13,18,val,7.679602,0.78
13,19,val,42.212345,0.79
13,20,val,13.010950,0.79
13,21,val,29.536104,0.80
13,22,val,27.938568,0.81
13,23,val,8.565947,0.82
13,24,val,3.555995,0.82
13,25,val,43.316490,0.83
13,26,val,7.529284,0.83
13,27,val,5.263410,0.84
13,28,val,4.116560,0.85
13,29,val,4.386418,0.85
13,30,val,4.950743,0.86
13,31,val,40.742630,0.86
13,32,val,30.986221,0.87
13,33,val,3.655843,0.87
13,34,val,21.792860,0.88
13,35,val,10.066125,0.88
14,0,train,27.128963,0.14
14,1,train,18.967972,0.17
14,2,train,18.594202,0.21
14,3,train,17.714985,0.45
14,4,train,18.568871,0.49
14,5,train,20.689379,0.52
14,6,train,27.311319,0.55
14,7,train,18.144398,0.58
14,8,train,17.757755,0.62
14,9,train,16.591589,0.65
14,10,train,16.882172,0.67
14,11,train,16.649675,0.70
14,12,train,18.402353,0.74
14,13,train,14.796244,0.77
14,0,val,3.617376,0.88
14,1,val,16.278561,0.89
14,2,val,23.855242,0.90
14,3,val,33.464432,0.91
14,4,val,5.802131,0.91
14,5,val,10.700981,0.93
14,6,val,34.430851,0.93
14,7,val,6.988625,0.94
14,8,val,3.997623,0.95
14,9,val,29.410196,0.95
14,10,val,39.693867,0.96
14,11,val,23.344282,0.97
14,12,val,27.309601,0.98
14,13,val,22.275808,0.98
14,14,val,16.584377,0.99
14,15,val,25.324200,1.00
14,16,val,25.221863,1.00
14,17,val,11.079632,1.01
14,18,val,8.230547,1.02
14,19,val,42.805149,1.03
14,20,val,11.288200,1.03
14,21,val,28.384134,1.04
14,22,val,22.241699,1.05
14,23,val,12.178060,1.05
14,24,val,6.578470,1.06
14,25,val,43.344288,1.07
14,26,val,14.272263,1.08
14,27,val,4.663932,1.09
14,28,val,3.918943,1.10
14,29,val,19.728951,1.11
14,30,val,12.439137,1.12
14,31,val,43.342724,1.13
14,32,val,33.943230,1.13
14,33,val,5.197941,1.13
14,34,val,20.748760,1.14
14,35,val,5.344451,1.14
15,0,train,12.653323,0.14
15,1,train,12.388800,0.18
15,2,train,19.007946,0.21
15,3,train,18.085201,0.25
15,4,train,11.099340,0.28
15,5,train,22.050217,0.32
15,6,train,15.243944,0.35
15,7,train,17.806507,0.38
15,8,train,15.480510,0.42
15,9,train,16.912659,0.45
15,10,train,15.868895,0.49
15,11,train,18.537800,0.51
15,12,train,20.493425,0.54
15,13,train,14.251464,0.57
15,0,val,5.075878,0.70
15,1,val,8.766846,0.71
15,2,val,24.679697,0.71
15,3,val,31.594835,0.72
15,4,val,4.507993,0.72
15,5,val,4.482301,0.74
15,6,val,36.431190,0.74
15,7,val,6.189999,0.75
15,8,val,4.890836,0.76
15,9,val,29.303179,0.76
15,10,val,35.134838,0.77
15,11,val,21.544403,0.77
15,12,val,27.030197,0.78
15,13,val,19.097004,0.79
15,14,val,15.296679,0.79
15,15,val,7.747818,0.80
15,16,val,24.149261,0.81
15,17,val,10.471158,0.81
15,18,val,3.125226,0.82
15,19,val,42.082294,0.83
15,20,val,11.935354,0.84
15,21,val,25.434313,0.84
15,22,val,24.436932,0.85
15,23,val,8.631401,0.86
15,24,val,3.125944,0.86
15,25,val,42.195789,0.87
15,26,val,4.851876,0.88
15,27,val,6.111562,0.88
15,28,val,9.131547,0.89
15,29,val,4.497982,0.90
15,30,val,3.588967,0.90
15,31,val,39.427814,0.91
15,32,val,32.069439,0.92
15,33,val,8.478755,0.92
15,34,val,19.381403,0.92
15,35,val,3.241307,0.93
16,0,train,16.075043,0.16
16,1,train,17.764481,0.20
16,2,train,16.994951,0.23
16,3,train,12.508640,0.27
16,4,train,20.193110,0.31
16,5,train,15.477784,0.34
16,6,train,19.415478,0.37
16,7,train,21.271187,0.40
16,8,train,32.127583,0.43
16,9,train,20.821064,0.47
16,10,train,19.544613,0.51
16,11,train,24.208908,0.55
16,12,train,20.401318,0.58
16,13,train,12.700267,0.61
16,0,val,7.987261,0.75
16,1,val,4.414391,0.76
16,2,val,23.575508,0.77
16,3,val,31.764042,0.77
16,4,val,5.294522,0.79
16,5,val,4.906382,0.80
16,6,val,33.543972,0.81
16,7,val,9.733366,0.82
16,8,val,5.305356,0.82
16,9,val,25.777737,0.83
16,10,val,35.459934,0.84
16,11,val,20.519320,0.84
16,12,val,27.880829,0.85
16,13,val,14.573678,0.86
16,14,val,16.818796,0.86
16,15,val,8.267901,0.87
16,16,val,24.171751,0.88
16,17,val,9.892214,0.89
16,18,val,5.853309,0.90
16,19,val,41.301174,0.90
16,20,val,12.655278,0.91
16,21,val,25.448349,0.92
16,22,val,22.448595,0.93
16,23,val,7.950608,0.94
16,24,val,7.681798,0.95
16,25,val,41.590313,0.96
16,26,val,12.995758,0.97
16,27,val,4.706454,0.98
16,28,val,10.156421,1.00
16,29,val,4.937261,1.00
16,30,val,3.367464,1.01
16,31,val,38.637745,1.02
16,32,val,31.174841,1.02
16,33,val,4.208800,1.03
16,34,val,19.764576,1.03
16,35,val,2.937798,1.03
17,0,train,15.625901,0.28
17,1,train,15.204751,0.33
17,2,train,21.370003,0.38
17,3,train,18.705624,0.42
17,4,train,15.750038,0.46
17,5,train,21.567806,0.50
17,6,train,26.308973,0.53
17,7,train,13.650534,0.57
17,8,train,24.894159,0.61
17,9,train,16.937283,0.65
17,10,train,21.512199,0.68
17,11,train,21.806763,0.71
17,12,train,18.348524,0.75
17,13,train,17.523645,0.78
17,0,val,5.010602,0.99
17,1,val,10.573277,1.01
17,2,val,28.890152,1.02
17,3,val,31.893538,1.03
17,4,val,3.265972,1.04
17,5,val,4.167335,1.04
17,6,val,32.492828,1.05
17,7,val,6.540682,1.06
17,8,val,4.943495,1.07
17,9,val,25.106833,1.08
17,10,val,38.018005,1.09
17,11,val,18.934925,1.10
17,12,val,30.249573,1.11
17,13,val,19.821932,1.12
17,14,val,15.232874,1.12
17,15,val,7.583997,1.13
17,16,val,23.853294,1.14
17,17,val,10.300983,1.15
17,18,val,3.366236,1.16
17,19,val,39.615742,1.17
17,20,val,11.756723,1.18
17,21,val,24.785982,1.19
17,22,val,23.315626,1.19
17,23,val,12.722750,1.20
17,24,val,5.061159,1.22
17,25,val,42.518646,1.23
17,26,val,5.079782,1.24
17,27,val,4.288151,1.25
17,28,val,3.983544,1.26
17,29,val,5.294722,1.26
17,30,val,10.263818,1.27
17,31,val,37.904423,1.28
17,32,val,28.812099,1.29
17,33,val,4.045202,1.29
17,34,val,27.536890,1.30
17,35,val,5.588050,1.30
18,0,train,22.254498,0.16
18,1,train,18.855839,0.21
18,2,train,18.313101,0.25
18,3,train,26.778851,0.29
18,4,train,21.927433,0.33
18,5,train,18.593254,0.37
18,6,train,19.901043,0.40
18,7,train,13.191893,0.44
18,8,train,13.311208,0.48
18,9,train,15.807936,0.52
18,10,train,15.480698,0.55
18,11,train,12.866669,0.58
18,12,train,16.229095,0.61
18,13,train,15.257369,0.65
18,0,val,4.120867,0.81
18,1,val,4.830637,0.82
18,2,val,26.721142,0.83
18,3,val,32.106438,0.84
18,4,val,4.143338,0.85
18,5,val,3.754839,0.86
18,6,val,33.403698,0.87
18,7,val,8.166839,0.88
18,8,val,6.051050,0.89
18,9,val,24.918453,0.90
18,10,val,31.358217,0.91
18,11,val,19.259491,0.92
18,12,val,25.520164,0.93
18,13,val,20.772085,0.94
18,14,val,16.254297,0.95
18,15,val,7.102551,0.96
18,16,val,40.148796,0.97
18,17,val,15.116907,0.97
18,18,val,8.146802,0.98
18,19,val,39.424629,0.99
18,20,val,13.077757,1.00
18,21,val,32.349056,1.01
18,22,val,21.690973,1.02
18,23,val,8.641004,1.03
18,24,val,2.839975,1.04
18,25,val,40.226971,1.05
18,26,val,4.548799,1.06
18,27,val,10.509622,1.07
18,28,val,4.452140,1.07
18,29,val,3.801944,1.08
18,30,val,4.721015,1.09
18,31,val,37.387638,1.10
18,32,val,30.593792,1.10
18,33,val,3.246202,1.11
18,34,val,19.250723,1.12
18,35,val,6.503107,1.13
19,0,train,19.384647,0.18
19,1,train,20.405979,0.23
19,2,train,22.965189,0.27
19,3,train,14.651812,0.30
19,4,train,24.130110,0.35
19,5,train,15.134690,0.39
19,6,train,10.925171,0.42
19,7,train,17.908678,0.47
19,8,train,13.426380,0.51
19,9,train,16.651218,0.55
19,10,train,21.060656,0.58
19,11,train,18.537848,0.61
19,12,train,21.089636,0.64
19,13,train,13.132692,0.67
19,0,val,3.923879,0.84
19,1,val,4.412639,0.86
19,2,val,23.020765,0.87
19,3,val,36.292614,0.88
19,4,val,3.046027,0.89
19,5,val,6.226658,0.90
19,6,val,30.699490,0.90
19,7,val,8.387616,0.91
19,8,val,8.221335,0.92
19,9,val,26.477638,0.94
19,10,val,30.724541,0.94
19,11,val,18.950155,0.96
19,12,val,26.340412,0.97
19,13,val,14.103219,0.98
19,14,val,18.837275,0.99
19,15,val,6.851685,1.00
19,16,val,23.670547,1.01
19,17,val,9.187831,1.02
19,18,val,5.789825,1.03
19,19,val,43.125408,1.03
19,20,val,11.977716,1.04
19,21,val,24.635092,1.05
19,22,val,24.411352,1.06
19,23,val,11.038989,1.07
19,24,val,4.441629,1.08
19,25,val,40.003193,1.09
19,26,val,4.334526,1.10
19,27,val,7.774703,1.10
19,28,val,4.409014,1.11
19,29,val,7.197246,1.12
19,30,val,4.351521,1.13
19,31,val,37.701817,1.14
19,32,val,27.318863,1.14
19,33,val,10.120715,1.15
19,34,val,19.703304,1.15
19,35,val,3.662192,1.16
20,0,train,19.513813,0.18
20,1,train,21.431065,0.22
20,2,train,22.348278,0.25
20,3,train,14.052708,0.28
20,4,train,11.155311,0.32
20,5,train,17.070923,0.35
20,6,train,13.570230,0.39
20,7,train,15.538440,0.44
20,8,train,18.427723,0.47
20,9,train,17.239906,0.50
20,10,train,22.486298,0.53
20,11,train,14.594393,0.56
20,12,train,12.962301,0.59
20,13,train,8.955170,0.62
20,0,val,6.287612,0.74
20,1,val,5.097973,0.75
20,2,val,23.664244,0.75
20,3,val,31.075832,0.76
20,4,val,7.011202,0.77
20,5,val,4.562308,0.78
20,6,val,29.992437,0.78
20,7,val,6.264487,0.79
20,8,val,3.416298,0.80
20,9,val,23.716822,0.80
20,10,val,31.160263,0.81
20,11,val,18.979290,0.82
20,12,val,27.123665,0.82
20,13,val,14.331330,0.83
20,14,val,27.989527,0.83
20,15,val,8.682744,0.84
20,16,val,44.502872,0.85
20,17,val,8.816711,0.85
20,18,val,3.537817,0.86
20,19,val,38.915936,0.87
20,20,val,11.264328,0.88
20,21,val,24.538828,0.88
20,22,val,21.119032,0.89
20,23,val,8.154002,0.90
20,24,val,9.128154,0.90
20,25,val,44.206936,0.91
20,26,val,5.677529,0.92
20,27,val,4.558987,0.92
20,28,val,3.627405,0.93
20,29,val,4.185234,0.94
20,30,val,3.812421,0.94
20,31,val,37.289391,0.95
20,32,val,33.563671,0.95
20,33,val,4.236365,0.96
20,34,val,26.348036,0.96
20,35,val,4.292991,0.97
21,0,train,12.990640,0.12
21,1,train,17.614101,0.16
21,2,train,17.834961,0.19
21,3,train,16.868019,0.22
21,4,train,14.263221,0.26
21,5,train,13.005711,0.29
21,6,train,13.140427,0.32
21,7,train,13.189178,0.36
21,8,train,16.655039,0.39
21,9,train,17.871561,0.42
21,10,train,14.368837,0.45
21,11,train,15.975343,0.48
21,12,train,10.488911,0.51
21,13,train,13.231575,0.54
21,0,val,3.838051,0.66
21,1,val,9.990867,0.67
21,2,val,22.159357,0.67
21,3,val,31.325119,0.68
21,4,val,6.346588,0.69
21,5,val,3.785013,0.70
21,6,val,34.467457,0.71
21,7,val,6.214179,0.71
21,8,val,3.408545,0.72
21,9,val,26.672766,0.73
21,10,val,29.937550,0.73
21,11,val,20.638409,0.74
21,12,val,28.551659,0.75
21,13,val,13.146661,0.75
21,14,val,14.372485,0.76
21,15,val,8.316562,0.77
21,16,val,23.570580,0.77
21,17,val,12.220332,0.78
21,18,val,6.609985,0.79
21,19,val,38.023380,0.79
21,20,val,11.179969,0.80
21,21,val,24.146524,0.81
21,22,val,20.733538,0.82
21,23,val,7.842144,0.82
21,24,val,5.467880,0.83
21,25,val,39.969193,0.84
21,26,val,4.856205,0.84
21,27,val,5.206453,0.85
21,28,val,3.979984,0.86
21,29,val,3.974071,0.86
21,30,val,3.818398,0.87
21,31,val,36.993576,0.87
21,32,val,34.256111,0.88
21,33,val,4.054279,0.88
21,34,val,20.025942,0.89
21,35,val,3.960041,0.89
22,0,train,21.786499,0.16
22,1,train,19.026100,0.20
22,2,train,13.792706,0.23
22,3,train,17.892921,0.27
22,4,train,14.738503,0.30
22,5,train,14.478641,0.34
22,6,train,11.506660,0.37
22,7,train,13.877160,0.40
22,8,train,18.491249,0.43
22,9,train,14.921322,0.46
22,10,train,15.622890,0.49
22,11,train,15.464623,0.53
22,12,train,17.479977,0.55
22,13,train,14.112033,0.58
22,0,val,4.785659,0.71
22,1,val,4.478092,0.72
22,2,val,28.165211,0.72
22,3,val,29.956923,0.73
22,4,val,3.306779,0.74
22,5,val,2.945291,0.75
22,6,val,29.149971,0.75
22,7,val,6.314829,0.76
22,8,val,5.001191,0.77
22,9,val,23.739056,0.77
22,10,val,31.087070,0.78
22,11,val,22.906916,0.79
22,12,val,25.309633,0.79
22,13,val,13.091414,0.80
22,14,val,13.111097,0.81
22,15,val,12.074696,0.81
22,16,val,21.843712,0.82
22,17,val,10.342139,0.83
22,18,val,4.896741,0.83
22,19,val,41.251926,0.84
22,20,val,10.854839,0.85
22,21,val,22.054420,0.86
22,22,val,23.763346,0.86
22,23,val,13.551149,0.87
22,24,val,8.500832,0.88
22,25,val,45.038048,0.88
22,26,val,5.361991,0.89
22,27,val,5.235950,0.90
22,28,val,5.056983,0.90
22,29,val,3.458978,0.91
22,30,val,4.759731,0.92
22,31,val,35.686459,0.92
22,32,val,25.705856,0.93
22,33,val,6.081094,0.93
22,34,val,18.702238,0.93
22,35,val,3.214130,0.94
23,0,train,14.091614,0.16
23,1,train,12.675713,0.20
23,2,train,13.209326,0.23
23,3,train,21.294876,0.26
23,4,train,12.619719,0.29
23,5,train,23.522091,0.33
23,6,train,17.704586,0.36
23,7,train,16.587072,0.40
23,8,train,15.172949,0.44
23,9,train,14.147537,0.47
23,10,train,18.724003,0.50
23,11,train,16.717741,0.52
23,12,train,16.508396,0.56
23,13,train,9.172280,0.59
23,0,val,6.159222,0.71
23,1,val,4.202899,0.71
23,2,val,25.517839,0.72
23,3,val,28.009998,0.73
23,4,val,3.583519,0.73
23,5,val,7.452491,0.74
23,6,val,29.817146,0.75
23,7,val,8.191317,0.76
23,8,val,3.466819,0.77
23,9,val,22.701860,0.77
23,10,val,34.866791,0.78
23,11,val,17.518774,0.79
23,12,val,27.226570,0.79
23,13,val,12.799527,0.80
23,14,val,16.521606,0.81
23,15,val,6.080052,0.81
23,16,val,23.770599,0.82
23,17,val,11.087846,0.82
23,18,val,3.599618,0.83
23,19,val,35.784882,0.84
23,20,val,11.406461,0.85
23,21,val,22.238127,0.86
23,22,val,19.251389,0.86
23,23,val,13.840630,0.87
23,24,val,4.022537,0.88
23,25,val,39.461945,0.88
23,26,val,10.189741,0.89
23,27,val,5.989641,0.90
23,28,val,5.225526,0.91
23,29,val,5.091196,0.92
23,30,val,4.193602,0.92
23,31,val,35.231667,0.93
23,32,val,28.442003,0.94
23,33,val,3.866878,0.94
23,34,val,18.983025,0.95
23,35,val,3.775276,0.96
24,0,train,17.079147,0.15
24,1,train,10.657458,0.18
24,2,train,11.513841,0.22
24,3,train,20.268240,0.25
24,4,train,18.123770,0.29
24,5,train,15.687649,0.32
24,6,train,12.312614,0.35
24,7,train,9.311452,0.39
24,8,train,13.591887,0.42
24,9,train,16.684200,0.45
24,10,train,16.394527,0.48
24,11,train,12.065256,0.51
24,12,train,17.329620,0.54
24,13,train,16.251980,0.57
24,0,val,8.926287,0.70
24,1,val,5.846625,0.72
24,2,val,20.619644,0.73
24,3,val,29.151230,0.74
24,4,val,4.436604,0.74
24,5,val,4.859439,0.75
24,6,val,29.602247,0.76
24,7,val,10.199245,0.76
24,8,val,2.526576,0.77
24,9,val,27.693647,0.78
24,10,val,28.791967,0.78
24,11,val,18.194326,0.79
24,12,val,23.891376,0.80
24,13,val,14.080249,0.80
24,14,val,18.981035,0.81
24,15,val,7.389870,0.82
24,16,val,22.218447,0.82
24,17,val,13.601405,0.83
24,18,val,5.498300,0.84
24,19,val,36.907867,0.84
24,20,val,11.384817,0.85
24,21,val,23.631720,0.86
24,22,val,21.389418,0.86
24,23,val,7.035622,0.87
24,24,val,16.569912,0.88
24,25,val,40.338982,0.88
24,26,val,6.484195,0.89
24,27,val,4.793324,0.89
24,28,val,5.590712,0.90
24,29,val,5.492208,0.91
24,30,val,3.464263,0.91
24,31,val,35.491470,0.92
24,32,val,25.287397,0.92
24,33,val,4.412277,0.93
24,34,val,16.938864,0.94
24,35,val,3.184110,0.94
25,0,train,17.102070,0.13
25,1,train,20.392208,0.16
25,2,train,15.259439,0.19
25,3,train,11.092417,0.23
25,4,train,18.016766,0.26
25,5,train,14.625235,0.29
25,6,train,13.058363,0.32
25,7,train,20.765739,0.35
25,8,train,18.571880,0.38
25,9,train,13.146889,0.42
25,10,train,21.027891,0.45
25,11,train,13.165068,0.48
25,12,train,13.510172,0.51
25,13,train,13.236470,0.54
25,0,val,5.712300,0.66
25,1,val,5.352795,0.67
25,2,val,21.029480,0.68
25,3,val,28.189289,0.68
25,4,val,9.214553,0.69
25,5,val,5.783897,0.70
25,6,val,29.584028,0.71
25,7,val,6.991350,0.71
25,8,val,3.005932,0.72
25,9,val,23.949396,0.73
25,10,val,29.419195,0.74
25,11,val,17.476841,0.75
25,12,val,25.085079,0.76
25,13,val,12.547149,0.77
25,14,val,21.050442,0.77
25,15,val,8.053845,0.78
25,16,val,22.105850,0.79
25,17,val,12.843771,0.80
25,18,val,6.893314,0.81
25,19,val,36.769299,0.81
25,20,val,10.810542,0.82
25,21,val,23.366941,0.83
25,22,val,19.892090,0.83
25,23,val,6.690401,0.84
25,24,val,3.315680,0.85
25,25,val,43.440063,0.85
25,26,val,4.051956,0.86
25,27,val,4.062786,0.87
25,28,val,9.548124,0.87
25,29,val,6.331763,0.88
25,30,val,4.417935,0.88
25,31,val,38.119869,0.89
25,32,val,25.351137,0.90
25,33,val,5.474679,0.90
25,34,val,17.732033,0.91
25,35,val,4.806637,0.91
26,0,train,17.563385,0.16
26,1,train,13.351429,0.19
26,2,train,12.343937,0.22
26,3,train,15.946896,0.25
26,4,train,23.082821,0.29
26,5,train,17.424894,0.32
26,6,train,16.514801,0.35
26,7,train,14.622958,0.39
26,8,train,13.929475,0.42
26,9,train,20.045383,0.46
26,10,train,9.490549,0.49
26,11,train,14.328282,0.52
26,12,train,14.454165,0.55
26,13,train,19.278790,0.58
26,0,val,4.496325,0.74
26,1,val,4.725950,0.75
26,2,val,22.256271,0.76
26,3,val,27.384975,0.77
26,4,val,3.797240,0.77
26,5,val,3.578009,0.78
26,6,val,28.299726,0.79
26,7,val,10.640389,0.79
26,8,val,3.407765,0.80
26,9,val,24.988443,0.81
26,10,val,28.304094,0.81
26,11,val,22.565517,0.82
26,12,val,23.185429,0.83
26,13,val,14.032000,0.83
26,14,val,21.946726,0.84
26,15,val,11.383026,0.85
26,16,val,21.127470,0.85
26,17,val,11.312973,0.86
26,18,val,4.609845,0.87
26,19,val,49.832703,0.88
26,20,val,11.766309,0.88
26,21,val,21.268663,0.89
26,22,val,20.675066,0.90
26,23,val,8.313842,0.90
26,24,val,4.193125,0.91
26,25,val,37.291286,0.91
26,26,val,3.857644,0.92
26,27,val,6.707316,0.93
26,28,val,4.686788,0.93
26,29,val,6.220592,0.94
26,30,val,4.851986,0.95
26,31,val,33.922886,0.95
26,32,val,26.779968,0.96
26,33,val,4.651772,0.97
26,34,val,18.666306,0.97
26,35,val,3.533021,0.98
27,0,train,14.125338,0.13
27,1,train,12.567646,0.16
27,2,train,13.249834,0.20
27,3,train,15.366874,0.23
27,4,train,12.417419,0.26
27,5,train,14.452621,0.29
27,6,train,13.457356,0.33
27,7,train,12.966683,0.36
27,8,train,19.863476,0.39
27,9,train,13.532555,0.44
27,10,train,12.446260,0.47
27,11,train,12.703529,0.51
27,12,train,13.675392,0.54
27,13,train,22.209206,0.57
27,0,val,4.492286,0.70
27,1,val,8.582245,0.71
27,2,val,20.602865,0.72
27,3,val,27.967443,0.73
27,4,val,5.213557,0.74
27,5,val,4.546269,0.75
27,6,val,32.315567,0.76
27,7,val,8.910606,0.76
27,8,val,2.995847,0.77
27,9,val,26.491571,0.78
27,10,val,27.936504,0.79
27,11,val,23.149235,0.80
27,12,val,27.464579,0.81
27,13,val,12.626032,0.82
27,14,val,14.735429,0.83
27,15,val,5.998921,0.85
27,16,val,27.330446,0.86
27,17,val,10.371473,0.88
27,18,val,4.065648,0.89
27,19,val,35.005203,0.90
27,20,val,10.274961,0.91
27,21,val,24.110180,0.92
27,22,val,18.365919,0.93
27,23,val,11.070225,0.95
27,24,val,5.465526,0.96
27,25,val,38.632687,0.97
27,26,val,4.787138,0.98
27,27,val,4.099388,1.00
27,28,val,6.264523,1.01
27,29,val,5.699885,1.01
27,30,val,4.326221,1.03
27,31,val,35.517639,1.04
27,32,val,26.432209,1.05
27,33,val,3.779650,1.06
27,34,val,17.590919,1.06
27,35,val,5.296257,1.07
28,0,train,10.036715,0.22
28,1,train,16.620728,0.26
28,2,train,17.298254,0.29
28,3,train,15.733496,0.32
28,4,train,15.926982,0.36
28,5,train,15.636565,0.39
28,6,train,15.921286,0.42
28,7,train,11.955567,0.52
28,8,train,23.294668,0.56
28,9,train,15.002649,0.59
28,10,train,11.172175,0.62
28,11,train,16.313511,0.66
28,12,train,19.860275,0.69
28,13,train,9.975718,0.72
28,0,val,5.837331,0.89
28,1,val,5.361746,0.91
28,2,val,21.886944,0.93
28,3,val,26.961950,0.94
28,4,val,4.848665,0.95
28,5,val,4.067833,0.96
28,6,val,26.619164,0.97
28,7,val,9.247870,0.98
28,8,val,4.280616,0.99
28,9,val,22.105566,1.00
28,10,val,27.930521,1.01
28,11,val,16.011074,1.02
28,12,val,23.588404,1.03
28,13,val,11.740332,1.04
28,14,val,14.135040,1.05
28,15,val,5.470352,1.06
28,16,val,21.250412,1.08
28,17,val,10.634566,1.08
28,18,val,6.231298,1.09
28,19,val,35.184456,1.10
28,20,val,10.067588,1.12
28,21,val,21.124563,1.13
28,22,val,20.065317,1.14
28,23,val,7.551471,1.15
28,24,val,6.307587,1.16
28,25,val,37.733521,1.17
28,26,val,3.869985,1.18
28,27,val,4.792622,1.19
28,28,val,5.030558,1.20
28,29,val,7.356997,1.21
28,30,val,7.155263,1.23
28,31,val,33.999844,1.24
28,32,val,29.804169,1.25
28,33,val,8.689450,1.25
28,34,val,16.210953,1.26
28,35,val,2.894747,1.27
29,0,train,11.228044,0.21
29,1,train,16.189394,0.25
29,2,train,14.889979,0.29
29,3,train,15.505131,0.33
29,4,train,14.026342,0.38
29,5,train,17.106785,0.41
29,6,train,15.527830,0.45
29,7,train,20.314959,0.50
29,8,train,17.479435,0.54
29,9,train,13.017513,0.57
29,10,train,9.761368,0.61
29,11,train,17.486073,0.64
29,12,train,14.411964,0.67
29,13,train,17.018961,0.70
29,0,val,7.472425,0.89
29,1,val,4.303896,0.90
29,2,val,59.538040,0.91
29,3,val,27.288128,0.92
29,4,val,3.039790,0.93
29,5,val,4.427521,0.94
29,6,val,26.623281,0.95
29,7,val,8.384789,0.95
29,8,val,2.800697,0.96
29,9,val,24.967392,0.97
29,10,val,27.650036,0.98
29,11,val,18.795115,0.99
29,12,val,26.289825,1.00
29,13,val,14.396933,1.01
29,14,val,12.818086,1.02
29,15,val,6.631881,1.03
29,16,val,22.248438,1.04
29,17,val,9.179340,1.05
29,18,val,3.566556,1.06
29,19,val,35.466721,1.06
29,20,val,15.423023,1.07
29,21,val,21.193010,1.08
29,22,val,19.792063,1.09
29,23,val,6.531536,1.10
29,24,val,3.553854,1.11
29,25,val,42.331062,1.12
29,26,val,3.958247,1.13
29,27,val,5.751186,1.14
29,28,val,4.334997,1.14
29,29,val,4.287142,1.15
29,30,val,9.571862,1.16
29,31,val,34.561420,1.17
29,32,val,28.785950,1.17
29,33,val,2.585006,1.18
29,34,val,16.152775,1.19
29,35,val,2.517795,1.19
30,0,train,17.875332,0.19
30,1,train,18.826885,0.25
30,2,train,16.928787,0.29
30,3,train,13.035161,0.33
30,4,train,17.822910,0.38
30,5,train,8.183662,0.43
30,6,train,14.202897,0.49
30,7,train,9.742966,0.53
30,8,train,11.318199,0.57
30,9,train,9.112267,0.61
30,10,train,13.517933,0.64
30,11,train,15.126397,0.68
30,12,train,15.870717,0.71
30,13,train,18.145504,0.74
30,0,val,5.304054,0.90
30,1,val,4.505817,0.92
30,2,val,19.965590,0.92
30,3,val,26.199827,0.93
30,4,val,7.004766,0.94
30,5,val,5.564138,0.95
30,6,val,26.805855,0.96
30,7,val,7.393525,0.97
30,8,val,12.172113,0.98
30,9,val,20.379213,0.99
30,10,val,29.381876,1.00
30,11,val,18.757181,1.01
30,12,val,22.114134,1.02
30,13,val,28.129625,1.04
30,14,val,13.385468,1.05
30,15,val,5.158333,1.06
30,16,val,19.138231,1.07
30,17,val,8.366529,1.07
30,18,val,3.739144,1.09
30,19,val,35.929398,1.09
30,20,val,14.265985,1.10
30,21,val,21.466505,1.11
30,22,val,18.649340,1.12
30,23,val,12.296131,1.14
30,24,val,2.993775,1.15
30,25,val,36.572018,1.15
30,26,val,3.183172,1.16
30,27,val,5.202673,1.17
30,28,val,5.103705,1.18
30,29,val,3.556821,1.19
30,30,val,7.112937,1.20
30,31,val,35.715839,1.20
30,32,val,22.427271,1.21
30,33,val,2.734028,1.21
30,34,val,22.013903,1.22
30,35,val,4.046314,1.23
31,0,train,13.729174,0.17
31,1,train,13.287148,0.21
31,2,train,13.129589,0.25
31,3,train,14.265501,0.29
31,4,train,16.551117,0.33
31,5,train,13.004536,0.37
31,6,train,12.252669,0.41
31,7,train,15.599274,0.45
31,8,train,12.175995,0.49
31,9,train,15.395717,0.53
31,10,train,16.030365,0.57
31,11,train,13.329934,0.60
31,12,train,16.324867,0.63
31,13,train,16.013319,0.67
31,0,val,11.997095,0.86
31,1,val,7.955119,0.89
31,2,val,18.918993,0.89
31,3,val,26.139004,0.90
31,4,val,4.275938,0.91
31,5,val,8.277893,0.91
31,6,val,26.739912,0.92
31,7,val,5.968804,0.93
31,8,val,4.270103,0.93
31,9,val,23.556110,0.94
31,10,val,25.790054,0.95
31,11,val,17.211725,0.95
31,12,val,21.741669,0.96
31,13,val,11.589703,0.97
31,14,val,12.321068,0.98
31,15,val,5.299827,0.98
31,16,val,19.779671,0.99
31,17,val,8.864666,1.00
31,18,val,4.148086,1.00
31,19,val,34.693089,1.01
31,20,val,11.108397,1.01
31,21,val,29.619228,1.02
31,22,val,18.533949,1.03
31,23,val,7.873792,1.03
31,24,val,6.894237,1.04
31,25,val,40.200489,1.05
31,26,val,8.582148,1.05
31,27,val,4.730088,1.06
31,28,val,4.583673,1.06
31,29,val,4.146363,1.07
31,30,val,4.253268,1.08
31,31,val,33.769184,1.09
31,32,val,22.620821,1.09
31,33,val,5.466752,1.10
31,34,val,15.660024,1.10
31,35,val,2.725584,1.10
32,0,train,15.361609,0.14
32,1,train,15.219660,0.18
32,2,train,13.303901,0.21
32,3,train,11.295043,0.24
32,4,train,15.483921,0.27
32,5,train,13.636677,0.31
32,6,train,12.960766,0.34
32,7,train,13.834473,0.37
32,8,train,17.250330,0.41
32,9,train,12.654957,0.44
32,10,train,15.846432,0.47
32,11,train,14.412313,0.50
32,12,train,14.068701,0.53
32,13,train,20.854923,0.56
32,0,val,3.656238,0.69
32,1,val,5.400240,0.70
32,2,val,22.751568,0.70
32,3,val,27.390745,0.71
32,4,val,9.298202,0.71
32,5,val,3.019440,0.73
32,6,val,25.020323,0.73
32,7,val,5.698728,0.74
32,8,val,6.529389,0.74
32,9,val,20.804882,0.75
32,10,val,26.079340,0.76
32,11,val,16.425608,0.76
32,12,val,23.142612,0.77
32,13,val,11.435588,0.78
32,14,val,12.852105,0.78
32,15,val,5.883739,0.79
32,16,val,28.000685,0.79
32,17,val,13.055072,0.80
32,18,val,9.082578,0.81
32,19,val,32.823006,0.81
32,20,val,14.122261,0.82
32,21,val,22.107365,0.83
32,22,val,18.214901,0.83
32,23,val,6.139541,0.84
32,24,val,2.917500,0.85
32,25,val,50.136883,0.85
32,26,val,6.212751,0.86
32,27,val,12.297076,0.87
32,28,val,6.612608,0.87
32,29,val,12.289391,0.88
32,30,val,4.654936,0.88
32,31,val,32.511097,0.89
32,32,val,25.235741,0.89
32,33,val,4.025394,0.90
32,34,val,17.557472,0.90
32,35,val,3.252727,0.91
33,0,train,12.351446,0.13
33,1,train,14.102495,0.16
33,2,train,13.557187,0.20
33,3,train,10.533775,0.23
33,4,train,15.489441,0.26
33,5,train,19.854809,0.29
33,6,train,23.685223,0.32
33,7,train,17.795492,0.35
33,8,train,14.098566,0.39
33,9,train,12.666250,0.42
33,10,train,15.785671,0.45
33,11,train,14.527923,0.48
33,12,train,14.335503,0.51
33,13,train,16.598188,0.54
33,0,val,4.295098,0.65
33,1,val,11.132822,0.66
33,2,val,20.071459,0.67
33,3,val,27.167099,0.67
33,4,val,3.792519,0.68
33,5,val,4.335303,0.69
33,6,val,27.870407,0.70
33,7,val,7.261082,0.71
33,8,val,2.998878,0.71
33,9,val,22.413958,0.72
33,10,val,27.240681,0.72
33,11,val,20.267784,0.73
33,12,val,27.607605,0.74
33,13,val,12.867415,0.74
33,14,val,11.497037,0.75
33,15,val,9.860223,0.75
33,16,val,21.849478,0.76
33,17,val,13.149759,0.77
33,18,val,4.253953,0.77
33,19,val,37.423653,0.78
33,20,val,9.933194,0.79
33,21,val,23.351772,0.79
33,22,val,19.486416,0.80
33,23,val,6.580441,0.81
33,24,val,4.614420,0.81
33,25,val,36.157322,0.82
33,26,val,4.866892,0.83
33,27,val,8.748899,0.83
33,28,val,3.540244,0.84
33,29,val,9.139861,0.85
33,30,val,10.089989,0.85
33,31,val,32.553898,0.86
33,32,val,22.223001,0.86
33,33,val,4.083134,0.87
33,34,val,16.533419,0.87
33,35,val,2.433665,0.88
34,0,train,13.330400,0.13
34,1,train,12.684250,0.17
34,2,train,16.389706,0.20
34,3,train,19.062067,0.23
34,4,train,15.568656,0.27
34,5,train,9.925588,0.30
34,6,train,15.565490,0.33
34,7,train,14.530005,0.37
34,8,train,13.870562,0.40
34,9,train,13.822776,0.43
34,10,train,15.468655,0.46
34,11,train,10.934732,0.50
34,12,train,14.748542,0.53
34,13,train,9.897902,0.56
34,0,val,3.850864,0.68
34,1,val,5.491525,0.70
34,2,val,21.439930,0.71
34,3,val,27.444080,0.72
34,4,val,7.244664,0.73
34,5,val,9.939034,0.74
34,6,val,24.838537,0.74
34,7,val,7.313037,0.75
34,8,val,12.561870,0.76
34,9,val,20.224682,0.76
34,10,val,24.737894,0.77
34,11,val,16.091053,0.78
34,12,val,23.227760,0.79
34,13,val,14.744382,0.79
34,14,val,13.201408,0.80
34,15,val,7.116938,0.81
34,16,val,21.898228,0.82
34,17,val,17.373018,0.82
34,18,val,5.522456,0.83
34,19,val,78.496040,0.84
34,20,val,14.103770,0.84
34,21,val,19.957489,0.85
34,22,val,17.589590,0.86
34,23,val,7.598701,0.88
34,24,val,8.060438,0.89
34,25,val,38.708511,0.90
34,26,val,7.438661,0.91
34,27,val,5.002213,0.93
34,28,val,5.360084,0.94
34,29,val,4.005870,0.95
34,30,val,5.267251,0.97
34,31,val,34.662361,0.98
34,32,val,24.513891,0.99
34,33,val,3.798122,0.99
34,34,val,17.983282,1.00
34,35,val,6.974048,1.00
35,0,train,13.893683,0.13
35,1,train,18.644060,0.17
35,2,train,18.348000,0.20
35,3,train,13.510850,0.23
35,4,train,16.416245,0.27
35,5,train,10.220169,0.30
35,6,train,10.655261,0.33
35,7,train,16.110077,0.37
35,8,train,16.689154,0.40
35,9,train,11.696533,0.44
35,10,train,10.659431,0.48
35,11,train,15.492584,0.52
35,12,train,14.701015,0.55
35,13,train,10.580261,0.58
35,0,val,4.228223,0.75
35,1,val,4.935893,0.78
35,2,val,19.053768,0.79
35,3,val,25.086670,0.80
35,4,val,8.075472,0.81
35,5,val,4.385215,0.82
35,6,val,24.069016,0.83
35,7,val,5.489116,0.84
35,8,val,3.151295,0.85
35,9,val,46.676693,0.86
35,10,val,25.980232,0.87
35,11,val,14.652848,0.88
35,12,val,22.741220,0.89
35,13,val,13.037898,0.90
35,14,val,13.304291,0.91
35,15,val,6.715510,0.93
35,16,val,20.063850,0.94
35,17,val,8.745302,0.94
35,18,val,5.205347,0.95
35,19,val,32.790340,0.96
35,20,val,12.196705,0.97
35,21,val,20.501787,0.98
35,22,val,23.047604,1.00
35,23,val,8.275250,1.00
35,24,val,3.185722,1.01
35,25,val,37.490292,1.02
35,26,val,6.719474,1.02
35,27,val,8.054302,1.03
35,28,val,4.728057,1.04
35,29,val,3.392393,1.04
35,30,val,4.492255,1.05
35,31,val,33.100536,1.06
35,32,val,24.863800,1.07
35,33,val,9.779582,1.08
35,34,val,15.194320,1.09
35,35,val,4.058342,1.09
36,0,train,21.308521,0.19
36,1,train,17.149681,0.23
36,2,train,11.960567,0.27
36,3,train,13.636444,0.30
36,4,train,11.905247,0.34
36,5,train,15.180105,0.37
36,6,train,15.257246,0.40
36,7,train,15.332995,0.43
36,8,train,17.456490,0.46
36,9,train,18.232937,0.50
36,10,train,12.836099,0.53
36,11,train,7.910057,0.56
36,12,train,15.273165,0.59
36,13,train,13.182336,0.62
36,0,val,2.821619,0.74
36,1,val,3.858795,0.74
36,2,val,18.574299,0.75
36,3,val,25.980669,0.76
36,4,val,3.553472,0.76
36,5,val,3.716699,0.78
36,6,val,30.273266,0.78
36,7,val,10.134271,0.79
36,8,val,6.311608,0.80
36,9,val,20.809830,0.80
36,10,val,25.866896,0.81
36,11,val,17.189106,0.81
36,12,val,20.372421,0.82
36,13,val,10.635984,0.83
36,14,val,11.718432,0.83
36,15,val,4.886283,0.84
36,16,val,22.128414,0.84
36,17,val,7.280521,0.85
36,18,val,4.151998,0.86
36,19,val,35.946678,0.86
36,20,val,10.078625,0.87
36,21,val,20.653225,0.88
36,22,val,17.351078,0.89
36,23,val,7.448679,0.90
36,24,val,3.922039,0.90
36,25,val,38.739182,0.91
36,26,val,3.450968,0.92
36,27,val,5.147615,0.93
36,28,val,6.943410,0.94
36,29,val,8.463355,0.94
36,30,val,4.663465,0.95
36,31,val,32.399849,0.96
36,32,val,26.576086,0.96
36,33,val,5.051898,0.97
36,34,val,14.819988,0.98
36,35,val,3.212659,0.98
37,0,train,15.731733,0.15
37,1,train,12.510983,0.19
37,2,train,17.868059,0.22
37,3,train,14.006576,0.25
37,4,train,21.135014,0.28
37,5,train,9.724239,0.32
37,6,train,16.608898,0.35
37,7,train,10.467573,0.39
37,8,train,13.453907,0.42
37,9,train,11.303244,0.45
37,10,train,14.383020,0.48
37,11,train,11.713917,0.51
37,12,train,13.540953,0.54
37,13,train,13.659126,0.57
37,0,val,5.457082,0.69
37,1,val,4.802904,0.70
37,2,val,26.313934,0.71
37,3,val,29.055334,0.72
37,4,val,4.629318,0.72
37,5,val,3.488537,0.74
37,6,val,24.382309,0.74
37,7,val,7.409005,0.75
37,8,val,3.873086,0.76
37,9,val,21.451815,0.76
37,10,val,23.298815,0.77
37,11,val,15.375680,0.78
37,12,val,20.366604,0.78
37,13,val,12.498835,0.79
37,14,val,13.428541,0.80
37,15,val,5.971229,0.80
37,16,val,18.620304,0.81
37,17,val,12.158184,0.82
37,18,val,5.374148,0.82
37,19,val,32.926441,0.83
37,20,val,11.036880,0.84
37,21,val,18.723228,0.84
37,22,val,18.419369,0.85
37,23,val,11.044544,0.86
37,24,val,4.146247,0.86
37,25,val,39.619568,0.87
37,26,val,6.014318,0.87
37,27,val,4.329697,0.88
37,28,val,4.579801,0.89
37,29,val,6.413959,0.89
37,30,val,7.341585,0.90
37,31,val,36.711521,0.91
37,32,val,23.114923,0.91
37,33,val,4.318416,0.92
37,34,val,20.654902,0.92
37,35,val,2.639156,0.92
38,0,train,15.277346,0.13
38,1,train,11.331787,0.17
38,2,train,12.794014,0.20
38,3,train,10.497103,0.23
38,4,train,13.637306,0.26
38,5,train,13.320458,0.30
38,6,train,10.323214,0.33
38,7,train,18.238792,0.36
38,8,train,17.518539,0.39
38,9,train,12.578587,0.43
38,10,train,12.838443,0.46
38,11,train,13.089993,0.49
38,12,train,10.965672,0.52
38,13,train,12.085896,0.56
38,0,val,4.021191,0.67
38,1,val,4.479228,0.68
38,2,val,17.996786,0.69
38,3,val,32.235931,0.70
38,4,val,3.304474,0.70
38,5,val,15.809107,0.72
38,6,val,24.755970,0.72
38,7,val,7.290179,0.73
38,8,val,5.823855,0.74
38,9,val,18.588430,0.74
38,10,val,23.511370,0.75
38,11,val,14.847556,0.75
38,12,val,20.739210,0.76
38,13,val,11.622446,0.77
38,14,val,11.778907,0.77
38,15,val,5.307818,0.78
38,16,val,19.151525,0.79
38,17,val,7.962452,0.80
38,18,val,4.694324,0.81
38,19,val,31.023899,0.82
38,20,val,15.094823,0.83
38,21,val,19.089441,0.83
38,22,val,22.844515,0.84
38,23,val,5.265428,0.85
38,24,val,4.111753,0.86
38,25,val,34.233021,0.87
38,26,val,5.031271,0.87
38,27,val,3.599149,0.88
38,28,val,4.003931,0.89
38,29,val,8.585483,0.89
38,30,val,3.711298,0.90
38,31,val,31.124094,0.91
38,32,val,22.519135,0.91
38,33,val,3.462713,0.92
38,34,val,19.414660,0.93
38,35,val,8.487205,0.93
39,0,train,14.826729,0.13
39,1,train,12.457636,0.17
39,2,train,12.795893,0.20
39,3,train,14.176182,0.23
39,4,train,11.899414,0.27
39,5,train,12.965695,0.30
39,6,train,8.992882,0.33
39,7,train,10.260344,0.36
39,8,train,12.389482,0.40
39,9,train,12.763218,0.43
39,10,train,12.202841,0.46
39,11,train,10.451608,0.49
39,12,train,9.541580,0.53
39,13,train,12.331632,0.56
39,0,val,7.069263,0.67
39,1,val,5.067467,0.68
39,2,val,19.545082,0.69
39,3,val,24.005838,0.69
39,4,val,3.899295,0.70
39,5,val,6.429820,0.71
39,6,val,24.788551,0.72
39,7,val,6.348669,0.73
39,8,val,3.493770,0.74
39,9,val,19.851213,0.74
39,10,val,30.306574,0.75
39,11,val,15.803092,0.75
39,12,val,20.113440,0.76
39,13,val,10.427062,0.77
39,14,val,11.482200,0.77
39,15,val,4.665720,0.78
39,16,val,20.011620,0.79
39,17,val,10.079186,0.80
39,18,val,9.596898,0.80
39,19,val,31.721785,0.81
39,20,val,16.892593,0.82
39,21,val,20.662107,0.83
39,22,val,17.247526,0.83
39,23,val,8.158599,0.84
39,24,val,3.860197,0.85
39,25,val,33.825520,0.85
39,26,val,4.396084,0.86
39,27,val,5.895708,0.87
39,28,val,5.233213,0.87
39,29,val,3.938284,0.88
39,30,val,4.281133,0.89
39,31,val,33.584034,0.89
39,32,val,33.500378,0.90
39,33,val,3.558755,0.90
39,34,val,14.657935,0.91
39,35,val,3.246868,0.92
40,0,train,10.322803,0.13
40,1,train,13.956283,0.17
40,2,train,11.179993,0.20
40,3,train,16.534426,0.23
40,4,train,9.942122,0.26
40,5,train,9.944902,0.31
40,6,train,11.272139,0.35
40,7,train,10.303463,0.38
40,8,train,13.969887,0.41
40,9,train,16.651409,0.44
40,10,train,9.458873,0.47
40,11,train,12.230881,0.50
40,12,train,16.919308,0.54
40,13,train,12.022674,0.56
40,0,val,7.521685,0.69
40,1,val,4.807441,0.69
40,2,val,18.421572,0.70
40,3,val,24.600599,0.71
40,4,val,3.526601,0.72
40,5,val,3.573685,0.73
40,6,val,22.273535,0.73
40,7,val,8.138373,0.74
40,8,val,5.937521,0.75
40,9,val,19.096758,0.75
40,10,val,24.026611,0.76
40,11,val,19.935629,0.77
40,12,val,21.938154,0.77
40,13,val,18.325882,0.78
40,14,val,15.730711,0.79
40,15,val,6.257524,0.79
40,16,val,18.229591,0.80
40,17,val,8.152158,0.81
40,18,val,6.742220,0.81
40,19,val,35.090595,0.82
40,20,val,9.924720,0.83
40,21,val,27.325895,0.84
40,22,val,17.197262,0.84
40,23,val,6.073053,0.85
40,24,val,4.477356,0.86
40,25,val,36.860584,0.87
40,26,val,6.627311,0.87
40,27,val,4.592892,0.88
40,28,val,10.976414,0.89
40,29,val,6.208557,0.89
40,30,val,4.174827,0.90
40,31,val,31.680979,0.91
40,32,val,20.947128,0.91
40,33,val,3.609113,0.92
40,34,val,15.473729,0.93
40,35,val,3.350549,0.93
41,0,train,10.785625,0.19
41,1,train,12.763115,0.23
41,2,train,16.167280,0.27
41,3,train,15.046285,0.30
41,4,train,12.495754,0.36
41,5,train,13.999195,0.40
41,6,train,8.047737,0.44
41,7,train,12.027903,0.49
41,8,train,13.464298,0.53
41,9,train,9.940903,0.57
41,10,train,15.323248,0.60
41,11,train,19.883863,0.63
41,12,train,10.470561,0.67
41,13,train,15.319767,0.70
41,0,val,4.809329,0.88
41,1,val,5.250786,0.90
41,2,val,31.487066,0.91
41,3,val,24.214157,0.92
41,4,val,2.881582,0.93
41,5,val,4.783257,0.94
41,6,val,22.896442,0.94
41,7,val,6.517434,0.95
41,8,val,8.228330,0.96
41,9,val,19.147818,0.97
41,10,val,23.430771,0.98
41,11,val,18.136856,0.99
41,12,val,21.713385,1.00
41,13,val,12.263378,1.01
41,14,val,14.271170,1.01
41,15,val,12.753487,1.02
41,16,val,19.967405,1.03
41,17,val,9.346455,1.04
41,18,val,4.210739,1.05
41,19,val,32.029446,1.06
41,20,val,10.444760,1.07
41,21,val,18.558027,1.08
41,22,val,16.976906,1.09
41,23,val,6.572284,1.09
41,24,val,13.138666,1.11
41,25,val,34.099159,1.12
41,26,val,7.618639,1.13
41,27,val,5.472165,1.14
41,28,val,6.089571,1.14
41,29,val,3.515711,1.15
41,30,val,12.364237,1.16
41,31,val,32.150703,1.17
41,32,val,30.120750,1.17
41,33,val,3.536806,1.18
41,34,val,19.440706,1.18
41,35,val,3.420182,1.19
42,0,train,11.691628,0.18
42,1,train,9.158850,0.23
42,2,train,18.565987,0.27
42,3,train,16.571783,0.31
42,4,train,16.455318,0.35
42,5,train,9.664658,0.39
42,6,train,10.220885,0.43
42,7,train,12.774748,0.47
42,8,train,13.794905,0.51
42,9,train,13.969971,0.54
42,10,train,14.856175,0.58
42,11,train,9.208590,0.69
42,12,train,12.773733,0.74
42,13,train,10.357103,0.77
42,0,val,4.168124,0.95
42,1,val,5.223562,0.97
42,2,val,25.919170,0.98
42,3,val,24.066843,0.99
42,4,val,3.612959,1.00
42,5,val,3.585318,1.01
42,6,val,22.190004,1.01
42,7,val,6.701630,1.02
42,8,val,3.279627,1.03
42,9,val,17.080448,1.04
42,10,val,30.370472,1.05
42,11,val,22.104799,1.06
42,12,val,20.120237,1.07
42,13,val,12.531655,1.08
42,14,val,17.544308,1.09
42,15,val,4.922397,1.10
42,16,val,23.202890,1.11
42,17,val,8.101230,1.12
42,18,val,5.145333,1.12
42,19,val,31.203564,1.13
42,20,val,9.929349,1.14
42,21,val,18.803509,1.15
42,22,val,19.290730,1.16
42,23,val,7.797447,1.17
42,24,val,2.674963,1.18
42,25,val,34.047207,1.19
42,26,val,7.175250,1.20
42,27,val,4.843775,1.20
42,28,val,5.998088,1.21
42,29,val,7.162658,1.22
42,30,val,10.471505,1.23
42,31,val,32.027313,1.24
42,32,val,22.140987,1.24
42,33,val,4.145230,1.25
42,34,val,16.400446,1.25
42,35,val,2.500666,1.26
43,0,train,9.651043,0.21
43,1,train,15.086913,0.26
43,2,train,8.862527,0.30
43,3,train,9.873894,0.34
43,4,train,15.280458,0.38
43,5,train,11.148451,0.42
43,6,train,15.489407,0.46
43,7,train,14.757057,0.51
43,8,train,11.151457,0.54
43,9,train,18.859280,0.58
43,10,train,14.012806,0.62
43,11,train,12.017639,0.66
43,12,train,9.093931,0.69
43,13,train,11.455317,0.73
43,0,val,4.982698,0.90
43,1,val,5.438406,0.91
43,2,val,23.729773,0.92
43,3,val,23.650549,0.93
43,4,val,3.636169,0.94
43,5,val,5.496905,0.95
43,6,val,21.834660,0.95
43,7,val,5.182160,0.96
43,8,val,3.769862,0.97
43,9,val,17.512421,0.98
43,10,val,22.159595,0.99
43,11,val,15.209409,1.00
43,12,val,19.873896,1.01
43,13,val,10.241606,1.03
43,14,val,24.017546,1.03
43,15,val,3.892678,1.04
43,16,val,17.526913,1.05
43,17,val,7.655698,1.07
43,18,val,3.737697,1.07
43,19,val,30.110947,1.08
43,20,val,10.118181,1.09
43,21,val,18.725304,1.10
43,22,val,17.568506,1.11
43,23,val,10.916948,1.12
43,24,val,6.394882,1.13
43,25,val,34.154522,1.14
43,26,val,5.429698,1.15
43,27,val,5.336606,1.16
43,28,val,3.730899,1.17
43,29,val,4.819864,1.18
43,30,val,4.367748,1.19
43,31,val,31.088993,1.19
43,32,val,20.606548,1.20
43,33,val,3.266101,1.21
43,34,val,18.057987,1.22
43,35,val,4.263541,1.22
44,0,train,12.677851,0.20
44,1,train,9.599424,0.24
44,2,train,8.899299,0.27
44,3,train,15.224659,0.31
44,4,train,11.010511,0.37
44,5,train,15.326815,0.41
44,6,train,10.643949,0.45
44,7,train,13.003813,0.50
44,8,train,20.097748,0.55
44,9,train,10.345248,0.58
44,10,train,8.180470,0.62
44,11,train,11.918636,0.65
44,12,train,8.929280,0.68
44,13,train,19.953136,0.73
44,0,val,8.544546,0.87
44,1,val,4.214133,0.88
44,2,val,22.387371,0.89
44,3,val,22.766663,0.89
44,4,val,5.240365,0.90
44,5,val,4.579033,0.91
44,6,val,27.484636,0.92
44,7,val,19.125450,0.93
44,8,val,3.758168,0.93
44,9,val,16.310587,0.94
44,10,val,29.584270,0.95
44,11,val,13.514453,0.95
44,12,val,20.603939,0.96
44,13,val,12.988317,0.97
44,14,val,11.137112,0.97
44,15,val,6.512665,0.98
44,16,val,25.979675,0.98
44,17,val,8.626036,0.99
44,18,val,3.833682,1.00
44,19,val,30.586742,1.00
44,20,val,9.814878,1.01
44,21,val,27.881674,1.02
44,22,val,17.666510,1.03
44,23,val,6.054554,1.04
44,24,val,3.729818,1.04
44,25,val,33.465557,1.05
44,26,val,4.149483,1.05
44,27,val,6.145789,1.06
44,28,val,3.565787,1.07
44,29,val,5.998836,1.07
44,30,val,4.147301,1.08
44,31,val,29.519876,1.09
44,32,val,21.098759,1.09
44,33,val,7.174520,1.10
44,34,val,13.805589,1.10
44,35,val,3.691102,1.10
45,0,train,14.751289,0.13
45,1,train,12.610533,0.17
45,2,train,10.124846,0.20
45,3,train,14.249992,0.24
45,4,train,14.026508,0.28
45,5,train,12.464060,0.31
45,6,train,13.275613,0.35
45,7,train,13.114101,0.38
45,8,train,9.905998,0.43
45,9,train,15.866941,0.46
45,10,train,11.220688,0.49
45,11,train,18.788132,0.52
45,12,train,9.627304,0.55
45,13,train,13.755951,0.58
45,0,val,5.973468,0.71
45,1,val,6.655831,0.73
45,2,val,18.925293,0.74
45,3,val,23.095776,0.75
45,4,val,6.338966,0.76
45,5,val,4.459279,0.77
45,6,val,21.409544,0.78
45,7,val,6.059621,0.79
45,8,val,5.272471,0.79
45,9,val,16.625500,0.80
45,10,val,22.985750,0.81
45,11,val,16.471603,0.82
45,12,val,21.547340,0.83
45,13,val,10.868781,0.84
45,14,val,10.078474,0.85
45,15,val,15.022676,0.86
45,16,val,17.660574,0.87
45,17,val,7.832994,0.88
45,18,val,3.777852,0.89
45,19,val,30.165295,0.90
45,20,val,13.680282,0.91
45,21,val,19.580660,0.92
45,22,val,15.827765,0.92
45,23,val,5.687160,0.93
45,24,val,3.158525,0.94
45,25,val,32.443596,0.95
45,26,val,6.565557,0.95
45,27,val,3.578590,0.96
45,28,val,6.334037,0.96
45,29,val,7.091770,0.97
45,30,val,13.416931,0.98
45,31,val,30.398611,0.99
45,32,val,21.543558,0.99
45,33,val,3.201798,1.00
45,34,val,15.178585,1.01
45,35,val,13.387854,1.01
46,0,train,12.854570,0.16
46,1,train,13.854639,0.20
46,2,train,12.676472,0.24
46,3,train,13.946056,0.27
46,4,train,11.742346,0.31
46,5,train,10.372852,0.34
46,6,train,7.986628,0.39
46,7,train,14.418382,0.43
46,8,train,11.657088,0.46
46,9,train,12.305987,0.50
46,10,train,12.586830,0.54
46,11,train,11.851252,0.57
46,12,train,9.856596,0.61
46,13,train,11.579409,0.64
46,0,val,3.161865,0.77
46,1,val,3.956979,0.78
46,2,val,19.220921,0.78
46,3,val,24.429846,0.79
46,4,val,4.149637,0.80
46,5,val,9.923462,0.81
46,6,val,22.315212,0.82
46,7,val,7.342361,0.82
46,8,val,3.625210,0.83
46,9,val,20.115414,0.84
46,10,val,32.735298,0.84
46,11,val,14.200268,0.85
46,12,val,25.674633,0.86
46,13,val,11.130106,0.86
46,14,val,12.409146,0.87
46,15,val,4.118948,0.88
46,16,val,18.212742,0.88
46,17,val,8.853943,0.89
46,18,val,12.576638,0.90
46,19,val,29.926132,0.90
46,20,val,10.614167,0.91
46,21,val,22.604038,0.92
46,22,val,16.469017,0.92
46,23,val,7.078419,0.93
46,24,val,3.586925,0.94
46,25,val,35.783169,0.94
46,26,val,6.099307,0.95
46,27,val,3.177129,0.96
46,28,val,5.270378,0.96
46,29,val,6.563224,0.97
46,30,val,8.740342,0.98
46,31,val,27.991779,0.98
46,32,val,22.037006,0.99
46,33,val,2.960538,0.99
46,34,val,15.488843,1.00
46,35,val,5.388185,1.00
47,0,train,11.365128,0.13
47,1,train,10.748188,0.16
47,2,train,15.281162,0.19
47,3,train,11.872456,0.23
47,4,train,15.128988,0.26
47,5,train,12.810070,0.29
47,6,train,16.008739,0.32
47,7,train,12.238665,0.36
47,8,train,10.702337,0.40
47,9,train,12.105240,0.43
47,10,train,13.302479,0.46
47,11,train,12.896858,0.49
47,12,train,10.194753,0.52
47,13,train,13.699905,0.55
47,0,val,4.388417,0.67
47,1,val,7.771152,0.68
47,2,val,21.497339,0.68
47,3,val,22.685394,0.69
47,4,val,4.300374,0.70
47,5,val,3.526207,0.71
47,6,val,21.161562,0.71
47,7,val,6.973575,0.72
47,8,val,8.686758,0.73
47,9,val,19.825138,0.73
47,10,val,22.935888,0.74
47,11,val,13.411167,0.75
47,12,val,19.148312,0.76
47,13,val,10.024313,0.76
47,14,val,12.113588,0.77
47,15,val,9.557153,0.78
47,16,val,22.978512,0.78
47,17,val,7.789526,0.79
47,18,val,3.146151,0.79
47,19,val,29.666380,0.80
47,20,val,9.870707,0.81
47,21,val,18.147467,0.82
47,22,val,17.055002,0.82
47,23,val,5.820399,0.83
47,24,val,3.676855,0.84
47,25,val,37.898354,0.84
47,26,val,3.937763,0.85
47,27,val,3.258923,0.86
47,28,val,6.912024,0.86
47,29,val,3.154928,0.87
47,30,val,7.633465,0.87
47,31,val,28.612223,0.88
47,32,val,23.380592,0.89
47,33,val,9.771171,0.89
47,34,val,14.098058,0.89
47,35,val,3.064286,0.90
48,0,train,8.928837,0.15
48,1,train,17.106339,0.18
48,2,train,11.182427,0.23
48,3,train,14.583023,0.26
48,4,train,14.624903,0.31
48,5,train,12.511326,0.34
48,6,train,13.292402,0.38
48,7,train,9.793135,0.41
48,8,train,10.312136,0.44
48,9,train,10.333974,0.48
48,10,train,13.986395,0.51
48,11,train,18.801046,0.54
48,12,train,13.386498,0.57
48,13,train,11.438462,0.60
48,0,val,5.158529,0.72
48,1,val,5.052718,0.73
48,2,val,16.365797,0.74
48,3,val,21.654320,0.75
48,4,val,3.923833,0.75
48,5,val,15.517890,0.76
48,6,val,25.023783,0.77
48,7,val,10.463024,0.78
48,8,val,4.058094,0.78
48,9,val,17.710081,0.79
48,10,val,21.476065,0.80
48,11,val,18.201418,0.80
48,12,val,20.151072,0.81
48,13,val,11.814736,0.82
48,14,val,9.869330,0.82
48,15,val,5.446084,0.83
48,16,val,17.158859,0.84
48,17,val,11.801694,0.84
48,18,val,3.356413,0.85
48,19,val,32.347900,0.85
48,20,val,10.140481,0.87
48,21,val,17.294239,0.87
48,22,val,17.892147,0.88
48,23,val,5.084144,0.89
48,24,val,4.887152,0.89
48,25,val,39.466061,0.90
48,26,val,8.723784,0.90
48,27,val,3.971170,0.91
48,28,val,6.523507,0.92
48,29,val,3.734971,0.92
48,30,val,5.046599,0.93
48,31,val,28.952780,0.94
48,32,val,27.998144,0.94
48,33,val,6.128070,0.94
48,34,val,12.726792,0.95
48,35,val,3.368683,0.95
49,0,train,23.727200,0.12
49,1,train,9.889189,0.16
49,2,train,9.696811,0.20
49,3,train,11.888511,0.23
49,4,train,11.119660,0.26
49,5,train,10.658274,0.30
49,6,train,15.270051,0.33
49,7,train,14.759988,0.36
49,8,train,15.958725,0.40
49,9,train,11.269610,0.43
49,10,train,9.433403,0.46
49,11,train,12.800392,0.49
49,12,train,11.250822,0.52
49,13,train,9.742394,0.55
49,0,val,4.233442,0.67
49,1,val,3.839000,0.67
49,2,val,21.430641,0.68
49,3,val,21.910160,0.69
49,4,val,3.445974,0.69
49,5,val,4.234142,0.70
49,6,val,20.906691,0.71
49,7,val,5.927414,0.72
49,8,val,5.987086,0.73
49,9,val,19.272879,0.73
49,10,val,21.010778,0.74
49,11,val,13.067240,0.75
49,12,val,23.019077,0.75
49,13,val,11.110242,0.76
49,14,val,11.371467,0.77
49,15,val,5.319948,0.77
49,16,val,31.064648,0.78
49,17,val,8.741786,0.79
49,18,val,2.714902,0.79
49,19,val,29.000368,0.80
49,20,val,9.687873,0.81
49,21,val,23.602556,0.82
49,22,val,14.545657,0.83
49,23,val,5.600776,0.83
49,24,val,3.544979,0.84
49,25,val,31.847754,0.85
49,26,val,3.286836,0.85
49,27,val,4.838346,0.86
49,28,val,4.938427,0.87
49,29,val,4.497919,0.88
49,30,val,4.973435,0.88
49,31,val,28.699699,0.89
49,32,val,18.198368,0.89
49,33,val,5.873745,0.90
49,34,val,15.720845,0.90
49,35,val,12.272912,0.91
50,0,train,16.936308,0.12
50,1,train,8.050453,0.16
50,2,train,11.890741,0.19
50,3,train,12.257124,0.22
50,4,train,16.319168,0.25
50,5,train,12.238400,0.29
50,6,train,16.250807,0.32
50,7,train,9.607109,0.35
50,8,train,12.547194,0.38
50,9,train,9.846786,0.42
50,10,train,14.380342,0.45
50,11,train,10.310713,0.48
50,12,train,12.094397,0.51
50,13,train,10.520252,0.54
50,0,val,5.518685,0.67
50,1,val,5.511671,0.68
50,2,val,16.717161,0.69
50,3,val,21.822905,0.69
50,4,val,3.622392,0.70
50,5,val,12.554099,0.71
50,6,val,20.416546,0.72
50,7,val,6.110799,0.73
50,8,val,9.808956,0.73
50,9,val,17.748074,0.74
50,10,val,24.575335,0.75
50,11,val,12.968857,0.75
50,12,val,21.306509,0.76
50,13,val,10.394697,0.76
50,14,val,12.205948,0.77
50,15,val,6.768785,0.78
50,16,val,17.897600,0.78
50,17,val,7.067780,0.79
50,18,val,5.381733,0.80
50,19,val,29.158092,0.80
50,20,val,14.180944,0.81
50,21,val,17.194569,0.82
50,22,val,18.126982,0.82
50,23,val,9.085825,0.83
50,24,val,4.711524,0.84
50,25,val,33.405479,0.84
50,26,val,6.523112,0.85
50,27,val,11.131451,0.86
50,28,val,7.385204,0.86
50,29,val,4.631647,0.87
50,30,val,9.971729,0.88
50,31,val,30.241171,0.88
50,32,val,20.405279,0.89
50,33,val,3.625745,0.89
50,34,val,13.374519,0.89
50,35,val,4.311662,0.90
51,0,train,14.304054,0.13
51,1,train,11.892487,0.17
51,2,train,18.606653,0.20
51,3,train,13.782272,0.23
51,4,train,9.955800,0.27
51,5,train,9.896557,0.30
51,6,train,12.927296,0.33
51,7,train,9.593716,0.36
51,8,train,12.292677,0.39
51,9,train,11.447829,0.43
51,10,train,10.752493,0.45
51,11,train,11.967113,0.49
51,12,train,14.093753,0.52
51,13,train,9.727980,0.55
51,0,val,3.369462,0.68
51,1,val,5.205819,0.68
51,2,val,16.732849,0.69
51,3,val,21.411249,0.70
51,4,val,4.123304,0.71
51,5,val,4.353091,0.72
51,6,val,19.131031,0.72
51,7,val,11.385731,0.73
51,8,val,2.979403,0.74
51,9,val,21.035357,0.74
51,10,val,25.845943,0.75
51,11,val,11.407155,0.76
51,12,val,18.037315,0.76
51,13,val,25.159578,0.77
51,14,val,14.081903,0.78
51,15,val,9.527885,0.78
51,16,val,19.829376,0.79
51,17,val,12.915483,0.80
51,18,val,3.974461,0.81
51,19,val,28.062033,0.81
51,20,val,14.370145,0.82
51,21,val,17.553318,0.83
51,22,val,14.733170,0.83
51,23,val,8.465483,0.84
51,24,val,3.749313,0.85
51,25,val,31.702753,0.85
51,26,val,5.695841,0.86
51,27,val,3.316101,0.86
51,28,val,10.553015,0.87
51,29,val,4.992923,0.88
51,30,val,4.147115,0.88
51,31,val,28.116978,0.89
51,32,val,19.509172,0.89
51,33,val,4.150803,0.90
51,34,val,13.104716,0.91
51,35,val,2.962206,0.91
52,0,train,9.991724,0.13
52,1,train,9.008214,0.17
52,2,train,13.524166,0.20
52,3,train,14.412771,0.23
52,4,train,12.725912,0.27
52,5,train,9.210373,0.30
52,6,train,16.082726,0.33
52,7,train,12.942637,0.37
52,8,train,9.852980,0.40
52,9,train,7.772239,0.43
52,10,train,9.864176,0.46
52,11,train,9.214497,0.49
52,12,train,14.238975,0.53
52,13,train,17.885986,0.56
52,0,val,3.678195,0.71
52,1,val,5.076834,0.71
52,2,val,15.842973,0.73
52,3,val,20.514223,0.74
52,4,val,3.861088,0.75
52,5,val,4.970432,0.76
52,6,val,17.876751,0.77
52,7,val,7.148565,0.78
52,8,val,2.949071,0.79
52,9,val,18.526127,0.79
52,10,val,20.225430,0.80
52,11,val,12.929419,0.81
52,12,val,17.879091,0.81
52,13,val,11.551392,0.82
52,14,val,10.640996,0.83
52,15,val,5.839028,0.84
52,16,val,16.479311,0.85
52,17,val,8.034865,0.86
52,18,val,5.417943,0.86
52,19,val,27.647675,0.87
52,20,val,10.533882,0.87
52,21,val,18.309809,0.88
52,22,val,15.847765,0.89
52,23,val,4.760092,0.89
52,24,val,3.675719,0.90
52,25,val,31.933817,0.91
52,26,val,8.490415,0.91
52,27,val,3.200691,0.92
52,28,val,4.369360,0.93
52,29,val,20.641300,0.94
52,30,val,4.429742,0.94
52,31,val,29.517017,0.95
52,32,val,19.619312,0.95
52,33,val,3.121103,0.96
52,34,val,14.250875,0.96
52,35,val,2.961089,0.97
53,0,train,11.281976,0.14
53,1,train,8.457379,0.17
53,2,train,10.583857,0.21
53,3,train,10.537147,0.24
53,4,train,14.320381,0.27
53,5,train,10.451949,0.31
53,6,train,11.733767,0.34
53,7,train,12.127133,0.37
53,8,train,9.805148,0.41
53,9,train,9.829468,0.46
53,10,train,15.284694,0.49
53,11,train,9.849926,0.53
53,12,train,11.771135,0.57
53,13,train,8.910498,0.61
53,0,val,5.567013,0.80
53,1,val,14.785514,0.81
53,2,val,21.542870,0.82
53,3,val,20.035831,0.83
53,4,val,2.605011,0.84
53,5,val,7.553861,0.85
53,6,val,18.821455,0.86
53,7,val,5.703936,0.87
53,8,val,5.396617,0.87
53,9,val,15.959210,0.88
53,10,val,21.577997,0.89
53,11,val,12.205574,0.90
53,12,val,22.530251,0.91
53,13,val,9.900584,0.92
53,14,val,11.567965,0.93
53,15,val,7.305491,0.94
53,16,val,19.028433,0.95
53,17,val,8.791105,0.96
53,18,val,4.325831,0.97
53,19,val,34.344433,0.98
53,20,val,18.146387,0.99
53,21,val,16.686205,1.00
53,22,val,16.081186,1.01
53,23,val,5.906933,1.02
53,24,val,5.672905,1.03
53,25,val,30.217234,1.04
53,26,val,4.449139,1.05
53,27,val,6.466887,1.05
53,28,val,3.719662,1.06
53,29,val,5.554485,1.07
53,30,val,4.500810,1.08
53,31,val,27.620802,1.09
53,32,val,18.476887,1.09
53,33,val,3.309841,1.10
53,34,val,14.072549,1.11
53,35,val,3.422874,1.11
54,0,train,16.069029,0.19
54,1,train,10.071251,0.24
54,2,train,6.655114,0.28
54,3,train,10.423522,0.32
54,4,train,10.877672,0.37
54,5,train,14.774429,0.41
54,6,train,7.949108,0.45
54,7,train,11.652313,0.50
54,8,train,8.191151,0.54
54,9,train,9.193320,0.58
54,10,train,14.591751,0.62
54,11,train,11.854437,0.65
54,12,train,11.175377,0.68
54,13,train,11.624927,0.71
54,0,val,3.590259,0.90
54,1,val,7.542933,0.91
54,2,val,17.696127,0.92
54,3,val,21.150179,0.93
54,4,val,3.658255,0.94
54,5,val,3.385968,0.94
54,6,val,20.417864,0.95
54,7,val,8.129991,0.96
54,8,val,3.331805,0.97
54,9,val,18.866920,0.98
54,10,val,27.528862,0.99
54,11,val,12.317134,1.00
54,12,val,17.386103,1.01
54,13,val,14.855457,1.02
54,14,val,11.601336,1.03
54,15,val,4.551963,1.04
54,16,val,16.761677,1.05
54,17,val,6.437483,1.06
54,18,val,3.853047,1.07
54,19,val,29.507318,1.07
54,20,val,9.547701,1.08
54,21,val,18.509001,1.09
54,22,val,16.366901,1.10
54,23,val,6.587324,1.11
54,24,val,3.198767,1.12
54,25,val,29.184135,1.13
54,26,val,3.591908,1.14
54,27,val,4.308387,1.15
54,28,val,4.692323,1.16
54,29,val,6.378678,1.17
54,30,val,3.627502,1.17
54,31,val,29.888618,1.18
54,32,val,19.376492,1.19
54,33,val,4.049054,1.19
54,34,val,11.663663,1.20
54,35,val,3.975025,1.20
55,0,train,16.485981,0.18
55,1,train,9.924616,0.25
55,2,train,13.745550,0.29
55,3,train,11.592246,0.34
55,4,train,7.626989,0.38
55,5,train,8.129251,0.42
55,6,train,9.976193,0.46
55,7,train,8.422056,0.50
55,8,train,10.628557,0.54
55,9,train,11.798354,0.59
55,10,train,12.869520,0.62
55,11,train,15.630826,0.65
55,12,train,10.624482,0.69
55,13,train,9.855449,0.72
55,0,val,5.025270,0.96
55,1,val,4.285528,0.98
55,2,val,21.132555,1.00
55,3,val,24.891867,1.01
55,4,val,14.015157,1.02
55,5,val,6.935588,1.03
55,6,val,20.528112,1.03
55,7,val,10.907198,1.05
55,8,val,3.311920,1.06
55,9,val,16.395237,1.07
55,10,val,20.324656,1.09
55,11,val,12.033130,1.10
55,12,val,20.522758,1.11
55,13,val,8.254335,1.12
55,14,val,18.508768,1.13
55,15,val,3.589193,1.13
55,16,val,16.394161,1.14
55,17,val,7.092331,1.15
55,18,val,6.437467,1.16
55,19,val,30.014889,1.17
55,20,val,14.612468,1.18
55,21,val,17.287758,1.19
55,22,val,15.192204,1.20
55,23,val,5.151548,1.21
55,24,val,3.072406,1.22
55,25,val,30.889746,1.23
55,26,val,6.500877,1.24
55,27,val,15.953275,1.25
55,28,val,5.218124,1.26
55,29,val,6.453739,1.27
55,30,val,3.768500,1.28
55,31,val,26.969488,1.31
55,32,val,18.561642,1.32
55,33,val,3.725247,1.34
55,34,val,11.986905,1.36
55,35,val,2.202707,1.37
56,0,train,9.613062,0.22
56,1,train,10.926497,0.28
56,2,train,12.867533,0.32
56,3,train,14.303936,0.38
56,4,train,13.587952,0.46
56,5,train,10.424583,0.53
56,6,train,9.845301,0.59
56,7,train,13.597754,0.64
56,8,train,9.077945,0.69
56,9,train,13.810594,0.74
56,10,train,9.974817,0.77
56,11,train,9.384626,0.81
56,12,train,8.088100,0.84
56,13,train,9.171659,0.88
56,0,val,3.892505,1.07
56,1,val,7.338275,1.08
56,2,val,16.749649,1.10
56,3,val,21.139154,1.10
56,4,val,8.135711,1.11
56,5,val,3.060443,1.12
56,6,val,18.732664,1.13
56,7,val,6.490757,1.14
56,8,val,4.499062,1.15
56,9,val,15.210809,1.16
56,10,val,24.780602,1.17
56,11,val,11.935856,1.19
56,12,val,17.059927,1.20
56,13,val,9.886335,1.21
56,14,val,10.433084,1.22
56,15,val,4.120540,1.23
56,16,val,17.692764,1.24
56,17,val,6.862341,1.25
56,18,val,9.580391,1.26
56,19,val,27.096029,1.27
56,20,val,9.753984,1.27
56,21,val,16.474276,1.29
56,22,val,15.716803,1.30
56,23,val,5.114999,1.31
56,24,val,3.182922,1.32
56,25,val,29.091503,1.32
56,26,val,4.428213,1.33
56,27,val,5.001607,1.34
56,28,val,14.165223,1.35
56,29,val,6.237410,1.36
56,30,val,3.786208,1.36
56,31,val,27.618660,1.37
56,32,val,18.802206,1.37
56,33,val,3.896987,1.38
56,34,val,15.767220,1.38
56,35,val,3.729349,1.39
57,0,train,13.473301,0.15
57,1,train,14.935772,0.26
57,2,train,10.411010,0.30
57,3,train,12.327143,0.34
57,4,train,8.411106,0.37
57,5,train,14.091442,0.40
57,6,train,9.578444,0.44
57,7,train,15.000401,0.47
57,8,train,9.948809,0.50
57,9,train,10.053694,0.54
57,10,train,14.832724,0.57
57,11,train,11.018448,0.60
57,12,train,14.712464,0.63
57,13,train,10.351320,0.66
57,0,val,5.215879,0.78
57,1,val,5.981383,0.79
57,2,val,15.588316,0.80
57,3,val,25.248203,0.80
57,4,val,3.588999,0.81
57,5,val,7.156174,0.82
57,6,val,24.140989,0.83
57,7,val,6.337458,0.83
57,8,val,3.246235,0.84
57,9,val,15.256570,0.85
57,10,val,22.131624,0.86
57,11,val,15.416206,0.86
57,12,val,17.347015,0.87
57,13,val,8.751950,0.88
57,14,val,12.570846,0.89
57,15,val,5.349264,0.90
57,16,val,16.001844,0.91
57,17,val,10.004457,0.92
57,18,val,3.441450,0.93
57,19,val,27.883722,0.94
57,20,val,10.105914,0.94
57,21,val,17.254427,0.95
57,22,val,14.021002,0.96
57,23,val,5.620262,0.96
57,24,val,2.577874,0.97
57,25,val,30.784534,0.98
57,26,val,9.983417,0.98
57,27,val,5.390457,0.99
57,28,val,3.570295,1.00
57,29,val,3.626889,1.00
57,30,val,3.882536,1.01
57,31,val,26.093624,1.02
57,32,val,18.440908,1.03
57,33,val,3.460346,1.03
57,34,val,11.823109,1.04
57,35,val,2.701760,1.04
58,0,train,9.561502,0.15
58,1,train,10.569836,0.19
58,2,train,13.010780,0.22
58,3,train,9.749754,0.25
58,4,train,10.891322,0.29
58,5,train,11.406067,0.32
58,6,train,9.146425,0.36
58,7,train,10.904839,0.39
58,8,train,12.448076,0.42
58,9,train,7.619682,0.46
58,10,train,13.178683,0.49
58,11,train,13.135859,0.53
58,12,train,6.726946,0.56
58,13,train,11.858516,0.59
58,0,val,4.796062,0.71
58,1,val,4.345776,0.72
58,2,val,18.559351,0.72
58,3,val,21.082020,0.73
58,4,val,5.682935,0.74
58,5,val,3.887022,0.75
58,6,val,23.053247,0.75
58,7,val,6.885450,0.76
58,8,val,2.931163,0.77
58,9,val,15.376006,0.77
58,10,val,18.643309,0.78
58,11,val,10.609584,0.79
58,12,val,17.475557,0.79
58,13,val,10.774331,0.80
58,14,val,10.025720,0.81
58,15,val,4.239361,0.81
58,16,val,22.421827,0.82
58,17,val,8.144742,0.82
58,18,val,9.101575,0.83
58,19,val,27.163187,0.84
58,20,val,13.730513,0.85
58,21,val,19.111042,0.86
58,22,val,14.152282,0.86
58,23,val,7.753753,0.87
58,24,val,3.089204,0.88
58,25,val,29.696003,0.89
58,26,val,5.618577,0.89
58,27,val,4.081874,0.90
58,28,val,4.738776,0.91
58,29,val,8.450101,0.91
58,30,val,4.549411,0.92
58,31,val,27.040066,0.92
58,32,val,17.647724,0.93
58,33,val,4.253352,0.93
58,34,val,11.961902,0.94
58,35,val,7.937391,0.94
59,0,train,13.238192,0.13
59,1,train,11.322920,0.16
59,2,train,9.977766,0.19
59,3,train,8.989314,0.23
59,4,train,10.671139,0.26
59,5,train,16.141678,0.29
59,6,train,10.443605,0.32
59,7,train,9.009896,0.36
59,8,train,10.091958,0.39
59,9,train,11.785789,0.42
59,10,train,16.335732,0.45
59,11,train,9.505466,0.48
59,12,train,10.581129,0.51
59,13,train,9.988309,0.54
59,0,val,3.891563,0.67
59,1,val,10.003965,0.68
59,2,val,15.573272,0.69
59,3,val,19.719288,0.69
59,4,val,3.212231,0.70
59,5,val,3.458854,0.71
59,6,val,17.523733,0.72
59,7,val,5.668090,0.72
59,8,val,4.531999,0.73
59,9,val,14.319732,0.74
59,10,val,18.531422,0.74
59,11,val,10.959035,0.75
59,12,val,16.783436,0.76
59,13,val,8.884254,0.76
59,14,val,9.542798,0.77
59,15,val,5.956117,0.77
59,16,val,16.657007,0.78
59,17,val,8.496801,0.79
59,18,val,5.736353,0.80
59,19,val,25.983805,0.80
59,20,val,18.418343,0.82
59,21,val,19.747425,0.83
59,22,val,17.642292,0.83
59,23,val,5.845331,0.84
59,24,val,4.539029,0.85
59,25,val,28.932095,0.86
59,26,val,4.852049,0.86
59,27,val,8.343102,0.87
59,28,val,5.482974,0.88
59,29,val,3.856659,0.88
59,30,val,4.937480,0.89
59,31,val,29.186544,0.90
59,32,val,23.523817,0.90
59,33,val,5.033988,0.91
59,34,val,12.377731,0.92
59,35,val,3.191169,0.92
60,0,train,8.033871,0.13
60,1,train,8.482114,0.17
60,2,train,10.143494,0.20
60,3,train,12.795725,0.23
60,4,train,11.734982,0.27
60,5,train,13.489368,0.30
60,6,train,16.026833,0.33
60,7,train,14.405297,0.36
60,8,train,13.154305,0.40
60,9,train,11.285669,0.43
60,10,train,12.325701,0.46
60,11,train,10.943222,0.49
60,12,train,14.437559,0.53
60,13,train,17.161156,0.56
60,0,val,6.706246,0.67
60,1,val,6.785365,0.68
60,2,val,18.759201,0.69
60,3,val,20.615232,0.70
60,4,val,5.464908,0.70
60,5,val,3.120420,0.72
60,6,val,17.460909,0.73
60,7,val,5.767770,0.73
60,8,val,4.537322,0.74
60,9,val,14.563001,0.75
60,10,val,18.209833,0.75
60,11,val,13.103501,0.76
60,12,val,17.331285,0.76
60,13,val,10.206374,0.77
60,14,val,8.988565,0.78
60,15,val,3.488383,0.78
60,16,val,17.589815,0.79
60,17,val,6.572991,0.80
60,18,val,6.460106,0.80
60,19,val,26.273106,0.82
60,20,val,12.876175,0.82
60,21,val,18.477680,0.83
60,22,val,14.210737,0.84
60,23,val,4.176341,0.84
60,24,val,5.103076,0.85
60,25,val,27.510107,0.85
60,26,val,11.877710,0.86
60,27,val,3.496314,0.87
60,28,val,5.085754,0.87
60,29,val,4.130605,0.88
60,30,val,4.949053,0.89
60,31,val,30.137070,0.89
60,32,val,19.647137,0.90
60,33,val,4.388531,0.90
60,34,val,11.527903,0.91
60,35,val,2.642412,0.91
61,0,train,9.133820,0.14
61,1,train,10.853958,0.18
61,2,train,9.103083,0.22
61,3,train,11.663144,0.26
61,4,train,8.994157,0.31
61,5,train,9.665115,0.35
61,6,train,12.396469,0.40
61,7,train,8.074285,0.44
61,8,train,9.653976,0.48
61,9,train,8.199572,0.51
61,10,train,15.664011,0.54
61,11,train,11.727588,0.57
61,12,train,8.097799,0.61
61,13,train,8.060995,0.63
61,0,val,3.922875,0.75
61,1,val,3.934045,0.76
61,2,val,16.114639,0.77
61,3,val,21.125854,0.77
61,4,val,10.791987,0.78
61,5,val,4.167412,0.79
61,6,val,16.887974,0.80
61,7,val,11.219770,0.80
61,8,val,4.565298,0.81
61,9,val,28.531399,0.82
61,10,val,20.739603,0.82
61,11,val,10.561579,0.83
61,12,val,18.624895,0.84
61,13,val,11.607848,0.85
61,14,val,9.796989,0.85
61,15,val,6.626891,0.86
61,16,val,16.823389,0.86
61,17,val,6.694664,0.87
61,18,val,7.740704,0.88
61,19,val,27.689985,0.88
61,20,val,9.182302,0.89
61,21,val,19.192215,0.90
61,22,val,17.729612,0.91
61,23,val,6.098677,0.92
61,24,val,2.956792,0.92
61,25,val,28.537014,0.93
61,26,val,3.764104,0.94
61,27,val,4.475643,0.94
61,28,val,6.491241,0.95
61,29,val,3.323035,0.96
61,30,val,4.860057,0.96
61,31,val,26.022755,0.97
61,32,val,18.504343,0.97
61,33,val,4.414192,0.98
61,34,val,13.083702,0.98
61,35,val,2.602995,0.99
62,0,train,11.254024,0.13
62,1,train,10.632578,0.17
62,2,train,10.889505,0.20
62,3,train,8.473881,0.23
62,4,train,11.624382,0.26
62,5,train,10.988428,0.31
62,6,train,10.060183,0.34
62,7,train,9.602898,0.37
62,8,train,8.204321,0.40
62,9,train,7.635539,0.44
62,10,train,11.639441,0.47
62,11,train,9.539000,0.50
62,12,train,10.487408,0.53
62,13,train,7.139329,0.56
62,0,val,9.707858,0.68
62,1,val,5.094766,0.69
62,2,val,22.919518,0.69
62,3,val,19.564619,0.70
62,4,val,5.039587,0.71
62,5,val,3.294605,0.72
62,6,val,16.154692,0.73
62,7,val,4.954364,0.73
62,8,val,7.135122,0.74
62,9,val,19.554832,0.75
62,10,val,18.102079,0.75
62,11,val,11.070382,0.76
62,12,val,20.468679,0.77
62,13,val,35.827133,0.77
62,14,val,10.112774,0.78
62,15,val,3.560358,0.79
62,16,val,18.417862,0.79
62,17,val,7.746358,0.80
62,18,val,4.067717,0.80
62,19,val,25.225151,0.82
62,20,val,11.193361,0.82
62,21,val,27.749254,0.83
62,22,val,13.652193,0.84
62,23,val,8.082741,0.84
62,24,val,4.020504,0.85
62,25,val,27.886763,0.86
62,26,val,3.899871,0.86
62,27,val,3.599480,0.87
62,28,val,4.855465,0.88
62,29,val,4.853712,0.88
62,30,val,6.970698,0.89
62,31,val,26.113943,0.90
62,32,val,19.350746,0.90
62,33,val,3.372085,0.91
62,34,val,12.873516,0.91
62,35,val,3.352953,0.92
63,0,train,10.127940,0.13
63,1,train,13.370895,0.17
63,2,train,8.371097,0.20
63,3,train,9.209979,0.23
63,4,train,9.236795,0.27
63,5,train,10.193756,0.30
63,6,train,8.425109,0.33
63,7,train,8.689931,0.37
63,8,train,8.955537,0.41
63,9,train,11.619810,0.44
63,10,train,8.351879,0.47
63,11,train,13.114819,0.50
63,12,train,8.902155,0.53
63,13,train,10.255846,0.56
63,0,val,4.838515,0.68
63,1,val,4.591154,0.69
63,2,val,14.396286,0.70
63,3,val,20.702570,0.70
63,4,val,5.020356,0.71
63,5,val,3.533206,0.72
63,6,val,16.051777,0.73
63,7,val,5.813359,0.74
63,8,val,2.409249,0.74
63,9,val,14.855890,0.75
63,10,val,17.437208,0.76
63,11,val,15.623738,0.76
63,12,val,17.366796,0.77
63,13,val,8.036711,0.77
63,14,val,10.324582,0.78
63,15,val,4.164825,0.79
63,16,val,18.221121,0.79
63,17,val,9.362863,0.80
63,18,val,4.380080,0.81
63,19,val,29.112617,0.81
63,20,val,9.972425,0.82
63,21,val,16.797741,0.83
63,22,val,13.301729,0.84
63,23,val,4.311926,0.84
63,24,val,3.161071,0.85
63,25,val,27.262548,0.86
63,26,val,10.226384,0.86
63,27,val,4.735531,0.87
63,28,val,4.068914,0.87
63,29,val,13.130239,0.88
63,30,val,4.104697,0.89
63,31,val,26.062872,0.89
63,32,val,18.253601,0.90
63,33,val,3.001424,0.90
63,34,val,11.729688,0.91
63,35,val,3.893507,0.91
64,0,train,7.030091,0.13
64,1,train,8.153155,0.18
64,2,train,7.794826,0.21
64,3,train,9.087652,0.24
64,4,train,9.729139,0.28
64,5,train,10.342272,0.31
64,6,train,15.603212,0.35
64,7,train,10.648847,0.39
64,8,train,12.231663,0.42
64,9,train,14.994339,0.45
64,10,train,10.320011,0.49
64,11,train,8.999641,0.52
64,12,train,15.904059,0.55
64,13,train,13.038616,0.58
64,0,val,5.095005,0.71
64,1,val,3.509939,0.72
64,2,val,15.115431,0.73
64,3,val,18.913794,0.74
64,4,val,4.762262,0.75
64,5,val,4.026865,0.76
64,6,val,17.449970,0.77
64,7,val,5.330111,0.77
64,8,val,3.341333,0.78
64,9,val,16.450333,0.79
64,10,val,18.528316,0.79
64,11,val,10.188774,0.80
64,12,val,18.430452,0.81
64,13,val,9.876752,0.81
64,14,val,9.802334,0.82
64,15,val,4.576141,0.83
64,16,val,15.395883,0.84
64,17,val,12.339367,0.84
64,18,val,3.039264,0.85
64,19,val,26.127193,0.86
64,20,val,9.336870,0.87
64,21,val,16.594629,0.87
64,22,val,13.411846,0.88
64,23,val,4.384280,0.89
64,24,val,4.215505,0.89
64,25,val,29.050329,0.90
64,26,val,5.823294,0.91
64,27,val,3.811705,0.92
64,28,val,3.451484,0.92
64,29,val,4.239773,0.93
64,30,val,5.239987,0.94
64,31,val,25.669243,0.94
64,32,val,19.874905,0.95
64,33,val,7.826021,0.96
64,34,val,14.207532,0.96
64,35,val,4.207442,0.97
65,0,train,7.214752,0.16
65,1,train,12.049059,0.19
65,2,train,7.011589,0.23
65,3,train,9.490664,0.27
65,4,train,7.294811,0.30
65,5,train,11.712029,0.34
65,6,train,11.462523,0.37
65,7,train,10.409162,0.41
65,8,train,9.564980,0.45
65,9,train,10.326502,0.49
65,10,train,10.508277,0.53
65,11,train,7.517269,0.57
65,12,train,8.482182,0.60
65,13,train,11.095960,0.63
65,0,val,6.293991,0.79
65,1,val,8.741596,0.81
65,2,val,14.186015,0.82
65,3,val,19.934072,0.83
65,4,val,8.000604,0.84
65,5,val,7.314112,0.85
65,6,val,16.506241,0.86
65,7,val,6.052917,0.87
65,8,val,2.675131,0.87
65,9,val,17.258432,0.88
65,10,val,19.013573,0.89
65,11,val,10.747085,0.90
65,12,val,18.330820,0.91
65,13,val,8.432681,0.92
65,14,val,11.502993,0.93
65,15,val,4.139519,0.94
65,16,val,15.971367,0.95
65,17,val,9.612466,0.96
65,18,val,3.389726,0.97
65,19,val,25.421581,0.99
65,20,val,14.954688,1.00
65,21,val,18.285927,1.01
65,22,val,16.500145,1.02
65,23,val,8.790914,1.03
65,24,val,4.140376,1.03
65,25,val,27.969557,1.04
65,26,val,3.507492,1.05
65,27,val,5.249936,1.06
65,28,val,4.917287,1.07
65,29,val,4.412289,1.08
65,30,val,11.633371,1.08
65,31,val,24.445570,1.09
65,32,val,17.954863,1.10
65,33,val,3.799763,1.10
65,34,val,13.570333,1.11
65,35,val,2.934453,1.12
66,0,train,7.249239,0.19
66,1,train,8.715191,0.24
66,2,train,9.739288,0.29
66,3,train,10.014455,0.33
66,4,train,6.900646,0.37
66,5,train,11.943735,0.42
66,6,train,10.112602,0.45
66,7,train,11.073975,0.50
66,8,train,8.621302,0.54
66,9,train,8.818512,0.57
66,10,train,8.363159,0.61
66,11,train,10.913825,0.64
66,12,train,9.193666,0.67
66,13,train,7.284669,0.70
66,0,val,3.986659,0.90
66,1,val,5.461374,0.91
66,2,val,13.966034,0.92
66,3,val,19.740322,0.93
66,4,val,2.575143,0.94
66,5,val,2.880699,0.95
66,6,val,18.501715,0.95
66,7,val,10.214879,0.96
66,8,val,3.807917,0.97
66,9,val,15.160920,0.98
66,10,val,17.830563,0.99
66,11,val,15.906090,1.00
66,12,val,17.001354,1.01
66,13,val,11.292948,1.02
66,14,val,9.289499,1.03
66,15,val,4.698363,1.04
66,16,val,22.378687,1.05
66,17,val,10.562680,1.05
66,18,val,4.814075,1.06
66,19,val,25.808495,1.07
66,20,val,11.684114,1.08
66,21,val,16.090998,1.09
66,22,val,13.025909,1.09
66,23,val,4.212048,1.10
66,24,val,3.163787,1.11
66,25,val,28.418640,1.12
66,26,val,4.556678,1.13
66,27,val,6.109323,1.14
66,28,val,4.890244,1.15
66,29,val,5.519312,1.16
66,30,val,4.532999,1.16
66,31,val,26.191612,1.17
66,32,val,18.506216,1.18
66,33,val,3.676112,1.18
66,34,val,12.007421,1.19
66,35,val,3.624840,1.20
67,0,train,10.562552,0.14
67,1,train,7.002976,0.20
67,2,train,7.969604,0.24
67,3,train,11.810423,0.28
67,4,train,12.220999,0.33
67,5,train,13.401469,0.37
67,6,train,9.132702,0.41
67,7,train,9.256487,0.45
67,8,train,12.836737,0.48
67,9,train,11.590019,0.52
67,10,train,8.393808,0.55
67,11,train,7.965606,0.58
67,12,train,13.982360,0.61
67,13,train,7.613337,0.64
67,0,val,6.558509,0.89
67,1,val,4.295955,0.90
67,2,val,15.279039,0.91
67,3,val,19.985041,0.92
67,4,val,2.921338,0.93
67,5,val,4.246511,0.94
67,6,val,17.606586,0.94
67,7,val,7.764802,0.95
67,8,val,3.710394,0.96
67,9,val,13.778202,0.97
67,10,val,17.066189,0.98
67,11,val,13.416553,0.99
67,12,val,18.961063,1.00
67,13,val,10.871856,1.02
67,14,val,11.128877,1.03
67,15,val,4.825842,1.04
67,16,val,15.471278,1.05
67,17,val,6.833990,1.06
67,18,val,3.788472,1.07
67,19,val,24.373196,1.08
67,20,val,9.910377,1.09
67,21,val,15.709943,1.11
67,22,val,15.330999,1.12
67,23,val,7.979671,1.13
67,24,val,3.111433,1.14
67,25,val,90.996239,1.15
67,26,val,4.197406,1.16
67,27,val,4.871601,1.17
67,28,val,4.821321,1.18
67,29,val,3.318371,1.19
67,30,val,6.760517,1.20
67,31,val,30.531055,1.21
67,32,val,17.781305,1.22
67,33,val,3.291666,1.23
67,34,val,15.416088,1.25
67,35,val,3.306645,1.26
68,0,train,10.419687,0.22
68,1,train,9.331606,0.28
68,2,train,8.642753,0.33
68,3,train,12.014317,0.38
68,4,train,7.469151,0.43
68,5,train,10.098261,0.48
68,6,train,11.641289,0.53
68,7,train,8.525918,0.57
68,8,train,10.819281,0.63
68,9,train,8.857077,0.70
68,10,train,10.599944,0.75
68,11,train,10.764605,0.80
68,12,train,11.362447,0.83
68,13,train,12.298973,0.87
68,0,val,4.325768,1.04
68,1,val,4.983689,1.06
68,2,val,15.078427,1.07
68,3,val,21.051071,1.08
68,4,val,4.733428,1.09
68,5,val,5.130299,1.10
68,6,val,15.102195,1.10
68,7,val,5.587034,1.11
68,8,val,3.214094,1.12
68,9,val,13.486377,1.13
68,10,val,17.970144,1.14
68,11,val,10.182328,1.15
68,12,val,15.344629,1.16
68,13,val,15.074276,1.17
68,14,val,12.666686,1.18
68,15,val,5.692859,1.19
68,16,val,15.757794,1.20
68,17,val,7.535489,1.21
68,18,val,3.513883,1.21
68,19,val,24.415487,1.22
68,20,val,9.106943,1.23
68,21,val,16.613392,1.25
68,22,val,13.330112,1.26
68,23,val,5.471101,1.28
68,24,val,8.511822,1.29
68,25,val,26.554176,1.30
68,26,val,4.507828,1.31
68,27,val,6.501875,1.32
68,28,val,8.550483,1.33
68,29,val,4.677230,1.34
68,30,val,5.666625,1.35
68,31,val,28.064589,1.36
68,32,val,15.965565,1.37
68,33,val,4.567514,1.38
68,34,val,11.513923,1.39
68,35,val,2.769416,1.39
69,0,train,10.459191,0.17
69,1,train,8.978435,0.21
69,2,train,13.050131,0.24
69,3,train,10.261549,0.28
69,4,train,8.900866,0.32
69,5,train,12.532805,0.35
69,6,train,8.081669,0.38
69,7,train,8.136780,0.42
69,8,train,10.579460,0.46
69,9,train,10.248240,0.49
69,10,train,11.678087,0.53
69,11,train,9.072557,0.56
69,12,train,12.927739,0.59
69,13,train,10.085289,0.62
69,0,val,3.316367,0.74
69,1,val,11.982209,0.75
69,2,val,17.830204,0.75
69,3,val,18.893913,0.76
69,4,val,10.215385,0.77
69,5,val,6.902968,0.78
69,6,val,17.994949,0.79
69,7,val,12.808738,0.80
69,8,val,4.349730,0.81
69,9,val,13.078479,0.82
69,10,val,20.599295,0.83
69,11,val,10.985734,0.83
69,12,val,16.338120,0.84
69,13,val,8.034180,0.85
69,14,val,8.921325,0.85
69,15,val,5.981053,0.86
69,16,val,15.938780,0.87
69,17,val,6.623168,0.88
69,18,val,3.536183,0.88
69,19,val,25.385206,0.89
69,20,val,11.694612,0.89
69,21,val,15.700988,0.90
69,22,val,13.793595,0.91
69,23,val,4.737252,0.91
69,24,val,5.288365,0.92
69,25,val,30.649572,0.93
69,26,val,6.341170,0.93
69,27,val,3.601131,0.94
69,28,val,3.712762,0.95
69,29,val,9.906022,0.95
69,30,val,3.007966,0.96
69,31,val,25.316637,0.97
69,32,val,16.523460,0.97
69,33,val,4.005527,0.98
69,34,val,13.932338,0.98
69,35,val,8.571566,0.99
70,0,train,6.888916,0.13
70,1,train,7.638255,0.16
70,2,train,9.933962,0.20
70,3,train,9.368098,0.23
70,4,train,7.976151,0.26
70,5,train,8.393433,0.30
70,6,train,9.880217,0.33
70,7,train,12.332191,0.36
70,8,train,8.756501,0.40
70,9,train,10.998295,0.43
70,10,train,9.183270,0.46
70,11,train,13.643034,0.49
70,12,train,9.457867,0.52
70,13,train,8.936177,0.55
70,0,val,9.049985,0.68
70,1,val,3.556535,0.69
70,2,val,13.880960,0.69
70,3,val,19.035360,0.70
70,4,val,2.504823,0.71
70,5,val,2.928003,0.71
70,6,val,16.421585,0.72
70,7,val,4.603304,0.73
70,8,val,2.821499,0.74
70,9,val,13.058554,0.75
70,10,val,16.466635,0.75
70,11,val,17.975796,0.76
70,12,val,16.241734,0.76
70,13,val,7.972276,0.77
70,14,val,11.201105,0.78
70,15,val,3.024526,0.79
70,16,val,14.454883,0.79
70,17,val,6.268009,0.80
70,18,val,3.421125,0.81
70,19,val,25.563715,0.81
70,20,val,14.017344,0.82
70,21,val,15.589981,0.83
70,22,val,16.741329,0.84
70,23,val,6.110725,0.84
70,24,val,4.910630,0.85
70,25,val,27.863600,0.85
70,26,val,4.089877,0.86
70,27,val,5.175493,0.87
70,28,val,5.285407,0.88
70,29,val,5.015846,0.88
70,30,val,5.335083,0.89
70,31,val,25.998838,0.90
70,32,val,19.489262,0.90
70,33,val,13.634951,0.91
70,34,val,11.126229,0.91
70,35,val,8.212893,0.92
71,0,train,9.504086,0.13
71,1,train,6.760315,0.16
71,2,train,13.207590,0.19
71,3,train,11.442558,0.23
71,4,train,7.793468,0.26
71,5,train,10.919432,0.37
71,6,train,11.361103,0.41
71,7,train,10.209137,0.44
71,8,train,10.691828,0.47
71,9,train,9.893472,0.51
71,10,train,8.541094,0.54
71,11,train,8.903999,0.57
71,12,train,11.313423,0.60
71,13,train,8.295186,0.63
71,0,val,5.696455,0.76
71,1,val,4.663507,0.77
71,2,val,14.270352,0.77
71,3,val,20.935717,0.78
71,4,val,3.343698,0.79
71,5,val,4.068985,0.80
71,6,val,16.011856,0.81
71,7,val,4.688664,0.81
71,8,val,2.853602,0.82
71,9,val,13.796099,0.83
71,10,val,17.419699,0.83
71,11,val,24.866825,0.84
71,12,val,16.311037,0.85
71,13,val,12.485702,0.85
71,14,val,17.376680,0.86
71,15,val,3.489677,0.87
71,16,val,15.266918,0.87
71,17,val,7.175474,0.88
71,18,val,8.446585,0.89
71,19,val,23.757790,0.90
71,20,val,8.812945,0.91
71,21,val,15.402788,0.91
71,22,val,14.398364,0.92
71,23,val,7.849638,0.93
71,24,val,2.416445,0.93
71,25,val,26.322533,0.94
71,26,val,3.865986,0.95
71,27,val,4.572479,0.95
71,28,val,4.512645,0.96
71,29,val,5.061482,0.97
71,30,val,6.971581,0.97
71,31,val,25.042662,0.98
71,32,val,16.265503,0.98
71,33,val,10.713935,0.99
71,34,val,10.658621,0.99
71,35,val,3.181945,1.00
72,0,train,11.955419,0.14
72,1,train,7.456580,0.19
72,2,train,9.565536,0.22
72,3,train,10.508743,0.25
72,4,train,9.388306,0.29
72,5,train,10.864424,0.32
72,6,train,8.808059,0.35
72,7,train,10.052964,0.38
72,8,train,10.382122,0.42
72,9,train,8.050226,0.45
72,10,train,12.693567,0.48
72,11,train,9.511627,0.51
72,12,train,9.346519,0.55
72,13,train,9.068037,0.58
72,0,val,13.316067,0.71
72,1,val,4.486115,0.72
72,2,val,15.449897,0.74
72,3,val,20.504488,0.74
72,4,val,3.841213,0.75
72,5,val,3.518729,0.76
72,6,val,15.802098,0.77
72,7,val,6.381741,0.77
72,8,val,6.017492,0.78
72,9,val,13.211387,0.79
72,10,val,18.032711,0.79
72,11,val,12.246168,0.80
72,12,val,15.932290,0.81
72,13,val,10.650685,0.81
72,14,val,8.930616,0.82
72,15,val,9.650384,0.83
72,16,val,14.436028,0.84
72,17,val,7.943832,0.85
72,18,val,3.728090,0.85
72,19,val,24.513214,0.86
72,20,val,11.325787,0.87
72,21,val,15.546749,0.88
72,22,val,12.550194,0.89
72,23,val,3.225924,0.89
72,24,val,2.739335,0.90
72,25,val,26.555723,0.91
72,26,val,4.451541,0.91
72,27,val,5.556752,0.92
72,28,val,3.632253,0.92
72,29,val,6.672512,0.93
72,30,val,4.835407,0.94
72,31,val,24.805822,0.95
72,32,val,17.795204,0.95
72,33,val,4.410995,0.96
72,34,val,12.826918,0.96
72,35,val,16.892527,0.97
73,0,train,8.831438,0.13
73,1,train,8.981491,0.17
73,2,train,10.011480,0.20
73,3,train,12.049074,0.24
73,4,train,10.217297,0.27
73,5,train,12.340061,0.30
73,6,train,11.871927,0.34
73,7,train,10.456244,0.37
73,8,train,8.139526,0.40
73,9,train,9.828077,0.44
73,10,train,10.076767,0.47
73,11,train,7.158871,0.50
73,12,train,9.007642,0.53
73,13,train,8.666661,0.56
73,0,val,3.553196,0.68
73,1,val,5.098501,0.69
73,2,val,13.574401,0.70
73,3,val,19.132717,0.71
73,4,val,5.353165,0.73
73,5,val,5.523152,0.74
73,6,val,13.945476,0.75
73,7,val,5.362639,0.75
73,8,val,5.268434,0.76
73,9,val,13.161261,0.77
73,10,val,17.035631,0.77
73,11,val,9.373225,0.78
73,12,val,15.911979,0.79
73,13,val,10.522729,0.79
73,14,val,9.167412,0.80
73,15,val,4.430841,0.81
73,16,val,14.178750,0.81
73,17,val,7.378361,0.82
73,18,val,2.986295,0.83
73,19,val,23.226429,0.84
73,20,val,9.172523,0.85
73,21,val,15.676275,0.85
73,22,val,12.726151,0.86
73,23,val,4.317850,0.87
73,24,val,3.691057,0.87
73,25,val,26.238598,0.88
73,26,val,4.779719,0.89
73,27,val,5.337858,0.89
73,28,val,5.268681,0.90
73,29,val,4.484569,0.90
73,30,val,3.398390,0.91
73,31,val,23.540159,0.92
73,32,val,17.371138,0.93
73,33,val,3.675412,0.93
73,34,val,10.246695,0.94
73,35,val,3.036416,0.94
74,0,train,8.613605,0.14
74,1,train,8.415401,0.18
74,2,train,11.484833,0.21
74,3,train,9.940111,0.24
74,4,train,8.386919,0.27
74,5,train,9.143545,0.31
74,6,train,10.614309,0.34
74,7,train,7.088037,0.38
74,8,train,8.274356,0.41
74,9,train,7.202000,0.44
74,10,train,10.642160,0.47
74,11,train,8.864110,0.50
74,12,train,8.850567,0.54
74,13,train,9.104813,0.57
74,0,val,7.115428,0.69
74,1,val,4.180598,0.70
74,2,val,18.243729,0.71
74,3,val,17.968699,0.71
74,4,val,5.865685,0.72
74,5,val,3.850732,0.73
74,6,val,13.634197,0.74
74,7,val,5.806462,0.75
74,8,val,5.649561,0.75
74,9,val,13.560210,0.76
74,10,val,20.379854,0.77
74,11,val,13.131197,0.77
74,12,val,16.939526,0.78
74,13,val,12.588339,0.79
74,14,val,13.810094,0.79
74,15,val,5.024052,0.80
74,16,val,17.255409,0.81
74,17,val,9.718912,0.81
74,18,val,3.313055,0.82
74,19,val,23.056719,0.83
74,20,val,9.016203,0.84
74,21,val,21.590488,0.84
74,22,val,12.594583,0.85
74,23,val,5.279999,0.86
74,24,val,8.655789,0.86
74,25,val,30.262211,0.87
74,26,val,3.856501,0.88
74,27,val,4.390507,0.88
74,28,val,14.866303,0.89
74,29,val,5.960823,0.90
74,30,val,3.958307,0.90
74,31,val,24.517994,0.91
74,32,val,17.865252,0.91
74,33,val,2.842266,0.92
74,34,val,21.888229,0.92
74,35,val,6.142125,0.93
75,0,train,14.832895,0.13
75,1,train,12.296861,0.17
75,2,train,8.661235,0.20
75,3,train,10.080402,0.23
75,4,train,7.718640,0.26
75,5,train,7.169436,0.30
75,6,train,12.455881,0.33
75,7,train,9.633511,0.37
75,8,train,10.734506,0.40
75,9,train,9.832137,0.44
75,10,train,8.328745,0.47
75,11,train,6.337321,0.50
75,12,train,9.022869,0.53
75,13,train,9.679943,0.56
75,0,val,6.246055,0.70
75,1,val,3.825119,0.71
75,2,val,14.769731,0.71
75,3,val,17.915966,0.72
75,4,val,2.893497,0.73
75,5,val,4.650712,0.74
75,6,val,14.773438,0.75
75,7,val,5.259314,0.75
75,8,val,2.882568,0.76
75,9,val,12.507866,0.77
75,10,val,17.936277,0.77
75,11,val,11.226383,0.78
75,12,val,14.773727,0.79
75,13,val,9.177995,0.79
75,14,val,12.048503,0.80
75,15,val,3.639485,0.81
75,16,val,15.247560,0.81
75,17,val,14.092695,0.82
75,18,val,8.410238,0.83
75,19,val,23.282902,0.84
75,20,val,8.734018,0.84
75,21,val,14.738466,0.85
75,22,val,12.155423,0.86
75,23,val,8.649123,0.86
75,24,val,10.175022,0.87
75,25,val,26.390858,0.88
75,26,val,3.721874,0.88
75,27,val,3.566829,0.89
75,28,val,8.071523,0.90
75,29,val,3.382083,0.90
75,30,val,11.290593,0.91
75,31,val,24.602367,0.92
75,32,val,19.924622,0.92
75,33,val,3.666778,0.93
75,34,val,10.915170,0.94
75,35,val,4.066152,0.94
76,0,train,7.960618,0.16
76,1,train,11.820864,0.20
76,2,train,10.835357,0.25
76,3,train,8.598370,0.28
76,4,train,11.687661,0.32
76,5,train,7.599132,0.35
76,6,train,6.844160,0.39
76,7,train,8.823215,0.43
76,8,train,11.779340,0.46
76,9,train,8.887516,0.49
76,10,train,6.927051,0.53
76,11,train,9.780956,0.56
76,12,train,8.185917,0.59
76,13,train,6.460137,0.62
76,0,val,6.128206,0.81
76,1,val,8.482542,0.82
76,2,val,17.992474,0.82
76,3,val,17.243986,0.83
76,4,val,3.291926,0.84
76,5,val,3.511467,0.85
76,6,val,19.508831,0.85
76,7,val,5.579429,0.86
76,8,val,3.185476,0.87
76,9,val,13.486669,0.88
76,10,val,17.047266,0.89
76,11,val,10.876266,0.89
76,12,val,17.192331,0.90
76,13,val,7.983238,0.90
76,14,val,10.245319,0.91
76,15,val,4.712063,0.92
76,16,val,17.127502,0.93
76,17,val,6.852630,0.93
76,18,val,5.351237,0.94
76,19,val,27.645494,0.95
76,20,val,11.012324,0.96
76,21,val,15.793191,0.97
76,22,val,17.642088,0.98
76,23,val,8.506027,0.98
76,24,val,3.441378,0.99
76,25,val,26.257580,1.00
76,26,val,4.779651,1.01
76,27,val,9.106129,1.02
76,28,val,3.656502,1.03
76,29,val,4.806965,1.04
76,30,val,3.605397,1.05
76,31,val,23.446884,1.06
76,32,val,15.339416,1.07
76,33,val,4.350200,1.08
76,34,val,10.203245,1.08
76,35,val,3.385460,1.09
77,0,train,10.373741,0.14
77,1,train,11.245322,0.18
77,2,train,9.678505,0.22
77,3,train,10.515633,0.26
77,4,train,11.455869,0.30
77,5,train,8.201934,0.33
77,6,train,7.481199,0.37
77,7,train,9.957499,0.41
77,8,train,7.753086,0.44
77,9,train,11.525149,0.48
77,10,train,10.851385,0.51
77,11,train,7.848781,0.54
77,12,train,9.869383,0.57
77,13,train,8.596461,0.60
77,0,val,4.486298,0.73
77,1,val,5.756234,0.73
77,2,val,14.193563,0.74
77,3,val,17.152061,0.74
77,4,val,3.645620,0.75
77,5,val,3.542214,0.76
77,6,val,14.259075,0.77
77,7,val,16.797216,0.78
77,8,val,3.516181,0.78
77,9,val,12.873258,0.79
77,10,val,15.292845,0.80
77,11,val,10.423432,0.80
77,12,val,15.625292,0.81
77,13,val,7.349322,0.82
77,14,val,9.514493,0.82
77,15,val,10.835336,0.83
77,16,val,15.183177,0.83
77,17,val,10.422842,0.84
77,18,val,5.529195,0.85
77,19,val,22.602013,0.85
77,20,val,10.582974,0.86
77,21,val,15.449334,0.87
77,22,val,18.027426,0.88
77,23,val,7.226116,0.88
77,24,val,3.143579,0.89
77,25,val,24.957977,0.90
77,26,val,3.744975,0.90
77,27,val,5.725901,0.91
77,28,val,3.941526,0.91
77,29,val,4.070636,0.92
77,30,val,3.538433,0.93
77,31,val,24.421146,0.93
77,32,val,16.525459,0.94
77,33,val,3.292272,0.94
77,34,val,11.197820,0.95
77,35,val,4.095414,0.95
78,0,train,9.057417,0.12
78,1,train,7.427996,0.16
78,2,train,8.449981,0.19
78,3,train,14.133902,0.22
78,4,train,8.925978,0.26
78,5,train,9.960090,0.29
78,6,train,7.977558,0.33
78,7,train,10.518263,0.36
78,8,train,9.248451,0.41
78,9,train,10.405712,0.45
78,10,train,9.911047,0.48
78,11,train,8.233589,0.52
78,12,train,5.999357,0.55
78,13,train,10.269213,0.58
78,0,val,3.924704,0.79
78,1,val,3.973308,0.80
78,2,val,12.999225,0.81
78,3,val,16.633734,0.82
78,4,val,5.902564,0.83
78,5,val,3.387656,0.83
78,6,val,14.816489,0.84
78,7,val,17.680340,0.85
78,8,val,4.550500,0.86
78,9,val,15.972316,0.87
78,10,val,23.042845,0.87
78,11,val,10.937110,0.88
78,12,val,17.672417,0.89
78,13,val,7.539850,0.91
78,14,val,9.033698,0.92
78,15,val,4.009450,0.93
78,16,val,15.950129,0.93
78,17,val,6.206279,0.94
78,18,val,5.236787,0.95
78,19,val,23.422029,0.96
78,20,val,10.914585,0.97
78,21,val,13.902725,0.98
78,22,val,14.048090,0.99
78,23,val,3.316171,1.00
78,24,val,9.277042,1.01
78,25,val,24.720823,1.02
78,26,val,3.203261,1.02
78,27,val,5.323145,1.03
78,28,val,5.888894,1.04
78,29,val,3.429584,1.05
78,30,val,5.315261,1.06
78,31,val,23.723581,1.06
78,32,val,19.435556,1.07
78,33,val,3.657257,1.07
78,34,val,14.868880,1.08
78,35,val,4.832566,1.09
79,0,train,7.717856,0.18
79,1,train,8.493423,0.22
79,2,train,7.348117,0.26
79,3,train,10.196608,0.30
79,4,train,6.832845,0.34
79,5,train,7.501412,0.38
79,6,train,8.360654,0.42
79,7,train,8.522385,0.46
79,8,train,8.518418,0.51
79,9,train,7.522747,0.55
79,10,train,8.697800,0.58
79,11,train,10.226116,0.61
79,12,train,8.635525,0.64
79,13,train,7.545785,0.67
79,0,val,3.845318,0.84
79,1,val,6.018356,0.87
79,2,val,14.452645,0.88
79,3,val,20.309021,0.89
79,4,val,8.424495,0.90
79,5,val,3.278264,0.91
79,6,val,13.463291,0.92
79,7,val,7.670195,0.93
79,8,val,4.588696,0.94
79,9,val,17.745733,0.95
79,10,val,15.819638,0.96
79,11,val,9.324497,0.97
79,12,val,15.313372,0.98
79,13,val,8.828456,0.99
79,14,val,10.568089,1.00
79,15,val,2.821719,1.00
79,16,val,14.291160,1.01
79,17,val,7.172846,1.02
79,18,val,2.951900,1.03
79,19,val,23.376089,1.04
79,20,val,9.288931,1.05
79,21,val,13.933946,1.06
79,22,val,12.322082,1.06
79,23,val,4.308084,1.07
79,24,val,12.196644,1.08
79,25,val,27.186192,1.09
79,26,val,4.298803,1.10
79,27,val,5.190564,1.11
79,28,val,3.697904,1.12
79,29,val,5.984482,1.13
79,30,val,6.511265,1.13
79,31,val,23.965002,1.14
79,32,val,15.102292,1.15
79,33,val,3.766797,1.15
79,34,val,16.016872,1.16
79,35,val,2.533203,1.16
80,0,train,8.553324,0.20
80,1,train,7.607530,0.24
80,2,train,9.626839,0.28
80,3,train,8.368570,0.32
80,4,train,7.317649,0.36
80,5,train,7.897763,0.40
80,6,train,8.808024,0.44
80,7,train,8.004974,0.48
80,8,train,8.796124,0.52
80,9,train,10.424349,0.56
80,10,train,11.741508,0.59
80,11,train,10.845509,0.62
80,12,train,9.617632,0.66
80,13,train,9.241754,0.69
80,0,val,7.319512,0.87
80,1,val,6.944204,0.89
80,2,val,13.753017,0.90
80,3,val,17.768127,0.91
80,4,val,3.132993,0.92
80,5,val,5.484839,0.93
80,6,val,14.901319,0.94
80,7,val,5.244992,0.95
80,8,val,4.025453,0.95
80,9,val,13.103806,0.96
80,10,val,22.028854,0.97
80,11,val,9.587537,0.99
80,12,val,17.528032,1.00
80,13,val,11.907375,1.01
80,14,val,8.579374,1.02
80,15,val,4.786658,1.03
80,16,val,13.933665,1.03
80,17,val,11.066962,1.04
80,18,val,2.527404,1.05
80,19,val,23.731489,1.06
80,20,val,25.571079,1.07
80,21,val,14.589428,1.08
80,22,val,12.637013,1.10
80,23,val,6.486691,1.12
80,24,val,3.787981,1.13
80,25,val,26.201262,1.15
80,26,val,4.845638,1.17
80,27,val,3.678202,1.18
80,28,val,6.113896,1.19
80,29,val,4.294909,1.21
80,30,val,4.943451,1.23
80,31,val,24.011555,1.24
80,32,val,15.907444,1.25
80,33,val,2.985784,1.26
80,34,val,15.680064,1.26
80,35,val,2.974076,1.27
81,0,train,8.396132,0.15
81,1,train,14.340397,0.20
81,2,train,8.278189,0.24
81,3,train,13.505690,0.28
81,4,train,9.070108,0.33
81,5,train,9.634008,0.38
81,6,train,8.468485,0.42
81,7,train,6.294419,0.45
81,8,train,9.134695,0.48
81,9,train,9.122906,0.52
81,10,train,9.373384,0.55
81,11,train,8.867036,0.58
81,12,train,9.370902,0.61
81,13,train,8.427896,0.64
81,0,val,17.431541,0.84
81,1,val,6.698138,0.86
81,2,val,12.730991,0.87
81,3,val,17.254251,0.88
81,4,val,2.575387,0.89
81,5,val,10.396904,0.90
81,6,val,13.629537,0.91
81,7,val,10.506225,0.92
81,8,val,3.329038,0.92
81,9,val,13.345996,0.93
81,10,val,19.080765,0.94
81,11,val,10.356834,0.95
81,12,val,13.937601,0.97
81,13,val,12.842045,0.98
81,14,val,8.768805,0.99
81,15,val,3.142520,1.00
81,16,val,16.776583,1.01
81,17,val,11.081527,1.02
81,18,val,3.842866,1.03
81,19,val,22.482531,1.04
81,20,val,9.610973,1.05
81,21,val,14.796498,1.06
81,22,val,12.850213,1.08
81,23,val,9.105039,1.09
81,24,val,3.478973,1.09
81,25,val,30.003927,1.10
81,26,val,7.787268,1.11
81,27,val,3.860268,1.12
81,28,val,3.566294,1.13
81,29,val,3.609468,1.14
81,30,val,3.433973,1.15
81,31,val,23.009531,1.16
81,32,val,17.814917,1.17
81,33,val,4.938491,1.18
81,34,val,9.489840,1.19
81,35,val,3.572513,1.19
82,0,train,9.891098,0.20
82,1,train,11.974960,0.27
82,2,train,10.895594,0.31
82,3,train,8.518734,0.37
82,4,train,9.810744,0.41
82,5,train,9.308197,0.44
82,6,train,12.280945,0.48
82,7,train,9.388418,0.52
82,8,train,8.430994,0.55
82,9,train,8.529053,0.60
82,10,train,8.481982,0.64
82,11,train,7.394704,0.67
82,12,train,15.491377,0.71
82,13,train,11.755018,0.74
82,0,val,4.759941,0.89
82,1,val,6.652564,0.91
82,2,val,12.382942,0.91
82,3,val,29.670273,0.92
82,4,val,3.763807,0.93
82,5,val,6.810106,0.94
82,6,val,13.156154,0.95
82,7,val,5.393127,0.96
82,8,val,6.475781,0.97
82,9,val,12.289793,0.98
82,10,val,22.453714,0.99
82,11,val,9.437799,1.00
82,12,val,15.417163,1.02
82,13,val,7.647645,1.03
82,14,val,22.478613,1.04
82,15,val,8.168569,1.05
82,16,val,13.649177,1.05
82,17,val,8.346901,1.06
82,18,val,7.669619,1.07
82,19,val,23.637323,1.08
82,20,val,8.648932,1.09
82,21,val,15.487212,1.11
82,22,val,13.269829,1.12
82,23,val,3.997686,1.13
82,24,val,7.577194,1.14
82,25,val,24.432837,1.15
82,26,val,3.642303,1.17
82,27,val,4.117465,1.17
82,28,val,4.314456,1.18
82,29,val,6.269748,1.19
82,30,val,5.015224,1.19
82,31,val,25.890770,1.20
82,32,val,18.316174,1.20
82,33,val,2.986433,1.21
82,34,val,17.956997,1.21
82,35,val,6.446283,1.22
83,0,train,11.203707,0.18
83,1,train,8.256666,0.23
83,2,train,12.653640,0.27
83,3,train,9.404577,0.31
83,4,train,11.980698,0.36
83,5,train,10.984940,0.40
83,6,train,11.604551,0.44
83,7,train,9.474689,0.48
83,8,train,8.992181,0.51
83,9,train,13.228795,0.55
83,10,train,10.921644,0.58
83,11,train,10.367666,0.62
83,12,train,8.194820,0.65
83,13,train,7.629071,0.68
83,0,val,7.515601,0.84
83,1,val,13.209805,0.85
83,2,val,12.818101,0.86
83,3,val,17.795662,0.88
83,4,val,3.108978,0.89
83,5,val,4.250765,0.90
83,6,val,13.737162,0.90
83,7,val,5.189221,0.91
83,8,val,2.774342,0.92
83,9,val,14.876128,0.93
83,10,val,17.214346,0.94
83,11,val,8.221033,0.94
83,12,val,17.031580,0.96
83,13,val,7.768421,0.97
83,14,val,9.138214,0.98
83,15,val,4.292980,0.99
83,16,val,16.574465,1.00
83,17,val,5.998900,1.00
83,18,val,3.781475,1.01
83,19,val,21.261076,1.02
83,20,val,13.488868,1.02
83,21,val,14.899436,1.03
83,22,val,13.623419,1.04
83,23,val,5.118701,1.05
83,24,val,3.965642,1.06
83,25,val,25.090481,1.07
83,26,val,3.711538,1.08
83,27,val,7.646197,1.09
83,28,val,3.686044,1.10
83,29,val,8.747376,1.10
83,30,val,7.388302,1.11
83,31,val,23.188602,1.12
83,32,val,23.050617,1.12
83,33,val,5.987628,1.13
83,34,val,10.283792,1.13
83,35,val,3.248153,1.14
84,0,train,10.513597,0.14
84,1,train,9.021929,0.18
84,2,train,7.429805,0.21
84,3,train,8.894100,0.24
84,4,train,7.692065,0.28
84,5,train,10.086414,0.31
84,6,train,7.452230,0.34
84,7,train,9.005018,0.38
84,8,train,6.378990,0.41
84,9,train,8.331519,0.44
84,10,train,7.357092,0.48
84,11,train,7.834954,0.50
84,12,train,10.468002,0.54
84,13,train,7.050978,0.57
84,0,val,3.557733,0.69
84,1,val,4.440962,0.69
84,2,val,12.756114,0.70
84,3,val,16.866385,0.71
84,4,val,7.007273,0.71
84,5,val,4.469941,0.73
84,6,val,12.914902,0.74
84,7,val,5.598078,0.74
84,8,val,6.458202,0.75
84,9,val,11.864497,0.76
84,10,val,15.563417,0.76
84,11,val,9.074240,0.77
84,12,val,14.470630,0.78
84,13,val,7.611627,0.78
84,14,val,8.255188,0.79
84,15,val,3.500697,0.80
84,16,val,13.747032,0.81
84,17,val,6.885231,0.82
84,18,val,5.261704,0.83
84,19,val,21.824814,0.84
84,20,val,13.559250,0.85
84,21,val,14.777651,0.85
84,22,val,12.582503,0.86
84,23,val,4.140047,0.87
84,24,val,2.946755,0.87
84,25,val,24.942905,0.88
84,26,val,4.166303,0.89
84,27,val,5.262019,0.89
84,28,val,7.285749,0.90
84,29,val,5.584405,0.91
84,30,val,11.650317,0.91
84,31,val,22.678011,0.92
84,32,val,19.037029,0.93
84,33,val,7.261134,0.93
84,34,val,11.724673,0.94
84,35,val,2.940970,0.94
85,0,train,7.497167,0.13
85,1,train,6.533897,0.17
85,2,train,6.947096,0.20
85,3,train,11.667171,0.24
85,4,train,11.239159,0.27
85,5,train,7.891053,0.30
85,6,train,10.672276,0.33
85,7,train,7.050168,0.37
85,8,train,9.120796,0.40
85,9,train,10.237154,0.51
85,10,train,9.393901,0.54
85,11,train,7.462469,0.58
85,12,train,10.868552,0.61
85,13,train,7.366521,0.64
85,0,val,4.059394,0.76
85,1,val,8.282920,0.77
85,2,val,15.438038,0.77
85,3,val,16.702642,0.78
85,4,val,4.973093,0.79
85,5,val,3.991020,0.80
85,6,val,15.679991,0.81
85,7,val,11.288843,0.81
85,8,val,6.199893,0.82
85,9,val,14.100345,0.83
85,10,val,15.054748,0.83
85,11,val,9.110523,0.84
85,12,val,14.161607,0.85
85,13,val,9.936054,0.86
85,14,val,8.854939,0.87
85,15,val,4.125744,0.88
85,16,val,14.356812,0.89
85,17,val,12.649556,0.90
85,18,val,4.088415,0.90
85,19,val,21.585684,0.91
85,20,val,8.943510,0.92
85,21,val,21.980196,0.92
85,22,val,12.676109,0.93
85,23,val,3.628490,0.94
85,24,val,3.596638,0.94
85,25,val,25.273548,0.95
85,26,val,3.823274,0.96
85,27,val,4.421986,0.96
85,28,val,3.986321,0.97
85,29,val,4.033042,0.98
85,30,val,4.252213,0.99
85,31,val,28.120142,0.99
85,32,val,22.510401,1.00
85,33,val,2.721086,1.01
85,34,val,9.681888,1.02
85,35,val,6.544308,1.02
86,0,train,9.478313,0.13
86,1,train,10.404316,0.17
86,2,train,6.388551,0.20
86,3,train,8.503777,0.23
86,4,train,8.299731,0.27
86,5,train,10.049717,0.30
86,6,train,8.813914,0.33
86,7,train,12.657602,0.37
86,8,train,9.577005,0.41
86,9,train,11.493164,0.44
86,10,train,7.361084,0.47
86,11,train,10.113124,0.50
86,12,train,8.118717,0.53
86,13,train,9.956014,0.57
86,0,val,4.213286,0.70
86,1,val,5.120076,0.70
86,2,val,14.058569,0.71
86,3,val,19.234753,0.72
86,4,val,4.526141,0.73
86,5,val,5.397986,0.74
86,6,val,13.707319,0.74
86,7,val,5.397439,0.75
86,8,val,2.707552,0.75
86,9,val,11.439475,0.76
86,10,val,17.406427,0.77
86,11,val,9.598316,0.77
86,12,val,15.620018,0.78
86,13,val,9.837215,0.79
86,14,val,10.803461,0.79
86,15,val,6.773962,0.80
86,16,val,14.048570,0.81
86,17,val,12.146210,0.81
86,18,val,5.923214,0.83
86,19,val,21.279463,0.84
86,20,val,8.996008,0.85
86,21,val,14.628542,0.86
86,22,val,15.950734,0.86
86,23,val,4.773088,0.87
86,24,val,4.389088,0.87
86,25,val,25.281416,0.88
86,26,val,3.977899,0.89
86,27,val,5.691610,0.89
86,28,val,4.429514,0.90
86,29,val,4.524961,0.91
86,30,val,5.765868,0.92
86,31,val,25.742056,0.93
86,32,val,14.568758,0.93
86,33,val,2.986878,0.94
86,34,val,14.272900,0.95
86,35,val,3.347810,0.95
87,0,train,10.366734,0.14
87,1,train,11.631134,0.17
87,2,train,7.411364,0.21
87,3,train,7.479430,0.24
87,4,train,6.516913,0.27
87,5,train,17.395798,0.30
87,6,train,6.316921,0.34
87,7,train,9.543708,0.37
87,8,train,7.357955,0.40
87,9,train,9.894167,0.44
87,10,train,6.996153,0.47
87,11,train,8.797722,0.50
87,12,train,6.598443,0.53
87,13,train,6.616701,0.56
87,0,val,3.164801,0.69
87,1,val,4.088272,0.70
87,2,val,13.545122,0.71
87,3,val,15.817470,0.73
87,4,val,4.277524,0.74
87,5,val,3.733923,0.75
87,6,val,13.620418,0.76
87,7,val,6.617996,0.77
87,8,val,2.583972,0.78
87,9,val,13.449768,0.79
87,10,val,19.499475,0.80
87,11,val,8.829537,0.81
87,12,val,14.337489,0.83
87,13,val,6.710933,0.84
87,14,val,9.408908,0.85
87,15,val,8.594205,0.85
87,16,val,14.865074,0.87
87,17,val,7.038839,0.87
87,18,val,3.216357,0.89
87,19,val,23.899382,0.90
87,20,val,13.758750,0.91
87,21,val,14.113807,0.92
87,22,val,15.367106,0.94
87,23,val,4.060324,0.94
87,24,val,5.810432,0.95
87,25,val,24.896572,0.96
87,26,val,4.042522,0.97
87,27,val,4.891018,0.98
87,28,val,5.632568,0.99
87,29,val,4.898200,1.00
87,30,val,6.296126,1.01
87,31,val,22.211075,1.02
87,32,val,21.576365,1.02
87,33,val,2.967926,1.03
87,34,val,9.568617,1.04
87,35,val,9.091047,1.04
88,0,train,9.525589,0.16
88,1,train,11.516716,0.21
88,2,train,7.005273,0.25
88,3,train,12.713585,0.29
88,4,train,8.084905,0.34
88,5,train,7.821735,0.38
88,6,train,6.820948,0.42
88,7,train,8.559809,0.46
88,8,train,9.642485,0.50
88,9,train,7.548542,0.54
88,10,train,7.504834,0.58
88,11,train,6.359254,0.61
88,12,train,8.698876,0.64
88,13,train,9.078566,0.68
88,0,val,4.500473,0.89
88,1,val,15.315633,0.90
88,2,val,12.352414,0.91
88,3,val,16.064386,0.92
88,4,val,2.447301,0.93
88,5,val,3.874992,0.94
88,6,val,12.925869,0.95
88,7,val,7.039915,0.96
88,8,val,3.562351,0.97
88,9,val,12.509383,0.97
88,10,val,14.456579,0.98
88,11,val,8.660074,0.99
88,12,val,13.662009,1.01
88,13,val,6.341320,1.02
88,14,val,9.507275,1.03
88,15,val,4.267942,1.04
88,16,val,13.302423,1.05
88,17,val,5.976395,1.06
88,18,val,3.140642,1.07
88,19,val,21.360733,1.07
88,20,val,8.862129,1.08
88,21,val,14.562586,1.09
88,22,val,13.648587,1.10
88,23,val,4.244984,1.11
88,24,val,3.651270,1.12
88,25,val,24.216520,1.13
88,26,val,4.569547,1.14
88,27,val,4.477779,1.14
88,28,val,8.632647,1.15
88,29,val,13.695976,1.16
88,30,val,11.829746,1.17
88,31,val,22.791470,1.18
88,32,val,22.563223,1.18
88,33,val,3.548485,1.19
88,34,val,9.835818,1.19
88,35,val,4.463142,1.20
89,0,train,10.864521,0.19
89,1,train,12.237478,0.23
89,2,train,10.098431,0.26
89,3,train,7.182554,0.30
89,4,train,9.753094,0.35
89,5,train,9.454382,0.39
89,6,train,12.058235,0.43
89,7,train,8.856437,0.47
89,8,train,8.001522,0.51
89,9,train,9.384384,0.54
89,10,train,11.597156,0.58
89,11,train,8.127509,0.61
89,12,train,10.175713,0.65
89,13,train,8.051699,0.68
89,0,val,3.564849,0.85
89,1,val,5.207033,0.87
89,2,val,20.857569,0.88
89,3,val,15.824274,0.88
89,4,val,7.137915,0.89
89,5,val,3.178441,0.90
89,6,val,21.320498,0.91
89,7,val,5.120062,0.92
89,8,val,3.236444,0.93
89,9,val,11.395879,0.93
89,10,val,14.692515,0.94
89,11,val,12.360595,0.95
89,12,val,14.532660,0.96
89,13,val,7.261074,0.97
89,14,val,16.534245,0.98
89,15,val,2.718533,0.99
89,16,val,15.193091,1.00
89,17,val,6.633350,1.00
89,18,val,9.238725,1.01
89,19,val,32.455257,1.02
89,20,val,11.341527,1.03
89,21,val,14.419539,1.04
89,22,val,11.671421,1.04
89,23,val,8.340317,1.05
89,24,val,6.456645,1.06
89,25,val,25.780193,1.07
89,26,val,6.322165,1.08
89,27,val,4.199418,1.09
89,28,val,3.498700,1.10
89,29,val,7.205144,1.10
89,30,val,12.890681,1.11
89,31,val,27.612316,1.12
89,32,val,15.652684,1.12
89,33,val,6.009847,1.13
89,34,val,11.925616,1.14
89,35,val,7.200136,1.14
90,0,train,9.649670,0.17
90,1,train,8.643539,0.22
90,2,train,12.170009,0.26
90,3,train,6.406755,0.30
90,4,train,7.471614,0.35
90,5,train,10.225094,0.39
90,6,train,6.922279,0.42
90,7,train,9.892159,0.47
90,8,train,7.698164,0.51
90,9,train,14.035708,0.54
90,10,train,8.480214,0.58
90,11,train,10.270295,0.61
90,12,train,8.340073,0.64
90,13,train,7.200914,0.67
90,0,val,7.692379,0.85
90,1,val,3.672280,0.87
90,2,val,12.623406,0.88
90,3,val,17.657471,0.89
90,4,val,4.311471,0.90
90,5,val,4.214118,0.91
90,6,val,12.000683,0.92
90,7,val,5.416797,0.92
90,8,val,2.574947,0.93
90,9,val,11.961354,0.94
90,10,val,13.839416,0.95
90,11,val,9.676249,0.96
90,12,val,15.044544,0.97
90,13,val,6.363843,0.98
90,14,val,20.994247,0.99
90,15,val,3.448321,1.00
90,16,val,14.080256,1.01
90,17,val,5.858193,1.02
90,18,val,3.303625,1.03
90,19,val,21.399609,1.04
90,20,val,10.097059,1.05
90,21,val,14.772764,1.06
90,22,val,16.234360,1.07
90,23,val,7.167593,1.08
90,24,val,5.985518,1.09
90,25,val,22.812372,1.10
90,26,val,4.111393,1.11
90,27,val,4.289022,1.12
90,28,val,3.697376,1.13
90,29,val,4.134206,1.14
90,30,val,3.239806,1.15
90,31,val,21.041739,1.16
90,32,val,13.546920,1.16
90,33,val,2.410193,1.17
90,34,val,9.583449,1.18
90,35,val,2.860857,1.19
91,0,train,9.280680,0.20
91,1,train,12.115034,0.26
91,2,train,8.903685,0.30
91,3,train,7.262245,0.34
91,4,train,6.570745,0.38
91,5,train,8.295160,0.42
91,6,train,9.789739,0.45
91,7,train,6.292245,0.49
91,8,train,9.712439,0.52
91,9,train,5.995008,0.55
91,10,train,6.736350,0.59
91,11,train,9.836608,0.62
91,12,train,11.744777,0.65
91,13,train,8.115294,0.68
91,0,val,5.926468,0.82
91,1,val,4.136594,0.83
91,2,val,12.888993,0.83
91,3,val,21.626816,0.85
91,4,val,2.152766,0.85
91,5,val,3.896679,0.86
91,6,val,14.210640,0.87
91,7,val,10.870153,0.87
91,8,val,2.525874,0.88
91,9,val,12.361734,0.89
91,10,val,13.684023,0.89
91,11,val,9.149163,0.90
91,12,val,14.274775,0.91
91,13,val,11.262359,0.91
91,14,val,7.974528,0.92
91,15,val,3.575953,0.93
91,16,val,13.322772,0.93
91,17,val,10.032610,0.94
91,18,val,4.042233,0.95
91,19,val,20.660973,0.96
91,20,val,9.269916,0.96
91,21,val,15.012938,0.97
91,22,val,13.100378,0.98
91,23,val,7.258699,0.98
91,24,val,2.330351,0.99
91,25,val,22.611784,0.99
91,26,val,4.220762,1.00
91,27,val,3.894653,1.01
91,28,val,3.625636,1.01
91,29,val,3.318287,1.02
91,30,val,3.778226,1.02
91,31,val,25.115242,1.03
91,32,val,19.523455,1.04
91,33,val,2.452668,1.04
91,34,val,15.123072,1.05
91,35,val,6.919008,1.05
92,0,train,13.633426,0.13
92,1,train,11.846132,0.16
92,2,train,7.999841,0.20
92,3,train,7.228520,0.23
92,4,train,9.245239,0.27
92,5,train,7.670309,0.30
92,6,train,11.478279,0.33
92,7,train,10.470768,0.37
92,8,train,6.730591,0.40
92,9,train,13.063515,0.43
92,10,train,8.682871,0.47
92,11,train,7.459951,0.50
92,12,train,10.019540,0.53
92,13,train,7.327077,0.56
92,0,val,7.370909,0.68
92,1,val,5.232705,0.69
92,2,val,11.971872,0.69
92,3,val,19.735283,0.70
92,4,val,11.585938,0.71
92,5,val,4.601630,0.72
92,6,val,11.332458,0.73
92,7,val,5.791753,0.74
92,8,val,2.960461,0.75
92,9,val,12.722014,0.76
92,10,val,13.982893,0.76
92,11,val,8.142854,0.77
92,12,val,13.218421,0.78
92,13,val,6.969625,0.78
92,14,val,8.415915,0.79
92,15,val,3.077860,0.80
92,16,val,12.972634,0.80
92,17,val,7.198320,0.81
92,18,val,4.283047,0.82
92,19,val,21.069456,0.82
92,20,val,18.348612,0.83
92,21,val,14.359678,0.84
92,22,val,12.248213,0.84
92,23,val,3.346433,0.85
92,24,val,3.014856,0.86
92,25,val,22.781517,0.86
92,26,val,3.377383,0.87
92,27,val,4.946681,0.88
92,28,val,4.077768,0.88
92,29,val,3.577588,0.89
92,30,val,12.613203,0.89
92,31,val,29.532335,0.90
92,32,val,14.020439,0.90
92,33,val,8.510210,0.91
92,34,val,12.876659,0.91
92,35,val,2.785434,0.92
93,0,train,9.909170,0.13
93,1,train,7.972124,0.16
93,2,train,6.724827,0.20
93,3,train,7.198052,0.23
93,4,train,7.128243,0.26
93,5,train,7.641279,0.30
93,6,train,7.069023,0.33
93,7,train,10.232977,0.36
93,8,train,6.953307,0.40
93,9,train,8.010341,0.43
93,10,train,9.415391,0.46
93,11,train,7.127423,0.49
93,12,train,12.392220,0.53
93,13,train,6.909973,0.56
93,0,val,4.326878,0.68
93,1,val,8.528621,0.69
93,2,val,13.471806,0.70
93,3,val,15.434049,0.70
93,4,val,9.496024,0.72
93,5,val,3.092340,0.72
93,6,val,12.563236,0.73
93,7,val,4.922019,0.74
93,8,val,2.933524,0.74
93,9,val,10.850803,0.75
93,10,val,16.340767,0.75
93,11,val,13.807496,0.76
93,12,val,16.230850,0.77
93,13,val,6.106041,0.77
93,14,val,8.469938,0.78
93,15,val,4.116012,0.79
93,16,val,13.572804,0.79
93,17,val,6.329984,0.81
93,18,val,2.862437,0.82
93,19,val,21.482632,0.83
93,20,val,9.010270,0.83
93,21,val,20.001287,0.84
93,22,val,13.526627,0.85
93,23,val,4.200488,0.85
93,24,val,9.629127,0.86
93,25,val,25.221308,0.87
93,26,val,7.140512,0.87
93,27,val,4.097997,0.88
93,28,val,3.722715,0.89
93,29,val,4.482517,0.89
93,30,val,7.199865,0.90
93,31,val,23.800795,0.90
93,32,val,13.322457,0.91
93,33,val,4.191192,0.92
93,34,val,9.961223,0.92
93,35,val,2.785918,0.93
94,0,train,9.596505,0.12
94,1,train,8.999599,0.16
94,2,train,9.970539,0.20
94,3,train,9.978361,0.23
94,4,train,6.397902,0.26
94,5,train,8.706996,0.30
94,6,train,8.278755,0.33
94,7,train,8.562265,0.36
94,8,train,7.912216,0.39
94,9,train,7.484274,0.43
94,10,train,8.693527,0.46
94,11,train,8.248617,0.49
94,12,train,8.813951,0.52
94,13,train,8.098247,0.55
94,0,val,3.440230,0.68
94,1,val,8.827284,0.69
94,2,val,13.816559,0.70
94,3,val,25.811625,0.70
94,4,val,2.597181,0.72
94,5,val,3.412001,0.72
94,6,val,17.313576,0.73
94,7,val,7.531918,0.74
94,8,val,4.613677,0.74
94,9,val,14.808769,0.75
94,10,val,14.355123,0.76
94,11,val,15.863416,0.76
94,12,val,14.075509,0.77
94,13,val,8.746791,0.77
94,14,val,8.262956,0.78
94,15,val,11.754675,0.79
94,16,val,14.581916,0.79
94,17,val,6.573623,0.80
94,18,val,3.781780,0.81
94,19,val,21.558105,0.82
94,20,val,9.631953,0.82
94,21,val,13.636204,0.83
94,22,val,13.006599,0.84
94,23,val,3.410435,0.84
94,24,val,3.171807,0.85
94,25,val,23.291348,0.86
94,26,val,3.494672,0.87
94,27,val,7.596033,0.88
94,28,val,3.687102,0.89
94,29,val,3.742932,0.90
94,30,val,7.929634,0.91
94,31,val,21.523876,0.93
94,32,val,15.569067,0.94
94,33,val,9.190113,0.94
94,34,val,11.715123,0.95
94,35,val,10.508195,0.96
95,0,train,8.982654,0.13
95,1,train,8.532833,0.17
95,2,train,7.358373,0.21
95,3,train,8.937284,0.24
95,4,train,7.282995,0.28
95,5,train,6.541000,0.31
95,6,train,9.060307,0.34
95,7,train,6.660925,0.39
95,8,train,6.396525,0.42
95,9,train,9.328529,0.46
95,10,train,10.306822,0.50
95,11,train,7.298683,0.53
95,12,train,5.991343,0.57
95,13,train,10.446302,0.60
95,0,val,3.049083,0.74
95,1,val,4.728070,0.75
95,2,val,14.403271,0.77
95,3,val,21.636406,0.78
95,4,val,7.613271,0.79
95,5,val,5.457547,0.80
95,6,val,16.938557,0.80
95,7,val,12.671945,0.81
95,8,val,5.224669,0.82
95,9,val,11.035484,0.83
95,10,val,17.643480,0.84
95,11,val,8.634442,0.85
95,12,val,15.741870,0.86
95,13,val,7.778874,0.87
95,14,val,9.469339,0.89
95,15,val,3.140426,0.90
95,16,val,21.547316,0.91
95,17,val,5.631023,0.92
95,18,val,10.437551,0.93
95,19,val,20.424915,0.94
95,20,val,9.669912,0.95
95,21,val,20.690395,0.95
95,22,val,16.443979,0.96
95,23,val,3.576404,0.97
95,24,val,3.316750,0.97
95,25,val,22.881788,0.98
95,26,val,6.700618,0.99
95,27,val,10.105885,0.99
95,28,val,3.942358,1.00
95,29,val,5.922768,1.01
95,30,val,4.217339,1.02
95,31,val,21.895008,1.02
95,32,val,15.750191,1.03
95,33,val,5.859128,1.03
95,34,val,12.599507,1.04
95,35,val,3.638931,1.04
96,0,train,10.436835,0.17
96,1,train,6.309088,0.21
96,2,train,7.011282,0.24
96,3,train,6.872181,0.28
96,4,train,7.514872,0.32
96,5,train,9.415799,0.35
96,6,train,8.430554,0.38
96,7,train,9.194062,0.42
96,8,train,6.467018,0.45
96,9,train,8.284017,0.48
96,10,train,7.843074,0.52
96,11,train,7.710145,0.55
96,12,train,14.019733,0.58
96,13,train,10.504196,0.61
96,0,val,4.973550,0.72
96,1,val,4.612057,0.73
96,2,val,11.793838,0.74
96,3,val,17.836124,0.74
96,4,val,2.890000,0.75
96,5,val,5.690629,0.76
96,6,val,11.306733,0.77
96,7,val,6.725980,0.78
96,8,val,2.652544,0.78
96,9,val,10.967855,0.79
96,10,val,21.220209,0.79
96,11,val,10.615961,0.80
96,12,val,12.847020,0.81
96,13,val,6.331045,0.81
96,14,val,11.037032,0.82
96,15,val,5.513531,0.83
96,16,val,14.166638,0.84
96,17,val,7.374584,0.85
96,18,val,4.605166,0.86
96,19,val,20.968248,0.86
96,20,val,16.945642,0.87
96,21,val,19.359964,0.88
96,22,val,12.425344,0.88
96,23,val,11.746142,0.89
96,24,val,3.357998,0.90
96,25,val,22.883224,0.90
96,26,val,4.910259,0.91
96,27,val,6.974926,0.91
96,28,val,3.701534,0.92
96,29,val,5.333531,0.93
96,30,val,5.817056,0.93
96,31,val,21.703257,0.94
96,32,val,14.092953,0.94
96,33,val,4.212221,0.95
96,34,val,9.798807,0.95
96,35,val,2.630143,0.96
97,0,train,8.406546,0.13
97,1,train,7.291000,0.17
97,2,train,5.616992,0.20
97,3,train,6.216295,0.24
97,4,train,8.486751,0.28
97,5,train,7.889776,0.31
97,6,train,7.585113,0.34
97,7,train,10.448160,0.38
97,8,train,6.811903,0.41
97,9,train,8.695067,0.44
97,10,train,7.209263,0.47
97,11,train,6.565393,0.51
97,12,train,8.768181,0.54
97,13,train,7.679723,0.57
97,0,val,4.816965,0.69
97,1,val,4.176616,0.70
97,2,val,18.625080,0.71
97,3,val,14.695836,0.72
97,4,val,6.161425,0.73
97,5,val,3.213115,0.74
97,6,val,11.598207,0.75
97,7,val,5.155522,0.75
97,8,val,3.413380,0.76
97,9,val,11.226649,0.76
97,10,val,18.889055,0.77
97,11,val,7.839121,0.78
97,12,val,13.657703,0.78
97,13,val,5.955133,0.79
97,14,val,7.836596,0.80
97,15,val,4.553787,0.81
97,16,val,13.303462,0.81
97,17,val,7.330549,0.82
97,18,val,5.185722,0.83
97,19,val,21.045334,0.83
97,20,val,8.434441,0.84
97,21,val,14.434315,0.85
97,22,val,11.680260,0.86
97,23,val,4.381193,0.87
97,24,val,2.278741,0.88
97,25,val,22.991472,0.89
97,26,val,6.466438,0.89
97,27,val,4.034229,0.90
97,28,val,4.529095,0.90
97,29,val,4.280633,0.91
97,30,val,3.626402,0.92
97,31,val,21.562378,0.92
97,32,val,17.879631,0.93
97,33,val,10.893714,0.94
97,34,val,9.356575,0.94
97,35,val,3.967943,0.95
98,0,train,10.383289,0.13
98,1,train,7.055367,0.17
98,2,train,7.309186,0.20
98,3,train,9.133028,0.24
98,4,train,6.531112,0.27
98,5,train,8.823750,0.30
98,6,train,7.731327,0.33
98,7,train,8.416912,0.37
98,8,train,6.525898,0.40
98,9,train,6.561335,0.44
98,10,train,7.057163,0.47
98,11,train,9.104282,0.50
98,12,train,6.155036,0.53
98,13,train,6.051994,0.56
98,0,val,5.473599,0.69
98,1,val,4.360246,0.70
98,2,val,11.985101,0.72
98,3,val,14.594651,0.72
98,4,val,5.372962,0.73
98,5,val,4.059434,0.74
98,6,val,11.345064,0.74
98,7,val,10.153634,0.75
98,8,val,5.890579,0.76
98,9,val,13.050245,0.76
98,10,val,13.092045,0.77
98,11,val,8.294103,0.78
98,12,val,13.382167,0.78
98,13,val,12.034712,0.79
98,14,val,13.890580,0.80
98,15,val,3.205471,0.80
98,16,val,15.190423,0.81
98,17,val,6.170999,0.82
98,18,val,8.161478,0.83
98,19,val,29.275311,0.83
98,20,val,13.025337,0.84
98,21,val,13.069974,0.85
98,22,val,16.180302,0.85
98,23,val,3.849216,0.86
98,24,val,3.392816,0.87
98,25,val,25.471828,0.87
98,26,val,6.218863,0.88
98,27,val,4.065609,0.89
98,28,val,4.286465,0.89
98,29,val,5.985633,0.90
98,30,val,3.764999,0.91
98,31,val,21.086843,0.91
98,32,val,15.023243,0.92
98,33,val,4.988725,0.93
98,34,val,8.989017,0.93
98,35,val,2.662730,0.94
99,0,train,7.547752,0.13
99,1,train,7.941352,0.17
99,2,train,7.483730,0.20
99,3,train,10.714928,0.23
99,4,train,6.695243,0.27
99,5,train,5.375473,0.30
99,6,train,6.795452,0.33
99,7,train,8.060448,0.37
99,8,train,6.968584,0.40
99,9,train,8.786551,0.43
99,10,train,6.230391,0.47
99,11,train,7.234514,0.50
99,12,train,10.037467,0.53
99,13,train,6.275651,0.63
99,0,val,4.487823,0.77
99,1,val,4.444174,0.77
99,2,val,11.271811,0.78
99,3,val,16.562838,0.80
99,4,val,8.135628,0.80
99,5,val,3.669167,0.81
99,6,val,13.630403,0.82
99,7,val,8.184000,0.82
99,8,val,10.363445,0.83
99,9,val,11.282033,0.84
99,10,val,13.596317,0.84
99,11,val,9.820409,0.85
99,12,val,12.719290,0.86
99,13,val,6.072394,0.86
99,14,val,8.354199,0.87
99,15,val,4.451271,0.88
99,16,val,24.543921,0.88
99,17,val,5.704324,0.89
99,18,val,3.010042,0.90
99,19,val,26.120066,0.91
99,20,val,10.585630,0.91
99,21,val,12.920577,0.92
99,22,val,10.827579,0.93
99,23,val,4.200638,0.93
99,24,val,2.461171,0.94
99,25,val,23.244436,0.95
99,26,val,4.882426,0.95
99,27,val,4.489117,0.96
99,28,val,3.555607,0.97
99,29,val,3.591283,0.97
99,30,val,3.675837,0.98
99,31,val,22.650801,0.99
99,32,val,15.470280,1.00
99,33,val,5.257016,1.00
99,34,val,9.416126,1.00
99,35,val,5.928954,1.01
100,0,train,6.506273,0.14
100,1,train,10.959168,0.18
100,2,train,7.572239,0.22
100,3,train,8.278922,0.25
100,4,train,10.138950,0.29
100,5,train,7.459215,0.32
100,6,train,8.356833,0.35
100,7,train,8.584719,0.39
100,8,train,6.781571,0.42
100,9,train,8.450281,0.46
100,10,train,5.811630,0.49
100,11,train,6.235112,0.52
100,12,train,9.237141,0.56
100,13,train,7.565719,0.59
100,0,val,7.267516,0.73
100,1,val,6.956567,0.75
100,2,val,23.658701,0.77
100,3,val,14.215745,0.78
100,4,val,8.153374,0.79
100,5,val,3.770841,0.80
100,6,val,14.919619,0.81
100,7,val,5.161067,0.82
100,8,val,3.347628,0.83
100,9,val,10.673921,0.83
100,10,val,13.050826,0.85
100,11,val,7.725696,0.85
100,12,val,13.223016,0.87
100,13,val,10.033457,0.88
100,14,val,7.712201,0.89
100,15,val,3.259782,0.89
100,16,val,14.062108,0.90
100,17,val,5.852569,0.91
100,18,val,5.309422,0.92
100,19,val,23.278345,0.93
100,20,val,9.824172,0.94
100,21,val,13.523914,0.95
100,22,val,19.411863,0.96
100,23,val,3.884324,0.97
100,24,val,3.022357,0.98
100,25,val,21.553925,0.99
100,26,val,6.574030,1.00
100,27,val,3.464655,1.01
100,28,val,4.097085,1.02
100,29,val,3.742463,1.03
100,30,val,10.090429,1.04
100,31,val,22.849129,1.05
100,32,val,18.091511,1.05
100,33,val,2.770918,1.06
100,34,val,9.701842,1.07
100,35,val,13.885221,1.08
101,0,train,7.985723,0.17
101,1,train,6.981227,0.21
101,2,train,8.003922,0.25
101,3,train,12.084886,0.29
101,4,train,6.679195,0.34
101,5,train,9.282015,0.38
101,6,train,7.999134,0.42
101,7,train,10.765169,0.46
101,8,train,8.452930,0.50
101,9,train,7.678475,0.54
101,10,train,5.825890,0.57
101,11,train,7.101532,0.60
101,12,train,9.938444,0.63
101,13,train,8.007971,0.67
101,0,val,4.152357,0.84
101,1,val,3.793624,0.85
101,2,val,12.584588,0.87
101,3,val,16.243399,0.88
101,4,val,5.839051,0.89
101,5,val,2.632792,0.89
101,6,val,12.872715,0.90
101,7,val,5.537287,0.91
101,8,val,6.784053,0.92
101,9,val,14.523605,0.93
101,10,val,16.019413,0.94
101,11,val,7.273974,0.95
101,12,val,11.641601,0.95
101,13,val,6.814354,0.97
101,14,val,7.825052,0.97
101,15,val,2.551952,0.98
101,16,val,14.884288,0.99
101,17,val,5.724066,1.00
101,18,val,9.250228,1.01
101,19,val,20.104141,1.01
101,20,val,10.669429,1.02
101,21,val,14.301246,1.03
101,22,val,19.493628,1.04
101,23,val,3.128486,1.05
101,24,val,4.817674,1.06
101,25,val,23.005655,1.07
101,26,val,6.522633,1.08
101,27,val,4.219977,1.08
101,28,val,4.653305,1.09
101,29,val,4.542989,1.10
101,30,val,3.808010,1.11
101,31,val,21.746094,1.12
101,32,val,14.401679,1.12
101,33,val,4.370911,1.13
101,34,val,8.442813,1.13
101,35,val,3.067287,1.14
102,0,train,7.715549,0.16
102,1,train,9.607876,0.20
102,2,train,11.671732,0.24
102,3,train,6.436121,0.28
102,4,train,7.615553,0.33
102,5,train,5.453576,0.36
102,6,train,8.911329,0.40
102,7,train,8.507529,0.44
102,8,train,7.699463,0.47
102,9,train,8.928030,0.51
102,10,train,10.436901,0.55
102,11,train,8.619068,0.58
102,12,train,8.509384,0.61
102,13,train,8.850657,0.65
102,0,val,4.186239,0.85
102,1,val,3.919574,0.87
102,2,val,13.614527,0.89
102,3,val,15.425602,0.89
102,4,val,6.885211,0.90
102,5,val,7.487166,0.91
102,6,val,11.327663,0.92
102,7,val,7.413064,0.93
102,8,val,3.935115,0.94
102,9,val,10.809319,0.95
102,10,val,17.309551,0.97
102,11,val,8.358107,0.98
102,12,val,14.301184,0.99
102,13,val,8.319538,1.00
102,14,val,9.762473,1.01
102,15,val,4.363428,1.02
102,16,val,14.010586,1.03
102,17,val,6.627803,1.04
102,18,val,3.361716,1.05
102,19,val,19.674767,1.06
102,20,val,10.252651,1.08
102,21,val,12.082574,1.09
102,22,val,12.613611,1.09
102,23,val,6.061015,1.10
102,24,val,3.057635,1.11
102,25,val,23.047306,1.12
102,26,val,3.995673,1.13
102,27,val,4.978093,1.14
102,28,val,6.065086,1.15
102,29,val,5.373648,1.16
102,30,val,7.581832,1.17
102,31,val,20.069317,1.18
102,32,val,13.461624,1.19
102,33,val,2.937746,1.19
102,34,val,9.514294,1.20
102,35,val,3.489660,1.21
103,0,train,7.010906,0.21
103,1,train,10.501001,0.25
103,2,train,8.121733,0.29
103,3,train,7.702000,0.33
103,4,train,10.214875,0.38
103,5,train,9.023079,0.43
103,6,train,7.882595,0.47
103,7,train,10.212040,0.52
103,8,train,8.036612,0.57
103,9,train,5.107183,0.60
103,10,train,8.791131,0.65
103,11,train,6.697809,0.68
103,12,train,9.976707,0.72
103,13,train,5.815834,0.76
103,0,val,3.662942,0.93
103,1,val,5.142745,0.94
103,2,val,15.255206,0.95
103,3,val,14.299456,0.96
103,4,val,7.187677,0.97
103,5,val,3.008333,0.98
103,6,val,11.128568,0.99
103,7,val,8.423325,1.00
103,8,val,6.196283,1.01
103,9,val,10.919299,1.02
103,10,val,13.443276,1.04
103,11,val,8.188779,1.05
103,12,val,12.667432,1.06
103,13,val,8.088207,1.07
103,14,val,9.744657,1.08
103,15,val,4.239576,1.09
103,16,val,12.047127,1.10
103,17,val,6.267897,1.11
103,18,val,4.161684,1.12
103,19,val,26.085440,1.13
103,20,val,10.108442,1.14
103,21,val,16.225660,1.15
103,22,val,10.873044,1.16
103,23,val,10.741825,1.17
103,24,val,2.940566,1.18
103,25,val,23.607065,1.19
103,26,val,4.495144,1.20
103,27,val,6.339784,1.21
103,28,val,4.235140,1.22
103,29,val,7.469381,1.23
103,30,val,4.585510,1.24
103,31,val,19.829966,1.25
103,32,val,26.644381,1.26
103,33,val,4.730688,1.27
103,34,val,8.292662,1.27
103,35,val,4.181039,1.28
104,0,train,7.417029,0.16
104,1,train,7.303970,0.20
104,2,train,7.731725,0.24
104,3,train,7.341305,0.28
104,4,train,7.643382,0.31
104,5,train,7.682425,0.34
104,6,train,9.755037,0.38
104,7,train,10.454411,0.41
104,8,train,5.508363,0.44
104,9,train,6.863496,0.48
104,10,train,8.220440,0.51
104,11,train,8.968430,0.54
104,12,train,9.779281,0.57
104,13,train,8.529727,0.60
104,0,val,3.329432,0.72
104,1,val,10.335242,0.73
104,2,val,13.019893,0.73
104,3,val,14.884053,0.74
104,4,val,2.296502,0.75
104,5,val,3.216744,0.76
104,6,val,16.358454,0.77
104,7,val,5.930176,0.77
104,8,val,3.668827,0.78
104,9,val,10.200847,0.79
104,10,val,21.181044,0.79
104,11,val,7.550811,0.80
104,12,val,14.964326,0.81
104,13,val,6.054056,0.81
104,14,val,11.490542,0.82
104,15,val,13.541371,0.83
104,16,val,12.685485,0.83
104,17,val,8.707934,0.84
104,18,val,3.527452,0.85
104,19,val,19.398388,0.86
104,20,val,8.216066,0.86
104,21,val,13.268761,0.87
104,22,val,12.295208,0.88
104,23,val,5.364644,0.88
104,24,val,3.790467,0.89
104,25,val,24.362291,0.89
104,26,val,5.916252,0.90
104,27,val,6.203259,0.91
104,28,val,5.383047,0.91
104,29,val,3.609568,0.92
104,30,val,4.627335,0.93
104,31,val,27.780245,0.93
104,32,val,16.427969,0.94
104,33,val,11.734921,0.94
104,34,val,8.864382,0.95
104,35,val,2.376970,0.95
105,0,train,6.831738,0.13
105,1,train,8.697604,0.17
105,2,train,7.696522,0.20
105,3,train,6.966194,0.23
105,4,train,7.807765,0.28
105,5,train,7.630112,0.31
105,6,train,7.052963,0.35
105,7,train,6.357787,0.38
105,8,train,10.268563,0.42
105,9,train,8.111288,0.45
105,10,train,10.086209,0.48
105,11,train,6.511953,0.51
105,12,train,9.525181,0.54
105,13,train,7.805963,0.58
105,0,val,5.043344,0.70
105,1,val,9.056491,0.70
105,2,val,12.885003,0.71
105,3,val,15.045137,0.72
105,4,val,10.153832,0.72
105,5,val,7.368181,0.73
105,6,val,11.501263,0.74
105,7,val,7.212784,0.75
105,8,val,2.458482,0.75
105,9,val,10.627439,0.76
105,10,val,13.452766,0.77
105,11,val,8.685794,0.77
105,12,val,16.359398,0.78
105,13,val,5.806489,0.79
105,14,val,9.166683,0.79
105,15,val,4.958036,0.80
105,16,val,12.017259,0.81
105,17,val,8.808848,0.81
105,18,val,8.210991,0.82
105,19,val,19.482878,0.82
105,20,val,9.911674,0.83
105,21,val,12.068197,0.84
105,22,val,10.948353,0.85
105,23,val,6.980653,0.86
105,24,val,2.711992,0.86
105,25,val,22.688173,0.87
105,26,val,4.517096,0.87
105,27,val,4.279967,0.88
105,28,val,4.163487,0.89
105,29,val,4.557852,0.89
105,30,val,5.267397,0.90
105,31,val,24.821278,0.91
105,32,val,13.253459,0.91
105,33,val,3.105552,0.92
105,34,val,9.435334,0.92
105,35,val,3.365855,0.92
106,0,train,7.826798,0.13
106,1,train,9.785038,0.16
106,2,train,9.056348,0.20
106,3,train,5.681175,0.23
106,4,train,7.794891,0.26
106,5,train,6.952076,0.30
106,6,train,7.797542,0.34
106,7,train,6.793176,0.38
106,8,train,8.434059,0.41
106,9,train,7.996131,0.44
106,10,train,7.885874,0.48
106,11,train,10.027331,0.51
106,12,train,7.632692,0.54
106,13,train,9.016966,0.57
106,0,val,4.031823,0.69
106,1,val,4.486585,0.70
106,2,val,12.265296,0.70
106,3,val,14.877351,0.71
106,4,val,2.597432,0.72
106,5,val,3.991069,0.72
106,6,val,17.032850,0.74
106,7,val,12.160992,0.74
106,8,val,4.610295,0.75
106,9,val,13.664595,0.75
106,10,val,12.766717,0.76
106,11,val,11.110166,0.77
106,12,val,12.708714,0.77
106,13,val,11.678487,0.78
106,14,val,9.459318,0.79
106,15,val,3.908955,0.79
106,16,val,14.619481,0.80
106,17,val,13.003619,0.81
106,18,val,7.101964,0.81
106,19,val,19.513414,0.82
106,20,val,9.030153,0.83
106,21,val,18.188515,0.84
106,22,val,10.351284,0.84
106,23,val,6.711279,0.85
106,24,val,5.970245,0.85
106,25,val,21.349106,0.86
106,26,val,3.035789,0.87
106,27,val,3.609995,0.87
106,28,val,3.862945,0.88
106,29,val,4.043944,0.89
106,30,val,19.432417,0.89
106,31,val,20.138081,0.90
106,32,val,14.825672,0.90
106,33,val,5.588159,0.91
106,34,val,11.207208,0.91
106,35,val,3.042865,0.92
107,0,train,10.920866,0.12
107,1,train,12.526081,0.16
107,2,train,8.182724,0.19
107,3,train,6.880552,0.22
107,4,train,5.706422,0.26
107,5,train,6.879899,0.30
107,6,train,6.990110,0.33
107,7,train,6.857655,0.36
107,8,train,5.847855,0.42
107,9,train,5.415435,0.46
107,10,train,9.874893,0.49
107,11,train,10.416677,0.52
107,12,train,10.231558,0.55
107,13,train,9.207625,0.58
107,0,val,9.224487,0.74
107,1,val,4.209399,0.75
107,2,val,10.517567,0.76
107,3,val,15.832643,0.76
107,4,val,2.939456,0.77
107,5,val,4.224866,0.78
107,6,val,10.073157,0.78
107,7,val,6.812981,0.79
107,8,val,2.465335,0.80
107,9,val,19.932854,0.80
107,10,val,13.216470,0.81
107,11,val,7.209035,0.82
107,12,val,11.316945,0.82
107,13,val,5.855644,0.83
107,14,val,11.111848,0.83
107,15,val,3.514041,0.84
107,16,val,12.331864,0.85
107,17,val,5.574479,0.86
107,18,val,4.614966,0.86
107,19,val,20.062735,0.87
107,20,val,8.945137,0.88
107,21,val,15.099174,0.88
107,22,val,10.897963,0.89
107,23,val,5.469906,0.90
107,24,val,2.817191,0.90
107,25,val,20.818365,0.91
107,26,val,9.523618,0.91
107,27,val,10.662971,0.92
107,28,val,4.707793,0.93
107,29,val,3.530201,0.93
107,30,val,4.604133,0.94
107,31,val,20.579697,0.95
107,32,val,15.105367,0.96
107,33,val,6.259898,0.97
107,34,val,10.946945,0.98
107,35,val,5.916844,0.98
108,0,train,12.051134,0.13
108,1,train,5.891240,0.18
108,2,train,7.213673,0.23
108,3,train,9.119435,0.27
108,4,train,7.286175,0.32
108,5,train,8.982342,0.36
108,6,train,10.174061,0.40
108,7,train,6.464300,0.48
108,8,train,6.088829,0.53
108,9,train,5.623976,0.58
108,10,train,5.784010,0.62
108,11,train,6.914929,0.65
108,12,train,8.763997,0.68
108,13,train,7.259853,0.72
108,0,val,4.403360,0.89
108,1,val,5.761629,0.91
108,2,val,11.387098,0.92
108,3,val,15.665499,0.93
108,4,val,4.817873,0.94
108,5,val,2.809217,0.95
108,6,val,16.785080,0.96
108,7,val,6.619234,0.97
108,8,val,5.995897,0.97
108,9,val,15.206357,0.98
108,10,val,14.316126,0.99
108,11,val,7.670700,0.99
108,12,val,12.458077,1.00
108,13,val,5.272956,1.01
108,14,val,12.680833,1.02
108,15,val,3.861270,1.02
108,16,val,12.203798,1.03
108,17,val,7.577671,1.04
108,18,val,4.827498,1.04
108,19,val,18.823338,1.05
108,20,val,8.097980,1.06
108,21,val,18.341244,1.06
108,22,val,10.621575,1.07
108,23,val,4.574991,1.08
108,24,val,3.068242,1.08
108,25,val,21.070187,1.09
108,26,val,4.860322,1.10
108,27,val,11.229430,1.11
108,28,val,3.973181,1.11
108,29,val,3.802084,1.12
108,30,val,3.842127,1.13
108,31,val,24.756300,1.14
108,32,val,13.182178,1.14
108,33,val,10.430269,1.14
108,34,val,17.434364,1.15
108,35,val,2.860977,1.15
109,0,train,11.030350,0.13
109,1,train,7.094180,0.16
109,2,train,6.752502,0.19
109,3,train,9.817221,0.23
109,4,train,9.696270,0.27
109,5,train,6.930843,0.31
109,6,train,8.102921,0.34
109,7,train,8.224697,0.38
109,8,train,6.211638,0.41
109,9,train,6.747259,0.44
109,10,train,8.394985,0.48
109,11,train,8.475357,0.51
109,12,train,6.695149,0.54
109,13,train,9.391311,0.57
109,0,val,3.590835,0.72
109,1,val,8.059486,0.73
109,2,val,11.398066,0.73
109,3,val,14.906289,0.74
109,4,val,10.743987,0.75
109,5,val,3.680446,0.76
109,6,val,10.286259,0.76
109,7,val,4.775736,0.77
109,8,val,3.718392,0.78
109,9,val,13.656408,0.78
109,10,val,13.459505,0.79
109,11,val,7.539145,0.80
109,12,val,12.307105,0.80
109,13,val,5.170227,0.81
109,14,val,11.833167,0.82
109,15,val,6.722056,0.82
109,16,val,15.593610,0.83
109,17,val,6.282205,0.84
109,18,val,4.481660,0.84
109,19,val,18.616564,0.85
109,20,val,12.739609,0.86
109,21,val,16.998356,0.87
109,22,val,11.513398,0.87
109,23,val,4.421246,0.88
109,24,val,4.282642,0.89
109,25,val,23.847818,0.89
109,26,val,4.029164,0.90
109,27,val,6.845318,0.91
109,28,val,4.642524,0.92
109,29,val,4.366661,0.92
109,30,val,4.462085,0.93
109,31,val,19.906481,0.94
109,32,val,11.794657,0.94
109,33,val,6.715364,0.94
109,34,val,12.796634,0.95
109,35,val,3.682658,0.96
110,0,train,6.904634,0.16
110,1,train,6.727871,0.22
110,2,train,10.565971,0.26
110,3,train,6.131756,0.29
110,4,train,8.905689,0.33
110,5,train,6.969365,0.36
110,6,train,7.562507,0.40
110,7,train,7.135534,0.44
110,8,train,8.198089,0.47
110,9,train,8.908432,0.50
110,10,train,10.219688,0.53
110,11,train,8.243595,0.57
110,12,train,10.219378,0.60
110,13,train,9.449553,0.63
110,0,val,3.582782,0.81
110,1,val,4.017314,0.83
110,2,val,15.702728,0.84
110,3,val,13.961152,0.85
110,4,val,2.626314,0.85
110,5,val,3.437259,0.86
110,6,val,10.543379,0.87
110,7,val,5.092402,0.88
110,8,val,3.670088,0.89
110,9,val,13.580474,0.90
110,10,val,18.947573,0.91
110,11,val,14.067154,0.91
110,12,val,12.231933,0.93
110,13,val,6.318126,0.94
110,14,val,12.950822,0.95
110,15,val,3.559154,0.95
110,16,val,13.868266,0.96
110,17,val,5.969337,0.97
110,18,val,7.132787,0.98
110,19,val,21.589947,0.99
110,20,val,8.934502,0.99
110,21,val,18.368402,1.00
110,22,val,9.549297,1.01
110,23,val,6.033457,1.02
110,24,val,4.475524,1.04
110,25,val,20.241734,1.04
110,26,val,3.157864,1.05
110,27,val,4.633733,1.06
110,28,val,5.159524,1.07
110,29,val,4.713580,1.08
110,30,val,4.504016,1.09
110,31,val,19.597351,1.11
110,32,val,13.264998,1.12
110,33,val,4.668567,1.14
110,34,val,10.451062,1.16
110,35,val,5.859348,1.17
111,0,train,5.644293,0.14
111,1,train,8.403233,0.19
111,2,train,5.156356,0.24
111,3,train,10.384760,0.28
111,4,train,6.951579,0.32
111,5,train,6.306270,0.36
111,6,train,8.977491,0.39
111,7,train,6.393860,0.43
111,8,train,7.619112,0.46
111,9,train,10.557421,0.49
111,10,train,10.223214,0.53
111,11,train,8.560831,0.56
111,12,train,6.058681,0.59
111,13,train,6.928156,0.62
111,0,val,4.232201,0.83
111,1,val,3.713032,0.85
111,2,val,14.257071,0.86
111,3,val,15.111318,0.87
111,4,val,4.495859,0.87
111,5,val,2.931713,0.88
111,6,val,10.753122,0.89
111,7,val,13.360228,0.90
111,8,val,5.030004,0.91
111,9,val,11.361922,0.92
111,10,val,12.521265,0.93
111,11,val,6.887230,0.94
111,12,val,13.319303,0.95
111,13,val,11.928273,0.96
111,14,val,12.651638,0.97
111,15,val,4.268778,0.98
111,16,val,12.580969,0.99
111,17,val,6.687222,0.99
111,18,val,4.545175,1.00
111,19,val,20.220520,1.01
111,20,val,11.808539,1.02
111,21,val,14.399415,1.03
111,22,val,11.289292,1.04
111,23,val,4.218606,1.04
111,24,val,2.427859,1.06
111,25,val,30.750116,1.07
111,26,val,3.815526,1.07
111,27,val,4.377670,1.08
111,28,val,4.653521,1.09
111,29,val,4.510592,1.10
111,30,val,5.777075,1.11
111,31,val,19.897108,1.12
111,32,val,13.288694,1.13
111,33,val,2.840419,1.13
111,34,val,8.125277,1.14
111,35,val,15.250482,1.14
112,0,train,7.422778,0.24
112,1,train,6.485463,0.30
112,2,train,7.015662,0.35
112,3,train,9.535744,0.42
112,4,train,8.571753,0.46
112,5,train,5.645518,0.51
112,6,train,5.759921,0.55
112,7,train,7.111102,0.59
112,8,train,7.497141,0.65
112,9,train,6.946387,0.70
112,10,train,8.861353,0.75
112,11,train,7.828712,0.79
112,12,train,7.358814,0.82
112,13,train,7.007713,0.86
112,0,val,3.470095,1.06
112,1,val,4.171211,1.09
112,2,val,25.014618,1.10
112,3,val,21.935701,1.11
112,4,val,3.307964,1.12
112,5,val,7.216002,1.13
112,6,val,9.751793,1.14
112,7,val,5.161996,1.15
112,8,val,6.253405,1.17
112,9,val,11.132113,1.18
112,10,val,12.546114,1.19
112,11,val,9.232797,1.20
112,12,val,11.952228,1.22
112,13,val,6.432860,1.22
112,14,val,7.639957,1.24
112,15,val,2.744615,1.25
112,16,val,16.722317,1.26
112,17,val,9.543527,1.28
112,18,val,8.986011,1.30
112,19,val,18.558683,1.31
112,20,val,15.307964,1.31
112,21,val,13.882562,1.32
112,22,val,10.308796,1.33
112,23,val,3.955848,1.34
112,24,val,4.230096,1.35
112,25,val,21.155226,1.36
112,26,val,3.983083,1.38
112,27,val,5.296294,1.38
112,28,val,4.788532,1.40
112,29,val,5.412952,1.42
112,30,val,3.201288,1.44
112,31,val,20.784506,1.46
112,32,val,18.536211,1.47
112,33,val,2.592779,1.49
112,34,val,7.901852,1.50
112,35,val,15.148034,1.52
113,0,train,7.263232,0.24
113,1,train,14.006520,0.29
113,2,train,5.886290,0.35
113,3,train,8.033471,0.41
113,4,train,8.582309,0.50
113,5,train,7.120495,0.58
113,6,train,6.787803,0.64
113,7,train,6.503309,0.70
113,8,train,7.439222,0.77
113,9,train,8.717249,0.87
113,10,train,6.714659,0.92
113,11,train,7.725649,0.98
113,12,train,5.880865,1.03
113,13,train,7.249959,1.08
113,0,val,4.277699,1.31
113,1,val,4.190701,1.33
113,2,val,11.831031,1.34
113,3,val,13.874171,1.36
113,4,val,7.409741,1.37
113,5,val,2.870314,1.38
113,6,val,10.008990,1.39
113,7,val,6.589637,1.40
113,8,val,2.979891,1.41
113,9,val,9.679714,1.42
113,10,val,21.905777,1.43
113,11,val,8.530108,1.44
113,12,val,11.402483,1.45
113,13,val,6.212476,1.46
113,14,val,8.779210,1.47
113,15,val,2.708872,1.47
113,16,val,15.961335,1.48
113,17,val,7.855835,1.49
113,18,val,4.766758,1.50
113,19,val,18.700985,1.50
113,20,val,9.875330,1.51
113,21,val,12.384692,1.52
113,22,val,12.430199,1.53
113,23,val,2.755671,1.53
113,24,val,7.349228,1.54
113,25,val,19.954708,1.54
113,26,val,3.761740,1.55
113,27,val,6.183613,1.56
113,28,val,4.798717,1.56
113,29,val,10.455057,1.57
113,30,val,3.857712,1.58
113,31,val,19.064598,1.58
113,32,val,19.171499,1.59
113,33,val,3.298804,1.59
113,34,val,8.550578,1.59
113,35,val,9.329978,1.60
114,0,train,7.808529,0.19
114,1,train,6.620375,0.22
114,2,train,7.457517,0.26
114,3,train,7.471794,0.36
114,4,train,6.314273,0.40
114,5,train,6.667787,0.44
114,6,train,7.909028,0.47
114,7,train,7.965812,0.51
114,8,train,7.029042,0.54
114,9,train,7.254953,0.57
114,10,train,6.257616,0.60
114,11,train,9.110807,0.63
114,12,train,6.522446,0.67
114,13,train,5.982823,0.70
114,0,val,6.321700,0.82
114,1,val,6.344469,0.82
114,2,val,10.185354,0.83
114,3,val,23.217163,0.84
114,4,val,2.590622,0.84
114,5,val,4.168813,0.85
114,6,val,10.325442,0.86
114,7,val,5.222758,0.87
114,8,val,6.156654,0.87
114,9,val,10.053161,0.88
114,10,val,11.750412,0.89
114,11,val,7.040289,0.89
114,12,val,10.871330,0.90
114,13,val,6.649463,0.90
114,14,val,10.379749,0.91
114,15,val,4.633407,0.92
114,16,val,11.970222,0.92
114,17,val,23.591776,0.93
114,18,val,3.148590,0.94
114,19,val,19.764427,0.94
114,20,val,10.124969,0.96
114,21,val,16.134695,0.96
114,22,val,10.020200,0.97
114,23,val,4.246754,0.98
114,24,val,2.421849,0.98
114,25,val,23.494175,0.99
114,26,val,5.915214,1.00
114,27,val,10.448134,1.00
114,28,val,8.420114,1.01
114,29,val,9.630636,1.02
114,30,val,4.417163,1.02
114,31,val,19.209352,1.03
114,32,val,12.228424,1.03
114,33,val,14.331359,1.04
114,34,val,9.615042,1.04
114,35,val,2.747598,1.05
115,0,train,8.576576,0.14
115,1,train,8.066470,0.18
115,2,train,8.898138,0.21
115,3,train,6.150307,0.24
115,4,train,8.231148,0.28
115,5,train,8.830679,0.31
115,6,train,5.178207,0.34
115,7,train,8.458916,0.38
115,8,train,7.531995,0.41
115,9,train,6.157267,0.45
115,10,train,6.072074,0.48
115,11,train,7.979865,0.51
115,12,train,6.949915,0.54
115,13,train,8.315216,0.57
115,0,val,5.419497,0.70
115,1,val,4.033490,0.71
115,2,val,11.163728,0.71
115,3,val,16.949987,0.72
115,4,val,2.329972,0.73
115,5,val,8.706339,0.74
115,6,val,9.676583,0.75
115,7,val,5.273050,0.75
115,8,val,2.757323,0.76
115,9,val,11.283192,0.77
115,10,val,12.956608,0.77
115,11,val,12.314988,0.78
115,12,val,12.634068,0.78
115,13,val,7.199323,0.79
115,14,val,10.003151,0.80
115,15,val,2.878620,0.80
115,16,val,12.767205,0.81
115,17,val,8.548455,0.82
115,18,val,6.701356,0.82
115,19,val,30.082747,0.83
115,20,val,9.002993,0.84
115,21,val,15.829022,0.85
115,22,val,11.535999,0.85
115,23,val,3.767639,0.86
115,24,val,3.433354,0.87
115,25,val,23.927565,0.87
115,26,val,4.895437,0.88
115,27,val,3.777836,0.89
115,28,val,5.577890,0.89
115,29,val,3.950152,0.90
115,30,val,3.590074,0.90
115,31,val,21.027040,0.91
115,32,val,37.815182,0.91
115,33,val,3.883246,0.92
115,34,val,13.952879,0.92
115,35,val,2.715849,0.93
116,0,train,6.583685,0.13
116,1,train,9.138002,0.17
116,2,train,6.940037,0.22
116,3,train,11.105680,0.25
116,4,train,5.718955,0.28
116,5,train,7.959078,0.31
116,6,train,9.277574,0.35
116,7,train,6.983881,0.38
116,8,train,7.022052,0.42
116,9,train,7.055575,0.45
116,10,train,9.267740,0.48
116,11,train,6.282340,0.52
116,12,train,5.924633,0.55
116,13,train,8.153369,0.58
116,0,val,5.429793,0.72
116,1,val,6.746936,0.73
116,2,val,11.162136,0.73
116,3,val,13.125636,0.75
116,4,val,4.553301,0.76
116,5,val,10.323071,0.76
116,6,val,10.681732,0.77
116,7,val,8.111196,0.78
116,8,val,2.803787,0.79
116,9,val,10.854331,0.80
116,10,val,12.399430,0.80
116,11,val,11.082006,0.81
116,12,val,11.285173,0.82
116,13,val,16.530725,0.83
116,14,val,10.504676,0.84
116,15,val,3.437083,0.85
116,16,val,14.780107,0.85
116,17,val,8.433246,0.86
116,18,val,6.326516,0.87
116,19,val,18.456764,0.88
116,20,val,9.959386,0.88
116,21,val,19.160559,0.89
116,22,val,11.778084,0.90
116,23,val,6.206668,0.90
116,24,val,3.152212,0.91
116,25,val,20.933825,0.92
116,26,val,3.477704,0.92
116,27,val,4.105082,0.93
116,28,val,3.896187,0.94
116,29,val,3.404497,0.95
116,30,val,4.108784,0.95
116,31,val,19.795599,0.96
116,32,val,16.746756,0.96
116,33,val,3.887527,0.97
116,34,val,8.339128,0.97
116,35,val,4.124493,0.98
117,0,train,9.098732,0.13
117,1,train,5.505351,0.17
117,2,train,6.351780,0.21
117,3,train,7.802958,0.25
117,4,train,6.923821,0.28
117,5,train,7.067332,0.31
117,6,train,7.716255,0.35
117,7,train,8.411242,0.39
117,8,train,8.442481,0.42
117,9,train,6.482637,0.45
117,10,train,5.948596,0.48
117,11,train,7.004525,0.51
117,12,train,7.001565,0.55
117,13,train,6.817752,0.58
117,0,val,24.678535,0.70
117,1,val,7.200119,0.71
117,2,val,12.974438,0.72
117,3,val,14.859941,0.72
117,4,val,3.661770,0.73
117,5,val,3.092744,0.74
117,6,val,10.473863,0.75
117,7,val,6.005710,0.75
117,8,val,2.860926,0.76
117,9,val,10.807706,0.77
117,10,val,14.620313,0.77
117,11,val,6.470376,0.78
117,12,val,11.148901,0.79
117,13,val,5.297161,0.79
117,14,val,9.773648,0.80
117,15,val,4.252944,0.80
117,16,val,11.532802,0.81
117,17,val,5.485179,0.82
117,18,val,3.021763,0.82
117,19,val,19.349670,0.83
117,20,val,10.992727,0.84
117,21,val,13.052033,0.85
117,22,val,9.039688,0.85
117,23,val,3.366681,0.86
117,24,val,2.903208,0.87
117,25,val,19.711065,0.87
117,26,val,4.179180,0.88
117,27,val,12.407728,0.89
117,28,val,7.115693,0.89
117,29,val,3.958488,0.90
117,30,val,5.061011,0.90
117,31,val,20.136738,0.91
117,32,val,13.119358,0.92
117,33,val,2.534502,0.92
117,34,val,8.539877,0.92
117,35,val,2.892353,0.93
118,0,train,5.866465,0.17
118,1,train,7.128168,0.21
118,2,train,6.316333,0.24
118,3,train,8.187300,0.28
118,4,train,7.446061,0.31
118,5,train,7.454640,0.35
118,6,train,8.453978,0.38
118,7,train,8.608513,0.41
118,8,train,10.039150,0.45
118,9,train,7.002093,0.48
118,10,train,7.378638,0.51
118,11,train,7.467168,0.55
118,12,train,7.843937,0.58
118,13,train,6.078383,0.61
118,0,val,5.788981,0.75
118,1,val,3.800598,0.75
118,2,val,12.255200,0.76
118,3,val,15.601190,0.78
118,4,val,9.765109,0.79
118,5,val,2.464489,0.79
118,6,val,10.940669,0.80
118,7,val,5.932662,0.81
118,8,val,7.475810,0.82
118,9,val,13.107835,0.82
118,10,val,12.721613,0.83
118,11,val,8.144393,0.84
118,12,val,12.439212,0.85
118,13,val,6.616568,0.85
118,14,val,11.147201,0.86
118,15,val,2.766603,0.87
118,16,val,15.012925,0.88
118,17,val,5.115377,0.89
118,18,val,3.946369,0.90
118,19,val,19.372484,0.91
118,20,val,8.698623,0.92
118,21,val,12.135871,0.92
118,22,val,11.983618,0.93
118,23,val,5.046834,0.94
118,24,val,3.588709,0.95
118,25,val,22.533569,0.95
118,26,val,4.775907,0.96
118,27,val,4.355007,0.97
118,28,val,4.238305,0.98
118,29,val,5.085695,0.99
118,30,val,3.000097,1.00
118,31,val,20.765585,1.00
118,32,val,13.147657,1.01
118,33,val,12.614621,1.01
118,34,val,9.678102,1.02
118,35,val,3.731619,1.02
119,0,train,8.459401,0.15
119,1,train,10.918288,0.19
119,2,train,8.495352,0.22
119,3,train,8.384121,0.25
119,4,train,8.559273,0.28
119,5,train,6.251342,0.32
119,6,train,8.303219,0.35
119,7,train,9.458197,0.38
119,8,train,13.450783,0.42
119,9,train,6.625859,0.46
119,10,train,7.822489,0.49
119,11,train,5.914662,0.52
119,12,train,7.879121,0.55
119,13,train,6.545269,0.58
119,0,val,3.497226,0.71
119,1,val,7.019163,0.71
119,2,val,13.203671,0.72
119,3,val,13.898359,0.73
119,4,val,5.137724,0.74
119,5,val,4.341760,0.75
119,6,val,10.095720,0.76
119,7,val,11.408507,0.76
119,8,val,3.737646,0.77
119,9,val,9.923623,0.78
119,10,val,11.965072,0.78
119,11,val,7.096651,0.79
119,12,val,10.916635,0.80
119,13,val,8.478718,0.80
119,14,val,11.746413,0.81
119,15,val,2.959183,0.82
119,16,val,15.003638,0.82
119,17,val,6.054443,0.83
119,18,val,3.877231,0.84
119,19,val,19.649511,0.85
119,20,val,13.424812,0.86
119,21,val,11.783552,0.86
119,22,val,10.835850,0.87
119,23,val,3.446772,0.88
119,24,val,3.120188,0.88
119,25,val,19.731609,0.89
119,26,val,5.737231,0.90
119,27,val,3.983835,0.90
119,28,val,5.455483,0.91
119,29,val,3.849998,0.92
119,30,val,6.468810,0.92
119,31,val,20.518976,0.93
119,32,val,19.699087,0.93
119,33,val,3.143161,0.94
119,34,val,15.009869,0.95
119,35,val,4.171391,0.95
120,0,train,7.566458,0.13
120,1,train,6.929512,0.17
120,2,train,7.487335,0.20
120,3,train,8.284935,0.23
120,4,train,8.541264,0.27
120,5,train,7.188012,0.30
120,6,train,7.392438,0.33
120,7,train,6.598398,0.37
120,8,train,7.573656,0.40
120,9,train,8.099339,0.44
120,10,train,5.867936,0.47
120,11,train,7.916464,0.50
120,12,train,9.601789,0.53
120,13,train,7.508863,0.56
120,0,val,4.820453,0.70
120,1,val,3.791769,0.71
120,2,val,10.185037,0.72
120,3,val,17.900166,0.72
120,4,val,7.835708,0.74
120,5,val,11.981946,0.75
120,6,val,9.270488,0.75
120,7,val,7.297947,0.76
120,8,val,2.691694,0.77
120,9,val,10.459764,0.77
120,10,val,11.704579,0.78
120,11,val,12.363697,0.79
120,12,val,10.956030,0.79
120,13,val,6.426810,0.80
120,14,val,9.474154,0.81
120,15,val,2.680540,0.82
120,16,val,12.958810,0.82
120,17,val,7.200850,0.84
120,18,val,3.207681,0.84
120,19,val,30.963179,0.85
120,20,val,9.446971,0.85
120,21,val,12.181094,0.86
120,22,val,10.142183,0.87
120,23,val,11.484830,0.87
120,24,val,3.571892,0.88
120,25,val,20.473499,0.89
120,26,val,3.292136,0.89
120,27,val,7.444265,0.90
120,28,val,4.768298,0.91
120,29,val,4.125258,0.91
120,30,val,3.247608,0.92
120,31,val,18.162321,0.93
120,32,val,13.553520,0.93
120,33,val,9.416356,0.94
120,34,val,7.954134,0.94
120,35,val,2.335942,0.95
121,0,train,8.471495,0.14
121,1,train,8.882322,0.18
121,2,train,5.099113,0.21
121,3,train,6.286346,0.24
121,4,train,5.882227,0.28
121,5,train,11.582586,0.31
121,6,train,9.683269,0.35
121,7,train,4.872824,0.38
121,8,train,6.025639,0.42
121,9,train,7.815572,0.45
121,10,train,7.325452,0.48
121,11,train,7.078467,0.51
121,12,train,7.677658,0.55
121,13,train,7.172815,0.58
121,0,val,5.665555,0.72
121,1,val,4.374312,0.73
121,2,val,9.758300,0.74
121,3,val,13.895068,0.75
121,4,val,2.322690,0.76
121,5,val,6.336115,0.76
121,6,val,14.891500,0.77
121,7,val,5.403316,0.78
121,8,val,5.262843,0.78
121,9,val,10.770613,0.79
121,10,val,12.866157,0.79
121,11,val,7.193494,0.80
121,12,val,10.640542,0.81
121,13,val,8.151999,0.82
121,14,val,7.855087,0.82
121,15,val,2.710974,0.83
121,16,val,11.630641,0.84
121,17,val,5.356924,0.85
121,18,val,2.619979,0.86
121,19,val,19.459661,0.86
121,20,val,10.299197,0.87
121,21,val,11.388761,0.88
121,22,val,10.057005,0.88
121,23,val,4.301942,0.89
121,24,val,13.405725,0.90
121,25,val,18.646389,0.90
121,26,val,4.583148,0.91
121,27,val,10.339440,0.92
121,28,val,4.363029,0.92
121,29,val,4.044151,0.93
121,30,val,4.392465,0.94
121,31,val,18.105431,0.95
121,32,val,14.545888,0.95
121,33,val,3.423469,0.96
121,34,val,11.931417,0.96
121,35,val,4.071144,0.97
122,0,train,7.528360,0.16
122,1,train,8.428774,0.20
122,2,train,11.565923,0.23
122,3,train,8.627432,0.26
122,4,train,9.435197,0.30
122,5,train,8.541131,0.34
122,6,train,6.661204,0.37
122,7,train,9.117081,0.41
122,8,train,7.532582,0.46
122,9,train,6.600300,0.50
122,10,train,8.223274,0.53
122,11,train,7.806891,0.57
122,12,train,6.401381,0.60
122,13,train,6.068901,0.64
122,0,val,3.878882,0.81
122,1,val,5.823615,0.84
122,2,val,12.297074,0.84
122,3,val,13.623009,0.85
122,4,val,3.535117,0.87
122,5,val,9.237071,0.88
122,6,val,10.250671,0.89
122,7,val,8.257340,0.90
122,8,val,3.467951,0.91
122,9,val,9.958775,0.92
122,10,val,13.171775,0.93
122,11,val,7.983757,0.94
122,12,val,11.199531,0.95
122,13,val,5.583195,0.96
122,14,val,8.067410,0.97
122,15,val,2.586629,0.98
122,16,val,12.782251,0.99
122,17,val,5.396984,1.00
122,18,val,3.239603,1.01
122,19,val,30.286642,1.03
122,20,val,12.818840,1.04
122,21,val,12.834167,1.04
122,22,val,9.660227,1.05
122,23,val,3.817324,1.06
122,24,val,2.435372,1.07
122,25,val,18.986244,1.08
122,26,val,5.946547,1.09
122,27,val,5.441606,1.10
122,28,val,4.280722,1.11
122,29,val,3.562138,1.12
122,30,val,3.965098,1.13
122,31,val,20.603043,1.14
122,32,val,13.568077,1.15
122,33,val,3.420236,1.15
122,34,val,10.073525,1.16
122,35,val,3.524020,1.16
123,0,train,6.242173,0.18
123,1,train,6.866792,0.23
123,2,train,6.641737,0.27
123,3,train,5.990518,0.31
123,4,train,4.877211,0.36
123,5,train,6.478745,0.40
123,6,train,6.946199,0.44
123,7,train,6.002984,0.48
123,8,train,5.751731,0.52
123,9,train,7.052431,0.55
123,10,train,7.801154,0.59
123,11,train,6.491498,0.62
123,12,train,6.486842,0.65
123,13,train,5.212969,0.68
123,0,val,8.463753,0.86
123,1,val,6.095631,0.86
123,2,val,10.926662,0.88
123,3,val,13.558271,0.89
123,4,val,6.907282,0.90
123,5,val,3.357869,0.90
123,6,val,9.692966,0.91
123,7,val,4.833336,0.92
123,8,val,4.204195,0.93
123,9,val,11.253675,0.94
123,10,val,12.433579,0.95
123,11,val,11.923877,0.95
123,12,val,10.482737,0.96
123,13,val,6.178776,0.97
123,14,val,10.674099,0.98
123,15,val,4.081214,0.99
123,16,val,13.646819,1.00
123,17,val,8.695261,1.01
123,18,val,8.934272,1.02
123,19,val,18.663080,1.03
123,20,val,11.580287,1.03
123,21,val,12.187977,1.04
123,22,val,10.201458,1.05
123,23,val,3.214770,1.06
123,24,val,4.791319,1.07
123,25,val,18.855330,1.09
123,26,val,3.203677,1.10
123,27,val,9.428889,1.11
123,28,val,6.543134,1.12
123,29,val,3.416062,1.13
123,30,val,9.617692,1.14
123,31,val,18.562250,1.15
123,32,val,14.594035,1.15
123,33,val,4.251920,1.16
123,34,val,8.066912,1.16
123,35,val,3.330531,1.17
124,0,train,6.549861,0.16
124,1,train,5.633310,0.23
124,2,train,9.224224,0.27
124,3,train,6.934763,0.32
124,4,train,5.618812,0.36
124,5,train,7.268207,0.40
124,6,train,7.418743,0.44
124,7,train,8.758854,0.48
124,8,train,7.116653,0.51
124,9,train,7.089025,0.57
124,10,train,7.975752,0.60
124,11,train,5.350507,0.63
124,12,train,6.258987,0.67
124,13,train,6.058258,0.70
124,0,val,3.585359,0.86
124,1,val,5.838151,0.88
124,2,val,12.068049,0.89
124,3,val,15.158650,0.89
124,4,val,2.522702,0.90
124,5,val,5.240598,0.91
124,6,val,9.090438,0.92
124,7,val,4.817762,0.93
124,8,val,16.056692,0.94
124,9,val,9.086031,0.95
124,10,val,11.482412,0.95
124,11,val,6.745649,0.96
124,12,val,13.030767,0.97
124,13,val,6.330897,0.98
124,14,val,16.753725,0.99
124,15,val,3.642824,0.99
124,16,val,12.002373,1.00
124,17,val,8.185092,1.01
124,18,val,4.522084,1.02
124,19,val,17.797678,1.03
124,20,val,10.884478,1.04
124,21,val,12.441732,1.05
124,22,val,9.463383,1.05
124,23,val,15.253028,1.06
124,24,val,2.553795,1.07
124,25,val,19.086327,1.08
124,26,val,9.625572,1.09
124,27,val,10.868600,1.10
124,28,val,12.029947,1.11
124,29,val,4.433132,1.12
124,30,val,10.658595,1.13
124,31,val,18.060257,1.14
124,32,val,12.359904,1.15
124,33,val,4.537049,1.15
124,34,val,8.368989,1.16
124,35,val,2.471436,1.17
125,0,train,5.842206,0.23
125,1,train,6.025799,0.28
125,2,train,5.572641,0.31
125,3,train,6.260178,0.35
125,4,train,6.369898,0.39
125,5,train,5.666003,0.43
125,6,train,9.627045,0.46
125,7,train,8.604864,0.53
125,8,train,6.889157,0.61
125,9,train,9.034898,0.66
125,10,train,5.369927,0.71
125,11,train,5.692679,0.74
125,12,train,7.514031,0.77
125,13,train,6.262695,0.81
125,0,val,4.104898,1.03
125,1,val,4.026143,1.08
125,2,val,13.278962,1.11
125,3,val,12.861771,1.13
125,4,val,3.548531,1.16
125,5,val,7.668443,1.19
125,6,val,9.040481,1.20
125,7,val,5.287320,1.21
125,8,val,7.255096,1.23
125,9,val,11.580682,1.25
125,10,val,11.908175,1.28
125,11,val,9.264344,1.30
125,12,val,12.861970,1.32
125,13,val,5.528037,1.34
125,14,val,7.912132,1.37
125,15,val,3.568632,1.38
125,16,val,20.633944,1.41
125,17,val,5.486253,1.44
125,18,val,4.642248,1.45
125,19,val,18.498529,1.46
125,20,val,10.108598,1.48
125,21,val,13.064700,1.49
125,22,val,10.527763,1.50
125,23,val,2.896064,1.52
125,24,val,4.085372,1.53
125,25,val,19.540194,1.54
125,26,val,8.690251,1.55
125,27,val,7.768859,1.56
125,28,val,4.585007,1.56
125,29,val,5.638412,1.57
125,30,val,3.625332,1.58
125,31,val,18.218819,1.59
125,32,val,13.006556,1.61
125,33,val,3.360973,1.62
125,34,val,7.953601,1.63
125,35,val,3.001194,1.64
126,0,train,8.113905,0.22
126,1,train,6.855078,0.25
126,2,train,5.212332,0.29
126,3,train,8.234156,0.32
126,4,train,8.466059,0.36
126,5,train,6.494401,0.39
126,6,train,7.420945,0.42
126,7,train,11.184542,0.46
126,8,train,5.557393,0.49
126,9,train,6.310864,0.53
126,10,train,6.458458,0.56
126,11,train,9.584908,0.59
126,12,train,8.555780,0.62
126,13,train,7.807627,0.66
126,0,val,4.706647,0.77
126,1,val,4.759729,0.78
126,2,val,10.670587,0.79
126,3,val,12.458795,0.80
126,4,val,3.725921,0.81
126,5,val,3.050212,0.82
126,6,val,12.642336,0.83
126,7,val,10.060932,0.83
126,8,val,2.501042,0.84
126,9,val,13.082031,0.85
126,10,val,12.769544,0.85
126,11,val,7.223561,0.86
126,12,val,13.823499,0.86
126,13,val,5.766383,0.87
126,14,val,8.684089,0.88
126,15,val,3.586336,0.88
126,16,val,12.121361,0.89
126,17,val,5.347296,0.90
126,18,val,3.548989,0.90
126,19,val,20.190540,0.92
126,20,val,8.196415,0.92
126,21,val,11.151990,0.93
126,22,val,12.229830,0.94
126,23,val,2.935979,0.94
126,24,val,8.501394,0.95
126,25,val,19.796108,0.96
126,26,val,4.441006,0.97
126,27,val,3.709660,0.97
126,28,val,4.001726,0.98
126,29,val,9.037631,0.99
126,30,val,11.683130,1.00
126,31,val,17.446463,1.00
126,32,val,12.703291,1.01
126,33,val,2.447273,1.02
126,34,val,9.097456,1.02
126,35,val,3.312379,1.03
127,0,train,10.440648,0.15
127,1,train,6.902119,0.19
127,2,train,7.398524,0.22
127,3,train,9.186495,0.26
127,4,train,6.689368,0.29
127,5,train,8.458042,0.32
127,6,train,6.257164,0.36
127,7,train,5.460602,0.39
127,8,train,6.874216,0.43
127,9,train,5.863351,0.46
127,10,train,7.784776,0.50
127,11,train,6.231719,0.53
127,12,train,8.820168,0.56
127,13,train,6.517652,0.59
127,0,val,9.046104,0.72
127,1,val,5.787183,0.73
127,2,val,9.760782,0.73
127,3,val,13.861628,0.74
127,4,val,3.084499,0.75
127,5,val,5.145909,0.75
127,6,val,8.978588,0.76
127,7,val,5.150589,0.77
127,8,val,2.977366,0.78
127,9,val,11.357612,0.79
127,10,val,12.154665,0.79
127,11,val,6.100864,0.80
127,12,val,10.294770,0.81
127,13,val,5.681561,0.81
127,14,val,7.339190,0.82
127,15,val,4.198157,0.82
127,16,val,12.031647,0.83
127,17,val,5.600571,0.84
127,18,val,3.630526,0.84
127,19,val,18.646099,0.85
127,20,val,10.565510,0.87
127,21,val,11.668759,0.88
127,22,val,12.829187,0.89
127,23,val,3.517172,0.90
127,24,val,2.174587,0.91
127,25,val,20.635174,0.91
127,26,val,4.208708,0.92
127,27,val,4.248790,0.93
127,28,val,5.574103,0.93
127,29,val,4.407837,0.94
127,30,val,3.790375,0.95
127,31,val,17.681025,0.95
127,32,val,12.254718,0.96
127,33,val,3.228041,0.97
127,34,val,7.547815,0.97
127,35,val,11.704603,0.98
128,0,train,8.593729,0.13
128,1,train,5.635622,0.17
128,2,train,5.911141,0.20
128,3,train,7.936836,0.24
128,4,train,8.925186,0.27
128,5,train,4.607303,0.31
128,6,train,6.579872,0.34
128,7,train,5.813437,0.45
128,8,train,4.947724,0.50
128,9,train,8.741686,0.53
128,10,train,7.040666,0.56
128,11,train,6.301522,0.60
128,12,train,6.604403,0.63
128,13,train,8.813532,0.67
128,0,val,3.451586,0.79
128,1,val,6.429865,0.80
128,2,val,9.998137,0.81
128,3,val,17.757757,0.81
128,4,val,4.255330,0.82
128,5,val,3.080743,0.83
128,6,val,9.556689,0.84
128,7,val,12.783175,0.85
128,8,val,3.410960,0.85
128,9,val,9.949284,0.86
128,10,val,14.595782,0.87
128,11,val,6.455953,0.87
128,12,val,10.351365,0.88
128,13,val,6.538381,0.88
128,14,val,11.027460,0.89
128,15,val,3.328120,0.90
128,16,val,12.339409,0.90
128,17,val,5.660250,0.91
128,18,val,3.547741,0.92
128,19,val,18.710537,0.92
128,20,val,14.875843,0.93
128,21,val,11.563079,0.94
128,22,val,9.060983,0.95
128,23,val,5.142932,0.95
128,24,val,2.891166,0.96
128,25,val,22.876600,0.97
128,26,val,4.017017,0.97
128,27,val,3.667985,0.98
128,28,val,4.466412,0.99
128,29,val,6.068141,0.99
128,30,val,3.843383,1.00
128,31,val,20.509111,1.01
128,32,val,13.300662,1.01
128,33,val,3.864352,1.01
128,34,val,18.778582,1.02
128,35,val,3.114835,1.02
129,0,train,8.512106,0.14
129,1,train,5.434035,0.19
129,2,train,8.525399,0.22
129,3,train,10.588717,0.25
129,4,train,8.234306,0.29
129,5,train,9.622318,0.33
129,6,train,5.377569,0.36
129,7,train,7.721922,0.40
129,8,train,6.610194,0.43
129,9,train,9.025521,0.46
129,10,train,5.528529,0.50
129,11,train,7.333798,0.53
129,12,train,8.566218,0.56
129,13,train,4.509130,0.60
129,0,val,3.867049,0.74
129,1,val,6.194688,0.74
129,2,val,9.978128,0.75
129,3,val,12.585368,0.76
129,4,val,3.906975,0.77
129,5,val,3.952478,0.78
129,6,val,11.334928,0.79
129,7,val,10.725931,0.79
129,8,val,3.555781,0.80
129,9,val,8.952506,0.81
129,10,val,14.077394,0.81
129,11,val,9.251983,0.82
129,12,val,10.282290,0.83
129,13,val,5.049034,0.83
129,14,val,8.155803,0.84
129,15,val,6.738389,0.84
129,16,val,11.078139,0.85
129,17,val,6.212091,0.86
129,18,val,4.512228,0.86
129,19,val,17.487398,0.87
129,20,val,9.734154,0.88
129,21,val,11.764758,0.89
129,22,val,10.259028,0.89
129,23,val,3.486002,0.90
129,24,val,7.380502,0.91
129,25,val,19.703064,0.91
129,26,val,6.828309,0.92
129,27,val,4.697860,0.93
129,28,val,4.866845,0.93
129,29,val,3.620164,0.94
129,30,val,3.509102,0.95
129,31,val,17.452093,0.95
129,32,val,11.402555,0.96
129,33,val,3.580545,0.96
129,34,val,12.200442,0.97
129,35,val,3.712945,0.98
130,0,train,9.387539,0.13
130,1,train,6.112535,0.16
130,2,train,5.971301,0.20
130,3,train,7.669245,0.23
130,4,train,7.806567,0.27
130,5,train,7.675224,0.31
130,6,train,6.832401,0.34
130,7,train,6.564144,0.38
130,8,train,6.638106,0.42
130,9,train,5.991252,0.46
130,10,train,9.755987,0.49
130,11,train,6.874284,0.52
130,12,train,6.086002,0.55
130,13,train,6.571724,0.58
130,0,val,3.315833,0.71
130,1,val,5.943599,0.72
130,2,val,9.523086,0.72
130,3,val,13.542335,0.73
130,4,val,6.695541,0.75
130,5,val,5.777803,0.75
130,6,val,8.319324,0.76
130,7,val,5.065499,0.77
130,8,val,7.376226,0.77
130,9,val,10.950356,0.78
130,10,val,13.045253,0.79
130,11,val,6.992846,0.79
130,12,val,9.875798,0.80
130,13,val,14.664506,0.81
130,14,val,7.858418,0.81
130,15,val,3.457660,0.82
130,16,val,11.776414,0.83
130,17,val,5.418735,0.83
130,18,val,5.033905,0.84
130,19,val,17.425030,0.85
130,20,val,9.713762,0.86
130,21,val,13.289701,0.86
130,22,val,10.833083,0.87
130,23,val,3.030174,0.88
130,24,val,2.369961,0.88
130,25,val,20.703119,0.89
130,26,val,4.700164,0.90
130,27,val,3.899967,0.90
130,28,val,4.009367,0.91
130,29,val,4.934508,0.92
130,30,val,4.974259,0.92
130,31,val,17.277287,0.93
130,32,val,11.008425,0.93
130,33,val,2.694924,0.94
130,34,val,8.976550,0.95
130,35,val,3.919378,0.95
131,0,train,8.698139,0.13
131,1,train,7.197502,0.16
131,2,train,7.084207,0.20
131,3,train,7.663431,0.23
131,4,train,7.808272,0.27
131,5,train,8.731585,0.31
131,6,train,7.845018,0.34
131,7,train,6.994245,0.39
131,8,train,10.279381,0.42
131,9,train,7.159805,0.46
131,10,train,7.189227,0.50
131,11,train,9.083981,0.53
131,12,train,7.733266,0.56
131,13,train,6.937462,0.59
131,0,val,4.125845,0.72
131,1,val,4.086284,0.72
131,2,val,10.692245,0.73
131,3,val,12.903210,0.74
131,4,val,3.621392,0.74
131,5,val,4.358966,0.76
131,6,val,9.076953,0.76
131,7,val,6.353764,0.77
131,8,val,2.660882,0.78
131,9,val,10.836862,0.78
131,10,val,12.725199,0.79
131,11,val,5.873663,0.80
131,12,val,12.150468,0.80
131,13,val,11.213560,0.81
131,14,val,8.116852,0.82
131,15,val,3.379985,0.82
131,16,val,13.031665,0.83
131,17,val,5.946623,0.84
131,18,val,5.463690,0.84
131,19,val,20.865870,0.85
131,20,val,12.712759,0.86
131,21,val,11.761006,0.87
131,22,val,9.604564,0.87
131,23,val,4.962283,0.88
131,24,val,2.320077,0.88
131,25,val,19.062956,0.89
131,26,val,14.664020,0.90
131,27,val,5.927263,0.90
131,28,val,3.644134,0.91
131,29,val,4.525348,0.92
131,30,val,5.764004,0.92
131,31,val,17.195110,0.93
131,32,val,11.513289,0.94
131,33,val,8.632765,0.94
131,34,val,7.515106,0.94
131,35,val,2.972920,0.95
132,0,train,5.879823,0.13
132,1,train,7.206813,0.17
132,2,train,5.508402,0.20
132,3,train,7.363528,0.23
132,4,train,5.832046,0.28
132,5,train,4.969365,0.31
132,6,train,4.953260,0.34
132,7,train,5.083899,0.38
132,8,train,5.136152,0.41
132,9,train,6.578180,0.44
132,10,train,5.062341,0.48
132,11,train,6.752120,0.51
132,12,train,8.803730,0.54
132,13,train,7.596516,0.58
132,0,val,3.483642,0.71
132,1,val,6.009146,0.71
132,2,val,9.728709,0.72
132,3,val,12.849166,0.73
132,4,val,3.051656,0.74
132,5,val,3.438307,0.75
132,6,val,13.325772,0.75
132,7,val,5.717038,0.76
132,8,val,5.870851,0.77
132,9,val,14.404378,0.77
132,10,val,11.698702,0.78
132,11,val,6.225973,0.79
132,12,val,10.802678,0.79
132,13,val,5.261002,0.80
132,14,val,8.336905,0.81
132,15,val,3.658793,0.81
132,16,val,11.762586,0.82
132,17,val,5.627063,0.83
132,18,val,3.738355,0.83
132,19,val,19.217209,0.84
132,20,val,8.790900,0.85
132,21,val,13.109739,0.86
132,22,val,12.271035,0.86
132,23,val,3.899544,0.87
132,24,val,2.994703,0.88
132,25,val,18.720407,0.88
132,26,val,3.362081,0.89
132,27,val,6.880192,0.89
132,28,val,10.758657,0.90
132,29,val,5.273942,0.91
132,30,val,3.730556,0.91
132,31,val,17.722967,0.92
132,32,val,13.995967,0.92
132,33,val,3.590020,0.93
132,34,val,8.016071,0.93
132,35,val,4.000605,0.94
133,0,train,6.917897,0.13
133,1,train,7.396498,0.17
133,2,train,4.794959,0.20
133,3,train,4.806463,0.24
133,4,train,6.492487,0.27
133,5,train,8.450960,0.30
133,6,train,6.508622,0.34
133,7,train,7.670528,0.38
133,8,train,6.117732,0.41
133,9,train,11.823408,0.44
133,10,train,6.716634,0.49
133,11,train,6.510451,0.52
133,12,train,7.777367,0.57
133,13,train,6.688408,0.61
133,0,val,3.547664,0.77
133,1,val,3.622348,0.79
133,2,val,13.191046,0.80
133,3,val,12.434098,0.81
133,4,val,3.130664,0.82
133,5,val,3.661601,0.83
133,6,val,11.531451,0.84
133,7,val,8.097874,0.85
133,8,val,2.388920,0.86
133,9,val,10.086992,0.86
133,10,val,24.561230,0.87
133,11,val,6.492240,0.88
133,12,val,10.559916,0.89
133,13,val,6.150389,0.91
133,14,val,7.744659,0.92
133,15,val,2.639752,0.93
133,16,val,12.821988,0.94
133,17,val,5.044203,0.95
133,18,val,3.240345,0.96
133,19,val,19.334887,0.97
133,20,val,8.182043,0.98
133,21,val,15.248184,0.98
133,22,val,9.428542,0.99
133,23,val,3.086393,1.01
133,24,val,3.213468,1.02
133,25,val,18.447233,1.03
133,26,val,3.608984,1.03
133,27,val,4.684471,1.04
133,28,val,11.264026,1.05
133,29,val,4.483024,1.06
133,30,val,3.348999,1.07
133,31,val,16.998121,1.08
133,32,val,12.590650,1.09
133,33,val,2.786233,1.09
133,34,val,8.880394,1.10
133,35,val,6.002416,1.11
134,0,train,5.597981,0.20
134,1,train,5.856234,0.27
134,2,train,7.364202,0.32
134,3,train,8.875292,0.38
134,4,train,7.032295,0.42
134,5,train,5.683206,0.48
134,6,train,5.030803,0.52
134,7,train,9.430878,0.56
134,8,train,8.987648,0.62
134,9,train,5.920959,0.66
134,10,train,5.647164,0.70
134,11,train,9.502802,0.73
134,12,train,5.073150,0.77
134,13,train,5.147286,0.81
134,0,val,5.084500,1.02
134,1,val,8.789323,1.08
134,2,val,9.241865,1.09
134,3,val,12.572258,1.11
134,4,val,7.869889,1.12
134,5,val,13.817541,1.14
134,6,val,8.767904,1.15
134,7,val,9.713418,1.16
134,8,val,2.695736,1.17
134,9,val,11.057240,1.18
134,10,val,11.872078,1.19
134,11,val,8.738641,1.20
134,12,val,15.502918,1.20
134,13,val,13.417773,1.22
134,14,val,7.262670,1.25
134,15,val,2.664493,1.27
134,16,val,14.431222,1.28
134,17,val,6.277019,1.29
134,18,val,6.039995,1.30
134,19,val,19.126860,1.32
134,20,val,9.399734,1.33
134,21,val,11.133524,1.35
134,22,val,10.568857,1.37
134,23,val,6.360480,1.38
134,24,val,2.510431,1.39
134,25,val,21.994131,1.40
134,26,val,4.195934,1.41
134,27,val,14.977801,1.42
134,28,val,9.598841,1.42
134,29,val,5.571747,1.44
134,30,val,7.174292,1.45
134,31,val,20.347691,1.46
134,32,val,14.099720,1.48
134,33,val,3.419266,1.49
134,34,val,12.323336,1.50
134,35,val,3.536800,1.51
135,0,train,6.153445,0.20
135,1,train,5.925407,0.26
135,2,train,5.100163,0.30
135,3,train,6.795705,0.37
135,4,train,6.047024,0.41
135,5,train,6.709468,0.46
135,6,train,4.637584,0.49
135,7,train,5.782566,0.55
135,8,train,6.754615,0.59
135,9,train,8.401752,0.65
135,10,train,7.113663,0.71
135,11,train,6.383091,0.74
135,12,train,6.674817,0.77
135,13,train,6.725811,0.82
135,0,val,7.273991,1.08
135,1,val,3.935133,1.11
135,2,val,13.631716,1.12
135,3,val,12.459522,1.13
135,4,val,5.298026,1.14
135,5,val,3.158530,1.15
135,6,val,8.399374,1.16
135,7,val,5.132112,1.17
135,8,val,3.406635,1.18
135,9,val,10.030266,1.19
135,10,val,11.722712,1.21
135,11,val,8.273109,1.22
135,12,val,11.003317,1.23
135,13,val,6.069959,1.25
135,14,val,8.510378,1.26
135,15,val,2.317255,1.27
135,16,val,12.896636,1.28
135,17,val,5.289969,1.29
135,18,val,7.889911,1.31
135,19,val,16.632559,1.32
135,20,val,9.830449,1.33
135,21,val,11.960705,1.34
135,22,val,10.029160,1.36
135,23,val,4.253683,1.38
135,24,val,7.133798,1.39
135,25,val,28.580889,1.40
135,26,val,4.318173,1.43
135,27,val,15.644955,1.44
135,28,val,7.802701,1.45
135,29,val,10.184202,1.46
135,30,val,3.535532,1.48
135,31,val,17.331764,1.49
135,32,val,12.387570,1.49
135,33,val,3.544838,1.50
135,34,val,10.746394,1.52
135,35,val,3.525297,1.53
136,0,train,7.335477,0.23
136,1,train,8.781082,0.30
136,2,train,4.715153,0.34
136,3,train,8.129267,0.39
136,4,train,6.700342,0.42
136,5,train,5.065662,0.47
136,6,train,6.079746,0.50
136,7,train,5.762313,0.54
136,8,train,6.080647,0.58
136,9,train,5.871907,0.63
136,10,train,8.427454,0.66
136,11,train,6.069336,0.69
136,12,train,6.174068,0.73
136,13,train,6.509927,0.76
136,0,val,5.605631,0.97
136,1,val,4.115234,0.99
136,2,val,16.438936,1.00
136,3,val,17.687166,1.02
136,4,val,2.522971,1.03
136,5,val,9.399435,1.04
136,6,val,8.868720,1.05
136,7,val,5.214755,1.06
136,8,val,3.353795,1.07
136,9,val,9.484748,1.09
136,10,val,10.866650,1.09
136,11,val,7.385746,1.10
136,12,val,10.319269,1.12
136,13,val,6.425059,1.12
136,14,val,13.748105,1.13
136,15,val,3.445897,1.14
136,16,val,12.209414,1.15
136,17,val,7.970221,1.16
136,18,val,2.586803,1.17
136,19,val,17.387339,1.19
136,20,val,9.606436,1.20
136,21,val,12.317800,1.21
136,22,val,10.212447,1.22
136,23,val,2.854328,1.23
136,24,val,9.601446,1.24
136,25,val,17.880720,1.25
136,26,val,9.415581,1.26
136,27,val,5.497403,1.27
136,28,val,4.169213,1.28
136,29,val,5.042320,1.30
136,30,val,3.582703,1.31
136,31,val,17.280016,1.32
136,32,val,11.839648,1.33
136,33,val,6.061488,1.33
136,34,val,9.641955,1.34
136,35,val,3.736984,1.35
137,0,train,8.632243,0.14
137,1,train,8.762857,0.18
137,2,train,4.778141,0.21
137,3,train,7.500097,0.25
137,4,train,8.110554,0.28
137,5,train,8.433443,0.31
137,6,train,7.849820,0.35
137,7,train,7.398773,0.38
137,8,train,7.024891,0.42
137,9,train,10.112646,0.45
137,10,train,8.380283,0.48
137,11,train,7.442565,0.52
137,12,train,9.004709,0.55
137,13,train,6.648296,0.58
137,0,val,3.850398,0.71
137,1,val,4.091111,0.71
137,2,val,9.187617,0.72
137,3,val,12.971269,0.72
137,4,val,3.104751,0.73
137,5,val,3.963053,0.74
137,6,val,8.867802,0.75
137,7,val,10.406388,0.76
137,8,val,2.869861,0.76
137,9,val,9.546535,0.77
137,10,val,13.861240,0.78
137,11,val,7.940621,0.78
137,12,val,10.127164,0.79
137,13,val,6.351271,0.80
137,14,val,8.088886,0.80
137,15,val,5.419171,0.81
137,16,val,10.811232,0.82
137,17,val,5.192595,0.82
137,18,val,10.156446,0.83
137,19,val,18.144541,0.84
137,20,val,9.426138,0.85
137,21,val,10.978171,0.85
137,22,val,9.656886,0.86
137,23,val,2.812989,0.87
137,24,val,2.022861,0.87
137,25,val,17.991047,0.88
137,26,val,5.438525,0.89
137,27,val,5.988935,0.89
137,28,val,3.888320,0.90
137,29,val,3.610248,0.91
137,30,val,3.579159,0.91
137,31,val,17.296541,0.92
137,32,val,13.610415,0.92
137,33,val,4.219812,0.93
137,34,val,12.159137,0.93
137,35,val,4.186579,0.94
138,0,train,5.574800,0.13
138,1,train,5.562484,0.17
138,2,train,6.258997,0.21
138,3,train,6.733923,0.24
138,4,train,6.721026,0.28
138,5,train,6.370999,0.31
138,6,train,6.887577,0.35
138,7,train,8.506014,0.39
138,8,train,7.404390,0.42
138,9,train,6.518859,0.46
138,10,train,6.891840,0.49
138,11,train,8.355968,0.53
138,12,train,7.620926,0.56
138,13,train,5.426744,0.59
138,0,val,3.107648,0.71
138,1,val,4.042674,0.72
138,2,val,9.774775,0.72
138,3,val,11.949274,0.73
138,4,val,5.316202,0.74
138,5,val,3.575361,0.75
138,6,val,10.114548,0.76
138,7,val,12.759418,0.76
138,8,val,3.314668,0.77
138,9,val,11.396098,0.78
138,10,val,13.778907,0.78
138,11,val,8.123402,0.79
138,12,val,9.853831,0.80
138,13,val,8.472384,0.80
138,14,val,8.365522,0.81
138,15,val,14.762957,0.81
138,16,val,11.224602,0.82
138,17,val,5.735622,0.83
138,18,val,3.745499,0.83
138,19,val,16.264523,0.84
138,20,val,10.522193,0.85
138,21,val,12.205749,0.86
138,22,val,12.319414,0.86
138,23,val,4.056418,0.87
138,24,val,2.424411,0.88
138,25,val,18.201576,0.88
138,26,val,4.008573,0.89
138,27,val,3.868139,0.89
138,28,val,6.184981,0.90
138,29,val,6.591117,0.91
138,30,val,3.478641,0.91
138,31,val,19.265423,0.92
138,32,val,16.522665,0.92
138,33,val,3.788030,0.93
138,34,val,10.013320,0.93
138,35,val,3.821183,0.94
139,0,train,7.210845,0.13
139,1,train,8.853674,0.17
139,2,train,5.974385,0.20
139,3,train,5.570661,0.24
139,4,train,5.481956,0.27
139,5,train,5.668320,0.30
139,6,train,5.407457,0.34
139,7,train,8.434299,0.38
139,8,train,6.363982,0.41
139,9,train,7.520608,0.45
139,10,train,5.889153,0.48
139,11,train,6.815949,0.51
139,12,train,7.177997,0.54
139,13,train,6.468256,0.58
139,0,val,3.257812,0.71
139,1,val,6.804670,0.72
139,2,val,10.007403,0.72
139,3,val,13.319686,0.73
139,4,val,3.534882,0.74
139,5,val,4.117354,0.75
139,6,val,9.257024,0.76
139,7,val,12.326140,0.76
139,8,val,3.634913,0.77
139,9,val,11.095189,0.78
139,10,val,12.996926,0.79
139,11,val,8.720773,0.79
139,12,val,9.844547,0.80
139,13,val,4.825083,0.80
139,14,val,15.000560,0.81
139,15,val,2.432919,0.82
139,16,val,12.461064,0.82
139,17,val,5.831618,0.83
139,18,val,3.290359,0.83
139,19,val,18.542799,0.84
139,20,val,9.154403,0.85
139,21,val,11.980424,0.86
139,22,val,8.690841,0.86
139,23,val,3.568319,0.87
139,24,val,2.838845,0.88
139,25,val,20.215162,0.88
139,26,val,3.893706,0.89
139,27,val,10.175112,0.90
139,28,val,4.356817,0.90
139,29,val,4.502379,0.91
139,30,val,5.272698,0.92
139,31,val,17.218491,0.92
139,32,val,11.985984,0.93
139,33,val,3.188936,0.93
139,34,val,14.067046,0.94
139,35,val,3.518996,0.95
140,0,train,8.240707,0.13
140,1,train,7.483987,0.17
140,2,train,6.555094,0.20
140,3,train,6.228754,0.24
140,4,train,8.169321,0.27
140,5,train,7.749663,0.31
140,6,train,6.566071,0.34
140,7,train,7.974141,0.38
140,8,train,7.422836,0.41
140,9,train,6.133344,0.44
140,10,train,7.760571,0.48
140,11,train,4.405034,0.51
140,12,train,6.947530,0.54
140,13,train,6.904128,0.58
140,0,val,7.207970,0.69
140,1,val,16.755507,0.70
140,2,val,9.574448,0.71
140,3,val,16.146780,0.71
140,4,val,2.482691,0.72
140,5,val,3.262861,0.73
140,6,val,7.920907,0.74
140,7,val,7.122250,0.75
140,8,val,4.674705,0.76
140,9,val,10.620124,0.76
140,10,val,10.591816,0.77
140,11,val,7.951466,0.79
140,12,val,13.358411,0.79
140,13,val,6.559574,0.80
140,14,val,12.623836,0.81
140,15,val,2.874991,0.81
140,16,val,11.000056,0.82
140,17,val,12.235293,0.83
140,18,val,5.078777,0.84
140,19,val,17.510345,0.84
140,20,val,11.525794,0.85
140,21,val,12.124543,0.86
140,22,val,9.695142,0.86
140,23,val,2.561664,0.87
140,24,val,2.474384,0.88
140,25,val,19.376863,0.88
140,26,val,4.398728,0.89
140,27,val,5.957685,0.90
140,28,val,6.850689,0.90
140,29,val,8.055584,0.91
140,30,val,4.658497,0.92
140,31,val,21.021088,0.92
140,32,val,12.016310,0.93
140,33,val,10.417153,0.94
140,34,val,7.529991,0.94
140,35,val,7.892119,0.95
141,0,train,6.037675,0.13
141,1,train,6.000575,0.16
141,2,train,5.822720,0.20
141,3,train,4.563698,0.23
141,4,train,8.900361,0.26
141,5,train,6.416689,0.30
141,6,train,4.982370,0.33
141,7,train,7.287728,0.37
141,8,train,7.091165,0.40
141,9,train,7.377788,0.44
141,10,train,6.462319,0.47
141,11,train,7.718406,0.50
141,12,train,6.683430,0.54
141,13,train,5.747021,0.57
141,0,val,3.860041,0.69
141,1,val,4.267990,0.70
141,2,val,15.338865,0.70
141,3,val,17.332716,0.71
141,4,val,2.804645,0.72
141,5,val,5.855311,0.73
141,6,val,10.655826,0.73
141,7,val,7.249907,0.74
141,8,val,2.450280,0.75
141,9,val,9.725959,0.75
141,10,val,10.785610,0.76
141,11,val,5.743176,0.77
141,12,val,10.340143,0.77
141,13,val,6.194352,0.78
141,14,val,8.643356,0.79
141,15,val,6.822337,0.79
141,16,val,11.017953,0.80
141,17,val,5.029143,0.81
141,18,val,5.416368,0.82
141,19,val,16.485413,0.83
141,20,val,8.703686,0.84
141,21,val,10.641491,0.85
141,22,val,15.126578,0.86
141,23,val,4.162656,0.86
141,24,val,2.263689,0.87
141,25,val,19.458853,0.88
141,26,val,4.453433,0.88
141,27,val,4.704803,0.89
141,28,val,4.312723,0.90
141,29,val,3.504622,0.90
141,30,val,5.028841,0.91
141,31,val,17.343779,0.92
141,32,val,12.569427,0.92
141,33,val,2.693420,0.92
141,34,val,11.651980,0.93
141,35,val,2.607320,0.94
142,0,train,5.795936,0.13
142,1,train,7.740219,0.17
142,2,train,6.241026,0.21
142,3,train,5.647007,0.24
142,4,train,8.682271,0.28
142,5,train,5.752279,0.31
142,6,train,6.067584,0.34
142,7,train,7.076370,0.38
142,8,train,6.169366,0.41
142,9,train,7.183863,0.45
142,10,train,7.995311,0.48
142,11,train,6.035076,0.58
142,12,train,5.959824,0.61
142,13,train,9.609438,0.64
142,0,val,5.018075,0.78
142,1,val,5.845045,0.79
142,2,val,9.836363,0.80
142,3,val,12.869694,0.81
142,4,val,3.356614,0.81
142,5,val,4.070483,0.83
142,6,val,7.712831,0.83
142,7,val,6.376616,0.84
142,8,val,2.785935,0.85
142,9,val,9.924338,0.85
142,10,val,11.515214,0.86
142,11,val,6.669303,0.87
142,12,val,13.277037,0.88
142,13,val,5.491558,0.89
142,14,val,9.542816,0.90
142,15,val,3.028997,0.91
142,16,val,12.676641,0.91
142,17,val,6.058463,0.92
142,18,val,4.778428,0.93
142,19,val,16.220064,0.94
142,20,val,9.948179,0.95
142,21,val,11.701742,0.95
142,22,val,9.995515,0.96
142,23,val,2.707962,0.97
142,24,val,3.303933,0.97
142,25,val,22.117119,0.98
142,26,val,6.529841,0.99
142,27,val,4.790627,1.00
142,28,val,6.109346,1.00
142,29,val,5.670613,1.01
142,30,val,5.504929,1.01
142,31,val,17.223036,1.02
142,32,val,14.124196,1.03
142,33,val,3.343174,1.03
142,34,val,7.901300,1.04
142,35,val,9.061960,1.04
143,0,train,6.457183,0.13
143,1,train,4.612155,0.17
143,2,train,6.009348,0.20
143,3,train,6.297900,0.24
143,4,train,7.399619,0.27
143,5,train,6.606890,0.30
143,6,train,8.338798,0.34
143,7,train,6.607439,0.38
143,8,train,7.684953,0.41
143,9,train,6.811126,0.44
143,10,train,6.111220,0.48
143,11,train,7.273402,0.51
143,12,train,7.747070,0.54
143,13,train,5.294606,0.57
143,0,val,5.379465,0.69
143,1,val,4.586742,0.70
143,2,val,8.941165,0.71
143,3,val,11.977376,0.72
143,4,val,4.184655,0.73
143,5,val,3.228325,0.74
143,6,val,7.839566,0.75
143,7,val,5.003704,0.75
143,8,val,3.453421,0.76
143,9,val,16.315878,0.77
143,10,val,18.695063,0.77
143,11,val,6.230296,0.78
143,12,val,10.350913,0.79
143,13,val,4.457442,0.79
143,14,val,9.146846,0.80
143,15,val,5.986971,0.80
143,16,val,11.444058,0.81
143,17,val,6.468604,0.82
143,18,val,6.583339,0.84
143,19,val,17.821390,0.85
143,20,val,8.935762,0.86
143,21,val,9.954884,0.86
143,22,val,15.317452,0.87
143,23,val,3.374879,0.88
143,24,val,4.214798,0.88
143,25,val,23.613064,0.89
143,26,val,3.446206,0.90
143,27,val,3.690225,0.91
143,28,val,11.727261,0.91
143,29,val,6.197919,0.92
143,30,val,3.127581,0.93
143,31,val,21.658697,0.94
143,32,val,13.770149,0.95
143,33,val,4.790473,0.95
143,34,val,8.160705,0.96
143,35,val,3.184808,0.96
144,0,train,7.847022,0.19
144,1,train,8.041530,0.24
144,2,train,7.192301,0.30
144,3,train,4.744337,0.34
144,4,train,8.634666,0.39
144,5,train,7.261415,0.42
144,6,train,6.343838,0.46
144,7,train,5.976276,0.51
144,8,train,6.164546,0.56
144,9,train,5.342254,0.61
144,10,train,7.078748,0.64
144,11,train,5.468530,0.68
144,12,train,6.955994,0.72
144,13,train,8.997497,0.76
144,0,val,5.205836,0.93
144,1,val,5.215757,0.96
144,2,val,10.506092,0.99
144,3,val,12.066100,1.00
144,4,val,3.758524,1.01
144,5,val,3.783335,1.02
144,6,val,10.299297,1.04
144,7,val,4.735274,1.06
144,8,val,2.799279,1.06
144,9,val,10.916184,1.07
144,10,val,11.377416,1.09
144,11,val,6.412015,1.10
144,12,val,9.360772,1.11
144,13,val,6.379900,1.12
144,14,val,7.389397,1.13
144,15,val,2.905942,1.14
144,16,val,10.302227,1.16
144,17,val,12.193456,1.17
144,18,val,3.147393,1.18
144,19,val,16.795824,1.19
144,20,val,10.196385,1.20
144,21,val,20.333708,1.21
144,22,val,8.187402,1.21
144,23,val,2.808469,1.22
144,24,val,4.498051,1.23
144,25,val,17.165144,1.24
144,26,val,5.271599,1.25
144,27,val,3.527824,1.26
144,28,val,3.751159,1.27
144,29,val,6.368861,1.29
144,30,val,6.324108,1.32
144,31,val,16.853121,1.33
144,32,val,11.149371,1.34
144,33,val,2.570903,1.35
144,34,val,8.973497,1.35
144,35,val,4.552430,1.36
145,0,train,7.258904,0.20
145,1,train,5.702529,0.25
145,2,train,5.231098,0.28
145,3,train,6.526624,0.32
145,4,train,6.824453,0.37
145,5,train,10.209769,0.41
145,6,train,5.674747,0.46
145,7,train,6.800442,0.50
145,8,train,9.634824,0.54
145,9,train,6.806991,0.59
145,10,train,5.801313,0.63
145,11,train,8.347286,0.66
145,12,train,6.388475,0.69
145,13,train,4.447733,0.73
145,0,val,4.131540,0.91
145,1,val,4.406792,0.93
145,2,val,9.082375,0.95
145,3,val,11.849970,0.96
145,4,val,3.626570,0.97
145,5,val,3.812054,0.98
145,6,val,7.838585,1.00
145,7,val,5.427835,1.01
145,8,val,4.310711,1.04
145,9,val,10.646929,1.05
145,10,val,11.543231,1.07
145,11,val,5.534463,1.08
145,12,val,10.495446,1.09
145,13,val,5.255940,1.10
145,14,val,8.470909,1.12
145,15,val,3.576603,1.13
145,16,val,12.241138,1.15
145,17,val,8.344647,1.16
145,18,val,7.112113,1.17
145,19,val,21.204861,1.18
145,20,val,7.984431,1.19
145,21,val,10.848980,1.20
145,22,val,9.361696,1.21
145,23,val,3.437007,1.22
145,24,val,2.894202,1.24
145,25,val,17.929966,1.25
145,26,val,3.644323,1.26
145,27,val,8.786165,1.26
145,28,val,6.807091,1.27
145,29,val,4.451580,1.28
145,30,val,4.141080,1.29
145,31,val,16.811581,1.30
145,32,val,13.786134,1.30
145,33,val,3.548999,1.31
145,34,val,7.983450,1.31
145,35,val,3.683234,1.32
146,0,train,6.435658,0.24
146,1,train,4.968250,0.33
146,2,train,5.153258,0.37
146,3,train,6.475504,0.43
146,4,train,6.439136,0.46
146,5,train,5.680586,0.51
146,6,train,5.545740,0.55
146,7,train,5.819104,0.59
146,8,train,6.167670,0.62
146,9,train,5.623633,0.67
146,10,train,10.770256,0.70
146,11,train,5.027236,0.73
146,12,train,6.030369,0.77
146,13,train,6.227272,0.80
146,0,val,3.254359,1.03
146,1,val,4.315773,1.05
146,2,val,9.471926,1.06
146,3,val,13.061804,1.07
146,4,val,3.742543,1.08
146,5,val,3.616719,1.09
146,6,val,8.960459,1.10
146,7,val,8.539746,1.11
146,8,val,3.333051,1.12
146,9,val,10.083737,1.13
146,10,val,14.508988,1.14
146,11,val,6.353000,1.15
146,12,val,10.172808,1.16
146,13,val,6.457269,1.17
146,14,val,7.165304,1.18
146,15,val,2.229433,1.19
146,16,val,10.824711,1.21
146,17,val,7.336376,1.21
146,18,val,3.010563,1.22
146,19,val,19.138418,1.23
146,20,val,8.573775,1.24
146,21,val,12.581198,1.26
146,22,val,9.449028,1.27
146,23,val,3.127815,1.28
146,24,val,3.144227,1.29
146,25,val,18.720526,1.30
146,26,val,2.991296,1.31
146,27,val,3.381259,1.32
146,28,val,7.989471,1.33
146,29,val,15.394176,1.34
146,30,val,7.171381,1.35
146,31,val,17.666510,1.36
146,32,val,10.607334,1.37
146,33,val,3.779161,1.37
146,34,val,8.023618,1.38
146,35,val,5.689103,1.38
147,0,train,5.339317,0.20
147,1,train,5.379029,0.25
147,2,train,5.975620,0.30
147,3,train,5.868470,0.33
147,4,train,5.637850,0.38
147,5,train,6.335567,0.42
147,6,train,5.825974,0.46
147,7,train,5.871089,0.51
147,8,train,6.670184,0.56
147,9,train,8.809469,0.59
147,10,train,6.839422,0.62
147,11,train,7.760728,0.66
147,12,train,8.056187,0.69
147,13,train,6.852933,0.72
147,0,val,5.732130,0.85
147,1,val,5.537660,0.85
147,2,val,9.469160,0.86
147,3,val,11.881178,0.87
147,4,val,5.127021,0.87
147,5,val,4.281177,0.88
147,6,val,9.523272,0.89
147,7,val,11.572044,0.90
147,8,val,6.208456,0.90
147,9,val,8.554255,0.91
147,10,val,14.244931,0.92
147,11,val,6.356658,0.92
147,12,val,10.376361,0.93
147,13,val,4.741021,0.94
147,14,val,8.309079,0.94
147,15,val,7.722265,0.95
147,16,val,10.610843,0.96
147,17,val,4.916335,0.96
147,18,val,5.373147,0.97
147,19,val,16.568762,0.97
147,20,val,12.705963,0.98
147,21,val,10.439555,0.99
147,22,val,10.230438,1.00
147,23,val,2.365632,1.00
147,24,val,2.293947,1.01
147,25,val,23.584845,1.02
147,26,val,3.852373,1.02
147,27,val,4.146102,1.03
147,28,val,3.570410,1.03
147,29,val,7.673756,1.04
147,30,val,6.881040,1.05
147,31,val,16.834629,1.06
147,32,val,15.834038,1.06
147,33,val,3.796348,1.07
147,34,val,12.689912,1.07
147,35,val,2.781181,1.07
148,0,train,8.488802,0.13
148,1,train,8.638067,0.18
148,2,train,5.739698,0.21
148,3,train,5.800955,0.24
148,4,train,5.494040,0.28
148,5,train,6.645155,0.32
148,6,train,4.828610,0.35
148,7,train,5.545932,0.39
148,8,train,7.106240,0.43
148,9,train,7.152844,0.46
148,10,train,10.796308,0.50
148,11,train,5.759344,0.53
148,12,train,7.254535,0.56
148,13,train,7.239356,0.59
148,0,val,4.528665,0.73
148,1,val,5.383478,0.74
148,2,val,10.716984,0.75
148,3,val,11.125394,0.76
148,4,val,4.099847,0.77
148,5,val,3.839440,0.78
148,6,val,10.260932,0.79
148,7,val,4.760119,0.80
148,8,val,5.056225,0.81
148,9,val,8.364549,0.81
148,10,val,10.237941,0.82
148,11,val,6.031256,0.83
148,12,val,10.750634,0.84
148,13,val,7.870729,0.84
148,14,val,8.208065,0.85
148,15,val,8.624737,0.86
148,16,val,12.764065,0.87
148,17,val,6.724052,0.88
148,18,val,3.101966,0.88
148,19,val,16.597176,0.89
148,20,val,8.102206,0.90
148,21,val,22.580458,0.90
148,22,val,14.434900,0.91
148,23,val,2.962571,0.92
148,24,val,4.052158,0.92
148,25,val,29.274233,0.93
148,26,val,4.513329,0.94
148,27,val,7.429866,0.94
148,28,val,3.734006,0.95
148,29,val,4.704874,0.96
148,30,val,3.569245,0.97
148,31,val,17.469933,0.97
148,32,val,12.124292,0.98
148,33,val,7.730509,0.98
148,34,val,8.134459,0.98
148,35,val,3.209849,0.99
149,0,train,5.091741,0.13
149,1,train,5.899586,0.17
149,2,train,5.872882,0.20
149,3,train,8.357689,0.23
149,4,train,4.474802,0.27
149,5,train,9.063034,0.30
149,6,train,5.285863,0.34
149,7,train,5.645420,0.38
149,8,train,5.182717,0.42
149,9,train,5.680874,0.45
149,10,train,6.329640,0.49
149,11,train,6.682593,0.52
149,12,train,6.806875,0.55
149,13,train,8.061348,0.58
149,0,val,4.771843,0.70
149,1,val,6.285088,0.71
149,2,val,9.620055,0.72
149,3,val,12.921638,0.73
149,4,val,2.360537,0.73
149,5,val,7.359987,0.75
149,6,val,7.467725,0.75
149,7,val,7.384194,0.76
149,8,val,10.402606,0.77
149,9,val,10.219279,0.77
149,10,val,10.585382,0.78
149,11,val,6.150202,0.79
149,12,val,9.607401,0.79
149,13,val,8.095230,0.80
149,14,val,10.137261,0.81
149,15,val,5.778819,0.81
149,16,val,10.964761,0.82
149,17,val,7.948883,0.83
149,18,val,3.109469,0.83
149,19,val,15.739132,0.84
149,20,val,12.646939,0.85
149,21,val,16.649879,0.86
149,22,val,11.079611,0.86
149,23,val,3.576836,0.87
149,24,val,4.493870,0.88
149,25,val,17.918781,0.88
149,26,val,3.975260,0.89
149,27,val,5.199537,0.90
149,28,val,4.531644,0.90
149,29,val,4.241321,0.91
149,30,val,3.651524,0.92
149,31,val,17.839247,0.92
149,32,val,11.451914,0.93
149,33,val,5.555924,0.93
149,34,val,8.370469,0.94
149,35,val,3.117106,0.94
150,0,train,8.269510,0.14
150,1,train,6.056104,0.17
150,2,train,9.882082,0.22
150,3,train,5.618920,0.25
150,4,train,6.617260,0.29
150,5,train,7.713160,0.32
150,6,train,6.193099,0.35
150,7,train,6.660451,0.39
150,8,train,5.656772,0.42
150,9,train,6.491073,0.46
150,10,train,5.843266,0.49
150,11,train,7.471153,0.52
150,12,train,8.550819,0.55
150,13,train,4.905686,0.59
150,0,val,4.540530,0.71
150,1,val,8.145867,0.72
150,2,val,9.413401,0.73
150,3,val,15.888947,0.73
150,4,val,3.101641,0.74
150,5,val,3.683047,0.75
150,6,val,9.111487,0.76
150,7,val,9.072977,0.77
150,8,val,3.570872,0.77
150,9,val,10.920366,0.78
150,10,val,12.141927,0.79
150,11,val,5.459696,0.79
150,12,val,10.133935,0.80
150,13,val,5.801177,0.80
150,14,val,9.900206,0.81
150,15,val,3.571027,0.82
150,16,val,15.539965,0.82
150,17,val,5.033907,0.83
150,18,val,7.241771,0.84
150,19,val,18.340149,0.84
150,20,val,8.676026,0.85
150,21,val,10.049511,0.86
150,22,val,8.754624,0.86
150,23,val,2.968536,0.87
150,24,val,2.454313,0.88
150,25,val,18.550459,0.88
150,26,val,3.832582,0.89
150,27,val,4.265803,0.90
150,28,val,4.886425,0.90
150,29,val,4.428455,0.91
150,30,val,4.782154,0.91
150,31,val,18.897902,0.92
150,32,val,13.287909,0.92
150,33,val,7.318929,0.93
150,34,val,9.090897,0.93
150,35,val,3.190970,0.94
151,0,train,6.749479,0.14
151,1,train,7.066933,0.18
151,2,train,7.238169,0.21
151,3,train,6.074088,0.25
151,4,train,4.922544,0.29
151,5,train,8.485988,0.32
151,6,train,6.218946,0.35
151,7,train,7.339527,0.39
151,8,train,5.826489,0.44
151,9,train,5.240767,0.48
151,10,train,6.287421,0.51
151,11,train,6.050069,0.55
151,12,train,9.971209,0.58
151,13,train,6.738125,0.62
151,0,val,3.672499,0.75
151,1,val,4.203185,0.76
151,2,val,10.927070,0.77
151,3,val,12.022177,0.79
151,4,val,2.972802,0.80
151,5,val,7.157263,0.80
151,6,val,11.075446,0.81
151,7,val,6.566875,0.82
151,8,val,2.661287,0.83
151,9,val,9.519438,0.83
151,10,val,10.513543,0.84
151,11,val,8.849093,0.85
151,12,val,9.914491,0.86
151,13,val,7.027387,0.86
151,14,val,7.690891,0.87
151,15,val,3.199193,0.87
151,16,val,11.269836,0.88
151,17,val,5.104405,0.89
151,18,val,5.061197,0.90
151,19,val,16.172302,0.90
151,20,val,10.324799,0.91
151,21,val,9.725522,0.92
151,22,val,8.012303,0.92
151,23,val,3.874457,0.93
151,24,val,3.009318,0.94
151,25,val,17.318998,0.94
151,26,val,4.358532,0.95
151,27,val,3.461802,0.96
151,28,val,3.672718,0.96
151,29,val,3.580755,0.97
151,30,val,5.043219,0.97
151,31,val,16.573303,0.98
151,32,val,10.661431,0.99
151,33,val,3.613992,1.00
151,34,val,7.045130,1.00
151,35,val,4.209177,1.00
152,0,train,6.946417,0.15
152,1,train,7.592362,0.19
152,2,train,6.607438,0.22
152,3,train,9.107884,0.26
152,4,train,6.207139,0.29
152,5,train,5.921925,0.33
152,6,train,7.420262,0.36
152,7,train,7.240910,0.40
152,8,train,5.164635,0.43
152,9,train,6.513516,0.46
152,10,train,8.539537,0.50
152,11,train,6.356762,0.53
152,12,train,5.343630,0.56
152,13,train,7.424918,0.59
152,0,val,9.867422,0.73
152,1,val,8.701819,0.73
152,2,val,11.696754,0.74
152,3,val,12.338242,0.75
152,4,val,3.480811,0.76
152,5,val,2.906067,0.77
152,6,val,7.708951,0.77
152,7,val,11.935480,0.78
152,8,val,5.755360,0.79
152,9,val,10.080441,0.80
152,10,val,10.602283,0.80
152,11,val,6.091784,0.81
152,12,val,8.629962,0.82
152,13,val,9.386625,0.82
152,14,val,6.930367,0.83
152,15,val,10.379540,0.84
152,16,val,12.571747,0.84
152,17,val,18.032240,0.85
152,18,val,5.697803,0.86
152,19,val,19.287575,0.87
152,20,val,10.759562,0.88
152,21,val,11.329339,0.88
152,22,val,13.877851,0.89
152,23,val,2.810008,0.89
152,24,val,2.233223,0.90
152,25,val,17.339827,0.91
152,26,val,3.046073,0.92
152,27,val,3.344555,0.92
152,28,val,7.180769,0.93
152,29,val,4.079847,0.93
152,30,val,4.134336,0.94
152,31,val,16.569023,0.95
152,32,val,11.212191,0.95
152,33,val,4.748170,0.96
152,34,val,8.729548,0.97
152,35,val,5.197442,0.97
153,0,train,5.769584,0.13
153,1,train,6.034495,0.17
153,2,train,5.309227,0.20
153,3,train,7.248823,0.24
153,4,train,4.869128,0.27
153,5,train,5.826625,0.31
153,6,train,6.518192,0.34
153,7,train,6.055743,0.38
153,8,train,8.721297,0.41
153,9,train,5.407213,0.45
153,10,train,5.915534,0.48
153,11,train,9.686331,0.51
153,12,train,6.444831,0.54
153,13,train,5.947480,0.58
153,0,val,8.826301,0.70
153,1,val,5.143228,0.71
153,2,val,8.916109,0.72
153,3,val,12.646641,0.73
153,4,val,3.629669,0.74
153,5,val,3.271571,0.75
153,6,val,7.389344,0.75
153,7,val,5.750121,0.76
153,8,val,10.748488,0.77
153,9,val,10.335914,0.78
153,10,val,10.548432,0.78
153,11,val,7.935853,0.79
153,12,val,21.910191,0.80
153,13,val,4.931884,0.80
153,14,val,11.465750,0.81
153,15,val,3.453038,0.82
153,16,val,19.932354,0.83
153,17,val,8.971144,0.83
153,18,val,2.914684,0.84
153,19,val,15.209662,0.85
153,20,val,9.348237,0.86
153,21,val,10.214703,0.86
153,22,val,13.043067,0.87
153,23,val,2.674953,0.88
153,24,val,3.232601,0.88
153,25,val,19.199532,0.89
153,26,val,7.581126,0.90
153,27,val,3.596635,0.90
153,28,val,4.262927,0.91
153,29,val,5.617644,0.92
153,30,val,3.201442,0.92
153,31,val,17.382835,0.93
153,32,val,13.511032,0.93
153,33,val,3.508959,0.94
153,34,val,7.977785,0.95
153,35,val,3.135465,0.95
154,0,train,9.973303,0.15
154,1,train,7.642721,0.19
154,2,train,5.674128,0.22
154,3,train,6.793744,0.26
154,4,train,5.410942,0.30
154,5,train,4.795723,0.33
154,6,train,6.990531,0.36
154,7,train,6.726182,0.40
154,8,train,4.608553,0.43
154,9,train,5.482637,0.47
154,10,train,5.272456,0.50
154,11,train,4.310807,0.53
154,12,train,4.572233,0.57
154,13,train,6.653232,0.60
154,0,val,3.505729,0.73
154,1,val,14.398118,0.74
154,2,val,12.377699,0.74
154,3,val,11.061068,0.75
154,4,val,3.250137,0.77
154,5,val,5.719097,0.77
154,6,val,11.187946,0.78
154,7,val,6.875837,0.79
154,8,val,4.125133,0.79
154,9,val,8.573569,0.80
154,10,val,10.302809,0.81
154,11,val,6.236819,0.81
154,12,val,9.095046,0.82
154,13,val,4.573119,0.83
154,14,val,7.653204,0.84
154,15,val,3.137052,0.84
154,16,val,16.834595,0.85
154,17,val,5.870121,0.87
154,18,val,4.284508,0.87
154,19,val,16.311144,0.88
154,20,val,8.841301,0.89
154,21,val,12.235810,0.90
154,22,val,8.188706,0.90
154,23,val,5.083757,0.91
154,24,val,2.423348,0.92
154,25,val,16.877874,0.93
154,26,val,5.402759,0.93
154,27,val,6.918729,0.94
154,28,val,4.863326,0.95
154,29,val,7.885152,0.96
154,30,val,4.571737,0.97
154,31,val,16.243320,0.98
154,32,val,10.637755,0.98
154,33,val,4.932784,0.98
154,34,val,6.910904,0.99
154,35,val,2.645848,0.99
155,0,train,7.161398,0.16
155,1,train,5.346543,0.21
155,2,train,7.479443,0.24
155,3,train,9.645032,0.27
155,4,train,5.151384,0.31
155,5,train,8.028177,0.34
155,6,train,7.779789,0.38
155,7,train,7.018493,0.42
155,8,train,8.483871,0.45
155,9,train,6.798835,0.48
155,10,train,6.906863,0.52
155,11,train,11.393469,0.55
155,12,train,5.764356,0.58
155,13,train,6.223441,0.61
155,0,val,4.586577,0.74
155,1,val,3.815472,0.75
155,2,val,13.893155,0.76
155,3,val,16.719351,0.76
155,4,val,3.475821,0.78
155,5,val,3.330275,0.78
155,6,val,8.079106,0.79
155,7,val,6.319771,0.80
155,8,val,3.257039,0.80
155,9,val,27.169659,0.81
155,10,val,10.853901,0.82
155,11,val,5.661717,0.83
155,12,val,12.153305,0.83
155,13,val,4.727820,0.84
155,14,val,8.117570,0.85
155,15,val,4.031599,0.85
155,16,val,11.286325,0.86
155,17,val,6.697190,0.87
155,18,val,5.981224,0.88
155,19,val,14.960827,0.89
155,20,val,9.772479,0.89
155,21,val,16.807493,0.90
155,22,val,8.642476,0.91
155,23,val,2.984641,0.91
155,24,val,3.666782,0.92
155,25,val,17.674698,0.93
155,26,val,11.415274,0.93
155,27,val,4.010568,0.94
155,28,val,5.579905,0.95
155,29,val,7.643583,0.95
155,30,val,5.495791,0.96
155,31,val,15.763197,0.97
155,32,val,15.592916,0.97
155,33,val,7.516157,0.98
155,34,val,7.276082,0.98
155,35,val,3.668229,0.99
156,0,train,5.933793,0.15
156,1,train,5.126599,0.19
156,2,train,6.937437,0.22
156,3,train,6.801738,0.25
156,4,train,6.934307,0.29
156,5,train,6.560876,0.32
156,6,train,6.018439,0.36
156,7,train,7.687409,0.39
156,8,train,6.892927,0.42
156,9,train,5.129061,0.46
156,10,train,7.671654,0.49
156,11,train,8.182354,0.52
156,12,train,6.698558,0.56
156,13,train,7.342376,0.59
156,0,val,3.570454,0.72
156,1,val,9.740915,0.72
156,2,val,10.868867,0.73
156,3,val,13.189800,0.74
156,4,val,3.317391,0.75
156,5,val,6.016322,0.76
156,6,val,10.481103,0.76
156,7,val,5.637960,0.77
156,8,val,10.085635,0.78
156,9,val,8.590695,0.78
156,10,val,10.222874,0.79
156,11,val,6.707207,0.80
156,12,val,8.674381,0.80
156,13,val,4.403790,0.81
156,14,val,8.288300,0.81
156,15,val,3.510190,0.82
156,16,val,11.242888,0.83
156,17,val,5.098954,0.84
156,18,val,7.487980,0.85
156,19,val,15.054855,0.86
156,20,val,9.292992,0.87
156,21,val,9.831326,0.88
156,22,val,8.471842,0.89
156,23,val,5.147054,0.90
156,24,val,7.898036,0.91
156,25,val,15.869716,0.92
156,26,val,4.098012,0.93
156,27,val,3.772425,0.94
156,28,val,3.749923,0.95
156,29,val,5.691569,0.97
156,30,val,3.899954,0.98
156,31,val,16.187365,0.99
156,32,val,10.880586,1.00
156,33,val,6.533237,1.00
156,34,val,7.505444,1.01
156,35,val,3.318277,1.01
157,0,train,7.746216,0.20
157,1,train,6.388940,0.33
157,2,train,5.900987,0.37
157,3,train,6.216485,0.41
157,4,train,4.415885,0.45
157,5,train,6.073340,0.50
157,6,train,6.459742,0.53
157,7,train,5.197217,0.56
157,8,train,4.873161,0.61
157,9,train,4.669057,0.65
157,10,train,5.534409,0.68
157,11,train,4.288228,0.71
157,12,train,5.837561,0.75
157,13,train,6.255976,0.78
157,0,val,5.535474,0.95
157,1,val,4.329298,0.98
157,2,val,11.371509,1.00
157,3,val,13.043776,1.01
157,4,val,2.518204,1.01
157,5,val,4.146456,1.02
157,6,val,7.099023,1.03
157,7,val,8.214001,1.04
157,8,val,5.659654,1.05
157,9,val,9.209437,1.06
157,10,val,14.133101,1.07
157,11,val,6.674669,1.07
157,12,val,8.711505,1.08
157,13,val,12.883313,1.10
157,14,val,7.291286,1.10
157,15,val,2.115674,1.11
157,16,val,10.715899,1.12
157,17,val,5.745851,1.13
157,18,val,5.825779,1.14
157,19,val,16.422279,1.15
157,20,val,9.730490,1.16
157,21,val,10.614974,1.17
157,22,val,8.655575,1.17
157,23,val,3.155485,1.19
157,24,val,2.775685,1.20
157,25,val,17.674683,1.21
157,26,val,3.382312,1.22
157,27,val,4.023973,1.23
157,28,val,4.041914,1.23
157,29,val,5.073444,1.24
157,30,val,5.834837,1.25
157,31,val,15.914219,1.26
157,32,val,10.477599,1.26
157,33,val,3.871239,1.27
157,34,val,7.972051,1.27
157,35,val,3.186188,1.28
158,0,train,4.934878,0.18
158,1,train,6.960571,0.23
158,2,train,6.412511,0.27
158,3,train,5.638937,0.31
158,4,train,6.174033,0.37
158,5,train,8.911516,0.43
158,6,train,6.520808,0.47
158,7,train,7.232759,0.51
158,8,train,5.633582,0.55
158,9,train,5.913971,0.60
158,10,train,8.580463,0.63
158,11,train,4.954105,0.66
158,12,train,7.571649,0.70
158,13,train,5.895384,0.74
158,0,val,4.057058,1.04
158,1,val,4.655889,1.06
158,2,val,12.028113,1.08
158,3,val,12.499698,1.09
158,4,val,3.856397,1.10
158,5,val,10.876540,1.12
158,6,val,10.611542,1.13
158,7,val,5.917564,1.15
158,8,val,4.504596,1.17
158,9,val,8.154799,1.18
158,10,val,10.196235,1.20
158,11,val,6.517040,1.21
158,12,val,9.475018,1.22
158,13,val,5.189449,1.24
158,14,val,8.433457,1.25
158,15,val,2.453498,1.27
158,16,val,12.029856,1.29
158,17,val,6.129325,1.30
158,18,val,6.855559,1.31
158,19,val,16.528471,1.33
158,20,val,9.373294,1.34
158,21,val,9.967511,1.36
158,22,val,7.802601,1.38
158,23,val,4.819436,1.39
158,24,val,2.572470,1.41
158,25,val,16.236149,1.43
158,26,val,4.530889,1.44
158,27,val,7.840755,1.45
158,28,val,3.799325,1.46
158,29,val,4.604909,1.48
158,30,val,4.052983,1.50
158,31,val,20.828321,1.51
158,32,val,10.893824,1.52
158,33,val,5.917258,1.53
158,34,val,7.979500,1.54
158,35,val,2.858117,1.55
159,0,train,8.375413,0.19
159,1,train,5.623278,0.25
159,2,train,4.510349,0.30
159,3,train,7.391054,0.36
159,4,train,7.431956,0.41
159,5,train,5.653171,0.46
159,6,train,5.828224,0.49
159,7,train,3.786302,0.53
159,8,train,8.669282,0.57
159,9,train,8.155113,0.61
159,10,train,5.938753,0.64
159,11,train,5.583466,0.69
159,12,train,7.865715,0.72
159,13,train,4.414610,0.75
159,0,val,7.779489,0.91
159,1,val,4.910383,0.92
159,2,val,8.517056,0.94
159,3,val,10.806330,0.95
159,4,val,2.749808,0.96
159,5,val,7.826817,0.97
159,6,val,7.128560,0.97
159,7,val,5.908561,0.98
159,8,val,2.866104,0.99
159,9,val,8.832910,1.00
159,10,val,9.570639,1.01
159,11,val,6.801409,1.02
159,12,val,10.953371,1.03
159,13,val,5.330122,1.04
159,14,val,8.125811,1.05
159,15,val,2.370516,1.06
159,16,val,11.769649,1.07
159,17,val,8.190486,1.08
159,18,val,4.051100,1.09
159,19,val,16.936928,1.09
159,20,val,11.040613,1.10
159,21,val,10.969603,1.11
159,22,val,11.891082,1.12
159,23,val,3.083248,1.13
159,24,val,2.291909,1.14
159,25,val,18.275911,1.15
159,26,val,11.771094,1.16
159,27,val,4.021777,1.17
159,28,val,4.276214,1.19
159,29,val,5.265329,1.20
159,30,val,5.608225,1.21
159,31,val,16.159685,1.22
159,32,val,18.688959,1.23
159,33,val,2.604540,1.24
159,34,val,7.220624,1.25
159,35,val,4.603848,1.26
160,0,train,5.352693,0.16
160,1,train,7.205820,0.21
160,2,train,6.086419,0.26
160,3,train,5.687492,0.30
160,4,train,6.501150,0.35
160,5,train,6.719006,0.38
160,6,train,4.828483,0.42
160,7,train,6.552535,0.46
160,8,train,7.780902,0.50
160,9,train,5.479022,0.54
160,10,train,5.228342,0.58
160,11,train,9.066349,0.61
160,12,train,6.242736,0.64
160,13,train,5.953278,0.68
160,0,val,5.658533,0.80
160,1,val,7.076174,0.81
160,2,val,10.497012,0.82
160,3,val,11.041023,0.83
160,4,val,3.999086,0.84
160,5,val,3.920851,0.85
160,6,val,7.092838,0.86
160,7,val,6.803095,0.88
160,8,val,2.929156,0.89
160,9,val,8.666955,0.90
160,10,val,10.536377,0.90
160,11,val,5.676170,0.91
160,12,val,12.049236,0.92
160,13,val,7.704432,0.93
160,14,val,7.861753,0.95
160,15,val,10.426587,0.95
160,16,val,12.135810,0.96
160,17,val,4.698854,0.97
160,18,val,5.069795,0.97
160,19,val,14.774572,0.98
160,20,val,9.526266,0.99
160,21,val,12.119472,1.00
160,22,val,11.023523,1.01
160,23,val,2.594116,1.01
160,24,val,4.981965,1.02
160,25,val,15.971630,1.02
160,26,val,6.365741,1.03
160,27,val,3.844477,1.04
160,28,val,9.135813,1.05
160,29,val,4.935201,1.05
160,30,val,4.094146,1.06
160,31,val,16.341751,1.07
160,32,val,11.037168,1.07
160,33,val,7.354125,1.08
160,34,val,7.711152,1.08
160,35,val,8.820449,1.08
161,0,train,5.295148,0.15
161,1,train,6.040876,0.19
161,2,train,10.852836,0.22
161,3,train,8.126898,0.26
161,4,train,7.832520,0.30
161,5,train,6.835819,0.33
161,6,train,6.123579,0.37
161,7,train,7.825140,0.41
161,8,train,6.499835,0.45
161,9,train,9.944077,0.48
161,10,train,5.349689,0.51
161,11,train,6.538409,0.54
161,12,train,5.248423,0.58
161,13,train,7.920373,0.61
161,0,val,3.409469,0.75
161,1,val,8.881179,0.76
161,2,val,12.584973,0.77
161,3,val,11.751257,0.78
161,4,val,3.058545,0.79
161,5,val,3.726784,0.79
161,6,val,6.905884,0.80
161,7,val,5.022256,0.81
161,8,val,3.008605,0.82
161,9,val,8.144111,0.83
161,10,val,11.513550,0.84
161,11,val,5.896883,0.84
161,12,val,10.716556,0.85
161,13,val,6.670321,0.86
161,14,val,7.670916,0.87
161,15,val,6.765122,0.88
161,16,val,13.249680,0.89
161,17,val,4.978594,0.89
161,18,val,3.133041,0.90
161,19,val,14.721920,0.91
161,20,val,9.117599,0.91
161,21,val,10.452415,0.92
161,22,val,12.341421,0.92
161,23,val,3.409048,0.93
161,24,val,3.962431,0.94
161,25,val,15.848462,0.94
161,26,val,4.144722,0.95
161,27,val,4.544247,0.96
161,28,val,3.664500,0.96
161,29,val,7.478357,0.98
161,30,val,4.578658,0.98
161,31,val,17.091848,0.99
161,32,val,10.350406,1.00
161,33,val,5.282082,1.01
161,34,val,8.760352,1.02
161,35,val,3.309143,1.02
162,0,train,6.660184,0.14
162,1,train,7.118516,0.17
162,2,train,7.288973,0.21
162,3,train,9.805975,0.25
162,4,train,6.235532,0.29
162,5,train,5.337587,0.33
162,6,train,6.426558,0.36
162,7,train,4.128042,0.40
162,8,train,8.583707,0.43
162,9,train,6.201253,0.47
162,10,train,5.653101,0.50
162,11,train,6.330853,0.53
162,12,train,7.655453,0.56
162,13,train,4.637354,0.59
162,0,val,4.079553,0.73
162,1,val,4.162557,0.73
162,2,val,9.293698,0.74
162,3,val,11.054278,0.75
162,4,val,3.286369,0.76
162,5,val,3.871611,0.77
162,6,val,7.016178,0.77
162,7,val,4.644958,0.78
162,8,val,7.425407,0.79
162,9,val,9.062050,0.79
162,10,val,10.705636,0.80
162,11,val,8.173363,0.80
162,12,val,11.054005,0.81
162,13,val,5.017941,0.82
162,14,val,7.322135,0.82
162,15,val,5.927581,0.83
162,16,val,11.135491,0.84
162,17,val,6.465326,0.84
162,18,val,3.062181,0.85
162,19,val,15.792510,0.86
162,20,val,8.436157,0.87
162,21,val,12.241041,0.88
162,22,val,7.667360,0.88
162,23,val,3.188972,0.89
162,24,val,6.805778,0.90
162,25,val,16.782188,0.90
162,26,val,3.649812,0.91
162,27,val,4.039198,0.92
162,28,val,3.820392,0.92
162,29,val,3.840545,0.93
162,30,val,3.914440,0.94
162,31,val,15.306150,0.94
162,32,val,15.330631,0.95
162,33,val,4.783162,0.95
162,34,val,7.537533,0.96
162,35,val,3.427702,0.97
163,0,train,5.478241,0.15
163,1,train,5.460582,0.20
163,2,train,4.839882,0.23
163,3,train,5.162707,0.27
163,4,train,5.542120,0.30
163,5,train,6.159070,0.34
163,6,train,5.768366,0.37
163,7,train,7.961408,0.41
163,8,train,6.027968,0.45
163,9,train,5.870218,0.48
163,10,train,7.159344,0.52
163,11,train,4.586774,0.55
163,12,train,5.703398,0.58
163,13,train,4.582518,0.61
163,0,val,10.468808,0.75
163,1,val,6.559217,0.76
163,2,val,10.305406,0.76
163,3,val,10.638450,0.78
163,4,val,2.749870,0.78
163,5,val,2.527555,0.79
163,6,val,6.976607,0.80
163,7,val,5.871616,0.80
163,8,val,4.893444,0.81
163,9,val,8.557361,0.82
163,10,val,10.166272,0.82
163,11,val,10.915596,0.83
163,12,val,14.911243,0.84
163,13,val,6.562892,0.84
163,14,val,7.207558,0.85
163,15,val,3.160064,0.86
163,16,val,12.351293,0.87
163,17,val,9.418842,0.88
163,18,val,4.677433,0.88
163,19,val,14.864062,0.89
163,20,val,8.510854,0.90
163,21,val,11.034565,0.90
163,22,val,7.594149,0.91
163,23,val,3.187141,0.92
163,24,val,2.268723,0.92
163,25,val,16.120060,0.93
163,26,val,3.502092,0.94
163,27,val,5.086481,0.94
163,28,val,3.661662,0.95
163,29,val,15.138648,0.96
163,30,val,5.528303,0.96
163,31,val,15.496172,0.97
163,32,val,12.451486,0.98
163,33,val,3.098500,0.99
163,34,val,8.418759,0.99
163,35,val,6.474378,1.00
164,0,train,6.288621,0.13
164,1,train,6.512095,0.18
164,2,train,8.493950,0.21
164,3,train,5.595856,0.24
164,4,train,5.857507,0.28
164,5,train,6.814855,0.31
164,6,train,6.764037,0.35
164,7,train,5.988748,0.38
164,8,train,8.778780,0.42
164,9,train,6.607090,0.45
164,10,train,5.265556,0.49
164,11,train,6.669914,0.52
164,12,train,7.685256,0.55
164,13,train,6.629979,0.59
164,0,val,7.505464,0.72
164,1,val,4.641870,0.72
164,2,val,8.314883,0.73
164,3,val,13.684349,0.74
164,4,val,8.972660,0.75
164,5,val,10.165963,0.76
164,6,val,6.943031,0.77
164,7,val,5.052924,0.77
164,8,val,3.733375,0.78
164,9,val,9.740537,0.79
164,10,val,14.169437,0.80
164,11,val,5.048506,0.80
164,12,val,10.654435,0.81
164,13,val,6.120609,0.82
164,14,val,7.776399,0.82
164,15,val,3.469563,0.83
164,16,val,11.321045,0.84
164,17,val,6.578437,0.84
164,18,val,4.190703,0.86
164,19,val,15.258629,0.87
164,20,val,13.525259,0.87
164,21,val,10.734417,0.88
164,22,val,8.655994,0.89
164,23,val,3.926157,0.89
164,24,val,3.953830,0.90
164,25,val,16.767681,0.91
164,26,val,5.223455,0.91
164,27,val,4.635382,0.92
164,28,val,3.827129,0.93
164,29,val,4.521972,0.93
164,30,val,4.670208,0.94
164,31,val,21.000624,0.94
164,32,val,13.133418,0.95
164,33,val,3.140418,0.96
164,34,val,10.713994,0.96
164,35,val,2.803765,0.97
165,0,train,6.170537,0.14
165,1,train,5.925129,0.18
165,2,train,5.801598,0.21
165,3,train,6.072424,0.24
165,4,train,7.478295,0.28
165,5,train,4.479811,0.31
165,6,train,5.853202,0.34
165,7,train,7.690384,0.38
165,8,train,7.119749,0.41
165,9,train,5.354592,0.45
165,10,train,6.310238,0.48
165,11,train,6.001407,0.51
165,12,train,3.818316,0.54
165,13,train,6.573793,0.57
165,0,val,4.869454,0.71
165,1,val,6.346096,0.71
165,2,val,11.640470,0.72
165,3,val,14.775243,0.73
165,4,val,3.488253,0.74
165,5,val,13.973241,0.75
165,6,val,13.656976,0.75
165,7,val,6.314967,0.76
165,8,val,2.170313,0.77
165,9,val,8.278574,0.77
165,10,val,12.094580,0.78
165,11,val,5.089885,0.79
165,12,val,8.868007,0.79
165,13,val,4.365584,0.80
165,14,val,7.273643,0.81
165,15,val,2.586410,0.81
165,16,val,11.667789,0.82
165,17,val,4.407782,0.83
165,18,val,9.776731,0.84
165,19,val,22.185854,0.85
165,20,val,11.327514,0.86
165,21,val,11.891562,0.87
165,22,val,9.227101,0.88
165,23,val,3.813089,0.89
165,24,val,2.926053,0.90
165,25,val,15.349636,0.91
165,26,val,3.518389,0.92
165,27,val,12.428714,0.93
165,28,val,4.120501,0.95
165,29,val,5.194295,0.96
165,30,val,4.537491,0.97
165,31,val,15.229306,0.98
165,32,val,11.379150,0.99
165,33,val,5.443570,1.00
165,34,val,12.678314,1.00
165,35,val,2.970393,1.01
166,0,train,4.830722,0.18
166,1,train,6.459017,0.23
166,2,train,8.224036,0.27
166,3,train,5.930268,0.31
166,4,train,5.509637,0.35
166,5,train,6.322489,0.39
166,6,train,6.324129,0.43
166,7,train,4.937810,0.47
166,8,train,4.887824,0.51
166,9,train,7.378343,0.55
166,10,train,7.095535,0.60
166,11,train,3.952959,0.63
166,12,train,5.154644,0.66
166,13,train,7.002545,0.70
166,0,val,4.589072,0.88
166,1,val,6.315445,0.92
166,2,val,8.468334,0.93
166,3,val,10.429980,0.94
166,4,val,4.363363,0.95
166,5,val,3.223555,0.96
166,6,val,7.014551,0.97
166,7,val,5.415676,0.98
166,8,val,8.085416,0.99
166,9,val,11.968053,1.00
166,10,val,9.459598,1.02
166,11,val,5.463989,1.03
166,12,val,9.022883,1.04
166,13,val,4.838944,1.05
166,14,val,13.133574,1.06
166,15,val,2.677863,1.07
166,16,val,11.892107,1.07
166,17,val,6.727496,1.08
166,18,val,6.169076,1.09
166,19,val,14.843329,1.10
166,20,val,8.484404,1.11
166,21,val,11.040226,1.12
166,22,val,9.288772,1.13
166,23,val,2.763864,1.14
166,24,val,2.748763,1.14
166,25,val,20.328686,1.15
166,26,val,8.181669,1.16
166,27,val,5.069659,1.17
166,28,val,5.573368,1.18
166,29,val,6.448531,1.19
166,30,val,4.677307,1.19
166,31,val,15.637454,1.20
166,32,val,11.224555,1.21
166,33,val,6.112098,1.22
166,34,val,7.523471,1.23
166,35,val,2.554218,1.23
167,0,train,4.867300,0.15
167,1,train,6.211782,0.22
167,2,train,4.604415,0.25
167,3,train,6.099010,0.29
167,4,train,6.521826,0.34
167,5,train,4.492087,0.44
167,6,train,7.551284,0.52
167,7,train,6.254013,0.55
167,8,train,6.943011,0.60
167,9,train,6.778170,0.64
167,10,train,6.132410,0.67
167,11,train,6.549364,0.72
167,12,train,7.334082,0.75
167,13,train,7.061584,0.78
167,0,val,3.817790,1.03
167,1,val,4.651197,1.09
167,2,val,9.211536,1.11
167,3,val,10.646337,1.13
167,4,val,2.588109,1.16
167,5,val,4.043795,1.17
167,6,val,6.947843,1.17
167,7,val,7.414970,1.18
167,8,val,3.782327,1.19
167,9,val,11.091425,1.20
167,10,val,9.981630,1.21
167,11,val,5.498967,1.22
167,12,val,9.357076,1.23
167,13,val,7.560326,1.26
167,14,val,7.607827,1.27
167,15,val,3.440498,1.28
167,16,val,11.815713,1.29
167,17,val,4.880637,1.30
167,18,val,2.942670,1.31
167,19,val,15.836333,1.32
167,20,val,9.946136,1.34
167,21,val,10.182304,1.36
167,22,val,9.171330,1.38
167,23,val,3.228607,1.40
167,24,val,3.047181,1.42
167,25,val,15.415475,1.44
167,26,val,3.690506,1.45
167,27,val,3.707950,1.47
167,28,val,4.965326,1.50
167,29,val,5.218815,1.52
167,30,val,4.289855,1.53
167,31,val,16.370846,1.54
167,32,val,10.746792,1.54
167,33,val,9.495186,1.55
167,34,val,7.542850,1.56
167,35,val,3.549414,1.56
168,0,train,6.570872,0.28
168,1,train,8.221838,0.33
168,2,train,6.577825,0.38
168,3,train,6.770364,0.42
168,4,train,5.175732,0.46
168,5,train,7.098907,0.50
168,6,train,7.295864,0.54
168,7,train,5.974082,0.58
168,8,train,6.707652,0.62
168,9,train,5.247845,0.66
168,10,train,5.600956,0.69
168,11,train,4.555075,0.73
168,12,train,6.062829,0.76
168,13,train,6.586566,0.79
168,0,val,3.982025,1.00
168,1,val,5.321342,1.02
168,2,val,8.722009,1.03
168,3,val,10.242168,1.04
168,4,val,4.446370,1.05
168,5,val,4.540729,1.06
168,6,val,6.642705,1.07
168,7,val,10.695538,1.08
168,8,val,3.435354,1.09
168,9,val,8.561783,1.10
168,10,val,10.071792,1.11
168,11,val,5.369854,1.12
168,12,val,9.647801,1.13
168,13,val,5.871899,1.14
168,14,val,9.347328,1.15
168,15,val,8.701720,1.15
168,16,val,11.386624,1.17
168,17,val,5.146624,1.17
168,18,val,4.027660,1.18
168,19,val,14.482962,1.19
168,20,val,9.205727,1.20
168,21,val,9.884678,1.21
168,22,val,8.043870,1.22
168,23,val,4.446376,1.23
168,24,val,2.305763,1.24
168,25,val,25.318308,1.25
168,26,val,3.509789,1.25
168,27,val,5.596200,1.26
168,28,val,4.353323,1.27
168,29,val,6.930431,1.29
168,30,val,4.463866,1.30
168,31,val,16.167953,1.31
168,32,val,11.727478,1.31
168,33,val,4.832791,1.33
168,34,val,8.780175,1.33
168,35,val,2.397225,1.34
169,0,train,5.684507,0.18
169,1,train,4.643723,0.24
169,2,train,5.700264,0.28
169,3,train,5.704421,0.31
169,4,train,5.232978,0.35
169,5,train,5.221469,0.39
169,6,train,5.975140,0.42
169,7,train,9.024242,0.45
169,8,train,7.397538,0.49
169,9,train,6.698372,0.52
169,10,train,5.228703,0.56
169,11,train,5.372030,0.59
169,12,train,4.628044,0.62
169,13,train,6.350683,0.66
169,0,val,4.107730,0.78
169,1,val,4.724467,0.79
169,2,val,8.493510,0.79
169,3,val,10.638577,0.80
169,4,val,3.960181,0.81
169,5,val,3.297203,0.82
169,6,val,7.569519,0.83
169,7,val,5.204387,0.84
169,8,val,7.600313,0.84
169,9,val,15.722794,0.85
169,10,val,13.083299,0.85
169,11,val,10.773953,0.86
169,12,val,9.490044,0.87
169,13,val,4.818460,0.87
169,14,val,9.090355,0.88
169,15,val,3.122100,0.89
169,16,val,15.354226,0.89
169,17,val,6.957309,0.90
169,18,val,2.790009,0.91
169,19,val,14.719378,0.92
169,20,val,11.942606,0.93
169,21,val,9.503960,0.93
169,22,val,9.740863,0.94
169,23,val,2.634797,0.94
169,24,val,5.941157,0.95
169,25,val,16.527014,0.96
169,26,val,3.021925,0.96
169,27,val,5.652988,0.97
169,28,val,7.241004,0.98
169,29,val,5.614678,0.98
169,30,val,5.984933,0.99
169,31,val,16.089596,1.00
169,32,val,10.162783,1.00
169,33,val,6.137561,1.01
169,34,val,7.488657,1.01
169,35,val,3.232958,1.02
170,0,train,5.607247,0.15
170,1,train,5.674895,0.19
170,2,train,5.187901,0.23
170,3,train,6.088808,0.26
170,4,train,6.495707,0.30
170,5,train,5.002983,0.34
170,6,train,6.345770,0.37
170,7,train,5.046387,0.41
170,8,train,6.023548,0.44
170,9,train,5.744314,0.48
170,10,train,6.475439,0.52
170,11,train,6.645187,0.55
170,12,train,6.112690,0.58
170,13,train,5.214747,0.61
170,0,val,4.128015,0.74
170,1,val,3.949077,0.75
170,2,val,10.873072,0.75
170,3,val,10.370750,0.76
170,4,val,3.064964,0.78
170,5,val,3.268291,0.78
170,6,val,6.647265,0.79
170,7,val,5.380882,0.80
170,8,val,2.929498,0.80
170,9,val,8.595181,0.81
170,10,val,11.164175,0.82
170,11,val,6.749445,0.82
170,12,val,8.445130,0.83
170,13,val,5.630785,0.83
170,14,val,8.101625,0.84
170,15,val,10.797921,0.85
170,16,val,12.654012,0.85
170,17,val,4.832986,0.86
170,18,val,3.361717,0.87
170,19,val,14.454138,0.88
170,20,val,11.125539,0.88
170,21,val,11.094650,0.89
170,22,val,8.185860,0.90
170,23,val,4.300774,0.90
170,24,val,3.020447,0.91
170,25,val,20.288517,0.92
170,26,val,3.248542,0.92
170,27,val,11.284130,0.93
170,28,val,10.846363,0.94
170,29,val,8.000187,0.94
170,30,val,4.136514,0.95
170,31,val,17.044413,0.96
170,32,val,10.435788,0.96
170,33,val,3.031224,0.97
170,34,val,7.395643,0.97
170,35,val,2.888349,0.98
171,0,train,4.407779,0.13
171,1,train,5.294660,0.17
171,2,train,4.544813,0.20
171,3,train,6.368075,0.24
171,4,train,5.092653,0.27
171,5,train,6.344198,0.38
171,6,train,6.239110,0.43
171,7,train,5.134783,0.46
171,8,train,5.529451,0.49
171,9,train,6.243153,0.53
171,10,train,6.210993,0.56
171,11,train,4.517539,0.59
171,12,train,5.690205,0.63
171,13,train,6.369529,0.66
171,0,val,4.035635,0.79
171,1,val,3.809069,0.79
171,2,val,13.475142,0.80
171,3,val,10.468586,0.81
171,4,val,2.763232,0.82
171,5,val,2.894114,0.83
171,6,val,7.571110,0.83
171,7,val,5.491229,0.84
171,8,val,7.921311,0.85
171,9,val,7.760473,0.85
171,10,val,8.940490,0.86
171,11,val,9.311848,0.87
171,12,val,11.966757,0.88
171,13,val,4.214887,0.88
171,14,val,8.948949,0.89
171,15,val,5.857567,0.90
171,16,val,14.064530,0.90
171,17,val,9.776112,0.91
171,18,val,3.348143,0.92
171,19,val,14.932132,0.93
171,20,val,8.910086,0.94
171,21,val,10.211869,0.94
171,22,val,8.223125,0.95
171,23,val,8.364093,0.96
171,24,val,4.174773,0.96
171,25,val,16.156166,0.97
171,26,val,3.438545,0.98
171,27,val,3.552921,0.98
171,28,val,4.169102,0.99
171,29,val,3.648579,1.00
171,30,val,4.188379,1.00
171,31,val,17.054543,1.01
171,32,val,10.109035,1.01
171,33,val,3.722871,1.02
171,34,val,8.103400,1.03
171,35,val,2.825668,1.03
172,0,train,5.677949,0.13
172,1,train,5.968341,0.17
172,2,train,7.354783,0.20
172,3,train,8.139700,0.24
172,4,train,5.205760,0.28
172,5,train,5.582431,0.31
172,6,train,6.243158,0.35
172,7,train,5.698784,0.38
172,8,train,6.846148,0.42
172,9,train,5.779589,0.45
172,10,train,6.220105,0.48
172,11,train,5.637205,0.52
172,12,train,5.437258,0.55
172,13,train,5.563560,0.58
172,0,val,3.614174,0.71
172,1,val,4.085934,0.72
172,2,val,8.193176,0.72
172,3,val,10.389812,0.73
172,4,val,3.425626,0.74
172,5,val,2.592078,0.75
172,6,val,7.536860,0.76
172,7,val,5.961663,0.76
172,8,val,4.607248,0.77
172,9,val,8.352036,0.78
172,10,val,11.635410,0.78
172,11,val,6.118274,0.79
172,12,val,9.943070,0.80
172,13,val,5.417158,0.80
172,14,val,7.808897,0.81
172,15,val,3.066364,0.82
172,16,val,14.364890,0.82
172,17,val,4.662026,0.83
172,18,val,5.734968,0.84
172,19,val,15.361735,0.85
172,20,val,8.084403,0.86
172,21,val,10.271375,0.86
172,22,val,7.993601,0.87
172,23,val,3.830991,0.88
172,24,val,3.703184,0.88
172,25,val,15.722238,0.89
172,26,val,6.235897,0.90
172,27,val,4.009851,0.90
172,28,val,5.382170,0.91
172,29,val,6.325409,0.91
172,30,val,6.153414,0.92
172,31,val,15.135063,0.93
172,32,val,10.609772,0.93
172,33,val,2.608305,0.94
172,34,val,8.828562,0.94
172,35,val,4.569477,0.95
173,0,train,6.238286,0.14
173,1,train,5.499727,0.19
173,2,train,5.515820,0.23
173,3,train,4.777390,0.26
173,4,train,6.638591,0.30
173,5,train,7.079965,0.33
173,6,train,5.434361,0.37
173,7,train,6.421647,0.41
173,8,train,6.122172,0.44
173,9,train,4.735296,0.47
173,10,train,5.500583,0.51
173,11,train,4.732615,0.54
173,12,train,5.564856,0.57
173,13,train,4.950865,0.60
173,0,val,4.412452,0.72
173,1,val,4.928562,0.73
173,2,val,9.921623,0.74
173,3,val,13.398077,0.75
173,4,val,4.969177,0.75
173,5,val,2.712371,0.77
173,6,val,10.334155,0.77
173,7,val,9.577082,0.78
173,8,val,4.022910,0.79
173,9,val,11.495727,0.79
173,10,val,10.239608,0.80
173,11,val,5.887046,0.81
173,12,val,13.285572,0.81
173,13,val,4.150368,0.82
173,14,val,9.659273,0.82
173,15,val,3.261245,0.83
173,16,val,12.853882,0.84
173,17,val,5.692708,0.85
173,18,val,3.596511,0.85
173,19,val,18.654760,0.86
173,20,val,8.558475,0.87
173,21,val,10.429555,0.88
173,22,val,7.554607,0.88
173,23,val,6.309377,0.89
173,24,val,2.489669,0.90
173,25,val,15.495161,0.90
173,26,val,5.945190,0.91
173,27,val,4.052764,0.91
173,28,val,4.057833,0.92
173,29,val,4.180634,0.93
173,30,val,3.857951,0.93
173,31,val,19.570957,0.94
173,32,val,12.774628,0.94
173,33,val,4.012099,0.95
173,34,val,7.062054,0.95
173,35,val,7.957872,0.96
174,0,train,6.472817,0.15
174,1,train,4.541735,0.18
174,2,train,4.913737,0.22
174,3,train,5.376030,0.25
174,4,train,7.585572,0.29
174,5,train,3.766803,0.32
174,6,train,6.069971,0.35
174,7,train,5.579420,0.39
174,8,train,6.433588,0.43
174,9,train,6.862323,0.46
174,10,train,5.785644,0.49
174,11,train,6.902296,0.53
174,12,train,7.609940,0.56
174,13,train,7.052675,0.59
174,0,val,4.529446,0.72
174,1,val,7.330245,0.73
174,2,val,8.081898,0.74
174,3,val,11.427761,0.75
174,4,val,2.747676,0.76
174,5,val,3.123009,0.77
174,6,val,6.546083,0.78
174,7,val,5.563039,0.78
174,8,val,3.180765,0.79
174,9,val,8.353087,0.80
174,10,val,9.310059,0.80
174,11,val,6.062473,0.81
174,12,val,8.607533,0.82
174,13,val,4.240908,0.82
174,14,val,10.555243,0.83
174,15,val,7.351777,0.84
174,16,val,11.018196,0.85
174,17,val,5.226944,0.85
174,18,val,7.069247,0.86
174,19,val,17.476583,0.87
174,20,val,10.642876,0.87
174,21,val,15.397513,0.88
174,22,val,9.529407,0.88
174,23,val,2.860110,0.89
174,24,val,5.038144,0.90
174,25,val,15.768382,0.90
174,26,val,5.299418,0.91
174,27,val,4.043466,0.92
174,28,val,4.706996,0.92
174,29,val,3.709707,0.93
174,30,val,3.120014,0.94
174,31,val,29.265942,0.95
174,32,val,13.544342,0.95
174,33,val,2.500691,0.96
174,34,val,17.481749,0.96
174,35,val,7.169188,0.97
175,0,train,7.268832,0.15
175,1,train,7.506075,0.20
175,2,train,6.426560,0.24
175,3,train,6.747745,0.28
175,4,train,7.600492,0.32
175,5,train,8.021708,0.35
175,6,train,5.336703,0.38
175,7,train,7.376157,0.42
175,8,train,5.864729,0.45
175,9,train,4.470670,0.49
175,10,train,6.473002,0.52
175,11,train,7.160646,0.55
175,12,train,4.525618,0.58
175,13,train,5.459894,0.62
175,0,val,14.283113,0.77
175,1,val,4.225618,0.80
175,2,val,10.726165,0.81
175,3,val,23.536589,0.82
175,4,val,2.637466,0.84
175,5,val,4.306654,0.84
175,6,val,6.878654,0.85
175,7,val,6.133279,0.86
175,8,val,2.398129,0.86
175,9,val,8.005185,0.87
175,10,val,9.615668,0.88
175,11,val,6.314420,0.89
175,12,val,9.258029,0.90
175,13,val,6.447276,0.91
175,14,val,9.631616,0.92
175,15,val,4.797577,0.93
175,16,val,12.141719,0.94
175,17,val,7.084310,0.95
175,18,val,3.605702,0.96
175,19,val,14.631824,0.96
175,20,val,12.375161,0.97
175,21,val,10.478712,0.98
175,22,val,7.794239,1.00
175,23,val,5.118427,1.01
175,24,val,11.609346,1.02
175,25,val,18.233828,1.02
175,26,val,3.159873,1.03
175,27,val,6.298975,1.04
175,28,val,3.508434,1.05
175,29,val,6.272176,1.05
175,30,val,4.018459,1.06
175,31,val,16.865479,1.07
175,32,val,10.249866,1.07
175,33,val,3.678248,1.08
175,34,val,7.013971,1.08
175,35,val,3.399872,1.08
176,0,train,6.049420,0.16
176,1,train,5.779301,0.22
176,2,train,7.306240,0.26
176,3,train,5.157291,0.30
176,4,train,4.512609,0.34
176,5,train,7.784312,0.38
176,6,train,4.108994,0.42
176,7,train,5.052225,0.46
176,8,train,5.744388,0.49
176,9,train,5.596610,0.52
176,10,train,5.197566,0.56
176,11,train,7.179758,0.59
176,12,train,5.456668,0.62
176,13,train,4.790054,0.65
176,0,val,3.945656,0.78
176,1,val,4.755745,0.78
176,2,val,8.122453,0.79
176,3,val,12.577818,0.80
176,4,val,4.250780,0.80
176,5,val,3.865421,0.82
176,6,val,6.140080,0.82
176,7,val,5.153393,0.83
176,8,val,3.253310,0.84
176,9,val,12.979918,0.84
176,10,val,10.336632,0.85
176,11,val,5.501690,0.86
176,12,val,8.061087,0.86
176,13,val,4.246827,0.87
176,14,val,10.529675,0.88
176,15,val,2.378474,0.88
176,16,val,11.383558,0.89
176,17,val,4.466615,0.90
176,18,val,3.930879,0.90
176,19,val,14.598533,0.91
176,20,val,16.842134,0.92
176,21,val,13.950612,0.93
176,22,val,9.170433,0.93
176,23,val,2.779190,0.94
176,24,val,3.337077,0.95
176,25,val,14.854959,0.95
176,26,val,3.750861,0.96
176,27,val,3.955647,0.97
176,28,val,4.359237,0.97
176,29,val,4.469812,0.98
176,30,val,3.347771,0.99
176,31,val,17.363628,0.99
176,32,val,10.223590,1.00
176,33,val,2.844801,1.00
176,34,val,7.970786,1.01
176,35,val,3.697325,1.01
177,0,train,6.041720,0.14
177,1,train,4.885814,0.18
177,2,train,7.304551,0.21
177,3,train,5.432985,0.25
177,4,train,5.486512,0.28
177,5,train,6.166173,0.31
177,6,train,4.652607,0.35
177,7,train,7.440535,0.38
177,8,train,6.542036,0.42
177,9,train,5.928854,0.45
177,10,train,7.544554,0.48
177,11,train,5.090470,0.51
177,12,train,6.564188,0.55
177,13,train,5.878994,0.58
177,0,val,5.264076,0.71
177,1,val,4.185699,0.71
177,2,val,8.710430,0.72
177,3,val,19.729666,0.73
177,4,val,2.393589,0.74
177,5,val,4.077611,0.75
177,6,val,6.592418,0.76
177,7,val,5.012305,0.76
177,8,val,7.499494,0.77
177,9,val,8.238812,0.78
177,10,val,9.138453,0.78
177,11,val,10.176357,0.79
177,12,val,8.613111,0.80
177,13,val,4.465607,0.80
177,14,val,13.437554,0.81
177,15,val,2.406446,0.82
177,16,val,11.343213,0.82
177,17,val,7.566778,0.83
177,18,val,3.158777,0.84
177,19,val,16.223333,0.85
177,20,val,10.850533,0.85
177,21,val,12.344334,0.86
177,22,val,7.688279,0.87
177,23,val,3.263352,0.87
177,24,val,2.969319,0.88
177,25,val,19.876493,0.89
177,26,val,3.489989,0.89
177,27,val,3.906108,0.90
177,28,val,3.373802,0.91
177,29,val,9.053311,0.92
177,30,val,5.050759,0.92
177,31,val,16.529690,0.93
177,32,val,10.335207,0.93
177,33,val,2.875664,0.94
177,34,val,7.190240,0.95
177,35,val,2.403720,0.95
178,0,train,5.679534,0.15
178,1,train,6.271179,0.19
178,2,train,5.331499,0.22
178,3,train,6.521066,0.25
178,4,train,6.563498,0.29
178,5,train,5.115952,0.33
178,6,train,4.513188,0.36
178,7,train,5.343812,0.40
178,8,train,6.456511,0.44
178,9,train,4.721099,0.47
178,10,train,4.817780,0.52
178,11,train,6.187564,0.55
178,12,train,5.731010,0.58
178,13,train,4.814820,0.63
178,0,val,14.604255,0.94
178,1,val,10.177651,0.97
178,2,val,8.529975,0.98
178,3,val,11.595280,0.99
178,4,val,3.879668,1.00
178,5,val,3.509582,1.02
178,6,val,6.352582,1.04
178,7,val,5.956451,1.05
178,8,val,5.475947,1.07
178,9,val,15.199813,1.09
178,10,val,10.853728,1.11
178,11,val,7.185384,1.12
178,12,val,8.576596,1.15
178,13,val,4.153043,1.16
178,14,val,8.694211,1.19
178,15,val,3.601534,1.20
178,16,val,17.642723,1.22
178,17,val,4.627945,1.23
178,18,val,4.266216,1.25
178,19,val,17.819483,1.27
178,20,val,9.246572,1.29
178,21,val,10.212810,1.31
178,22,val,7.927130,1.33
178,23,val,3.220416,1.34
178,24,val,2.436534,1.36
178,25,val,27.735235,1.38
178,26,val,3.171480,1.40
178,27,val,3.608741,1.42
178,28,val,5.333503,1.44
178,29,val,6.930515,1.45
178,30,val,4.184861,1.46
178,31,val,16.566431,1.47
178,32,val,12.254356,1.49
178,33,val,3.549012,1.50
178,34,val,7.536905,1.51
178,35,val,8.570894,1.53
179,0,train,7.114547,0.25
179,1,train,4.942020,0.31
179,2,train,5.535488,0.37
179,3,train,7.536085,0.42
179,4,train,6.702637,0.46
179,5,train,5.204073,0.51
179,6,train,6.064116,0.56
179,7,train,4.711975,0.60
179,8,train,6.826805,0.64
179,9,train,5.516360,0.69
179,10,train,7.945441,0.72
179,11,train,5.205744,0.76
179,12,train,5.889658,0.79
179,13,train,5.737051,0.83
179,0,val,3.259824,1.02
179,1,val,7.077189,1.04
179,2,val,10.311718,1.05
179,3,val,10.504141,1.07
179,4,val,2.492660,1.07
179,5,val,2.867875,1.09
179,6,val,6.745191,1.09
179,7,val,5.917710,1.11
179,8,val,2.573673,1.12
179,9,val,9.045499,1.13
179,10,val,16.169922,1.15
179,11,val,4.882376,1.16
179,12,val,11.406687,1.17
179,13,val,5.421764,1.18
179,14,val,10.939128,1.19
179,15,val,2.217017,1.20
179,16,val,11.610687,1.21
179,17,val,4.632614,1.22
179,18,val,3.074058,1.22
179,19,val,14.955115,1.24
179,20,val,33.151505,1.26
179,21,val,9.629802,1.27
179,22,val,8.222631,1.29
179,23,val,2.510735,1.30
179,24,val,5.679747,1.31
179,25,val,17.940233,1.33
179,26,val,2.778428,1.34
179,27,val,3.875334,1.35
179,28,val,3.865849,1.37
179,29,val,7.834493,1.39
179,30,val,5.971256,1.40
179,31,val,15.340569,1.41
179,32,val,14.543553,1.41
179,33,val,3.238786,1.42
179,34,val,6.512592,1.42
179,35,val,9.760853,1.43
180,0,train,4.716353,0.23
180,1,train,4.268043,0.31
180,2,train,5.737724,0.35
180,3,train,7.553179,0.39
180,4,train,4.486136,0.42
180,5,train,6.089416,0.46
180,6,train,5.266681,0.50
180,7,train,6.411885,0.53
180,8,train,5.144392,0.57
180,9,train,8.548426,0.61
180,10,train,5.724082,0.64
180,11,train,4.881051,0.67
180,12,train,5.915054,0.70
180,13,train,6.053713,0.74
180,0,val,6.149326,0.87
180,1,val,13.178125,0.88
180,2,val,11.067966,0.89
180,3,val,10.609736,0.90
180,4,val,4.168697,0.91
180,5,val,3.239240,0.91
180,6,val,8.939029,0.92
180,7,val,9.129702,0.93
180,8,val,12.976203,0.93
180,9,val,8.686568,0.94
180,10,val,8.892848,0.95
180,11,val,10.730757,0.95
180,12,val,11.553232,0.96
180,13,val,5.414613,0.97
180,14,val,13.791348,0.97
180,15,val,3.418701,0.98
180,16,val,11.235603,0.99
180,17,val,8.753004,1.00
180,18,val,7.411228,1.00
180,19,val,15.051459,1.01
180,20,val,8.347528,1.02
180,21,val,11.411707,1.02
180,22,val,7.681660,1.03
180,23,val,3.752302,1.04
180,24,val,2.865645,1.04
180,25,val,19.806875,1.05
180,26,val,7.542040,1.06
180,27,val,3.619898,1.06
180,28,val,4.844973,1.07
180,29,val,5.256410,1.08
180,30,val,3.675010,1.08
180,31,val,17.228390,1.09
180,32,val,9.293870,1.10
180,33,val,4.494342,1.10
180,34,val,11.090473,1.11
180,35,val,4.687610,1.11
181,0,train,6.988106,0.13
181,1,train,5.104647,0.18
181,2,train,7.702522,0.21
181,3,train,5.160118,0.24
181,4,train,6.344620,0.28
181,5,train,3.914595,0.31
181,6,train,7.681479,0.35
181,7,train,6.897765,0.38
181,8,train,5.241517,0.42
181,9,train,6.463172,0.45
181,10,train,6.266103,0.48
181,11,train,7.914754,0.51
181,12,train,5.684575,0.54
181,13,train,6.331267,0.58
181,0,val,3.994249,0.70
181,1,val,5.919843,0.71
181,2,val,9.760728,0.72
181,3,val,10.989109,0.74
181,4,val,3.943239,0.74
181,5,val,4.689276,0.75
181,6,val,6.353152,0.76
181,7,val,8.011674,0.76
181,8,val,9.438854,0.77
181,9,val,7.810630,0.78
181,10,val,8.575881,0.78
181,11,val,8.220983,0.79
181,12,val,9.360220,0.80
181,13,val,4.968694,0.80
181,14,val,9.672318,0.81
181,15,val,2.130556,0.82
181,16,val,9.697188,0.82
181,17,val,4.884918,0.83
181,18,val,4.472260,0.84
181,19,val,15.162268,0.85
181,20,val,8.766019,0.86
181,21,val,9.275916,0.87
181,22,val,8.898543,0.87
181,23,val,4.405845,0.88
181,24,val,2.457165,0.89
181,25,val,17.232143,0.89
181,26,val,3.162264,0.90
181,27,val,4.390288,0.90
181,28,val,3.729925,0.91
181,29,val,5.358901,0.92
181,30,val,3.859971,0.93
181,31,val,15.779479,0.93
181,32,val,10.654417,0.94
181,33,val,2.326654,0.95
181,34,val,8.233885,0.95
181,35,val,2.790238,0.96
182,0,train,6.349275,0.13
182,1,train,6.768396,0.18
182,2,train,4.479312,0.21
182,3,train,6.098968,0.24
182,4,train,5.861951,0.28
182,5,train,4.572708,0.31
182,6,train,6.850049,0.35
182,7,train,4.933951,0.38
182,8,train,4.405270,0.42
182,9,train,4.249200,0.45
182,10,train,5.379380,0.48
182,11,train,5.906272,0.52
182,12,train,4.316937,0.55
182,13,train,5.162245,0.58
182,0,val,3.288232,0.70
182,1,val,5.205838,0.71
182,2,val,8.341140,0.71
182,3,val,10.462932,0.72
182,4,val,2.944837,0.73
182,5,val,4.514514,0.74
182,6,val,7.117903,0.75
182,7,val,5.234077,0.76
182,8,val,3.282558,0.76
182,9,val,10.757110,0.77
182,10,val,8.514841,0.78
182,11,val,7.709822,0.78
182,12,val,9.141298,0.79
182,13,val,9.765521,0.79
182,14,val,7.575391,0.80
182,15,val,6.745110,0.81
182,16,val,11.551332,0.81
182,17,val,4.868950,0.82
182,18,val,5.261675,0.83
182,19,val,14.109960,0.83
182,20,val,9.121523,0.84
182,21,val,10.067016,0.85
182,22,val,10.098760,0.86
182,23,val,3.739143,0.87
182,24,val,2.708128,0.87
182,25,val,21.926208,0.88
182,26,val,7.864782,0.88
182,27,val,4.321510,0.89
182,28,val,3.965459,0.90
182,29,val,6.006864,0.90
182,30,val,6.755450,0.91
182,31,val,15.123345,0.92
182,32,val,14.718820,0.92
182,33,val,2.931088,0.93
182,34,val,7.137298,0.93
182,35,val,2.716408,0.93
183,0,train,5.693261,0.13
183,1,train,5.615344,0.17
183,2,train,6.458190,0.20
183,3,train,4.561965,0.24
183,4,train,4.599252,0.27
183,5,train,6.400463,0.31
183,6,train,4.535153,0.34
183,7,train,4.721871,0.38
183,8,train,4.808349,0.41
183,9,train,4.979226,0.44
183,10,train,6.603066,0.47
183,11,train,5.763270,0.51
183,12,train,4.515966,0.54
183,13,train,6.309871,0.57
183,0,val,4.181328,0.70
183,1,val,9.276259,0.70
183,2,val,8.980417,0.71
183,3,val,11.078512,0.72
183,4,val,2.845249,0.72
183,5,val,6.438936,0.74
183,6,val,8.219473,0.74
183,7,val,5.169377,0.75
183,8,val,3.772525,0.76
183,9,val,7.946550,0.76
183,10,val,11.965891,0.77
183,11,val,4.605190,0.78
183,12,val,10.454848,0.78
183,13,val,6.897885,0.79
183,14,val,10.148306,0.80
183,15,val,2.424523,0.80
183,16,val,10.429300,0.81
183,17,val,5.838355,0.82
183,18,val,2.934981,0.82
183,19,val,15.939161,0.84
183,20,val,8.640352,0.85
183,21,val,10.200788,0.85
183,22,val,7.260963,0.86
183,23,val,2.646750,0.87
183,24,val,2.592546,0.87
183,25,val,14.091218,0.88
183,26,val,3.491775,0.89
183,27,val,4.314118,0.90
183,28,val,4.177479,0.90
183,29,val,4.330874,0.91
183,30,val,3.133990,0.92
183,31,val,15.286233,0.92
183,32,val,9.540006,0.93
183,33,val,2.359044,0.93
183,34,val,6.828718,0.94
183,35,val,5.391885,0.94
184,0,train,6.541142,0.15
184,1,train,7.380121,0.19
184,2,train,5.660178,0.22
184,3,train,7.394025,0.25
184,4,train,4.473672,0.30
184,5,train,6.325076,0.33
184,6,train,7.773584,0.36
184,7,train,6.558285,0.40
184,8,train,4.380310,0.43
184,9,train,5.859019,0.47
184,10,train,4.686595,0.50
184,11,train,5.811687,0.54
184,12,train,5.089869,0.57
184,13,train,5.070168,0.60
184,0,val,5.117112,0.73
184,1,val,5.844986,0.73
184,2,val,9.161300,0.74
184,3,val,10.109048,0.75
184,4,val,3.549101,0.76
184,5,val,3.024203,0.77
184,6,val,6.388735,0.77
184,7,val,7.533514,0.78
184,8,val,2.749016,0.79
184,9,val,8.255639,0.79
184,10,val,11.768317,0.80
184,11,val,10.784958,0.81
184,12,val,8.037272,0.81
184,13,val,5.830141,0.82
184,14,val,8.778073,0.83
184,15,val,5.968297,0.84
184,16,val,10.243389,0.84
184,17,val,5.425512,0.85
184,18,val,3.354205,0.86
184,19,val,13.947931,0.87
184,20,val,8.309714,0.88
184,21,val,9.660172,0.88
184,22,val,7.925823,0.89
184,23,val,4.250361,0.90
184,24,val,3.436757,0.90
184,25,val,14.156463,0.91
184,26,val,3.986954,0.92
184,27,val,5.116800,0.93
184,28,val,9.623164,0.93
184,29,val,4.607455,0.94
184,30,val,3.099082,0.95
184,31,val,15.307064,0.95
184,32,val,9.968223,0.96
184,33,val,3.123094,0.97
184,34,val,6.338646,0.97
184,35,val,2.489446,0.98
185,0,train,7.258816,0.13
185,1,train,7.691601,0.17
185,2,train,4.870210,0.21
185,3,train,4.342096,0.24
185,4,train,5.920878,0.27
185,5,train,5.152582,0.31
185,6,train,4.748402,0.35
185,7,train,7.000321,0.39
185,8,train,5.030858,0.42
185,9,train,5.789330,0.53
185,10,train,10.727327,0.57
185,11,train,4.740786,0.60
185,12,train,3.703697,0.64
185,13,train,7.208775,0.67
185,0,val,3.741054,0.80
185,1,val,3.649385,0.81
185,2,val,9.155227,0.82
185,3,val,9.803779,0.82
185,4,val,2.334943,0.84
185,5,val,10.333024,0.85
185,6,val,9.975224,0.86
185,7,val,5.578648,0.86
185,8,val,9.733585,0.87
185,9,val,8.368123,0.88
185,10,val,8.791427,0.88
185,11,val,6.040721,0.89
185,12,val,9.021763,0.90
185,13,val,5.807121,0.90
185,14,val,8.604333,0.91
185,15,val,6.071110,0.92
185,16,val,9.750150,0.92
185,17,val,15.070626,0.93
185,18,val,7.139327,0.94
185,19,val,16.274572,0.95
185,20,val,8.442940,0.95
185,21,val,11.568007,0.96
185,22,val,8.775548,0.97
185,23,val,2.922832,0.97
185,24,val,2.409951,0.98
185,25,val,16.658344,0.98
185,26,val,3.763595,0.99
185,27,val,3.764169,1.00
185,28,val,4.005194,1.01
185,29,val,4.289656,1.01
185,30,val,5.003711,1.02
185,31,val,19.358566,1.03
185,32,val,10.358418,1.03
185,33,val,2.850549,1.04
185,34,val,6.409948,1.05
185,35,val,2.725842,1.05
186,0,train,6.390673,0.13
186,1,train,6.228614,0.17
186,2,train,5.597691,0.21
186,3,train,5.298694,0.24
186,4,train,5.487833,0.29
186,5,train,5.579973,0.32
186,6,train,6.986357,0.35
186,7,train,6.696819,0.39
186,8,train,5.023546,0.43
186,9,train,7.429753,0.46
186,10,train,4.284642,0.49
186,11,train,5.341010,0.52
186,12,train,6.461342,0.56
186,13,train,6.431928,0.59
186,0,val,5.729935,0.72
186,1,val,5.082857,0.73
186,2,val,8.305911,0.74
186,3,val,9.878288,0.74
186,4,val,3.089598,0.76
186,5,val,3.460234,0.76
186,6,val,5.818089,0.77
186,7,val,8.058051,0.78
186,8,val,2.797741,0.79
186,9,val,9.009021,0.79
186,10,val,8.827927,0.80
186,11,val,5.036848,0.81
186,12,val,8.469157,0.81
186,13,val,5.167467,0.82
186,14,val,10.859988,0.83
186,15,val,4.092897,0.83
186,16,val,11.148507,0.84
186,17,val,6.861939,0.85
186,18,val,9.072585,0.86
186,19,val,15.432364,0.87
186,20,val,8.863567,0.88
186,21,val,10.852104,0.88
186,22,val,7.906962,0.89
186,23,val,2.613923,0.90
186,24,val,3.708830,0.90
186,25,val,19.411686,0.91
186,26,val,3.855961,0.92
186,27,val,4.368885,0.92
186,28,val,4.118168,0.93
186,29,val,10.890924,0.94
186,30,val,5.631622,0.95
186,31,val,14.281535,0.95
186,32,val,11.078457,0.96
186,33,val,3.511892,0.97
186,34,val,7.767009,0.97
186,35,val,3.743982,0.98
187,0,train,4.876809,0.13
187,1,train,5.831188,0.17
187,2,train,5.735925,0.21
187,3,train,4.693969,0.25
187,4,train,4.732617,0.30
187,5,train,6.107377,0.34
187,6,train,6.715654,0.38
187,7,train,6.230160,0.43
187,8,train,6.322120,0.46
187,9,train,6.507343,0.49
187,10,train,4.204813,0.53
187,11,train,5.804554,0.56
187,12,train,6.301808,0.59
187,13,train,7.634717,0.62
187,0,val,8.207200,0.75
187,1,val,5.789200,0.76
187,2,val,10.335820,0.77
187,3,val,10.068493,0.79
187,4,val,4.166716,0.80
187,5,val,3.186567,0.81
187,6,val,6.501227,0.82
187,7,val,5.844076,0.83
187,8,val,3.176399,0.84
187,9,val,9.053326,0.85
187,10,val,9.444613,0.86
187,11,val,6.036958,0.87
187,12,val,9.816331,0.88
187,13,val,4.002401,0.89
187,14,val,14.372394,0.90
187,15,val,2.519668,0.90
187,16,val,10.685151,0.91
187,17,val,4.492435,0.92
187,18,val,3.284095,0.92
187,19,val,15.288153,0.93
187,20,val,9.168685,0.94
187,21,val,9.989335,0.94
187,22,val,10.022085,0.95
187,23,val,3.294416,0.96
187,24,val,2.122810,0.97
187,25,val,13.904098,0.98
187,26,val,6.732029,1.00
187,27,val,4.285725,1.01
187,28,val,4.384477,1.02
187,29,val,3.496745,1.03
187,30,val,4.454994,1.04
187,31,val,19.306536,1.05
187,32,val,9.483974,1.05
187,33,val,2.844009,1.06
187,34,val,6.967327,1.06
187,35,val,3.897255,1.07
188,0,train,4.809386,0.15
188,1,train,7.580302,0.19
188,2,train,5.426698,0.23
188,3,train,4.301188,0.28
188,4,train,7.783594,0.32
188,5,train,6.669232,0.35
188,6,train,11.569965,0.39
188,7,train,5.733118,0.43
188,8,train,5.746347,0.47
188,9,train,5.530214,0.51
188,10,train,3.924972,0.54
188,11,train,5.967011,0.57
188,12,train,4.742568,0.61
188,13,train,4.987925,0.64
188,0,val,4.935431,0.77
188,1,val,4.114073,0.78
188,2,val,9.908449,0.78
188,3,val,11.166248,0.79
188,4,val,3.250061,0.80
188,5,val,3.176145,0.81
188,6,val,6.965999,0.82
188,7,val,9.397043,0.82
188,8,val,10.837332,0.83
188,9,val,9.070513,0.84
188,10,val,8.845403,0.84
188,11,val,4.931074,0.85
188,12,val,9.056724,0.86
188,13,val,4.752117,0.86
188,14,val,7.169958,0.87
188,15,val,3.054413,0.88
188,16,val,11.419379,0.88
188,17,val,12.981669,0.89
188,18,val,5.839630,0.90
188,19,val,16.726599,0.91
188,20,val,9.023720,0.91
188,21,val,9.560084,0.92
188,22,val,7.909532,0.93
188,23,val,3.465253,0.93
188,24,val,2.433208,0.94
188,25,val,15.662165,0.95
188,26,val,3.370413,0.95
188,27,val,3.771826,0.96
188,28,val,7.885120,0.97
188,29,val,5.183436,0.97
188,30,val,4.833573,0.98
188,31,val,18.291193,0.99
188,32,val,9.464960,0.99
188,33,val,3.032343,1.00
188,34,val,10.392915,1.00
188,35,val,3.400277,1.01
189,0,train,8.073421,0.13
189,1,train,8.410418,0.17
189,2,train,4.344160,0.21
189,3,train,6.956326,0.25
189,4,train,5.425717,0.28
189,5,train,6.696815,0.32
189,6,train,4.974343,0.36
189,7,train,5.009519,0.40
189,8,train,5.940232,0.44
189,9,train,6.261329,0.47
189,10,train,4.858904,0.52
189,11,train,6.451233,0.55
189,12,train,5.201912,0.58
189,13,train,7.327402,0.62
189,0,val,5.127878,0.79
189,1,val,5.270386,0.82
189,2,val,7.897717,0.82
189,3,val,10.094238,0.83
189,4,val,2.937912,0.84
189,5,val,5.134403,0.85
189,6,val,6.616612,0.86
189,7,val,5.857343,0.87
189,8,val,2.701833,0.88
189,9,val,12.234138,0.88
189,10,val,15.832076,0.89
189,11,val,10.539417,0.91
189,12,val,7.816983,0.92
189,13,val,4.834782,0.93
189,14,val,8.359097,0.94
189,15,val,2.805116,0.95
189,16,val,10.281020,0.96
189,17,val,7.848691,0.97
189,18,val,3.383953,0.97
189,19,val,14.121665,0.98
189,20,val,9.568854,0.99
189,21,val,16.409594,1.00
189,22,val,7.634256,1.01
189,23,val,2.977865,1.02
189,24,val,2.974769,1.03
189,25,val,14.500632,1.04
189,26,val,4.485839,1.05
189,27,val,3.634851,1.06
189,28,val,4.969538,1.07
189,29,val,5.801027,1.07
189,30,val,3.599621,1.08
189,31,val,14.804362,1.09
189,32,val,14.248555,1.10
189,33,val,3.741264,1.10
189,34,val,13.631351,1.11
189,35,val,4.254727,1.12
190,0,train,5.544217,0.28
190,1,train,5.608793,0.36
190,2,train,4.666553,0.42
190,3,train,5.581869,0.51
190,4,train,4.654005,0.57
190,5,train,5.842400,0.63
190,6,train,5.267658,0.69
190,7,train,4.405363,0.74
190,8,train,6.674384,0.78
190,9,train,5.279281,0.82
190,10,train,6.816593,0.87
190,11,train,4.212389,0.91
190,12,train,5.363699,0.94
190,13,train,4.675513,0.98
190,0,val,3.730332,1.14
190,1,val,4.330317,1.15
190,2,val,9.606464,1.17
190,3,val,13.542953,1.18
190,4,val,2.600211,1.19
190,5,val,5.402857,1.20
190,6,val,8.416015,1.21
190,7,val,5.102380,1.21
190,8,val,3.567149,1.22
190,9,val,8.193855,1.23
190,10,val,9.007867,1.24
190,11,val,6.171704,1.24
190,12,val,8.562531,1.25
190,13,val,7.822139,1.26
190,14,val,9.643672,1.27
190,15,val,2.514477,1.28
190,16,val,11.235649,1.29
190,17,val,5.264356,1.30
190,18,val,2.589495,1.30
190,19,val,14.759398,1.31
190,20,val,9.501585,1.32
190,21,val,10.502424,1.32
190,22,val,7.504978,1.33
190,23,val,3.050512,1.34
190,24,val,2.273916,1.35
190,25,val,14.981578,1.36
190,26,val,2.909038,1.36
190,27,val,5.065988,1.37
190,28,val,10.363002,1.38
190,29,val,3.616939,1.39
190,30,val,3.720904,1.39
190,31,val,16.673038,1.40
190,32,val,10.505498,1.40
190,33,val,3.114695,1.41
190,34,val,11.762673,1.41
190,35,val,3.502084,1.42
191,0,train,8.501398,0.15
191,1,train,7.283060,0.19
191,2,train,5.739077,0.23
191,3,train,4.274033,0.26
191,4,train,6.289523,0.30
191,5,train,4.651484,0.33
191,6,train,7.761744,0.37
191,7,train,4.605113,0.41
191,8,train,5.592080,0.44
191,9,train,6.515134,0.48
191,10,train,6.191569,0.51
191,11,train,4.958780,0.54
191,12,train,6.915682,0.58
191,13,train,5.652026,0.61
191,0,val,3.694601,0.76
191,1,val,8.483747,0.77
191,2,val,7.901974,0.79
191,3,val,9.657207,0.80
191,4,val,2.636133,0.81
191,5,val,5.409388,0.81
191,6,val,5.421810,0.82
191,7,val,7.844415,0.83
191,8,val,2.683061,0.83
191,9,val,8.634308,0.84
191,10,val,8.680389,0.85
191,11,val,5.460904,0.86
191,12,val,17.252756,0.87
191,13,val,8.490778,0.87
191,14,val,7.838985,0.88
191,15,val,2.784434,0.89
191,16,val,12.938516,0.90
191,17,val,8.133158,0.90
191,18,val,3.253455,0.91
191,19,val,14.959157,0.92
191,20,val,9.213438,0.92
191,21,val,9.766123,0.93
191,22,val,9.375532,0.93
191,23,val,3.490984,0.94
191,24,val,3.213659,0.95
191,25,val,14.407816,0.95
191,26,val,5.609966,0.96
191,27,val,6.652383,0.97
191,28,val,9.676435,0.97
191,29,val,6.173680,0.99
191,30,val,7.970710,0.99
191,31,val,22.874821,1.00
191,32,val,11.346866,1.01
191,33,val,3.070072,1.02
191,34,val,6.453650,1.03
191,35,val,2.989057,1.03
192,0,train,5.340019,0.14
192,1,train,4.099860,0.18
192,2,train,4.251878,0.21
192,3,train,5.444701,0.25
192,4,train,5.334772,0.28
192,5,train,5.410097,0.32
192,6,train,6.379149,0.35
192,7,train,6.494515,0.39
192,8,train,3.947791,0.42
192,9,train,5.405772,0.45
192,10,train,5.605290,0.49
192,11,train,5.999527,0.52
192,12,train,5.478057,0.55
192,13,train,6.720658,0.58
192,0,val,5.645446,0.72
192,1,val,8.284657,0.73
192,2,val,8.351040,0.74
192,3,val,10.716265,0.75
192,4,val,3.065158,0.76
192,5,val,3.172639,0.76
192,6,val,6.440572,0.77
192,7,val,5.630980,0.78
192,8,val,5.286747,0.78
192,9,val,8.665389,0.79
192,10,val,8.115218,0.80
192,11,val,5.656064,0.80
192,12,val,8.277653,0.81
192,13,val,5.707058,0.82
192,14,val,8.044324,0.82
192,15,val,4.109859,0.83
192,16,val,12.661909,0.84
192,17,val,4.719697,0.85
192,18,val,6.220047,0.86
192,19,val,15.513944,0.86
192,20,val,21.999529,0.87
192,21,val,9.305444,0.87
192,22,val,7.853836,0.88
192,23,val,3.354213,0.89
192,24,val,3.412117,0.89
192,25,val,14.240323,0.90
192,26,val,3.399068,0.91
192,27,val,4.135967,0.91
192,28,val,10.437156,0.92
192,29,val,4.041873,0.93
192,30,val,4.803859,0.93
192,31,val,14.285926,0.94
192,32,val,8.979078,0.95
192,33,val,2.957581,0.95
192,34,val,19.035978,0.96
192,35,val,6.666202,0.96
193,0,train,5.292221,0.13
193,1,train,7.969820,0.17
193,2,train,4.652417,0.20
193,3,train,6.871658,0.23
193,4,train,7.678176,0.27
193,5,train,4.910060,0.30
193,6,train,4.622841,0.34
193,7,train,6.170629,0.38
193,8,train,5.190006,0.41
193,9,train,6.212963,0.44
193,10,train,6.075516,0.48
193,11,train,5.082993,0.51
193,12,train,4.717547,0.54
193,13,train,4.787814,0.57
193,0,val,4.813351,0.73
193,1,val,5.754856,0.75
193,2,val,9.410674,0.76
193,3,val,9.670588,0.77
193,4,val,2.682938,0.78
193,5,val,3.951857,0.80
193,6,val,6.354993,0.81
193,7,val,5.392582,0.81
193,8,val,2.368312,0.82
193,9,val,11.485765,0.83
193,10,val,8.811958,0.85
193,11,val,6.468036,0.86
193,12,val,9.118503,0.87
193,13,val,4.567212,0.88
193,14,val,10.009866,0.88
193,15,val,2.515390,0.89
193,16,val,10.236781,0.90
193,17,val,6.145826,0.91
193,18,val,5.179497,0.91
193,19,val,22.159695,0.92
193,20,val,10.770135,0.93
193,21,val,10.757778,0.93
193,22,val,8.575869,0.94
193,23,val,3.049018,0.95
193,24,val,3.326947,0.96
193,25,val,13.894431,0.96
193,26,val,4.931429,0.97
193,27,val,10.091800,0.98
193,28,val,5.785520,0.98
193,29,val,6.139086,0.99
193,30,val,3.163614,1.00
193,31,val,15.349433,1.00
193,32,val,9.443530,1.01
193,33,val,5.088878,1.01
193,34,val,7.007653,1.02
193,35,val,4.968466,1.02
194,0,train,5.035975,0.13
194,1,train,4.728204,0.17
194,2,train,6.255123,0.20
194,3,train,6.485994,0.23
194,4,train,4.578903,0.27
194,5,train,5.043436,0.30
194,6,train,4.144914,0.34
194,7,train,5.198415,0.37
194,8,train,4.996264,0.41
194,9,train,5.010786,0.44
194,10,train,5.279029,0.47
194,11,train,4.727188,0.50
194,12,train,4.772871,0.54
194,13,train,4.887536,0.57
194,0,val,4.983372,0.70
194,1,val,3.830367,0.70
194,2,val,8.222221,0.71
194,3,val,14.571910,0.73
194,4,val,3.295552,0.74
194,5,val,4.169369,0.74
194,6,val,6.296763,0.75
194,7,val,5.019000,0.76
194,8,val,4.352815,0.76
194,9,val,8.411871,0.77
194,10,val,8.517247,0.77
194,11,val,11.537569,0.78
194,12,val,10.469041,0.79
194,13,val,6.397753,0.79
194,14,val,7.841732,0.80
194,15,val,5.539691,0.81
194,16,val,12.391899,0.81
194,17,val,4.796327,0.82
194,18,val,3.309790,0.83
194,19,val,13.666700,0.84
194,20,val,8.691078,0.85
194,21,val,15.357334,0.85
194,22,val,7.579799,0.86
194,23,val,2.914347,0.86
194,24,val,2.549639,0.87
194,25,val,20.929008,0.88
194,26,val,3.613207,0.88
194,27,val,3.817557,0.89
194,28,val,4.334469,0.90
194,29,val,3.696132,0.90
194,30,val,4.164861,0.91
194,31,val,18.685078,0.92
194,32,val,10.536477,0.92
194,33,val,2.954740,0.93
194,34,val,6.726379,0.93
194,35,val,8.256991,0.94
195,0,train,4.962234,0.13
195,1,train,5.584867,0.16
195,2,train,5.278013,0.20
195,3,train,6.191079,0.23
195,4,train,6.258484,0.27
195,5,train,4.769292,0.30
195,6,train,4.747614,0.33
195,7,train,7.960510,0.37
195,8,train,6.681314,0.40
195,9,train,5.584303,0.44
195,10,train,4.990520,0.47
195,11,train,4.533494,0.51
195,12,train,4.919961,0.54
195,13,train,4.692801,0.58
195,0,val,4.483109,0.70
195,1,val,4.424694,0.71
195,2,val,8.476783,0.72
195,3,val,10.418517,0.72
195,4,val,2.506714,0.74
195,5,val,3.943545,0.75
195,6,val,9.774841,0.76
195,7,val,14.687165,0.77
195,8,val,2.833690,0.78
195,9,val,8.583850,0.78
195,10,val,8.861571,0.79
195,11,val,6.863062,0.80
195,12,val,8.089717,0.80
195,13,val,6.039607,0.81
195,14,val,8.731443,0.82
195,15,val,2.237252,0.82
195,16,val,11.033056,0.83
195,17,val,4.904061,0.84
195,18,val,4.377508,0.85
195,19,val,16.731979,0.85
195,20,val,13.934422,0.86
195,21,val,9.116020,0.87
195,22,val,8.814450,0.87
195,23,val,2.430345,0.88
195,24,val,2.273004,0.89
195,25,val,14.540147,0.89
195,26,val,3.379525,0.90
195,27,val,4.320683,0.90
195,28,val,4.149326,0.91
195,29,val,3.808035,0.92
195,30,val,3.419461,0.92
195,31,val,14.990773,0.93
195,32,val,12.793900,0.94
195,33,val,2.727559,0.94
195,34,val,6.446770,0.95
195,35,val,2.652574,0.95
196,0,train,4.774211,0.13
196,1,train,4.720348,0.16
196,2,train,5.133712,0.20
196,3,train,4.284860,0.23
196,4,train,6.061449,0.27
196,5,train,6.319212,0.30
196,6,train,4.209228,0.34
196,7,train,6.893975,0.38
196,8,train,5.902083,0.41
196,9,train,6.090740,0.44
196,10,train,6.500134,0.48
196,11,train,9.923098,0.51
196,12,train,5.181633,0.54
196,13,train,5.801273,0.57
196,0,val,4.185582,0.70
196,1,val,4.668548,0.70
196,2,val,12.314396,0.71
196,3,val,11.242403,0.72
196,4,val,2.608951,0.72
196,5,val,2.909815,0.74
196,6,val,6.643021,0.74
196,7,val,5.591816,0.75
196,8,val,3.048038,0.76
196,9,val,10.288682,0.76
196,10,val,11.967320,0.77
196,11,val,5.401614,0.78
196,12,val,8.251556,0.79
196,13,val,4.065758,0.80
196,14,val,7.645561,0.81
196,15,val,2.906950,0.82
196,16,val,11.535367,0.82
196,17,val,4.271806,0.83
196,18,val,7.055665,0.84
196,19,val,16.037266,0.85
196,20,val,9.774182,0.86
196,21,val,9.628200,0.86
196,22,val,16.073202,0.87
196,23,val,3.297016,0.88
196,24,val,3.614096,0.88
196,25,val,15.833767,0.89
196,26,val,7.309330,0.90
196,27,val,5.314289,0.90
196,28,val,12.965944,0.91
196,29,val,6.370606,0.92
196,30,val,7.334334,0.92
196,31,val,14.782073,0.93
196,32,val,9.506744,0.94
196,33,val,2.635229,0.94
196,34,val,7.952169,0.95
196,35,val,2.754340,0.95
197,0,train,8.011961,0.14
197,1,train,4.025889,0.18
197,2,train,7.194778,0.21
197,3,train,5.330758,0.25
197,4,train,5.379596,0.28
197,5,train,8.290921,0.32
197,6,train,5.562440,0.35
197,7,train,7.468540,0.39
197,8,train,4.900091,0.42
197,9,train,4.399469,0.45
197,10,train,8.351446,0.49
197,11,train,4.309258,0.52
197,12,train,5.127995,0.55
197,13,train,4.013609,0.58
197,0,val,3.920717,0.71
197,1,val,7.109717,0.72
197,2,val,9.143093,0.73
197,3,val,10.161870,0.73
197,4,val,2.554540,0.75
197,5,val,2.876007,0.75
197,6,val,5.822538,0.76
197,7,val,5.395239,0.77
197,8,val,5.447782,0.77
197,9,val,8.072764,0.78
197,10,val,53.146145,0.79
197,11,val,5.370239,0.79
197,12,val,7.471552,0.80
197,13,val,4.533989,0.81
197,14,val,7.676855,0.81
197,15,val,2.249627,0.82
197,16,val,9.815539,0.83
197,17,val,13.353317,0.84
197,18,val,9.726551,0.85
197,19,val,14.448228,0.86
197,20,val,9.208714,0.87
197,21,val,10.207121,0.88
197,22,val,7.324394,0.88
197,23,val,2.993019,0.89
197,24,val,5.647254,0.89
197,25,val,13.604630,0.90
197,26,val,6.395935,0.91
197,27,val,4.481367,0.91
197,28,val,6.112300,0.92
197,29,val,4.757194,0.93
197,30,val,3.427242,0.93
197,31,val,17.307251,0.94
197,32,val,11.966771,0.95
197,33,val,3.554935,0.96
197,34,val,7.577934,0.97
197,35,val,3.258926,0.98
198,0,train,5.094309,0.13
198,1,train,4.294245,0.17
198,2,train,4.310036,0.21
198,3,train,6.109310,0.25
198,4,train,5.216206,0.29
198,5,train,4.921259,0.32
198,6,train,5.863788,0.35
198,7,train,4.738287,0.39
198,8,train,5.117967,0.43
198,9,train,4.699697,0.48
198,10,train,3.877827,0.51
198,11,train,6.102652,0.55
198,12,train,5.766414,0.58
198,13,train,6.142607,0.62
198,0,val,4.177778,0.75
198,1,val,5.555755,0.76
198,2,val,9.527947,0.77
198,3,val,10.525227,0.79
198,4,val,4.023125,0.80
198,5,val,3.351364,0.81
198,6,val,5.592562,0.83
198,7,val,6.846157,0.84
198,8,val,4.503348,0.85
198,9,val,7.795951,0.87
198,10,val,9.524213,0.88
198,11,val,5.104231,0.90
198,12,val,14.187534,0.91
198,13,val,4.817972,0.92
198,14,val,8.677502,0.93
198,15,val,2.526994,0.94
198,16,val,12.973360,0.95
198,17,val,5.757114,0.96
198,18,val,3.228724,0.96
198,19,val,13.976618,0.97
198,20,val,12.942963,0.98
198,21,val,9.966423,0.98
198,22,val,7.256319,0.99
198,23,val,4.432682,1.00
198,24,val,9.138473,1.00
198,25,val,14.135338,1.01
198,26,val,3.760875,1.02
198,27,val,4.056636,1.03
198,28,val,10.213135,1.04
198,29,val,7.090622,1.04
198,30,val,4.668223,1.05
198,31,val,15.051393,1.05
198,32,val,9.802493,1.06
198,33,val,3.601800,1.06
198,34,val,14.824168,1.07
198,35,val,3.037735,1.07
199,0,train,4.917577,0.16
199,1,train,4.831048,0.21
199,2,train,6.021449,0.24
199,3,train,5.757381,0.28
199,4,train,6.169904,0.32
199,5,train,7.405358,0.35
199,6,train,6.810796,0.38
199,7,train,5.979418,0.42
199,8,train,4.682915,0.45
199,9,train,5.255851,0.48
199,10,train,4.145066,0.52
199,11,train,5.129934,0.55
199,12,train,6.025675,0.58
199,13,train,7.022725,0.68
199,0,val,5.931486,0.83
199,1,val,16.023518,0.83
199,2,val,13.548492,0.84
199,3,val,9.528166,0.85
199,4,val,3.176449,0.86
199,5,val,3.602467,0.87
199,6,val,6.934217,0.87
199,7,val,6.138155,0.88
199,8,val,5.436203,0.89
199,9,val,7.489006,0.89
199,10,val,9.608823,0.90
199,11,val,4.859779,0.91
199,12,val,7.631619,0.92
199,13,val,5.274640,0.92
199,14,val,8.765891,0.93
199,15,val,9.552269,0.94
199,16,val,13.746152,0.94
199,17,val,5.054001,0.95
199,18,val,4.092315,0.96
199,19,val,23.823837,0.97
199,20,val,9.544534,0.97
199,21,val,9.256173,0.98
199,22,val,7.546956,0.99
199,23,val,4.117330,1.00
199,24,val,6.318804,1.00
199,25,val,14.779171,1.01
199,26,val,4.117643,1.02
199,27,val,4.158788,1.02
199,28,val,4.022800,1.03
199,29,val,3.484063,1.04
199,30,val,3.404951,1.04
199,31,val,14.344227,1.05
199,32,val,13.889750,1.06
199,33,val,3.980850,1.06
199,34,val,7.937542,1.07
199,35,val,2.995567,1.08
200,0,train,4.737054,0.19
200,1,train,7.164558,0.24
200,2,train,3.936315,0.27
200,3,train,4.441435,0.31
200,4,train,5.422765,0.35
200,5,train,6.046596,0.40
200,6,train,5.953192,0.44
200,7,train,6.077822,0.48
200,8,train,6.752029,0.52
200,9,train,6.580140,0.56
200,10,train,5.720418,0.59
200,11,train,5.419818,0.63
200,12,train,5.136935,0.66
200,13,train,5.006826,0.69
200,0,val,6.642523,0.88
200,1,val,7.187699,0.90
200,2,val,10.138886,0.90
200,3,val,9.885452,0.91
200,4,val,3.818006,0.92
200,5,val,3.224053,0.93
200,6,val,5.044534,0.94
200,7,val,6.188313,0.95
200,8,val,2.503044,0.95
200,9,val,8.836601,0.96
200,10,val,8.585041,0.97
200,11,val,7.144189,0.98
200,12,val,16.613949,0.99
200,13,val,15.644396,1.00
200,14,val,7.715116,1.01
200,15,val,2.309203,1.01
200,16,val,10.374890,1.02
200,17,val,5.496151,1.03
200,18,val,2.405788,1.04
200,19,val,14.410080,1.05
200,20,val,8.600189,1.06
200,21,val,10.089921,1.07
200,22,val,7.636839,1.08
200,23,val,2.737501,1.08
200,24,val,3.522751,1.09
200,25,val,14.438278,1.10
200,26,val,6.283385,1.11
200,27,val,4.695945,1.12
200,28,val,7.779253,1.13
200,29,val,3.983982,1.14
200,30,val,3.038792,1.15
200,31,val,14.162915,1.16
200,32,val,12.153282,1.16
200,33,val,5.461125,1.17
200,34,val,7.205091,1.17
200,35,val,3.300024,1.18
201,0,train,5.068582,0.18
201,1,train,5.139684,0.22
201,2,train,4.873107,0.26
201,3,train,5.044363,0.30
201,4,train,6.927866,0.35
201,5,train,7.050122,0.39
201,6,train,5.076647,0.43
201,7,train,5.295625,0.47
201,8,train,3.952626,0.51
201,9,train,4.642509,0.55
201,10,train,6.264549,0.58
201,11,train,5.978399,0.62
201,12,train,6.375076,0.65
201,13,train,6.378570,0.68
201,0,val,3.587827,0.85
201,1,val,6.638797,0.88
201,2,val,8.374892,0.89
201,3,val,14.064090,0.90
201,4,val,2.558091,0.91
201,5,val,3.576155,0.92
201,6,val,5.780174,0.93
201,7,val,7.097209,0.94
201,8,val,2.424369,0.95
201,9,val,8.378158,0.96
201,10,val,8.770921,0.96
201,11,val,4.963299,0.97
201,12,val,9.394392,0.98
201,13,val,3.965198,0.99
201,14,val,8.550984,1.00
201,15,val,3.281546,1.01
201,16,val,9.768469,1.02
201,17,val,5.551147,1.03
201,18,val,11.347312,1.04
201,19,val,14.130632,1.05
201,20,val,9.074523,1.06
201,21,val,11.476006,1.06
201,22,val,7.459412,1.07
201,23,val,3.224061,1.08
201,24,val,2.378529,1.09
201,25,val,14.280022,1.10
201,26,val,3.379380,1.11
201,27,val,7.288187,1.12
201,28,val,7.447142,1.13
201,29,val,4.079566,1.14
201,30,val,3.395395,1.15
201,31,val,19.395588,1.16
201,32,val,10.292363,1.16
201,33,val,5.205600,1.17
201,34,val,7.688284,1.17
201,35,val,14.796436,1.18
202,0,train,5.921585,0.19
202,1,train,6.212521,0.23
202,2,train,4.739100,0.27
202,3,train,5.321314,0.31
202,4,train,5.004315,0.35
202,5,train,4.303722,0.38
202,6,train,4.492590,0.43
202,7,train,5.510316,0.47
202,8,train,6.050569,0.51
202,9,train,6.819344,0.55
202,10,train,4.192263,0.58
202,11,train,5.092957,0.61
202,12,train,11.792519,0.64
202,13,train,4.525783,0.68
202,0,val,7.116095,0.87
202,1,val,13.697523,0.89
202,2,val,8.725444,0.90
202,3,val,9.726528,0.91
202,4,val,6.495625,0.92
202,5,val,3.298567,0.93
202,6,val,6.060905,0.94
202,7,val,12.435642,0.95
202,8,val,2.848649,0.96
202,9,val,7.805973,0.96
202,10,val,9.421187,0.97
202,11,val,6.139184,0.98
202,12,val,11.147763,0.99
202,13,val,23.202848,1.00
202,14,val,11.043764,1.01
202,15,val,4.020813,1.02
202,16,val,9.318448,1.03
202,17,val,7.030397,1.03
202,18,val,3.017142,1.04
202,19,val,17.317926,1.05
202,20,val,15.733068,1.06
202,21,val,9.768967,1.07
202,22,val,6.672534,1.08
202,23,val,3.624001,1.09
202,24,val,2.904077,1.10
202,25,val,15.795236,1.11
202,26,val,4.134690,1.12
202,27,val,4.480126,1.13
202,28,val,3.577377,1.14
202,29,val,3.913900,1.15
202,30,val,5.314865,1.16
202,31,val,16.893339,1.17
202,32,val,9.803283,1.17
202,33,val,3.210095,1.18
202,34,val,6.465617,1.19
202,35,val,2.425067,1.20
203,0,train,4.696824,0.19
203,1,train,4.746643,0.24
203,2,train,5.057464,0.28
203,3,train,4.774950,0.31
203,4,train,5.114197,0.36
203,5,train,7.126000,0.40
203,6,train,6.185438,0.44
203,7,train,5.892852,0.48
203,8,train,4.941751,0.52
203,9,train,3.931173,0.57
203,10,train,6.698390,0.60
203,11,train,8.972211,0.63
203,12,train,4.057643,0.67
203,13,train,4.151906,0.70
203,0,val,3.997647,0.90
203,1,val,4.342577,0.92
203,2,val,7.976498,0.93
203,3,val,9.384631,0.94
203,4,val,8.796328,0.95
203,5,val,2.630072,0.97
203,6,val,5.963062,0.98
203,7,val,5.285195,0.99
203,8,val,2.920836,1.00
203,9,val,7.950674,1.02
203,10,val,8.563091,1.03
203,11,val,6.307729,1.04
203,12,val,11.624614,1.04
203,13,val,6.540804,1.05
203,14,val,7.802586,1.06
203,15,val,2.999180,1.07
203,16,val,11.223298,1.08
203,17,val,5.803379,1.09
203,18,val,2.716917,1.10
203,19,val,13.438358,1.11
203,20,val,8.374496,1.12
203,21,val,9.322981,1.14
203,22,val,7.464925,1.14
203,23,val,5.872469,1.15
203,24,val,2.565916,1.16
203,25,val,13.609979,1.17
203,26,val,4.364926,1.18
203,27,val,3.502719,1.19
203,28,val,6.049202,1.20
203,29,val,8.393940,1.21
203,30,val,9.166547,1.23
203,31,val,15.101240,1.24
203,32,val,9.428094,1.24
203,33,val,2.454140,1.25
203,34,val,6.283456,1.25
203,35,val,3.470666,1.26
204,0,train,6.633268,0.15
204,1,train,4.996199,0.19
204,2,train,5.113259,0.23
204,3,train,4.371814,0.26
204,4,train,5.412459,0.30
204,5,train,5.848427,0.34
204,6,train,6.671181,0.38
204,7,train,5.380113,0.42
204,8,train,4.983576,0.45
204,9,train,5.708821,0.48
204,10,train,6.107706,0.52
204,11,train,6.854544,0.55
204,12,train,6.432631,0.59
204,13,train,6.779907,0.62
204,0,val,9.063629,0.74
204,1,val,4.049814,0.75
204,2,val,7.569245,0.75
204,3,val,14.273351,0.76
204,4,val,11.951943,0.77
204,5,val,4.762511,0.78
204,6,val,6.072831,0.79
204,7,val,9.306733,0.79
204,8,val,2.919615,0.80
204,9,val,9.258696,0.81
204,10,val,8.571639,0.81
204,11,val,5.051306,0.82
204,12,val,9.720064,0.82
204,13,val,3.820141,0.83
204,14,val,8.251460,0.84
204,15,val,3.343850,0.84
204,16,val,9.443777,0.85
204,17,val,4.300407,0.86
204,18,val,3.310263,0.86
204,19,val,13.629190,0.87
204,20,val,9.324343,0.88
204,21,val,11.702657,0.89
204,22,val,9.154280,0.89
204,23,val,3.478945,0.90
204,24,val,2.546924,0.91
204,25,val,18.485470,0.91
204,26,val,3.480669,0.92
204,27,val,10.389744,0.92
204,28,val,4.508159,0.93
204,29,val,4.077311,0.94
204,30,val,3.900574,0.94
204,31,val,15.130594,0.95
204,32,val,9.859063,0.95
204,33,val,3.300225,0.96
204,34,val,6.831005,0.96
204,35,val,3.820683,0.97
205,0,train,5.715813,0.12
205,1,train,5.011108,0.16
205,2,train,4.571324,0.20
205,3,train,5.313518,0.23
205,4,train,5.964396,0.27
205,5,train,4.942999,0.30
205,6,train,6.504584,0.34
205,7,train,5.700175,0.38
205,8,train,6.809252,0.41
205,9,train,5.189505,0.45
205,10,train,6.029759,0.48
205,11,train,5.903308,0.51
205,12,train,4.555799,0.54
205,13,train,8.185956,0.58
205,0,val,4.324871,0.70
205,1,val,13.434595,0.71
205,2,val,8.339328,0.71
205,3,val,10.736958,0.72
205,4,val,3.726396,0.73
205,5,val,4.478339,0.74
205,6,val,5.146845,0.75
205,7,val,9.170108,0.75
205,8,val,4.273879,0.76
205,9,val,8.890224,0.77
205,10,val,7.930721,0.77
205,11,val,5.574770,0.78
205,12,val,8.993194,0.78
205,13,val,7.320507,0.79
205,14,val,8.327728,0.80
205,15,val,3.008618,0.80
205,16,val,13.750458,0.81
205,17,val,10.461551,0.82
205,18,val,3.625372,0.82
205,19,val,15.093827,0.83
205,20,val,9.045685,0.84
205,21,val,8.913765,0.85
205,22,val,6.710693,0.85
205,23,val,4.213364,0.86
205,24,val,11.193544,0.86
205,25,val,18.697519,0.87
205,26,val,4.162283,0.88
205,27,val,3.879124,0.89
205,28,val,6.374481,0.90
205,29,val,9.604360,0.91
205,30,val,4.671090,0.93
205,31,val,14.691407,0.94
205,32,val,9.109013,0.95
205,33,val,5.088941,0.96
205,34,val,9.785457,0.97
205,35,val,3.411634,0.98
206,0,train,6.188794,0.13
206,1,train,6.029663,0.17
206,2,train,6.569871,0.20
206,3,train,4.088304,0.24
206,4,train,4.811147,0.28
206,5,train,6.138232,0.31
206,6,train,5.987677,0.35
206,7,train,6.545206,0.39
206,8,train,4.930724,0.45
206,9,train,4.894252,0.49
206,10,train,7.078469,0.53
206,11,train,6.094581,0.56
206,12,train,4.600752,0.59
206,13,train,5.762878,0.62
206,0,val,4.502221,0.79
206,1,val,5.101907,0.80
206,2,val,12.599933,0.81
206,3,val,12.625468,0.82
206,4,val,7.569006,0.83
206,5,val,9.796837,0.84
206,6,val,10.326153,0.85
206,7,val,5.657846,0.86
206,8,val,4.233401,0.87
206,9,val,8.514797,0.88
206,10,val,10.010729,0.89
206,11,val,4.843966,0.90
206,12,val,7.185044,0.91
206,13,val,19.326744,0.92
206,14,val,7.079727,0.93
206,15,val,4.914023,0.94
206,16,val,10.753174,0.94
206,17,val,4.389143,0.95
206,18,val,3.889402,0.96
206,19,val,14.219550,0.96
206,20,val,14.277483,0.97
206,21,val,9.103665,0.97
206,22,val,10.652964,0.98
206,23,val,3.379816,0.99
206,24,val,2.586744,0.99
206,25,val,14.794516,1.00
206,26,val,6.504908,1.02
206,27,val,4.106928,1.03
206,28,val,3.941417,1.04
206,29,val,4.207592,1.05
206,30,val,4.916195,1.06
206,31,val,18.758625,1.07
206,32,val,9.080780,1.08
206,33,val,3.492430,1.09
206,34,val,8.564506,1.09
206,35,val,4.252146,1.10
207,0,train,5.812166,0.15
207,1,train,4.158687,0.19
207,2,train,5.399142,0.22
207,3,train,6.010509,0.25
207,4,train,5.812634,0.29
207,5,train,4.240322,0.33
207,6,train,4.806693,0.37
207,7,train,5.062055,0.40
207,8,train,9.646910,0.44
207,9,train,4.631574,0.47
207,10,train,6.210065,0.50
207,11,train,5.465180,0.54
207,12,train,4.659907,0.57
207,13,train,5.974140,0.60
207,0,val,5.659871,0.73
207,1,val,9.084067,0.74
207,2,val,8.893291,0.75
207,3,val,9.399469,0.76
207,4,val,5.004855,0.77
207,5,val,2.651121,0.78
207,6,val,5.529319,0.78
207,7,val,5.644669,0.79
207,8,val,3.847227,0.80
207,9,val,11.640434,0.80
207,10,val,15.297931,0.81
207,11,val,6.244228,0.82
207,12,val,12.554659,0.82
207,13,val,5.190382,0.83
207,14,val,12.399238,0.84
207,15,val,2.460464,0.84
207,16,val,10.062899,0.85
207,17,val,6.490090,0.86
207,18,val,3.399821,0.87
207,19,val,13.325127,0.88
207,20,val,12.412144,0.89
207,21,val,8.995710,0.89
207,22,val,9.263203,0.90
207,23,val,3.139621,0.90
207,24,val,2.720581,0.91
207,25,val,13.740172,0.92
207,26,val,5.587853,0.92
207,27,val,4.023592,0.93
207,28,val,7.070579,0.94
207,29,val,4.378066,0.95
207,30,val,7.241292,0.95
207,31,val,15.254244,0.96
207,32,val,16.300144,0.97
207,33,val,2.379094,0.98
207,34,val,6.771171,0.98
207,35,val,4.744278,0.99
208,0,train,7.334246,0.14
208,1,train,5.686312,0.18
208,2,train,6.144448,0.21
208,3,train,5.612411,0.24
208,4,train,5.482218,0.28
208,5,train,7.203272,0.33
208,6,train,7.180030,0.36
208,7,train,5.947793,0.40
208,8,train,5.202408,0.43
208,9,train,3.814962,0.47
208,10,train,4.920830,0.50
208,11,train,5.335987,0.53
208,12,train,3.866187,0.57
208,13,train,4.477186,0.60
208,0,val,14.524830,0.73
208,1,val,3.850321,0.73
208,2,val,9.146579,0.74
208,3,val,9.592592,0.75
208,4,val,4.242908,0.75
208,5,val,7.262769,0.77
208,6,val,6.078270,0.78
208,7,val,6.328059,0.78
208,8,val,4.275099,0.79
208,9,val,7.892383,0.80
208,10,val,7.982423,0.80
208,11,val,7.555199,0.81
208,12,val,9.213398,0.82
208,13,val,5.486443,0.82
208,14,val,8.636283,0.83
208,15,val,2.835781,0.84
208,16,val,11.448490,0.84
208,17,val,4.951655,0.85
208,18,val,3.656223,0.86
208,19,val,17.828331,0.87
208,20,val,14.616834,0.87
208,21,val,9.860042,0.88
208,22,val,8.124689,0.89
208,23,val,2.707600,0.89
208,24,val,2.307439,0.90
208,25,val,15.769035,0.90
208,26,val,9.352348,0.91
208,27,val,7.184124,0.92
208,28,val,5.937757,0.92
208,29,val,4.752620,0.93
208,30,val,4.197901,0.94
208,31,val,22.247452,0.94
208,32,val,9.788771,0.95
208,33,val,3.229323,0.95
208,34,val,6.149967,0.95
208,35,val,2.889072,0.96
209,0,train,5.883666,0.13
209,1,train,6.283459,0.18
209,2,train,4.032203,0.21
209,3,train,5.381870,0.24
209,4,train,4.833264,0.28
209,5,train,4.825572,0.32
209,6,train,5.899291,0.35
209,7,train,7.908360,0.39
209,8,train,6.290468,0.42
209,9,train,4.578329,0.46
209,10,train,4.493169,0.49
209,11,train,4.156956,0.52
209,12,train,5.144132,0.55
209,13,train,3.473711,0.59
209,0,val,4.018114,0.71
209,1,val,4.289331,0.72
209,2,val,8.219750,0.73
209,3,val,12.315630,0.73
209,4,val,2.229546,0.74
209,5,val,7.340737,0.75
209,6,val,15.787989,0.76
209,7,val,4.936857,0.76
209,8,val,5.272325,0.77
209,9,val,7.271055,0.78
209,10,val,8.432707,0.78
209,11,val,4.740371,0.79
209,12,val,7.666771,0.80
209,13,val,4.061276,0.80
209,14,val,8.717430,0.81
209,15,val,3.984098,0.81
209,16,val,9.834107,0.82
209,17,val,6.494431,0.83
209,18,val,6.044480,0.83
209,19,val,19.427969,0.84
209,20,val,8.387535,0.85
209,21,val,9.938956,0.86
209,22,val,7.963307,0.87
209,23,val,3.324375,0.87
209,24,val,8.439709,0.88
209,25,val,16.655716,0.89
209,26,val,4.326129,0.89
209,27,val,5.421559,0.90
209,28,val,6.753095,0.91
209,29,val,4.452598,0.91
209,30,val,3.966002,0.92
209,31,val,15.334090,0.93
209,32,val,10.005692,0.93
209,33,val,6.916348,0.93
209,34,val,7.263588,0.94
209,35,val,2.784107,0.94
210,0,train,5.674937,0.14
210,1,train,4.625211,0.18
210,2,train,6.214841,0.21
210,3,train,5.466816,0.25
210,4,train,5.061630,0.28
210,5,train,6.141017,0.32
210,6,train,5.023691,0.35
210,7,train,5.061233,0.39
210,8,train,4.933448,0.42
210,9,train,6.993294,0.45
210,10,train,4.439906,0.49
210,11,train,4.204223,0.52
210,12,train,5.817244,0.55
210,13,train,5.982421,0.58
210,0,val,10.909774,0.71
210,1,val,9.755692,0.71
210,2,val,8.182504,0.72
210,3,val,15.854468,0.73
210,4,val,2.967240,0.73
210,5,val,13.379419,0.75
210,6,val,5.594014,0.75
210,7,val,5.871377,0.76
210,8,val,3.227526,0.76
210,9,val,7.866700,0.77
210,10,val,8.057565,0.78
210,11,val,5.580550,0.78
210,12,val,7.312847,0.79
210,13,val,6.363280,0.80
210,14,val,9.076833,0.80
210,15,val,5.139856,0.81
210,16,val,10.916057,0.81
210,17,val,5.333782,0.82
210,18,val,5.985212,0.83
210,19,val,16.748417,0.83
210,20,val,9.179750,0.84
210,21,val,8.873082,0.85
210,22,val,7.296739,0.85
210,23,val,7.280272,0.86
210,24,val,2.635434,0.87
210,25,val,14.117133,0.87
210,26,val,3.263077,0.88
210,27,val,3.985359,0.89
210,28,val,5.648467,0.90
210,29,val,5.045286,0.90
210,30,val,10.987745,0.91
210,31,val,13.961535,0.91
210,32,val,9.376984,0.92
210,33,val,4.026825,0.92
210,34,val,8.057377,0.93
210,35,val,2.757103,0.93
211,0,train,4.241731,0.17
211,1,train,4.319326,0.22
211,2,train,6.244269,0.27
211,3,train,4.586785,0.31
211,4,train,4.214347,0.36
211,5,train,4.651544,0.40
211,6,train,4.761649,0.44
211,7,train,6.568193,0.48
211,8,train,5.740862,0.51
211,9,train,6.134719,0.55
211,10,train,5.394459,0.59
211,11,train,4.200066,0.64
211,12,train,3.999803,0.68
211,13,train,4.448125,0.72
211,0,val,7.950227,0.89
211,1,val,4.278394,0.91
211,2,val,19.591316,0.92
211,3,val,9.408152,0.93
211,4,val,6.963906,0.95
211,5,val,3.386410,0.96
211,6,val,4.891063,0.98
211,7,val,11.662290,0.98
211,8,val,7.561735,1.00
211,9,val,8.203961,1.01
211,10,val,7.857569,1.02
211,11,val,7.634325,1.03
211,12,val,7.942101,1.04
211,13,val,4.372750,1.05
211,14,val,8.136635,1.06
211,15,val,2.162927,1.07
211,16,val,9.152704,1.08
211,17,val,5.099806,1.09
211,18,val,9.385604,1.10
211,19,val,20.215763,1.12
211,20,val,8.174817,1.13
211,21,val,12.032207,1.14
211,22,val,8.536105,1.15
211,23,val,4.072568,1.17
211,24,val,4.079478,1.18
211,25,val,13.551764,1.19
211,26,val,7.688966,1.20
211,27,val,8.819156,1.21
211,28,val,4.134954,1.22
211,29,val,4.842800,1.23
211,30,val,4.547565,1.24
211,31,val,14.535127,1.25
211,32,val,9.850082,1.25
211,33,val,2.332500,1.26
211,34,val,12.773355,1.26
211,35,val,2.793383,1.27
212,0,train,5.787979,0.21
212,1,train,4.880901,0.26
212,2,train,3.597128,0.31
212,3,train,5.619389,0.36
212,4,train,4.672191,0.42
212,5,train,4.775719,0.48
212,6,train,4.684896,0.51
212,7,train,4.517226,0.56
212,8,train,4.958547,0.60
212,9,train,5.554166,0.64
212,10,train,5.141802,0.68
212,11,train,4.601549,0.72
212,12,train,4.788811,0.76
212,13,train,4.143122,0.79
212,0,val,10.059892,0.98
212,1,val,3.899767,1.04
212,2,val,13.036088,1.05
212,3,val,9.405152,1.05
212,4,val,2.868078,1.06
212,5,val,4.713556,1.07
212,6,val,10.672367,1.08
212,7,val,13.339373,1.09
212,8,val,7.606891,1.10
212,9,val,8.805169,1.11
212,10,val,10.247810,1.12
212,11,val,5.017138,1.13
212,12,val,6.874374,1.14
212,13,val,7.359311,1.14
212,14,val,8.714512,1.15
212,15,val,3.806695,1.16
212,16,val,14.859029,1.17
212,17,val,4.881940,1.18
212,18,val,2.964224,1.19
212,19,val,14.660275,1.20
212,20,val,12.535455,1.21
212,21,val,9.654783,1.22
212,22,val,7.587473,1.23
212,23,val,3.559452,1.23
212,24,val,2.309628,1.24
212,25,val,14.087259,1.25
212,26,val,7.520357,1.26
212,27,val,6.390142,1.28
212,28,val,5.731553,1.29
212,29,val,9.943990,1.29
212,30,val,3.623277,1.31
212,31,val,15.954525,1.32
212,32,val,12.544018,1.32
212,33,val,11.674384,1.33
212,34,val,6.400074,1.33
212,35,val,3.001735,1.34
213,0,train,4.082164,0.27
213,1,train,5.373956,0.33
213,2,train,8.066718,0.37
213,3,train,6.019694,0.42
213,4,train,4.078920,0.46
213,5,train,6.201947,0.50
213,6,train,4.790905,0.55
213,7,train,6.471166,0.62
213,8,train,5.611181,0.69
213,9,train,4.493700,0.74
213,10,train,3.948925,0.78
213,11,train,4.332585,0.81
213,12,train,5.203496,0.88
213,13,train,3.600024,0.94
213,0,val,4.621193,1.21
213,1,val,5.093181,1.23
213,2,val,8.226561,1.25
213,3,val,8.961466,1.26
213,4,val,3.676508,1.28
213,5,val,3.419860,1.29
213,6,val,5.044474,1.30
213,7,val,5.438770,1.31
213,8,val,2.606262,1.33
213,9,val,8.564939,1.35
213,10,val,9.782887,1.37
213,11,val,11.206264,1.38
213,12,val,12.065359,1.40
213,13,val,6.318707,1.42
213,14,val,7.823668,1.43
213,15,val,3.256616,1.45
213,16,val,12.972763,1.46
213,17,val,4.147807,1.46
213,18,val,5.313993,1.47
213,19,val,13.240186,1.48
213,20,val,16.535986,1.49
213,21,val,13.702497,1.50
213,22,val,6.659085,1.51
213,23,val,4.167774,1.52
213,24,val,2.300699,1.53
213,25,val,14.855494,1.54
213,26,val,3.832193,1.55
213,27,val,3.973219,1.56
213,28,val,4.025904,1.57
213,29,val,4.239761,1.58
213,30,val,3.842279,1.59
213,31,val,15.432837,1.60
213,32,val,9.629251,1.60
213,33,val,4.954618,1.61
213,34,val,6.827998,1.61
213,35,val,3.165908,1.62
214,0,train,5.719759,0.19
214,1,train,5.679235,0.23
214,2,train,5.903912,0.27
214,3,train,6.741957,0.38
214,4,train,4.145374,0.44
214,5,train,5.155090,0.48
214,6,train,5.857484,0.52
214,7,train,5.656447,0.57
214,8,train,4.529510,0.60
214,9,train,4.500196,0.64
214,10,train,4.667428,0.68
214,11,train,6.480274,0.72
214,12,train,5.398742,0.75
214,13,train,6.466181,0.79
214,0,val,4.210784,0.96
214,1,val,8.334271,0.98
214,2,val,9.201597,0.99
214,3,val,9.439706,1.00
214,4,val,3.282631,1.01
214,5,val,5.587590,1.01
214,6,val,10.545681,1.02
214,7,val,5.984776,1.03
214,8,val,4.984687,1.04
214,9,val,8.674145,1.05
214,10,val,9.700984,1.06
214,11,val,4.661969,1.08
214,12,val,7.729700,1.09
214,13,val,11.062879,1.10
214,14,val,8.474081,1.11
214,15,val,2.688777,1.12
214,16,val,11.653890,1.13
214,17,val,4.812866,1.14
214,18,val,3.323786,1.15
214,19,val,13.889027,1.16
214,20,val,8.451834,1.17
214,21,val,8.875765,1.18
214,22,val,7.735837,1.19
214,23,val,3.995407,1.20
214,24,val,2.592507,1.21
214,25,val,14.257768,1.22
214,26,val,3.298822,1.23
214,27,val,6.432047,1.24
214,28,val,4.290616,1.26
214,29,val,4.513227,1.27
214,30,val,3.559974,1.28
214,31,val,15.854335,1.30
214,32,val,9.831085,1.30
214,33,val,3.503811,1.31
214,34,val,7.601377,1.32
214,35,val,3.462214,1.33
215,0,train,6.376097,0.22
215,1,train,5.174369,0.27
215,2,train,4.602297,0.30
215,3,train,5.726587,0.34
215,4,train,3.935387,0.38
215,5,train,4.520448,0.41
215,6,train,6.519534,0.45
215,7,train,7.580406,0.49
215,8,train,4.297985,0.52
215,9,train,4.508636,0.55
215,10,train,3.864683,0.59
215,11,train,5.063270,0.62
215,12,train,5.454067,0.65
215,13,train,4.948893,0.68
215,0,val,8.719063,0.82
215,1,val,5.166212,0.83
215,2,val,7.202373,0.85
215,3,val,58.321995,0.86
215,4,val,2.338551,0.86
215,5,val,3.347504,0.87
215,6,val,5.604369,0.88
215,7,val,7.034081,0.88
215,8,val,4.556117,0.89
215,9,val,11.423658,0.90
215,10,val,7.530733,0.91
215,11,val,5.431539,0.91
215,12,val,6.604392,0.92
215,13,val,4.218511,0.93
215,14,val,8.997430,0.93
215,15,val,5.818325,0.95
215,16,val,17.076420,0.95
215,17,val,11.655226,0.96
215,18,val,3.886910,0.97
215,19,val,13.624548,0.97
215,20,val,14.524228,0.98
215,21,val,9.012084,0.99
215,22,val,8.594309,0.99
215,23,val,4.480205,1.00
215,24,val,11.473961,1.00
215,25,val,15.574884,1.01
215,26,val,3.057095,1.02
215,27,val,3.979361,1.02
215,28,val,5.998629,1.03
215,29,val,5.932741,1.04
215,30,val,4.232794,1.05
215,31,val,13.973665,1.06
215,32,val,9.125447,1.06
215,33,val,2.890944,1.07
215,34,val,7.489400,1.07
215,35,val,2.957937,1.07
216,0,train,5.369003,0.14
216,1,train,5.500316,0.19
216,2,train,5.515829,0.22
216,3,train,6.398135,0.25
216,4,train,5.346350,0.29
216,5,train,5.697713,0.33
216,6,train,6.260074,0.36
216,7,train,6.299464,0.40
216,8,train,3.886292,0.44
216,9,train,5.536604,0.47
216,10,train,5.839342,0.50
216,11,train,4.831326,0.54
216,12,train,5.284413,0.57
216,13,train,6.372512,0.60
216,0,val,5.116867,0.73
216,1,val,3.593129,0.74
216,2,val,12.327659,0.74
216,3,val,9.628777,0.75
216,4,val,2.573716,0.76
216,5,val,5.441507,0.77
216,6,val,11.378251,0.78
216,7,val,5.527429,0.78
216,8,val,3.103337,0.79
216,9,val,25.497530,0.80
216,10,val,9.604566,0.80
216,11,val,9.538398,0.81
216,12,val,7.459641,0.82
216,13,val,6.052479,0.82
216,14,val,8.318585,0.83
216,15,val,6.966141,0.84
216,16,val,10.069880,0.85
216,17,val,17.215979,0.85
216,18,val,6.296313,0.87
216,19,val,17.340977,0.87
216,20,val,10.609311,0.88
216,21,val,9.278725,0.89
216,22,val,7.412206,0.89
216,23,val,3.117633,0.90
216,24,val,2.940980,0.90
216,25,val,13.097870,0.91
216,26,val,3.282872,0.92
216,27,val,5.200229,0.92
216,28,val,3.788572,0.93
216,29,val,5.124990,0.94
216,30,val,4.510410,0.94
216,31,val,14.188142,0.95
216,32,val,10.541466,0.95
216,33,val,3.851138,0.96
216,34,val,6.366114,0.97
216,35,val,3.650675,0.97
217,0,train,4.204935,0.13
217,1,train,4.778111,0.19
217,2,train,5.361447,0.22
217,3,train,4.706036,0.25
217,4,train,4.143770,0.29
217,5,train,4.124028,0.32
217,6,train,4.870061,0.35
217,7,train,5.695642,0.39
217,8,train,4.009809,0.42
217,9,train,5.377880,0.46
217,10,train,4.269818,0.49
217,11,train,5.498378,0.52
217,12,train,5.603711,0.55
217,13,train,4.975130,0.59
217,0,val,4.356263,0.71
217,1,val,5.513730,0.72
217,2,val,7.360936,0.73
217,3,val,12.031257,0.73
217,4,val,2.431915,0.74
217,5,val,3.209547,0.76
217,6,val,6.063816,0.76
217,7,val,15.670982,0.77
217,8,val,6.354215,0.78
217,9,val,7.952777,0.78
217,10,val,12.636504,0.79
217,11,val,4.965436,0.80
217,12,val,7.590354,0.81
217,13,val,4.278098,0.82
217,14,val,9.766926,0.83
217,15,val,2.299965,0.84
217,16,val,9.563738,0.85
217,17,val,4.739649,0.86
217,18,val,15.757892,0.87
217,19,val,16.328768,0.88
217,20,val,10.362234,0.89
217,21,val,9.539145,0.90
217,22,val,15.995333,0.91
217,23,val,6.505005,0.92
217,24,val,8.923828,0.93
217,25,val,13.562091,0.94
217,26,val,3.484690,0.95
217,27,val,3.831593,0.96
217,28,val,5.546065,0.97
217,29,val,4.276219,0.99
217,30,val,4.128137,0.99
217,31,val,13.887356,1.00
217,32,val,9.736349,1.01
217,33,val,2.754788,1.01
217,34,val,9.308691,1.02
217,35,val,12.283739,1.02
218,0,train,3.967769,0.14
218,1,train,4.943957,0.18
218,2,train,4.616881,0.21
218,3,train,4.223598,0.25
218,4,train,5.041091,0.28
218,5,train,5.131154,0.32
218,6,train,4.370914,0.35
218,7,train,4.479593,0.39
218,8,train,4.000917,0.42
218,9,train,3.884151,0.45
218,10,train,4.222519,0.49
218,11,train,5.092017,0.52
218,12,train,3.545129,0.55
218,13,train,5.129508,0.58
218,0,val,3.729295,0.71
218,1,val,5.111477,0.71
218,2,val,8.704381,0.72
218,3,val,9.156858,0.73
218,4,val,3.498187,0.74
218,5,val,4.521159,0.75
218,6,val,5.868792,0.75
218,7,val,12.523811,0.76
218,8,val,5.234287,0.77
218,9,val,13.619271,0.77
218,10,val,8.255726,0.78
218,11,val,4.814200,0.79
218,12,val,7.974807,0.79
218,13,val,4.886234,0.80
218,14,val,8.003027,0.81
218,15,val,2.552824,0.81
218,16,val,10.708831,0.82
218,17,val,4.251512,0.83
218,18,val,3.597396,0.83
218,19,val,15.481944,0.84
218,20,val,10.581407,0.85
218,21,val,8.555529,0.86
218,22,val,8.443066,0.87
218,23,val,3.018770,0.88
218,24,val,5.037682,0.88
218,25,val,13.228579,0.89
218,26,val,3.068754,0.90
218,27,val,3.996621,0.90
218,28,val,4.919327,0.91
218,29,val,4.999523,0.91
218,30,val,4.280179,0.92
218,31,val,13.693654,0.93
218,32,val,10.214418,0.93
218,33,val,3.233572,0.94
218,34,val,8.590435,0.95
218,35,val,5.037222,0.95
219,0,train,4.258483,0.13
219,1,train,5.099800,0.17
219,2,train,6.922337,0.20
219,3,train,5.287251,0.24
219,4,train,6.638235,0.28
219,5,train,4.390668,0.31
219,6,train,4.460662,0.35
219,7,train,5.018230,0.38
219,8,train,4.734749,0.42
219,9,train,5.256807,0.45
219,10,train,4.466322,0.48
219,11,train,6.130459,0.52
219,12,train,5.030405,0.55
219,13,train,3.674834,0.58
219,0,val,3.960814,0.71
219,1,val,8.203448,0.72
219,2,val,9.279137,0.72
219,3,val,10.049270,0.73
219,4,val,2.908060,0.74
219,5,val,2.614969,0.75
219,6,val,5.466486,0.76
219,7,val,8.133829,0.76
219,8,val,8.412922,0.77
219,9,val,7.703030,0.78
219,10,val,12.898933,0.78
219,11,val,4.379164,0.79
219,12,val,8.034640,0.80
219,13,val,8.692602,0.80
219,14,val,9.943867,0.81
219,15,val,4.326221,0.82
219,16,val,10.237189,0.82
219,17,val,4.100622,0.83
219,18,val,2.705681,0.84
219,19,val,13.517756,0.85
219,20,val,9.301421,0.86
219,21,val,9.301163,0.86
219,22,val,8.011868,0.87
219,23,val,2.682937,0.88
219,24,val,3.689923,0.88
219,25,val,13.321349,0.89
219,26,val,3.598752,0.90
219,27,val,16.765686,0.90
219,28,val,4.265785,0.91
219,29,val,10.146197,0.92
219,30,val,3.460208,0.92
219,31,val,15.153826,0.93
219,32,val,9.079384,0.94
219,33,val,5.797720,0.94
219,34,val,9.296413,0.95
219,35,val,3.019144,0.95
220,0,train,6.740011,0.15
220,1,train,4.453188,0.19
220,2,train,6.262215,0.22
220,3,train,5.399312,0.26
220,4,train,5.692836,0.29
220,5,train,5.821036,0.33
220,6,train,5.152248,0.36
220,7,train,4.940506,0.40
220,8,train,5.357974,0.44
220,9,train,5.480982,0.47
220,10,train,4.152030,0.50
220,11,train,4.696958,0.53
220,12,train,3.572263,0.57
220,13,train,10.553840,0.60
220,0,val,4.794624,0.73
220,1,val,4.974626,0.74
220,2,val,12.366769,0.74
220,3,val,12.462398,0.75
220,4,val,3.214651,0.77
220,5,val,3.097152,0.77
220,6,val,6.490381,0.78
220,7,val,6.161000,0.79
220,8,val,3.142941,0.80
220,9,val,10.319250,0.80
220,10,val,8.392206,0.81
220,11,val,6.128738,0.82
220,12,val,7.610202,0.82
220,13,val,7.200976,0.83
220,14,val,8.026731,0.84
220,15,val,2.630809,0.84
220,16,val,12.933189,0.85
220,17,val,5.614150,0.86
220,18,val,9.678195,0.87
220,19,val,14.555332,0.88
220,20,val,10.695674,0.88
220,21,val,15.588779,0.89
220,22,val,7.491960,0.90
220,23,val,2.072731,0.90
220,24,val,10.044484,0.91
220,25,val,13.563025,0.91
220,26,val,3.201432,0.92
220,27,val,5.401456,0.93
220,28,val,10.164273,0.93
220,29,val,4.702566,0.94
220,30,val,4.885064,0.95
220,31,val,18.869087,0.95
220,32,val,9.599484,0.96
220,33,val,7.290987,0.97
220,34,val,7.316236,0.97
220,35,val,2.870434,0.98
221,0,train,3.705911,0.14
221,1,train,4.910114,0.18
221,2,train,4.700303,0.21
221,3,train,4.442635,0.24
221,4,train,3.944020,0.28
221,5,train,6.842957,0.31
221,6,train,6.427867,0.35
221,7,train,4.302370,0.38
221,8,train,3.618716,0.41
221,9,train,6.631026,0.45
221,10,train,4.007677,0.48
221,11,train,4.254615,0.51
221,12,train,4.815819,0.54
221,13,train,5.462495,0.58
221,0,val,3.764760,0.70
221,1,val,4.420064,0.71
221,2,val,8.235281,0.72
221,3,val,10.216787,0.73
221,4,val,2.356153,0.74
221,5,val,3.847357,0.75
221,6,val,5.632363,0.76
221,7,val,5.548580,0.76
221,8,val,3.806707,0.77
221,9,val,10.312565,0.78
221,10,val,8.940844,0.78
221,11,val,5.005841,0.79
221,12,val,7.746327,0.80
221,13,val,4.674707,0.80
221,14,val,6.993137,0.81
221,15,val,3.095107,0.82
221,16,val,10.726860,0.82
221,17,val,5.830515,0.83
221,18,val,6.153746,0.84
221,19,val,12.598086,0.85
221,20,val,8.157656,0.86
221,21,val,9.485191,0.87
221,22,val,7.002892,0.87
221,23,val,6.266357,0.88
221,24,val,8.213393,0.89
221,25,val,14.919987,0.89
221,26,val,3.107008,0.90
221,27,val,4.086064,0.91
221,28,val,4.304623,0.92
221,29,val,3.767876,0.92
221,30,val,7.325117,0.93
221,31,val,23.951000,0.94
221,32,val,9.416599,0.95
221,33,val,3.035884,0.95
221,34,val,6.484232,0.96
221,35,val,4.484802,0.96
222,0,train,6.326828,0.15
222,1,train,4.243147,0.19
222,2,train,4.021196,0.22
222,3,train,5.388116,0.25
222,4,train,4.635599,0.29
222,5,train,5.427722,0.33
222,6,train,4.872244,0.36
222,7,train,4.546231,0.40
222,8,train,4.378719,0.43
222,9,train,6.609960,0.46
222,10,train,4.645110,0.50
222,11,train,4.814694,0.53
222,12,train,5.674305,0.56
222,13,train,5.131368,0.59
222,0,val,12.226254,0.72
222,1,val,5.621868,0.72
222,2,val,7.493410,0.73
222,3,val,13.983328,0.74
222,4,val,3.017573,0.75
222,5,val,3.064407,0.76
222,6,val,10.959752,0.77
222,7,val,5.973663,0.77
222,8,val,2.469043,0.78
222,9,val,7.803874,0.79
222,10,val,8.684258,0.79
222,11,val,4.712861,0.80
222,12,val,7.590324,0.80
222,13,val,3.812463,0.81
222,14,val,10.471435,0.82
222,15,val,2.639872,0.82
222,16,val,9.608872,0.83
222,17,val,5.107286,0.84
222,18,val,2.621371,0.84
222,19,val,13.223442,0.86
222,20,val,8.469503,0.86
222,21,val,11.141891,0.87
222,22,val,7.115489,0.87
222,23,val,2.552003,0.88
222,24,val,3.343522,0.89
222,25,val,12.830340,0.89
222,26,val,3.710912,0.90
222,27,val,5.369443,0.91
222,28,val,4.376670,0.91
222,29,val,3.849683,0.92
222,30,val,4.019214,0.93
222,31,val,13.255143,0.93
222,32,val,8.649723,0.94
222,33,val,3.229212,0.94
222,34,val,12.889008,0.94
222,35,val,3.559799,0.95
223,0,train,5.482205,0.14
223,1,train,4.761854,0.18
223,2,train,5.973235,0.22
223,3,train,5.229456,0.25
223,4,train,4.359297,0.29
223,5,train,5.529601,0.33
223,6,train,5.082465,0.36
223,7,train,4.990873,0.40
223,8,train,4.264298,0.43
223,9,train,5.678703,0.46
223,10,train,5.790308,0.51
223,11,train,5.332644,0.54
223,12,train,4.095610,0.57
223,13,train,4.796411,0.60
223,0,val,4.639326,0.73
223,1,val,3.813719,0.73
223,2,val,14.345130,0.74
223,3,val,10.065429,0.75
223,4,val,3.417428,0.77
223,5,val,3.162149,0.78
223,6,val,5.275306,0.79
223,7,val,5.339721,0.79
223,8,val,10.200507,0.80
223,9,val,9.351145,0.81
223,10,val,7.449844,0.81
223,11,val,7.833256,0.82
223,12,val,7.945370,0.83
223,13,val,4.636918,0.83
223,14,val,7.554276,0.84
223,15,val,3.389939,0.85
223,16,val,10.333098,0.85
223,17,val,5.398159,0.87
223,18,val,2.832679,0.87
223,19,val,13.929185,0.88
223,20,val,8.448843,0.89
223,21,val,8.630651,0.89
223,22,val,6.891947,0.90
223,23,val,2.548553,0.91
223,24,val,3.615713,0.91
223,25,val,12.881383,0.92
223,26,val,5.940339,0.93
223,27,val,9.659527,0.93
223,28,val,9.885557,0.94
223,29,val,7.758776,0.95
223,30,val,8.877246,0.95
223,31,val,13.831463,0.96
223,32,val,10.131801,0.97
223,33,val,8.880207,0.97
223,34,val,7.962315,0.98
223,35,val,2.959416,0.98
224,0,train,5.056886,0.12
224,1,train,4.398457,0.16
224,2,train,4.662109,0.20
224,3,train,4.368082,0.23
224,4,train,5.887349,0.27
224,5,train,5.444108,0.30
224,6,train,3.905879,0.33
224,7,train,6.798307,0.37
224,8,train,4.108274,0.41
224,9,train,6.080575,0.45
224,10,train,6.264121,0.49
224,11,train,5.728262,0.52
224,12,train,5.188396,0.55
224,13,train,4.226038,0.59
224,0,val,4.554619,0.78
224,1,val,10.846368,0.80
224,2,val,7.076478,0.82
224,3,val,10.268716,0.84
224,4,val,6.511527,0.85
224,5,val,3.374276,0.86
224,6,val,8.455478,0.87
224,7,val,8.966613,0.88
224,8,val,5.006596,0.89
224,9,val,8.141623,0.90
224,10,val,7.784045,0.91
224,11,val,5.294279,0.93
224,12,val,9.431544,0.94
224,13,val,3.772537,0.96
224,14,val,7.526736,0.98
224,15,val,3.912486,0.99
224,16,val,11.815653,1.02
224,17,val,4.252702,1.03
224,18,val,3.252148,1.05
224,19,val,20.300016,1.06
224,20,val,8.182123,1.08
224,21,val,8.693787,1.10
224,22,val,8.977996,1.13
224,23,val,3.836673,1.15
224,24,val,2.753700,1.16
224,25,val,12.924592,1.17
224,26,val,3.243005,1.19
224,27,val,5.191259,1.20
224,28,val,5.426242,1.22
224,29,val,4.138227,1.24
224,30,val,3.500426,1.25
224,31,val,20.394428,1.27
224,32,val,8.581549,1.28
224,33,val,4.576397,1.29
224,34,val,5.948208,1.29
224,35,val,3.794520,1.31
225,0,train,3.836327,0.35
225,1,train,3.586884,0.47
225,2,train,4.716331,0.58
225,3,train,4.257533,0.63
225,4,train,4.474229,0.71
225,5,train,4.653326,0.76
225,6,train,3.531398,0.80
225,7,train,5.570002,0.84
225,8,train,4.933769,0.88
225,9,train,5.203129,0.92
225,10,train,6.728971,0.96
225,11,train,3.649018,0.99
225,12,train,4.930894,1.03
225,13,train,5.195392,1.06
225,0,val,9.746640,1.27
225,1,val,7.486132,1.29
225,2,val,9.144135,1.30
225,3,val,15.647349,1.31
225,4,val,2.971642,1.32
225,5,val,2.953293,1.33
225,6,val,5.187319,1.34
225,7,val,5.568433,1.35
225,8,val,3.331610,1.36
225,9,val,8.547767,1.37
225,10,val,16.733810,1.38
225,11,val,4.592745,1.40
225,12,val,8.968253,1.41
225,13,val,6.289941,1.42
225,14,val,7.812262,1.43
225,15,val,4.230589,1.44
225,16,val,10.249591,1.44
225,17,val,5.145772,1.45
225,18,val,2.715883,1.46
225,19,val,13.889182,1.47
225,20,val,9.855443,1.48
225,21,val,8.460913,1.49
225,22,val,13.731224,1.51
225,23,val,2.861233,1.52
225,24,val,14.059633,1.53
225,25,val,14.654732,1.54
225,26,val,10.845345,1.55
225,27,val,4.322128,1.56
225,28,val,3.725250,1.57
225,29,val,3.944643,1.58
225,30,val,3.879596,1.59
225,31,val,16.237329,1.60
225,32,val,9.607382,1.61
225,33,val,2.993936,1.62
225,34,val,6.841603,1.62
225,35,val,3.026084,1.63
226,0,train,4.163814,0.20
226,1,train,4.919960,0.25
226,2,train,5.970699,0.30
226,3,train,5.073996,0.34
226,4,train,6.198566,0.38
226,5,train,6.720840,0.44
226,6,train,4.281507,0.48
226,7,train,5.466228,0.53
226,8,train,5.181415,0.57
226,9,train,4.404787,0.61
226,10,train,4.381608,0.65
226,11,train,5.591057,0.68
226,12,train,6.588671,0.71
226,13,train,4.177387,0.75
226,0,val,4.546668,0.95
226,1,val,4.876249,0.97
226,2,val,10.341391,0.98
226,3,val,13.078883,0.99
226,4,val,4.117104,1.00
226,5,val,2.649871,1.01
226,6,val,4.583099,1.02
226,7,val,8.353196,1.03
226,8,val,4.766845,1.04
226,9,val,8.267498,1.05
226,10,val,8.384874,1.06
226,11,val,4.922614,1.07
226,12,val,6.999067,1.09
226,13,val,4.175998,1.09
226,14,val,7.214531,1.10
226,15,val,5.891927,1.11
226,16,val,9.531946,1.12
226,17,val,5.626420,1.13
226,18,val,2.644776,1.14
226,19,val,13.166492,1.15
226,20,val,11.917131,1.16
226,21,val,9.585452,1.17
226,22,val,8.096261,1.18
226,23,val,3.895104,1.19
226,24,val,1.983641,1.20
226,25,val,13.970654,1.21
226,26,val,6.393237,1.21
226,27,val,10.000422,1.22
226,28,val,9.716233,1.23
226,29,val,6.540121,1.24
226,30,val,6.673804,1.25
226,31,val,14.040323,1.26
226,32,val,9.929220,1.26
226,33,val,3.327653,1.27
226,34,val,6.941067,1.28
226,35,val,3.670270,1.28
227,0,train,5.789912,0.18
227,1,train,6.482140,0.23
227,2,train,4.458247,0.27
227,3,train,4.046512,0.31
227,4,train,6.555019,0.37
227,5,train,6.608290,0.41
227,6,train,4.953559,0.45
227,7,train,3.983722,0.50
227,8,train,5.719109,0.55
227,9,train,5.251783,0.59
227,10,train,4.097823,0.63
227,11,train,6.010315,0.67
227,12,train,5.529837,0.70
227,13,train,4.505084,0.74
227,0,val,5.362985,0.92
227,1,val,4.177851,0.94
227,2,val,7.829964,0.95
227,3,val,9.046219,0.96
227,4,val,2.621941,0.97
227,5,val,3.731699,0.98
227,6,val,4.903781,0.98
227,7,val,5.238564,0.99
227,8,val,5.224766,1.00
227,9,val,11.729123,1.01
227,10,val,7.898760,1.02
227,11,val,10.085635,1.03
227,12,val,7.004542,1.05
227,13,val,4.538957,1.06
227,14,val,9.709420,1.07
227,15,val,4.218625,1.08
227,16,val,13.300882,1.09
227,17,val,4.225547,1.10
227,18,val,3.242118,1.12
227,19,val,14.988674,1.13
227,20,val,8.492963,1.14
227,21,val,9.498124,1.15
227,22,val,12.612570,1.16
227,23,val,3.201677,1.17
227,24,val,2.555110,1.18
227,25,val,13.060367,1.19
227,26,val,7.002532,1.20
227,27,val,3.945872,1.21
227,28,val,4.631627,1.22
227,29,val,5.414942,1.23
227,30,val,4.972941,1.24
227,31,val,15.135384,1.25
227,32,val,8.760412,1.26
227,33,val,5.380169,1.27
227,34,val,11.095730,1.28
227,35,val,3.288792,1.29
228,0,train,4.575497,0.19
228,1,train,4.735392,0.23
228,2,train,4.438129,0.27
228,3,train,6.429527,0.30
228,4,train,4.407382,0.35
228,5,train,6.959896,0.38
228,6,train,5.592481,0.41
228,7,train,4.531821,0.52
228,8,train,5.309383,0.56
228,9,train,7.515029,0.59
228,10,train,3.765258,0.63
228,11,train,4.286882,0.66
228,12,train,6.099907,0.70
228,13,train,3.868810,0.73
228,0,val,4.209435,0.85
228,1,val,4.509085,0.86
228,2,val,7.195916,0.87
228,3,val,12.136285,0.87
228,4,val,2.392266,0.89
228,5,val,3.213672,0.90
228,6,val,5.602232,0.90
228,7,val,5.344938,0.91
228,8,val,3.711989,0.92
228,9,val,7.610882,0.92
228,10,val,7.646943,0.93
228,11,val,4.955225,0.94
228,12,val,10.118534,0.94
228,13,val,5.198379,0.95
228,14,val,7.750877,0.96
228,15,val,3.857581,0.96
228,16,val,10.529935,0.97
228,17,val,4.667052,0.98
228,18,val,2.554234,0.99
228,19,val,13.895688,1.00
228,20,val,8.778007,1.00
228,21,val,8.863596,1.01
228,22,val,6.732691,1.02
228,23,val,6.666150,1.02
228,24,val,2.440123,1.03
228,25,val,13.306506,1.04
228,26,val,3.762343,1.04
228,27,val,4.709124,1.05
228,28,val,4.117826,1.06
228,29,val,7.444914,1.06
228,30,val,3.886348,1.07
228,31,val,13.658236,1.08
228,32,val,9.093287,1.08
228,33,val,3.347816,1.09
228,34,val,7.179736,1.09
228,35,val,4.059493,1.10
229,0,train,5.307332,0.17
229,1,train,5.102229,0.22
229,2,train,4.424884,0.26
229,3,train,3.905652,0.29
229,4,train,5.837697,0.33
229,5,train,5.102425,0.36
229,6,train,4.610080,0.39
229,7,train,6.978698,0.43
229,8,train,4.869442,0.46
229,9,train,4.501552,0.49
229,10,train,4.139910,0.53
229,11,train,4.683734,0.56
229,12,train,5.084382,0.59
229,13,train,4.033430,0.62
229,0,val,4.964089,0.75
229,1,val,4.792268,0.76
229,2,val,7.568929,0.76
229,3,val,9.931286,0.77
229,4,val,5.951247,0.78
229,5,val,3.815798,0.79
229,6,val,7.949351,0.80
229,7,val,8.432717,0.80
229,8,val,2.543033,0.81
229,9,val,18.591190,0.82
229,10,val,7.503087,0.82
229,11,val,4.611938,0.83
229,12,val,6.612123,0.84
229,13,val,4.331750,0.85
229,14,val,7.242397,0.85
229,15,val,11.303395,0.86
229,16,val,9.139207,0.87
229,17,val,4.720273,0.87
229,18,val,4.768095,0.89
229,19,val,13.202600,0.90
229,20,val,8.383176,0.90
229,21,val,10.651768,0.91
229,22,val,13.535512,0.92
229,23,val,2.884612,0.92
229,24,val,1.998060,0.93
229,25,val,18.757484,0.94
229,26,val,3.368049,0.94
229,27,val,8.895961,0.95
229,28,val,3.929778,0.96
229,29,val,4.910418,0.96
229,30,val,3.764497,0.98
229,31,val,13.625555,0.99
229,32,val,9.897889,1.00
229,33,val,2.986913,1.01
229,34,val,10.946543,1.01
229,35,val,4.926207,1.02
230,0,train,3.970973,0.13
230,1,train,5.098029,0.18
230,2,train,4.361877,0.21
230,3,train,4.426207,0.24
230,4,train,4.628701,0.27
230,5,train,5.020999,0.31
230,6,train,5.418983,0.34
230,7,train,6.438253,0.38
230,8,train,3.723334,0.41
230,9,train,5.271712,0.46
230,10,train,6.184411,0.49
230,11,train,5.467724,0.52
230,12,train,4.272345,0.55
230,13,train,5.600274,0.58
230,0,val,4.065972,0.71
230,1,val,4.456468,0.72
230,2,val,7.684905,0.73
230,3,val,10.620421,0.73
230,4,val,6.661003,0.74
230,5,val,5.031240,0.76
230,6,val,5.224949,0.76
230,7,val,5.474050,0.77
230,8,val,3.663853,0.78
230,9,val,8.748126,0.78
230,10,val,7.982072,0.79
230,11,val,4.892177,0.80
230,12,val,6.875463,0.80
230,13,val,4.845024,0.81
230,14,val,10.721235,0.82
230,15,val,2.864831,0.82
230,16,val,9.446486,0.83
230,17,val,4.561572,0.84
230,18,val,3.817818,0.84
230,19,val,12.730790,0.85
230,20,val,16.302189,0.86
230,21,val,8.683016,0.87
230,22,val,6.969293,0.87
230,23,val,3.634057,0.88
230,24,val,2.795566,0.89
230,25,val,14.609473,0.89
230,26,val,3.595839,0.90
230,27,val,4.420159,0.91
230,28,val,5.036804,0.91
230,29,val,3.607524,0.92
230,30,val,5.297955,0.93
230,31,val,14.731987,0.93
230,32,val,10.410039,0.94
230,33,val,6.231996,0.94
230,34,val,6.773643,0.95
230,35,val,19.514374,0.95
231,0,train,5.903635,0.13
231,1,train,7.418676,0.17
231,2,train,3.934474,0.20
231,3,train,5.255211,0.24
231,4,train,4.238631,0.28
231,5,train,5.903774,0.31
231,6,train,4.071767,0.35
231,7,train,4.355383,0.39
231,8,train,3.379469,0.42
231,9,train,5.525418,0.46
231,10,train,5.384531,0.50
231,11,train,5.507913,0.53
231,12,train,4.054706,0.56
231,13,train,5.286118,0.59
231,0,val,3.958853,0.72
231,1,val,6.495318,0.73
231,2,val,8.289070,0.73
231,3,val,8.988514,0.74
231,4,val,3.329637,0.76
231,5,val,3.160873,0.76
231,6,val,5.140602,0.77
231,7,val,5.321715,0.78
231,8,val,3.702150,0.78
231,9,val,11.802783,0.79
231,10,val,7.516829,0.80
231,11,val,4.498415,0.80
231,12,val,6.360074,0.81
231,13,val,7.811133,0.81
231,14,val,12.945143,0.82
231,15,val,2.972739,0.83
231,16,val,10.323973,0.83
231,17,val,6.213218,0.84
231,18,val,3.375149,0.85
231,19,val,13.999079,0.86
231,20,val,8.257996,0.87
231,21,val,10.099945,0.87
231,22,val,8.115927,0.88
231,23,val,3.408439,0.88
231,24,val,2.068488,0.89
231,25,val,12.733217,0.90
231,26,val,3.847629,0.90
231,27,val,4.661384,0.91
231,28,val,4.100776,0.92
231,29,val,7.360369,0.92
231,30,val,7.349339,0.93
231,31,val,13.730022,0.94
231,32,val,9.138247,0.94
231,33,val,3.948652,0.95
231,34,val,6.287373,0.95
231,35,val,8.010344,0.96
232,0,train,4.845847,0.14
232,1,train,4.425564,0.18
232,2,train,6.074070,0.21
232,3,train,4.697286,0.25
232,4,train,5.818695,0.29
232,5,train,8.029882,0.32
232,6,train,4.860297,0.35
232,7,train,5.647575,0.39
232,8,train,4.604405,0.43
232,9,train,3.289830,0.46
232,10,train,5.069449,0.50
232,11,train,3.825748,0.53
232,12,train,4.681797,0.56
232,13,train,4.252480,0.59
232,0,val,5.933670,0.72
232,1,val,3.822986,0.73
232,2,val,14.264214,0.74
232,3,val,13.303301,0.75
232,4,val,8.802803,0.76
232,5,val,2.581601,0.77
232,6,val,6.527334,0.77
232,7,val,6.372393,0.78
232,8,val,4.193305,0.79
232,9,val,7.739064,0.79
232,10,val,8.349718,0.80
232,11,val,12.404911,0.81
232,12,val,6.979695,0.81
232,13,val,5.561047,0.82
232,14,val,7.218139,0.83
232,15,val,2.133616,0.83
232,16,val,10.579396,0.84
232,17,val,4.402446,0.85
232,18,val,3.370993,0.86
232,19,val,15.622734,0.87
232,20,val,9.014937,0.88
232,21,val,9.143186,0.88
232,22,val,7.876986,0.89
232,23,val,2.516073,0.90
232,24,val,4.193861,0.90
232,25,val,12.292170,0.91
232,26,val,11.387495,0.91
232,27,val,4.031481,0.92
232,28,val,10.711709,0.93
232,29,val,3.956414,0.93
232,30,val,4.215485,0.94
232,31,val,17.077723,0.95
232,32,val,8.335714,0.96
232,33,val,2.797171,0.96
232,34,val,7.355751,0.97
232,35,val,4.532828,0.97
233,0,train,3.498186,0.14
233,1,train,5.717819,0.18
233,2,train,4.039867,0.21
233,3,train,4.754554,0.25
233,4,train,5.496219,0.29
233,5,train,5.654728,0.32
233,6,train,5.262165,0.35
233,7,train,5.954340,0.39
233,8,train,4.393943,0.43
233,9,train,4.458925,0.46
233,10,train,5.323074,0.50
233,11,train,3.912722,0.54
233,12,train,3.478652,0.57
233,13,train,6.183150,0.61
233,0,val,4.039615,0.79
233,1,val,4.965833,0.80
233,2,val,7.121548,0.81
233,3,val,8.761148,0.82
233,4,val,2.528309,0.83
233,5,val,2.940536,0.84
233,6,val,57.141666,0.85
233,7,val,6.117846,0.86
233,8,val,2.710008,0.87
233,9,val,8.001621,0.87
233,10,val,7.754879,0.88
233,11,val,11.442427,0.89
233,12,val,5.986996,0.90
233,13,val,5.558308,0.92
233,14,val,7.517777,0.93
233,15,val,2.841525,0.94
233,16,val,11.084266,0.95
233,17,val,5.617192,0.96
233,18,val,2.789909,0.97
233,19,val,13.005302,0.98
233,20,val,8.009526,0.99
233,21,val,12.050510,1.00
233,22,val,6.525819,1.01
233,23,val,2.574741,1.02
233,24,val,2.150431,1.03
233,25,val,12.781423,1.04
233,26,val,8.565799,1.05
233,27,val,6.304404,1.06
233,28,val,13.309265,1.07
233,29,val,4.518658,1.07
233,30,val,5.637487,1.08
233,31,val,14.413472,1.09
233,32,val,9.678420,1.10
233,33,val,3.603282,1.10
233,34,val,7.272697,1.11
233,35,val,4.024294,1.12
234,0,train,4.825621,0.15
234,1,train,6.298045,0.21
234,2,train,4.877217,0.26
234,3,train,5.821995,0.31
234,4,train,3.395337,0.35
234,5,train,4.198144,0.39
234,6,train,5.402574,0.42
234,7,train,5.418476,0.45
234,8,train,5.582014,0.49
234,9,train,4.366941,0.53
234,10,train,3.709771,0.56
234,11,train,4.889847,0.59
234,12,train,3.230009,0.63
234,13,train,4.409328,0.66
234,0,val,5.490888,0.84
234,1,val,9.531477,0.88
234,2,val,7.979670,0.89
234,3,val,8.546507,0.90
234,4,val,4.071781,0.91
234,5,val,2.545076,0.92
234,6,val,5.791934,0.93
234,7,val,5.446980,0.94
234,8,val,2.859933,0.95
234,9,val,9.921228,0.96
234,10,val,7.779204,0.96
234,11,val,6.797879,0.98
234,12,val,14.672442,0.98
234,13,val,4.214143,0.99
234,14,val,11.877191,1.00
234,15,val,2.044496,1.01
234,16,val,10.423352,1.02
234,17,val,4.800959,1.03
234,18,val,2.677328,1.04
234,19,val,15.935243,1.04
234,20,val,8.680339,1.05
234,21,val,9.385104,1.06
234,22,val,6.867889,1.07
234,23,val,3.519039,1.08
234,24,val,6.937004,1.09
234,25,val,12.977083,1.10
234,26,val,3.734636,1.11
234,27,val,4.106684,1.11
234,28,val,5.295292,1.12
234,29,val,4.338454,1.13
234,30,val,3.883224,1.14
234,31,val,14.672831,1.15
234,32,val,9.187559,1.16
234,33,val,4.136141,1.17
234,34,val,6.169785,1.17
234,35,val,4.679960,1.18
235,0,train,3.877426,0.40
235,1,train,6.147831,0.53
235,2,train,5.669272,0.63
235,3,train,4.144438,0.75
235,4,train,6.111841,0.86
235,5,train,6.049365,0.98
235,6,train,6.265411,1.07
235,7,train,6.467013,1.12
235,8,train,5.086662,1.18
235,9,train,5.295498,1.24
235,10,train,4.420249,1.29
235,11,train,4.017884,1.32
235,12,train,4.747902,1.36
235,13,train,4.303306,1.40
235,0,val,4.955054,1.65
235,1,val,6.576144,1.67
235,2,val,7.550323,1.68
235,3,val,8.497496,1.69
235,4,val,2.413931,1.70
235,5,val,2.751135,1.71
235,6,val,5.081308,1.72
235,7,val,6.185321,1.73
235,8,val,2.610145,1.74
235,9,val,7.905383,1.74
235,10,val,9.547699,1.75
235,11,val,7.016378,1.77
235,12,val,10.524005,1.78
235,13,val,4.196877,1.79
235,14,val,8.728400,1.80
235,15,val,3.531803,1.81
235,16,val,9.508416,1.82
235,17,val,5.610923,1.84
235,18,val,3.373980,1.85
235,19,val,15.799905,1.86
235,20,val,9.154616,1.87
235,21,val,8.267263,1.89
235,22,val,6.837108,1.90
235,23,val,2.927959,1.91
235,24,val,4.282566,1.91
235,25,val,14.334600,1.92
235,26,val,3.254153,1.93
235,27,val,4.210915,1.95
235,28,val,4.199502,1.96
235,29,val,9.204764,1.97
235,30,val,4.080410,1.98
235,31,val,13.977513,1.99
235,32,val,9.341030,1.99
235,33,val,4.484725,2.00
235,34,val,11.567455,2.00
235,35,val,14.538409,2.01
236,0,train,4.179044,0.21
236,1,train,4.411202,0.26
236,2,train,5.987068,0.29
236,3,train,4.255674,0.33
236,4,train,7.063701,0.38
236,5,train,4.831708,0.44
236,6,train,4.332909,0.50
236,7,train,4.266533,0.56
236,8,train,5.978721,0.62
236,9,train,8.589834,0.66
236,10,train,5.241769,0.69
236,11,train,3.232780,0.73
236,12,train,4.285158,0.77
236,13,train,5.751074,0.80
236,0,val,10.524465,0.96
236,1,val,6.047659,0.97
236,2,val,8.111825,0.98
236,3,val,10.265503,0.99
236,4,val,3.722198,1.00
236,5,val,3.200427,1.01
236,6,val,6.747717,1.01
236,7,val,5.958120,1.02
236,8,val,3.986545,1.03
236,9,val,10.924766,1.03
236,10,val,7.328773,1.04
236,11,val,5.011711,1.05
236,12,val,6.650593,1.05
236,13,val,3.589474,1.06
236,14,val,9.273841,1.07
236,15,val,2.413093,1.07
236,16,val,10.893513,1.09
236,17,val,4.508478,1.09
236,18,val,5.705239,1.10
236,19,val,13.139741,1.11
236,20,val,8.564254,1.11
236,21,val,8.744281,1.12
236,22,val,7.189831,1.13
236,23,val,4.229949,1.13
236,24,val,3.402681,1.14
236,25,val,85.822548,1.14
236,26,val,4.911313,1.15
236,27,val,6.585117,1.16
236,28,val,3.673276,1.16
236,29,val,5.844951,1.17
236,30,val,12.643144,1.18
236,31,val,14.131144,1.19
236,32,val,9.397493,1.19
236,33,val,2.606720,1.20
236,34,val,10.036547,1.20
236,35,val,4.493862,1.21
237,0,train,4.207961,0.13
237,1,train,4.653709,0.17
237,2,train,5.412445,0.20
237,3,train,5.481669,0.23
237,4,train,6.658206,0.27
237,5,train,4.392268,0.30
237,6,train,3.186798,0.33
237,7,train,4.747220,0.38
237,8,train,5.849154,0.41
237,9,train,3.865826,0.45
237,10,train,5.064895,0.48
237,11,train,4.730389,0.51
237,12,train,3.961369,0.54
237,13,train,4.531350,0.58
237,0,val,4.989195,0.70
237,1,val,3.703588,0.71
237,2,val,12.382623,0.72
237,3,val,12.070818,0.72
237,4,val,2.366645,0.74
237,5,val,6.675989,0.74
237,6,val,9.207521,0.75
237,7,val,6.676704,0.76
237,8,val,5.924246,0.76
237,9,val,10.000996,0.77
237,10,val,8.733219,0.78
237,11,val,4.936866,0.78
237,12,val,6.079886,0.79
237,13,val,4.842875,0.80
237,14,val,7.980041,0.80
237,15,val,2.207815,0.81
237,16,val,10.598550,0.81
237,17,val,5.090535,0.82
237,18,val,2.963830,0.83
237,19,val,12.292327,0.84
237,20,val,8.066320,0.85
237,21,val,12.423675,0.85
237,22,val,11.436589,0.86
237,23,val,2.411928,0.87
237,24,val,6.159416,0.87
237,25,val,12.837805,0.88
237,26,val,4.128751,0.89
237,27,val,8.122133,0.89
237,28,val,4.022685,0.90
237,29,val,4.099826,0.91
237,30,val,5.060601,0.91
237,31,val,13.595130,0.92
237,32,val,8.427075,0.92
237,33,val,2.586338,0.93
237,34,val,7.448125,0.94
237,35,val,3.158552,0.94
238,0,train,4.734093,0.13
238,1,train,3.227595,0.17
238,2,train,4.320384,0.21
238,3,train,5.034228,0.24
238,4,train,5.559955,0.28
238,5,train,4.149786,0.32
238,6,train,5.197070,0.35
238,7,train,4.503720,0.39
238,8,train,5.353703,0.43
238,9,train,5.026871,0.46
238,10,train,4.352813,0.50
238,11,train,4.013073,0.53
238,12,train,6.214703,0.57
238,13,train,5.782305,0.60
238,0,val,3.907394,0.75
238,1,val,4.727256,0.76
238,2,val,7.749213,0.77
238,3,val,12.494912,0.78
238,4,val,8.064591,0.79
238,5,val,3.604351,0.80
238,6,val,4.807818,0.80
238,7,val,8.347814,0.81
238,8,val,3.669912,0.82
238,9,val,10.354179,0.82
238,10,val,7.012612,0.83
238,11,val,5.304387,0.84
238,12,val,7.725404,0.84
238,13,val,5.171507,0.85
238,14,val,7.798542,0.85
238,15,val,2.301091,0.86
238,16,val,11.778235,0.87
238,17,val,4.670420,0.87
238,18,val,10.924173,0.88
238,19,val,13.253616,0.89
238,20,val,12.790560,0.90
238,21,val,10.078247,0.91
238,22,val,6.526348,0.91
238,23,val,2.697836,0.92
238,24,val,2.377306,0.93
238,25,val,12.997820,0.93
238,26,val,3.304511,0.94
238,27,val,4.256235,0.94
238,28,val,4.139302,0.95
238,29,val,6.900641,0.96
238,30,val,5.620816,0.96
238,31,val,16.207504,0.97
238,32,val,8.747779,0.98
238,33,val,3.101220,0.98
238,34,val,6.281729,0.98
238,35,val,3.377477,0.99
239,0,train,7.036150,0.14
239,1,train,3.834549,0.18
239,2,train,4.536337,0.21
239,3,train,3.777859,0.24
239,4,train,4.151424,0.28
239,5,train,4.296177,0.31
239,6,train,7.437030,0.34
239,7,train,5.056198,0.38
239,8,train,3.645688,0.42
239,9,train,4.396304,0.45
239,10,train,4.996822,0.49
239,11,train,4.522040,0.52
239,12,train,3.709012,0.55
239,13,train,5.923306,0.58
239,0,val,3.846101,0.72
239,1,val,7.144528,0.73
239,2,val,7.761034,0.74
239,3,val,14.209311,0.75
239,4,val,3.625385,0.75
239,5,val,6.310788,0.76
239,6,val,5.735294,0.77
239,7,val,5.942553,0.78
239,8,val,3.842014,0.78
239,9,val,8.961008,0.79
239,10,val,14.282990,0.80
239,11,val,5.150701,0.80
239,12,val,9.095173,0.81
239,13,val,4.658047,0.82
239,14,val,7.746243,0.82
239,15,val,6.481715,0.83
239,16,val,10.109774,0.84
239,17,val,4.855831,0.85
239,18,val,2.835448,0.85
239,19,val,16.306782,0.86
239,20,val,10.640079,0.87
239,21,val,9.527410,0.87
239,22,val,11.972848,0.88
239,23,val,2.526624,0.89
239,24,val,2.123588,0.89
239,25,val,11.825338,0.90
239,26,val,3.476254,0.91
239,27,val,4.099554,0.91
239,28,val,6.607285,0.92
239,29,val,6.384912,0.93
239,30,val,4.214604,0.93
239,31,val,15.278112,0.94
239,32,val,14.498462,0.95
239,33,val,3.533851,0.95
239,34,val,7.431344,0.96
239,35,val,4.896485,0.96
240,0,train,4.407506,0.16
240,1,train,4.781915,0.20
240,2,train,5.695885,0.24
240,3,train,4.384318,0.27
240,4,train,4.540049,0.31
240,5,train,3.968047,0.35
240,6,train,4.568644,0.38
240,7,train,4.080265,0.42
240,8,train,4.956098,0.46
240,9,train,3.932877,0.49
240,10,train,3.560527,0.53
240,11,train,4.667982,0.56
240,12,train,4.168374,0.59
240,13,train,4.506055,0.63
240,0,val,3.769939,0.76
240,1,val,4.983392,0.77
240,2,val,7.202967,0.77
240,3,val,8.704717,0.79
240,4,val,3.246069,0.80
240,5,val,3.478724,0.80
240,6,val,5.993734,0.81
240,7,val,6.372466,0.82
240,8,val,4.225073,0.82
240,9,val,7.798167,0.83
240,10,val,10.100190,0.84
240,11,val,5.655136,0.84
240,12,val,6.743165,0.85
240,13,val,4.235015,0.86
240,14,val,11.904834,0.87
240,15,val,5.091952,0.87
240,16,val,10.412662,0.89
240,17,val,4.864180,0.89
240,18,val,7.584498,0.90
240,19,val,12.817595,0.91
240,20,val,8.557108,0.92
240,21,val,8.295034,0.92
240,22,val,9.070257,0.93
240,23,val,8.990757,0.94
240,24,val,2.886009,0.94
240,25,val,14.280733,0.95
240,26,val,10.981594,0.96
240,27,val,3.723188,0.97
240,28,val,5.937471,0.97
240,29,val,4.580494,0.98
240,30,val,8.043151,0.99
240,31,val,14.261316,1.00
240,32,val,9.471952,1.00
240,33,val,3.052620,1.01
240,34,val,11.002032,1.01
240,35,val,3.584628,1.02
241,0,train,4.371319,0.13
241,1,train,4.584605,0.18
241,2,train,5.377969,0.22
241,3,train,5.352848,0.25
241,4,train,6.693106,0.29
241,5,train,4.094769,0.32
241,6,train,5.278255,0.36
241,7,train,5.217526,0.40
241,8,train,4.922148,0.43
241,9,train,4.054438,0.46
241,10,train,3.316542,0.50
241,11,train,4.731747,0.53
241,12,train,4.133604,0.56
241,13,train,4.798345,0.59
241,0,val,4.101901,0.72
241,1,val,4.329607,0.73
241,2,val,8.107518,0.74
241,3,val,8.962841,0.75
241,4,val,5.368836,0.76
241,5,val,2.542467,0.77
241,6,val,5.464014,0.78
241,7,val,8.012361,0.78
241,8,val,3.326712,0.79
241,9,val,8.029506,0.80
241,10,val,7.683130,0.80
241,11,val,4.378872,0.81
241,12,val,7.779371,0.82
241,13,val,4.868301,0.82
241,14,val,7.568579,0.83
241,15,val,3.536033,0.84
241,16,val,9.378233,0.85
241,17,val,5.879021,0.86
241,18,val,4.684453,0.87
241,19,val,16.638885,0.87
241,20,val,8.558084,0.88
241,21,val,8.809355,0.89
241,22,val,6.795545,0.89
241,23,val,3.610378,0.90
241,24,val,2.301982,0.91
241,25,val,15.882402,0.92
241,26,val,8.688552,0.92
241,27,val,4.201994,0.93
241,28,val,3.538744,0.94
241,29,val,4.763965,0.94
241,30,val,3.895433,0.95
241,31,val,14.305882,0.96
241,32,val,8.944131,0.97
241,33,val,2.509601,0.97
241,34,val,5.998943,0.97
241,35,val,4.014765,0.98
242,0,train,5.332505,0.13
242,1,train,5.069069,0.17
242,2,train,4.365819,0.21
242,3,train,3.777540,0.25
242,4,train,5.766729,0.29
242,5,train,6.919213,0.32
242,6,train,5.055796,0.35
242,7,train,3.975151,0.39
242,8,train,4.741647,0.43
242,9,train,6.163764,0.46
242,10,train,5.660275,0.49
242,11,train,5.605824,0.59
242,12,train,5.257504,0.63
242,13,train,4.003398,0.66
242,0,val,4.100788,0.78
242,1,val,3.938321,0.79
242,2,val,10.085679,0.80
242,3,val,12.147726,0.81
242,4,val,2.587100,0.82
242,5,val,8.290685,0.83
242,6,val,5.151452,0.84
242,7,val,6.155849,0.84
242,8,val,3.448020,0.85
242,9,val,10.039570,0.86
242,10,val,8.561908,0.86
242,11,val,5.881744,0.87
242,12,val,8.613232,0.88
242,13,val,4.908736,0.88
242,14,val,8.841454,0.89
242,15,val,8.416692,0.90
242,16,val,10.100369,0.90
242,17,val,5.849971,0.91
242,18,val,4.266735,0.92
242,19,val,12.369143,0.93
242,20,val,9.060838,0.94
242,21,val,8.398073,0.95
242,22,val,6.675868,0.95
242,23,val,2.515800,0.96
242,24,val,2.435603,0.97
242,25,val,12.501051,0.97
242,26,val,4.769266,0.98
242,27,val,4.205561,0.99
242,28,val,4.217446,0.99
242,29,val,3.867322,1.00
242,30,val,5.529661,1.01
242,31,val,13.848162,1.01
242,32,val,8.055742,1.02
242,33,val,3.502938,1.03
242,34,val,6.498237,1.03
242,35,val,3.445331,1.04
243,0,train,6.807278,0.13
243,1,train,4.232397,0.17
243,2,train,4.383134,0.21
243,3,train,4.202637,0.25
243,4,train,4.965743,0.28
243,5,train,4.083037,0.32
243,6,train,5.899234,0.35
243,7,train,5.749189,0.38
243,8,train,5.140213,0.42
243,9,train,5.933766,0.45
243,10,train,4.558927,0.49
243,11,train,5.403731,0.52
243,12,train,5.131832,0.55
243,13,train,3.639172,0.58
243,0,val,10.585808,0.72
243,1,val,4.991670,0.73
243,2,val,9.365180,0.74
243,3,val,9.362590,0.75
243,4,val,5.098975,0.76
243,5,val,3.934283,0.77
243,6,val,4.948445,0.78
243,7,val,8.219095,0.78
243,8,val,5.821933,0.79
243,9,val,9.841288,0.80
243,10,val,7.774544,0.80
243,11,val,4.754202,0.81
243,12,val,7.993418,0.81
243,13,val,4.511531,0.82
243,14,val,7.939287,0.83
243,15,val,2.379078,0.83
243,16,val,9.988005,0.84
243,17,val,5.117268,0.85
243,18,val,2.701167,0.86
243,19,val,15.890308,0.86
243,20,val,8.092558,0.87
243,21,val,8.519925,0.88
243,22,val,6.450473,0.88
243,23,val,2.486867,0.89
243,24,val,3.819730,0.90
243,25,val,13.771422,0.90
243,26,val,4.064892,0.91
243,27,val,4.632428,0.92
243,28,val,4.460259,0.92
243,29,val,4.062149,0.93
243,30,val,7.912387,0.94
243,31,val,17.797899,0.94
243,32,val,11.293534,0.95
243,33,val,3.821031,0.95
243,34,val,6.534928,0.96
243,35,val,2.956208,0.96
244,0,train,5.447418,0.14
244,1,train,4.956339,0.18
244,2,train,6.575215,0.22
244,3,train,4.302518,0.25
244,4,train,7.295349,0.29
244,5,train,4.719934,0.32
244,6,train,4.406958,0.35
244,7,train,3.686168,0.39
244,8,train,5.080019,0.42
244,9,train,7.823180,0.46
244,10,train,4.987120,0.49
244,11,train,7.350860,0.52
244,12,train,5.428605,0.55
244,13,train,4.147394,0.58
244,0,val,6.060935,0.72
244,1,val,7.234097,0.73
244,2,val,7.098412,0.73
244,3,val,9.823042,0.75
244,4,val,3.717926,0.76
244,5,val,2.983699,0.76
244,6,val,5.872792,0.77
244,7,val,6.614974,0.78
244,8,val,6.505953,0.78
244,9,val,8.639815,0.79
244,10,val,8.309538,0.80
244,11,val,10.412799,0.80
244,12,val,6.195474,0.81
244,13,val,4.203071,0.82
244,14,val,8.099482,0.82
244,15,val,3.093457,0.83
244,16,val,10.173982,0.84
244,17,val,4.757923,0.85
244,18,val,8.965752,0.86
244,19,val,12.881086,0.87
244,20,val,17.428757,0.88
244,21,val,9.508003,0.88
244,22,val,7.549360,0.89
244,23,val,2.121609,0.89
244,24,val,2.067665,0.90
244,25,val,12.154689,0.91
244,26,val,5.351919,0.91
244,27,val,4.828308,0.92
244,28,val,4.721363,0.93
244,29,val,11.926177,0.93
244,30,val,6.292091,0.94
244,31,val,14.862079,0.95
244,32,val,16.560591,0.96
244,33,val,6.552879,0.96
244,34,val,6.381093,0.97
244,35,val,3.249106,0.97
245,0,train,4.872331,0.15
245,1,train,4.419130,0.19
245,2,train,5.504977,0.22
245,3,train,4.973326,0.26
245,4,train,5.955884,0.30
245,5,train,4.003502,0.34
245,6,train,5.366733,0.37
245,7,train,4.852579,0.40
245,8,train,4.505298,0.44
245,9,train,5.080610,0.47
245,10,train,6.051025,0.51
245,11,train,3.805092,0.54
245,12,train,5.323730,0.57
245,13,train,5.122007,0.61
245,0,val,6.289080,0.78
245,1,val,5.414428,0.80
245,2,val,6.956835,0.81
245,3,val,10.376166,0.81
245,4,val,2.636234,0.82
245,5,val,3.416769,0.83
245,6,val,11.365084,0.83
245,7,val,6.011586,0.84
245,8,val,3.795250,0.85
245,9,val,9.322351,0.85
245,10,val,11.849285,0.86
245,11,val,5.029911,0.87
245,12,val,5.982058,0.87
245,13,val,4.012910,0.88
245,14,val,9.444807,0.90
245,15,val,2.692769,0.90
245,16,val,10.294865,0.91
245,17,val,5.064017,0.92
245,18,val,3.308959,0.93
245,19,val,13.807518,0.94
245,20,val,9.196737,0.95
245,21,val,8.637921,0.96
245,22,val,7.295681,0.97
245,23,val,4.327653,0.98
245,24,val,2.291397,0.98
245,25,val,11.971904,1.00
245,26,val,4.025190,1.01
245,27,val,5.569148,1.01
245,28,val,4.528327,1.02
245,29,val,4.690776,1.03
245,30,val,3.878098,1.04
245,31,val,13.165506,1.05
245,32,val,9.367278,1.05
245,33,val,3.078039,1.06
245,34,val,6.813116,1.06
245,35,val,9.521294,1.06
246,0,train,4.896069,0.24
246,1,train,5.092756,0.34
246,2,train,3.959918,0.40
246,3,train,5.665579,0.50
246,4,train,5.807496,0.56
246,5,train,4.705237,0.63
246,6,train,4.182016,0.68
246,7,train,4.310169,0.75
246,8,train,3.468365,0.81
246,9,train,4.969520,0.88
246,10,train,5.433426,0.92
246,11,train,4.301768,0.95
246,12,train,4.715645,0.98
246,13,train,3.833545,1.02
246,0,val,4.068964,1.21
246,1,val,7.015257,1.25
246,2,val,8.236995,1.26
246,3,val,8.908268,1.27
246,4,val,2.883968,1.28
246,5,val,2.455779,1.29
246,6,val,11.772669,1.30
246,7,val,5.619478,1.31
246,8,val,9.212334,1.31
246,9,val,8.770389,1.33
246,10,val,7.669594,1.34
246,11,val,4.998090,1.35
246,12,val,6.970656,1.36
246,13,val,6.280351,1.37
246,14,val,7.974732,1.38
246,15,val,3.045956,1.39
246,16,val,10.186758,1.40
246,17,val,16.295801,1.41
246,18,val,3.004523,1.42
246,19,val,15.113541,1.43
246,20,val,10.697597,1.44
246,21,val,8.618965,1.45
246,22,val,6.185400,1.46
246,23,val,2.774992,1.47
246,24,val,3.036671,1.48
246,25,val,11.728682,1.49
246,26,val,3.828558,1.49
246,27,val,4.282859,1.50
246,28,val,4.855792,1.51
246,29,val,4.799394,1.52
246,30,val,3.933710,1.53
246,31,val,13.962033,1.54
246,32,val,8.492802,1.55
246,33,val,3.756671,1.56
246,34,val,7.060634,1.56
246,35,val,3.707642,1.57
247,0,train,5.265637,0.18
247,1,train,4.860219,0.23
247,2,train,5.663526,0.27
247,3,train,4.135673,0.32
247,4,train,4.188197,0.36
247,5,train,4.480068,0.40
247,6,train,5.754029,0.44
247,7,train,3.643365,0.49
247,8,train,4.482576,0.53
247,9,train,4.237227,0.57
247,10,train,3.152184,0.61
247,11,train,3.551646,0.64
247,12,train,3.101649,0.68
247,13,train,7.110038,0.72
247,0,val,3.941616,0.91
247,1,val,4.170008,0.94
247,2,val,7.909058,0.95
247,3,val,12.850713,0.95
247,4,val,6.168639,0.96
247,5,val,4.240826,0.97
247,6,val,4.549348,0.98
247,7,val,5.888678,0.99
247,8,val,9.427897,1.00
247,9,val,8.147424,1.01
247,10,val,7.278617,1.02
247,11,val,7.006991,1.03
247,12,val,7.422032,1.05
247,13,val,11.261402,1.06
247,14,val,7.729984,1.06
247,15,val,6.535728,1.07
247,16,val,8.580062,1.08
247,17,val,4.999834,1.09
247,18,val,3.092994,1.10
247,19,val,13.971304,1.11
247,20,val,15.778281,1.12
247,21,val,9.516310,1.13
247,22,val,6.517112,1.14
247,23,val,3.556436,1.15
247,24,val,2.755154,1.16
247,25,val,12.997284,1.17
247,26,val,4.756660,1.18
247,27,val,4.212459,1.18
247,28,val,4.954819,1.19
247,29,val,3.619401,1.20
247,30,val,8.199368,1.21
247,31,val,13.833724,1.22
247,32,val,8.834618,1.22
247,33,val,4.112978,1.24
247,34,val,8.535903,1.25
247,35,val,3.020152,1.25
248,0,train,4.479290,0.15
248,1,train,4.785901,0.23
248,2,train,3.912285,0.27
248,3,train,5.480689,0.31
248,4,train,7.050609,0.35
248,5,train,3.597151,0.38
248,6,train,4.724660,0.44
248,7,train,4.604769,0.48
248,8,train,4.827368,0.52
248,9,train,4.619780,0.56
248,10,train,4.408047,0.60
248,11,train,4.655461,0.63
248,12,train,5.663671,0.67
248,13,train,5.577315,0.70
248,0,val,5.136716,0.89
248,1,val,4.643877,0.91
248,2,val,8.023456,0.92
248,3,val,9.407755,0.93
248,4,val,7.306338,0.94
248,5,val,3.417812,0.95
248,6,val,6.830626,0.96
248,7,val,7.186537,0.97
248,8,val,2.445593,0.97
248,9,val,12.360571,0.98
248,10,val,9.962285,0.99
248,11,val,5.021700,1.01
248,12,val,6.665606,1.02
248,13,val,16.017694,1.03
248,14,val,8.444536,1.04
248,15,val,5.391411,1.05
248,16,val,9.371528,1.06
248,17,val,4.589378,1.06
248,18,val,2.851448,1.07
248,19,val,13.344523,1.08
248,20,val,9.170180,1.09
248,21,val,8.406480,1.10
248,22,val,8.264745,1.11
248,23,val,2.889337,1.12
248,24,val,2.957894,1.13
248,25,val,18.261301,1.14
248,26,val,3.135813,1.15
248,27,val,4.045274,1.16
248,28,val,7.649532,1.17
248,29,val,3.760607,1.18
248,30,val,4.339767,1.18
248,31,val,16.260660,1.19
248,32,val,7.966958,1.20
248,33,val,2.685622,1.21
248,34,val,6.562531,1.21
248,35,val,4.935885,1.22
249,0,train,4.454845,0.17
249,1,train,4.046926,0.24
249,2,train,5.625450,0.28
249,3,train,4.094185,0.33
249,4,train,5.234611,0.36
249,5,train,3.301638,0.40
249,6,train,5.373058,0.45
249,7,train,4.524742,0.49
249,8,train,4.973435,0.53
249,9,train,6.156615,0.57
249,10,train,8.537145,0.60
249,11,train,4.787204,0.63
249,12,train,5.220824,0.67
249,13,train,4.386421,0.70
249,0,val,5.318208,0.88
249,1,val,4.699917,0.90
249,2,val,8.503711,0.91
249,3,val,9.861923,0.92
249,4,val,5.630352,0.93
249,5,val,3.465139,0.94
249,6,val,5.124746,0.95
249,7,val,9.475751,0.96
249,8,val,3.313398,0.97
249,9,val,16.917860,0.98
249,10,val,7.097172,0.99
249,11,val,5.732033,1.00
249,12,val,7.876043,1.02
249,13,val,3.793974,1.03
249,14,val,9.687338,1.03
249,15,val,3.057577,1.04
249,16,val,10.492064,1.05
249,17,val,4.217939,1.06
249,18,val,2.906727,1.07
249,19,val,12.542065,1.08
249,20,val,9.395621,1.09
249,21,val,9.093900,1.11
249,22,val,7.356406,1.12
249,23,val,2.714354,1.13
249,24,val,2.252287,1.14
249,25,val,11.900080,1.15
249,26,val,3.911074,1.16
249,27,val,4.355283,1.17
249,28,val,7.010957,1.17
249,29,val,3.812319,1.18
249,30,val,5.938703,1.19
249,31,val,17.548111,1.20
249,32,val,7.926059,1.21
249,33,val,3.548943,1.21
249,34,val,6.897039,1.22
249,35,val,3.181352,1.22
250,0,train,3.995192,0.13
250,1,train,5.399179,0.18
250,2,train,4.393169,0.21
250,3,train,4.010976,0.24
250,4,train,3.838574,0.28
250,5,train,3.647476,0.31
250,6,train,4.644517,0.35
250,7,train,4.892111,0.38
250,8,train,5.930744,0.42
250,9,train,3.700175,0.45
250,10,train,5.679436,0.48
250,11,train,5.792311,0.52
250,12,train,4.908285,0.55
250,13,train,5.359906,0.58
250,0,val,7.410923,0.72
250,1,val,5.930914,0.72
250,2,val,8.695076,0.73
250,3,val,8.749560,0.74
250,4,val,5.058908,0.75
250,5,val,3.166156,0.76
250,6,val,7.395965,0.76
250,7,val,6.025730,0.77
250,8,val,4.281297,0.78
250,9,val,9.284816,0.79
250,10,val,7.083124,0.79
250,11,val,5.796517,0.80
250,12,val,7.595909,0.82
250,13,val,3.769170,0.82
250,14,val,8.243856,0.83
250,15,val,1.819641,0.84
250,16,val,10.370795,0.85
250,17,val,12.512228,0.86
250,18,val,7.144051,0.86
250,19,val,14.484030,0.87
250,20,val,11.993272,0.88
250,21,val,8.457667,0.88
250,22,val,6.953802,0.89
250,23,val,3.129114,0.90
250,24,val,8.628343,0.90
250,25,val,13.867317,0.91
250,26,val,5.090398,0.92
250,27,val,4.814775,0.92
250,28,val,5.290615,0.93
250,29,val,5.707371,0.94
250,30,val,6.540973,0.94
250,31,val,13.621001,0.96
250,32,val,8.707017,0.96
250,33,val,5.474879,0.96
250,34,val,7.137483,0.97
250,35,val,4.032912,0.97
251,0,train,4.128456,0.12
251,1,train,5.245407,0.16
251,2,train,4.768509,0.20
251,3,train,4.581292,0.23
251,4,train,5.814081,0.27
251,5,train,4.699823,0.30
251,6,train,6.547066,0.33
251,7,train,3.772502,0.37
251,8,train,4.595175,0.41
251,9,train,3.567992,0.44
251,10,train,3.966719,0.47
251,11,train,5.855227,0.51
251,12,train,4.694911,0.54
251,13,train,4.434558,0.57
251,0,val,9.733061,0.70
251,1,val,3.937473,0.71
251,2,val,7.295726,0.71
251,3,val,9.085818,0.72
251,4,val,3.613695,0.73
251,5,val,4.170905,0.74
251,6,val,4.414261,0.75
251,7,val,5.784440,0.75
251,8,val,3.044884,0.76
251,9,val,8.861779,0.77
251,10,val,16.945272,0.77
251,11,val,5.973407,0.78
251,12,val,6.092311,0.79
251,13,val,4.048083,0.79
251,14,val,7.288075,0.80
251,15,val,4.540702,0.81
251,16,val,10.372659,0.82
251,17,val,4.626637,0.84
251,18,val,3.191574,0.85
251,19,val,13.527691,0.86
251,20,val,16.739311,0.86
251,21,val,13.311155,0.87
251,22,val,9.255622,0.88
251,23,val,6.355639,0.88
251,24,val,2.083645,0.89
251,25,val,12.452297,0.90
251,26,val,3.394181,0.90
251,27,val,4.167717,0.91
251,28,val,4.474498,0.91
251,29,val,4.430720,0.92
251,30,val,4.463628,0.93
251,31,val,14.926977,0.94
251,32,val,10.952282,0.94
251,33,val,2.538892,0.95
251,34,val,6.167287,0.95
251,35,val,8.068768,0.96
252,0,train,7.990603,0.13
252,1,train,5.404157,0.17
252,2,train,3.256309,0.21
252,3,train,3.947160,0.24
252,4,train,3.242210,0.28
252,5,train,3.955822,0.31
252,6,train,4.332448,0.34
252,7,train,5.223931,0.38
252,8,train,4.870477,0.42
252,9,train,3.540697,0.45
252,10,train,4.401796,0.49
252,11,train,5.334454,0.52
252,12,train,4.067380,0.55
252,13,train,3.349053,0.58
252,0,val,5.419611,0.71
252,1,val,5.208926,0.71
252,2,val,7.820404,0.72
252,3,val,9.871213,0.73
252,4,val,4.999547,0.74
252,5,val,4.454856,0.75
252,6,val,5.247866,0.75
252,7,val,6.050064,0.76
252,8,val,2.766131,0.77
252,9,val,8.892400,0.77
252,10,val,7.305329,0.78
252,11,val,4.860919,0.79
252,12,val,6.114581,0.79
252,13,val,4.155136,0.80
252,14,val,20.078125,0.81
252,15,val,2.038379,0.82
252,16,val,9.753747,0.83
252,17,val,4.629933,0.84
252,18,val,6.387150,0.85
252,19,val,12.759110,0.86
252,20,val,11.825775,0.87
252,21,val,9.146284,0.88
252,22,val,10.651721,0.89
252,23,val,4.026749,0.89
252,24,val,12.154040,0.90
252,25,val,13.362968,0.91
252,26,val,4.662591,0.91
252,27,val,3.797291,0.92
252,28,val,3.550995,0.92
252,29,val,9.449787,0.93
252,30,val,17.704622,0.94
252,31,val,25.146368,0.95
252,32,val,8.629609,0.95
252,33,val,4.641102,0.96
252,34,val,6.694285,0.96
252,35,val,4.480929,0.97
253,0,train,4.585836,0.14
253,1,train,5.280992,0.18
253,2,train,5.564455,0.21
253,3,train,3.837617,0.24
253,4,train,3.458848,0.28
253,5,train,3.964796,0.31
253,6,train,4.638400,0.35
253,7,train,4.536889,0.39
253,8,train,4.468945,0.43
253,9,train,3.427672,0.46
253,10,train,3.823465,0.50
253,11,train,5.501905,0.53
253,12,train,3.633265,0.56
253,13,train,4.972263,0.59
253,0,val,5.834321,0.73
253,1,val,6.766026,0.74
253,2,val,11.988392,0.74
253,3,val,8.493715,0.76
253,4,val,3.481654,0.76
253,5,val,2.824953,0.77
253,6,val,5.824659,0.78
253,7,val,6.259835,0.79
253,8,val,3.375864,0.79
253,9,val,8.289086,0.80
253,10,val,7.468536,0.81
253,11,val,5.010045,0.81
253,12,val,7.079786,0.82
253,13,val,8.356830,0.83
253,14,val,7.600111,0.83
253,15,val,3.141925,0.84
253,16,val,9.393104,0.85
253,17,val,7.925407,0.86
253,18,val,3.016319,0.87
253,19,val,13.007768,0.88
253,20,val,12.925629,0.89
253,21,val,8.807261,0.90
253,22,val,6.327345,0.91
253,23,val,2.811973,0.91
253,24,val,3.270896,0.92
253,25,val,19.060682,0.93
253,26,val,4.527417,0.93
253,27,val,5.837597,0.94
253,28,val,3.961094,0.95
253,29,val,8.032504,0.96
253,30,val,4.759591,0.97
253,31,val,18.913166,0.97
253,32,val,13.077433,0.98
253,33,val,4.231829,0.98
253,34,val,6.333004,0.99
253,35,val,2.995722,0.99
254,0,train,4.182801,0.13
254,1,train,6.184180,0.17
254,2,train,6.428428,0.20
254,3,train,4.687915,0.24
254,4,train,4.362750,0.28
254,5,train,4.855251,0.31
254,6,train,4.708405,0.34
254,7,train,4.666750,0.38
254,8,train,4.834888,0.42
254,9,train,4.308860,0.45
254,10,train,5.934695,0.48
254,11,train,4.705882,0.52
254,12,train,4.648352,0.55
254,13,train,3.686616,0.58
254,0,val,5.860686,0.71
254,1,val,5.365836,0.72
254,2,val,11.415792,0.73
254,3,val,10.464304,0.73
254,4,val,9.141828,0.75
254,5,val,4.568219,0.76
254,6,val,5.837028,0.76
254,7,val,12.416737,0.77
254,8,val,3.560879,0.78
254,9,val,12.796208,0.78
254,10,val,7.988638,0.79
254,11,val,5.058307,0.80
254,12,val,6.753340,0.80
254,13,val,6.314067,0.81
254,14,val,7.879575,0.82
254,15,val,7.183266,0.82
254,16,val,10.992844,0.83
254,17,val,4.250841,0.84
254,18,val,2.983279,0.85
254,19,val,13.861354,0.86
254,20,val,9.278830,0.86
254,21,val,9.148235,0.87
254,22,val,6.969979,0.88
254,23,val,4.920708,0.89
254,24,val,2.075354,0.90
254,25,val,11.572632,0.91
254,26,val,8.609804,0.92
254,27,val,4.869344,0.92
254,28,val,4.318697,0.93
254,29,val,4.463122,0.93
254,30,val,6.908508,0.94
254,31,val,13.245307,0.95
254,32,val,18.458055,0.96
254,33,val,3.532557,0.96
254,34,val,7.291769,0.97
254,35,val,3.463887,0.97
255,0,train,3.313134,0.13
255,1,train,4.790984,0.17
255,2,train,4.510936,0.20
255,3,train,3.676898,0.23
255,4,train,3.814977,0.27
255,5,train,5.587062,0.31
255,6,train,3.355436,0.34
255,7,train,5.255918,0.38
255,8,train,2.968555,0.41
255,9,train,4.590953,0.44
255,10,train,4.883661,0.48
255,11,train,4.464456,0.51
255,12,train,5.111216,0.54
255,13,train,4.777949,0.57
255,0,val,6.409697,0.70
255,1,val,5.347991,0.71
255,2,val,7.374087,0.72
255,3,val,13.100101,0.73
255,4,val,2.784758,0.74
255,5,val,2.725910,0.75
255,6,val,4.513620,0.75
255,7,val,7.166289,0.76
255,8,val,3.137415,0.77
255,9,val,9.749881,0.77
255,10,val,13.204947,0.78
255,11,val,6.797268,0.79
255,12,val,9.055232,0.79
255,13,val,3.647060,0.80
255,14,val,7.850526,0.81
255,15,val,4.178809,0.81
255,16,val,10.151444,0.82
255,17,val,4.428073,0.83
255,18,val,7.638099,0.83
255,19,val,15.422568,0.85
255,20,val,8.872652,0.85
255,21,val,11.624343,0.86
255,22,val,7.646476,0.87
255,23,val,2.770856,0.88
255,24,val,2.530221,0.88
255,25,val,12.285853,0.89
255,26,val,3.585420,0.90
255,27,val,4.519258,0.91
255,28,val,4.525927,0.92
255,29,val,3.986602,0.92
255,30,val,5.461550,0.94
255,31,val,13.802344,0.95
255,32,val,8.103985,0.95
255,33,val,2.641477,0.96
255,34,val,6.490864,0.96
255,35,val,2.969923,0.97
256,0,train,5.902959,0.13
256,1,train,9.510138,0.18
256,2,train,3.503779,0.22
256,3,train,4.608703,0.26
256,4,train,3.956625,0.30
256,5,train,4.791821,0.34
256,6,train,6.424350,0.37
256,7,train,5.106795,0.41
256,8,train,4.667607,0.44
256,9,train,4.791128,0.47
256,10,train,3.831002,0.51
256,11,train,5.399446,0.54
256,12,train,4.540234,0.58
256,13,train,4.961512,0.61
256,0,val,4.231506,0.76
256,1,val,3.775802,0.78
256,2,val,9.326625,0.79
256,3,val,9.510303,0.80
256,4,val,3.441008,0.81
256,5,val,8.596759,0.82
256,6,val,5.153226,0.83
256,7,val,5.559514,0.84
256,8,val,3.355587,0.85
256,9,val,7.878184,0.86
256,10,val,11.041568,0.88
256,11,val,4.428982,0.89
256,12,val,6.424675,0.90
256,13,val,5.116837,0.91
256,14,val,14.068819,0.91
256,15,val,3.359804,0.92
256,16,val,9.681461,0.93
256,17,val,4.805599,0.95
256,18,val,6.953986,0.96
256,19,val,13.703979,0.97
256,20,val,8.206778,0.98
256,21,val,9.347227,0.99
256,22,val,6.908516,1.00
256,23,val,2.524011,1.01
256,24,val,3.591240,1.01
256,25,val,11.497236,1.02
256,26,val,3.507961,1.03
256,27,val,4.644228,1.03
256,28,val,12.494180,1.04
256,29,val,7.424071,1.04
256,30,val,3.785017,1.05
256,31,val,13.889298,1.06
256,32,val,8.458834,1.06
256,33,val,17.098949,1.07
256,34,val,6.974529,1.08
256,35,val,11.545920,1.09
257,0,train,4.371621,0.19
257,1,train,5.977561,0.31
257,2,train,4.355133,0.35
257,3,train,3.386847,0.39
257,4,train,5.553256,0.42
257,5,train,4.316292,0.46
257,6,train,3.529155,0.50
257,7,train,4.269598,0.53
257,8,train,3.884565,0.57
257,9,train,4.032683,0.61
257,10,train,3.718408,0.64
257,11,train,5.976920,0.68
257,12,train,4.482648,0.71
257,13,train,4.149410,0.74
257,0,val,4.743253,0.89
257,1,val,4.524735,0.90
257,2,val,7.707370,0.91
257,3,val,12.197632,0.92
257,4,val,3.526627,0.93
257,5,val,2.538506,0.93
257,6,val,4.954146,0.94
257,7,val,6.541158,0.95
257,8,val,4.378608,0.95
257,9,val,7.721991,0.96
257,10,val,6.569272,0.96
257,11,val,4.475474,0.97
257,12,val,6.596327,0.98
257,13,val,4.666983,0.98
257,14,val,7.551451,0.99
257,15,val,2.871706,1.00
257,16,val,9.691087,1.01
257,17,val,5.334087,1.02
257,18,val,2.628028,1.02
257,19,val,12.259282,1.03
257,20,val,11.820208,1.04
257,21,val,8.643864,1.04
257,22,val,7.572279,1.05
257,23,val,4.414311,1.05
257,24,val,4.213258,1.06
257,25,val,12.202582,1.07
257,26,val,3.872127,1.07
257,27,val,14.493744,1.08
257,28,val,7.913012,1.09
257,29,val,4.200878,1.10
257,30,val,3.488279,1.10
257,31,val,17.603725,1.12
257,32,val,15.758796,1.12
257,33,val,3.319679,1.13
257,34,val,8.617185,1.13
257,35,val,7.650035,1.14
258,0,train,5.156606,0.15
258,1,train,4.226251,0.19
258,2,train,4.782768,0.23
258,3,train,4.109370,0.26
258,4,train,3.115100,0.30
258,5,train,3.333231,0.34
258,6,train,4.718246,0.37
258,7,train,3.360710,0.41
258,8,train,4.670652,0.44
258,9,train,4.076622,0.47
258,10,train,5.526045,0.51
258,11,train,3.386216,0.54
258,12,train,4.557589,0.57
258,13,train,4.975609,0.60
258,0,val,3.703656,0.76
258,1,val,4.667911,0.77
258,2,val,7.347907,0.78
258,3,val,7.749693,0.79
258,4,val,3.784866,0.79
258,5,val,3.519607,0.80
258,6,val,6.640370,0.81
258,7,val,8.479222,0.81
258,8,val,5.598792,0.82
258,9,val,7.515210,0.83
258,10,val,6.752436,0.84
258,11,val,4.904089,0.84
258,12,val,7.478238,0.85
258,13,val,11.165949,0.86
258,14,val,7.577404,0.86
258,15,val,3.953365,0.88
258,16,val,9.866732,0.89
258,17,val,7.866759,0.89
258,18,val,2.947948,0.90
258,19,val,19.770561,0.91
258,20,val,10.521078,0.91
258,21,val,8.727901,0.92
258,22,val,7.468716,0.93
258,23,val,2.633506,0.93
258,24,val,2.471638,0.94
258,25,val,12.349834,0.95
258,26,val,3.921625,0.95
258,27,val,4.626715,0.96
258,28,val,4.870561,0.97
258,29,val,5.505134,0.98
258,30,val,12.574715,0.99
258,31,val,13.590745,0.99
258,32,val,7.997668,1.00
258,33,val,3.184199,1.00
258,34,val,6.534508,1.01
258,35,val,4.456590,1.01
259,0,train,5.082825,0.13
259,1,train,3.777635,0.18
259,2,train,4.766290,0.21
259,3,train,5.313607,0.25
259,4,train,6.181868,0.30
259,5,train,3.853696,0.34
259,6,train,3.904618,0.39
259,7,train,5.914276,0.44
259,8,train,3.464015,0.48
259,9,train,5.086427,0.52
259,10,train,4.207872,0.57
259,11,train,3.980666,0.60
259,12,train,5.019145,0.63
259,13,train,2.982999,0.67
259,0,val,4.438304,0.88
259,1,val,5.212150,0.90
259,2,val,8.652542,0.91
259,3,val,12.732475,0.92
259,4,val,2.988367,0.93
259,5,val,3.840835,0.94
259,6,val,4.357141,0.95
259,7,val,12.534810,0.95
259,8,val,2.466768,0.96
259,9,val,7.358851,0.97
259,10,val,7.077655,0.98
259,11,val,6.512394,0.99
259,12,val,6.581500,1.01
259,13,val,4.377126,1.02
259,14,val,8.143633,1.02
259,15,val,2.797347,1.03
259,16,val,9.295240,1.04
259,17,val,4.255267,1.05
259,18,val,3.593111,1.06
259,19,val,13.898836,1.07
259,20,val,9.837937,1.07
259,21,val,19.082546,1.08
259,22,val,7.782331,1.09
259,23,val,2.594954,1.11
259,24,val,2.953125,1.12
259,25,val,11.535690,1.13
259,26,val,5.817205,1.13
259,27,val,4.382072,1.14
259,28,val,4.194716,1.15
259,29,val,4.781979,1.16
259,30,val,9.261184,1.17
259,31,val,13.863187,1.18
259,32,val,8.456656,1.18
259,33,val,2.994044,1.19
259,34,val,9.004162,1.20
259,35,val,2.741930,1.20
260,0,train,5.361276,0.21
260,1,train,4.368164,0.25
260,2,train,4.696257,0.30
260,3,train,3.207324,0.33
260,4,train,6.362946,0.38
260,5,train,5.122782,0.42
260,6,train,3.600770,0.46
260,7,train,4.409014,0.51
260,8,train,3.412532,0.55
260,9,train,6.169731,0.59
260,10,train,4.104709,0.63
260,11,train,4.335168,0.66
260,12,train,4.824503,0.69
260,13,train,4.050239,0.73
260,0,val,4.757599,0.93
260,1,val,4.423097,0.96
260,2,val,11.086357,0.97
260,3,val,9.600943,0.97
260,4,val,4.942454,0.99
260,5,val,2.734205,0.99
260,6,val,6.163475,1.00
260,7,val,5.848488,1.01
260,8,val,3.097391,1.02
260,9,val,13.371942,1.03
260,10,val,8.980109,1.04
260,11,val,5.301301,1.05
260,12,val,7.733713,1.06
260,13,val,5.245522,1.07
260,14,val,8.204930,1.08
260,15,val,2.385389,1.09
260,16,val,11.765136,1.09
260,17,val,5.595269,1.10
260,18,val,2.740316,1.11
260,19,val,14.822565,1.12
260,20,val,15.643988,1.13
260,21,val,8.290375,1.14
260,22,val,6.453120,1.15
260,23,val,4.154138,1.16
260,24,val,2.415602,1.17
260,25,val,12.085162,1.18
260,26,val,6.230827,1.19
260,27,val,5.217254,1.20
260,28,val,4.995510,1.21
260,29,val,4.301414,1.22
260,30,val,3.677836,1.23
260,31,val,13.379631,1.24
260,32,val,16.934372,1.24
260,33,val,2.920334,1.25
260,34,val,5.905991,1.26
260,35,val,3.366077,1.27
261,0,train,3.698517,0.19
261,1,train,3.454014,0.24
261,2,train,5.659719,0.27
261,3,train,4.247986,0.31
261,4,train,5.077962,0.36
261,5,train,5.279071,0.41
261,6,train,4.202398,0.46
261,7,train,3.585257,0.50
261,8,train,5.002496,0.54
261,9,train,3.537529,0.59
261,10,train,4.851367,0.63
261,11,train,4.333641,0.67
261,12,train,4.717451,0.71
261,13,train,3.892843,0.74
261,0,val,4.885212,0.93
261,1,val,4.722597,0.97
261,2,val,6.687564,0.99
261,3,val,9.864678,1.00
261,4,val,4.508785,1.00
261,5,val,8.622535,1.01
261,6,val,8.409464,1.02
261,7,val,6.329542,1.03
261,8,val,4.892856,1.04
261,9,val,9.611513,1.05
261,10,val,8.165922,1.06
261,11,val,5.226367,1.07
261,12,val,8.122828,1.08
261,13,val,10.468100,1.09
261,14,val,13.390506,1.10
261,15,val,2.044751,1.12
261,16,val,9.133468,1.14
261,17,val,6.610327,1.16
261,18,val,2.926565,1.17
261,19,val,12.348741,1.18
261,20,val,14.525230,1.19
261,21,val,8.768670,1.20
261,22,val,18.435612,1.20
261,23,val,2.607424,1.21
261,24,val,5.087834,1.22
261,25,val,13.830021,1.23
261,26,val,5.871652,1.24
261,27,val,5.972001,1.25
261,28,val,4.975125,1.27
261,29,val,4.504920,1.28
261,30,val,6.871694,1.29
261,31,val,13.593649,1.30
261,32,val,8.101153,1.30
261,33,val,2.568220,1.31
261,34,val,10.276554,1.31
261,35,val,27.781612,1.32
262,0,train,4.416402,0.21
262,1,train,5.951186,0.26
262,2,train,4.556082,0.29
262,3,train,3.924404,0.33
262,4,train,4.305097,0.37
262,5,train,3.227251,0.41
262,6,train,5.348726,0.44
262,7,train,4.286779,0.49
262,8,train,5.173343,0.53
262,9,train,5.824011,0.57
262,10,train,4.518427,0.61
262,11,train,3.228562,0.65
262,12,train,5.761827,0.68
262,13,train,5.477198,0.72
262,0,val,14.517629,0.91
262,1,val,4.035017,0.93
262,2,val,6.814671,0.94
262,3,val,9.615816,0.96
262,4,val,3.477146,0.96
262,5,val,6.559958,0.97
262,6,val,19.245632,0.98
262,7,val,7.540299,0.99
262,8,val,4.875923,1.00
262,9,val,12.490522,1.01
262,10,val,10.877047,1.03
262,11,val,5.371907,1.03
262,12,val,6.289969,1.04
262,13,val,4.320439,1.05
262,14,val,9.204108,1.06
262,15,val,2.610743,1.07
262,16,val,9.140669,1.08
262,17,val,4.211197,1.08
262,18,val,3.726111,1.09
262,19,val,16.495173,1.10
262,20,val,9.439585,1.10
262,21,val,10.939239,1.11
262,22,val,8.126451,1.12
262,23,val,3.035670,1.13
262,24,val,3.169134,1.13
262,25,val,11.608169,1.14
262,26,val,3.515894,1.15
262,27,val,4.089629,1.15
262,28,val,5.376265,1.16
262,29,val,5.156410,1.17
262,30,val,5.413550,1.17
262,31,val,14.082504,1.18
262,32,val,50.534039,1.18
262,33,val,10.151947,1.19
262,34,val,6.623840,1.19
262,35,val,4.201879,1.20
263,0,train,4.303192,0.13
263,1,train,4.432374,0.17
263,2,train,3.757063,0.20
263,3,train,4.458742,0.24
263,4,train,4.357927,0.27
263,5,train,5.803592,0.31
263,6,train,4.584075,0.34
263,7,train,5.370749,0.38
263,8,train,4.877043,0.42
263,9,train,3.973167,0.45
263,10,train,5.206811,0.49
263,11,train,3.713080,0.52
263,12,train,4.852341,0.55
263,13,train,5.872211,0.59
263,0,val,3.644954,0.72
263,1,val,4.539992,0.72
263,2,val,7.240560,0.73
263,3,val,8.939002,0.74
263,4,val,3.666628,0.75
263,5,val,2.926554,0.76
263,6,val,11.771614,0.77
263,7,val,4.848946,0.77
263,8,val,5.614798,0.78
263,9,val,7.773087,0.79
263,10,val,14.277370,0.79
263,11,val,4.476467,0.80
263,12,val,6.102982,0.81
263,13,val,4.422917,0.81
263,14,val,9.194852,0.82
263,15,val,3.857189,0.83
263,16,val,9.112455,0.84
263,17,val,5.075776,0.84
263,18,val,5.059378,0.86
263,19,val,15.325888,0.86
263,20,val,10.641226,0.87
263,21,val,13.755153,0.88
263,22,val,6.247137,0.88
263,23,val,2.647330,0.89
263,24,val,5.660023,0.90
263,25,val,95.416969,0.90
263,26,val,3.820653,0.91
263,27,val,5.245936,0.92
263,28,val,3.975529,0.92
263,29,val,6.190432,0.93
263,30,val,4.260878,0.94
263,31,val,21.491484,0.94
263,32,val,8.754367,0.95
263,33,val,3.188448,0.96
263,34,val,6.604926,0.96
263,35,val,3.821963,0.97
264,0,train,3.917282,0.18
264,1,train,6.245577,0.23
264,2,train,4.933656,0.27
264,3,train,3.454545,0.31
264,4,train,9.061770,0.36
264,5,train,5.053640,0.40
264,6,train,4.360948,0.44
264,7,train,4.053751,0.48
264,8,train,3.739600,0.54
264,9,train,4.167728,0.59
264,10,train,4.289200,0.62
264,11,train,6.420336,0.65
264,12,train,5.283451,0.70
264,13,train,3.703027,0.73
264,0,val,4.457901,0.88
264,1,val,4.580707,0.88
264,2,val,7.865858,0.90
264,3,val,8.444936,0.91
264,4,val,5.410975,0.92
264,5,val,2.654278,0.93
264,6,val,6.056841,0.94
264,7,val,5.670555,0.95
264,8,val,9.521218,0.96
264,9,val,11.992844,0.97
264,10,val,6.882113,0.98
264,11,val,10.612866,0.98
264,12,val,6.911399,1.00
264,13,val,20.317148,1.00
264,14,val,9.200710,1.01
264,15,val,17.242506,1.02
264,16,val,8.649219,1.02
264,17,val,4.777927,1.03
264,18,val,5.557415,1.04
264,19,val,12.648374,1.05
264,20,val,9.740417,1.06
264,21,val,10.180515,1.07
264,22,val,7.091474,1.08
264,23,val,2.467579,1.09
264,24,val,2.238340,1.10
264,25,val,11.173218,1.11
264,26,val,3.953249,1.13
264,27,val,4.907779,1.14
264,28,val,4.698081,1.15
264,29,val,3.984541,1.16
264,30,val,4.517981,1.17
264,31,val,13.165817,1.18
264,32,val,15.234342,1.19
264,33,val,3.011925,1.20
264,34,val,8.070276,1.21
264,35,val,6.935491,1.22
265,0,train,3.646880,0.18
265,1,train,3.426952,0.22
265,2,train,3.537916,0.25
265,3,train,4.078760,0.29
265,4,train,5.431956,0.33
265,5,train,6.685348,0.37
265,6,train,5.505954,0.40
265,7,train,4.583167,0.44
265,8,train,4.394685,0.47
265,9,train,4.940434,0.50
265,10,train,5.017051,0.54
265,11,train,4.833943,0.57
265,12,train,5.359774,0.60
265,13,train,4.059943,0.63
265,0,val,6.164800,0.77
265,1,val,4.191886,0.77
265,2,val,7.964574,0.78
265,3,val,8.259807,0.79
265,4,val,2.697586,0.80
265,5,val,5.851449,0.81
265,6,val,4.128933,0.81
265,7,val,5.665751,0.82
265,8,val,5.443271,0.83
265,9,val,12.753172,0.83
265,10,val,6.925447,0.84
265,11,val,5.275167,0.85
265,12,val,6.035651,0.85
265,13,val,4.572404,0.86
265,14,val,8.954069,0.87
265,15,val,2.457548,0.88
265,16,val,9.687817,0.88
265,17,val,4.271291,0.89
265,18,val,2.828581,0.90
265,19,val,18.433170,0.91
265,20,val,11.464471,0.92
265,21,val,9.452987,0.92
265,22,val,7.526357,0.93
265,23,val,3.337861,0.94
265,24,val,8.502768,0.95
265,25,val,12.294209,0.95
265,26,val,4.842369,0.96
265,27,val,4.442855,0.96
265,28,val,4.560058,0.97
265,29,val,4.213857,0.98
265,30,val,4.257347,0.98
265,31,val,14.916465,0.99
265,32,val,8.134822,1.00
265,33,val,2.610467,1.01
265,34,val,5.875448,1.01
265,35,val,5.152654,1.02
266,0,train,5.099061,0.15
266,1,train,4.180141,0.19
266,2,train,3.503431,0.22
266,3,train,4.538766,0.28
266,4,train,5.511951,0.33
266,5,train,5.166002,0.36
266,6,train,3.233062,0.40
266,7,train,4.972441,0.44
266,8,train,3.873822,0.47
266,9,train,4.705836,0.50
266,10,train,2.941147,0.54
266,11,train,4.913033,0.57
266,12,train,4.439929,0.60
266,13,train,5.252635,0.64
266,0,val,4.557423,0.77
266,1,val,4.863037,0.78
266,2,val,11.566482,0.79
266,3,val,8.858462,0.80
266,4,val,5.292417,0.81
266,5,val,3.286461,0.82
266,6,val,4.018919,0.82
266,7,val,6.189412,0.83
266,8,val,2.462148,0.83
266,9,val,8.086522,0.84
266,10,val,6.817128,0.85
266,11,val,6.900061,0.85
266,12,val,6.327068,0.86
266,13,val,5.152791,0.87
266,14,val,14.678395,0.87
266,15,val,4.164270,0.88
266,16,val,8.721663,0.89
266,17,val,5.009461,0.90
266,18,val,3.721221,0.91
266,19,val,13.284766,0.91
266,20,val,8.426911,0.92
266,21,val,8.698815,0.92
266,22,val,6.255430,0.93
266,23,val,2.962059,0.94
266,24,val,3.667931,0.94
266,25,val,14.818501,0.95
266,26,val,9.240088,0.96
266,27,val,4.512384,0.96
266,28,val,4.230119,0.97
266,29,val,5.109484,0.98
266,30,val,5.232328,0.98
266,31,val,12.841438,0.99
266,32,val,8.028976,1.00
266,33,val,9.746929,1.00
266,34,val,6.136283,1.01
266,35,val,4.443144,1.01
267,0,train,7.513235,0.13
267,1,train,5.614864,0.17
267,2,train,3.411333,0.21
267,3,train,5.269520,0.25
267,4,train,3.609497,0.29
267,5,train,4.019898,0.32
267,6,train,4.055488,0.36
267,7,train,3.988880,0.40
267,8,train,3.689189,0.43
267,9,train,3.447268,0.46
267,10,train,3.705536,0.50
267,11,train,5.008483,0.53
267,12,train,4.013725,0.56
267,13,train,4.852979,0.59
267,0,val,3.893552,0.73
267,1,val,18.334225,0.73
267,2,val,12.640027,0.74
267,3,val,9.648344,0.75
267,4,val,2.199846,0.76
267,5,val,3.704090,0.77
267,6,val,5.240534,0.78
267,7,val,7.754032,0.78
267,8,val,4.736573,0.79
267,9,val,11.011094,0.80
267,10,val,7.697013,0.80
267,11,val,4.979242,0.81
267,12,val,12.620183,0.82
267,13,val,5.889483,0.82
267,14,val,8.358214,0.83
267,15,val,2.610285,0.84
267,16,val,10.335996,0.84
267,17,val,5.075939,0.85
267,18,val,2.818824,0.87
267,19,val,14.691158,0.87
267,20,val,9.076991,0.88
267,21,val,8.094584,0.89
267,22,val,6.433367,0.89
267,23,val,3.295765,0.90
267,24,val,2.269305,0.91
267,25,val,11.657308,0.91
267,26,val,3.663356,0.92
267,27,val,5.040175,0.93
267,28,val,8.559678,0.93
267,29,val,5.123096,0.94
267,30,val,4.039088,0.95
267,31,val,17.093266,0.95
267,32,val,13.177682,0.96
267,33,val,2.454043,0.97
267,34,val,7.557094,0.97
267,35,val,3.579880,0.97
268,0,train,4.867139,0.13
268,1,train,4.944876,0.17
268,2,train,4.107774,0.21
268,3,train,5.528290,0.24
268,4,train,3.440879,0.29
268,5,train,3.462286,0.32
268,6,train,4.477119,0.35
268,7,train,4.623723,0.39
268,8,train,4.208241,0.42
268,9,train,4.808369,0.46
268,10,train,4.754472,0.49
268,11,train,4.274973,0.52
268,12,train,3.752762,0.56
268,13,train,3.580634,0.59
268,0,val,7.812071,0.72
268,1,val,4.978160,0.73
268,2,val,6.624045,0.74
268,3,val,9.264364,0.74
268,4,val,9.499446,0.76
268,5,val,2.496245,0.77
268,6,val,5.436124,0.77
268,7,val,6.959059,0.78
268,8,val,2.814512,0.79
268,9,val,8.129685,0.80
268,10,val,7.976789,0.80
268,11,val,10.151078,0.81
268,12,val,7.151141,0.82
268,13,val,3.874067,0.82
268,14,val,8.118087,0.83
268,15,val,4.528796,0.84
268,16,val,11.013014,0.84
268,17,val,4.385972,0.85
268,18,val,3.591401,0.86
268,19,val,12.641300,0.87
268,20,val,10.080147,0.88
268,21,val,8.501196,0.88
268,22,val,7.325593,0.89
268,23,val,2.924477,0.90
268,24,val,5.146561,0.91
268,25,val,16.559416,0.91
268,26,val,4.000232,0.92
268,27,val,9.198266,0.93
268,28,val,4.504480,0.93
268,29,val,7.391622,0.94
268,30,val,4.692999,0.95
268,31,val,14.074061,0.95
268,32,val,7.947682,0.96
268,33,val,3.213581,0.97
268,34,val,6.944321,0.97
268,35,val,3.170509,0.98
269,0,train,4.420678,0.14
269,1,train,4.089994,0.18
269,2,train,5.229665,0.21
269,3,train,4.709948,0.25
269,4,train,4.187868,0.30
269,5,train,5.158657,0.33
269,6,train,3.902299,0.37
269,7,train,5.235234,0.40
269,8,train,5.992535,0.44
269,9,train,4.426228,0.47
269,10,train,5.202082,0.51
269,11,train,3.767947,0.54
269,12,train,3.366722,0.57
269,13,train,5.034093,0.60
269,0,val,6.184783,0.73
269,1,val,5.122008,0.74
269,2,val,7.261284,0.74
269,3,val,8.561950,0.75
269,4,val,2.443995,0.76
269,5,val,3.968464,0.77
269,6,val,4.822534,0.78
269,7,val,5.756676,0.79
269,8,val,5.340474,0.79
269,9,val,7.418087,0.80
269,10,val,7.684565,0.81
269,11,val,4.706173,0.81
269,12,val,6.338275,0.82
269,13,val,5.815333,0.83
269,14,val,7.844034,0.83
269,15,val,2.389040,0.84
269,16,val,9.257329,0.85
269,17,val,13.832974,0.86
269,18,val,4.839881,0.87
269,19,val,12.818589,0.88
269,20,val,10.355800,0.88
269,21,val,8.789762,0.89
269,22,val,5.809603,0.89
269,23,val,2.521601,0.90
269,24,val,10.938582,0.91
269,25,val,14.750328,0.91
269,26,val,3.798274,0.92
269,27,val,5.169337,0.93
269,28,val,7.340951,0.93
269,29,val,5.434306,0.94
269,30,val,3.528867,0.95
269,31,val,13.347383,0.95
269,32,val,8.610736,0.96
269,33,val,4.084239,0.97
269,34,val,6.144451,0.97
269,35,val,3.362281,0.98
270,0,train,4.023568,0.16
270,1,train,3.588460,0.20
270,2,train,4.095101,0.24
270,3,train,4.179665,0.27
270,4,train,5.300807,0.31
270,5,train,3.883480,0.34
270,6,train,4.490653,0.38
270,7,train,7.487212,0.41
270,8,train,5.135714,0.44
270,9,train,3.736284,0.48
270,10,train,5.565607,0.52
270,11,train,5.568942,0.55
270,12,train,4.021851,0.58
270,13,train,3.474782,0.62
270,0,val,4.411942,0.75
270,1,val,4.167909,0.75
270,2,val,7.017266,0.76
270,3,val,8.277138,0.77
270,4,val,3.738716,0.78
270,5,val,3.290514,0.79
270,6,val,4.224649,0.79
270,7,val,12.349480,0.80
270,8,val,9.418340,0.81
270,9,val,8.953192,0.82
270,10,val,7.635215,0.82
270,11,val,4.584805,0.83
270,12,val,9.551222,0.83
270,13,val,6.067286,0.84
270,14,val,16.991287,0.85
270,15,val,1.789827,0.85
270,16,val,9.541862,0.86
270,17,val,4.127124,0.87
270,18,val,7.784862,0.88
270,19,val,13.078902,0.89
270,20,val,9.117253,0.90
270,21,val,9.434996,0.90
270,22,val,6.966877,0.91
270,23,val,2.996164,0.91
270,24,val,4.512937,0.92
270,25,val,11.131858,0.93
270,26,val,3.622914,0.93
270,27,val,4.229417,0.94
270,28,val,4.591087,0.94
270,29,val,4.404268,0.95
270,30,val,3.852680,0.96
270,31,val,13.685789,0.96
270,32,val,8.214159,0.97
270,33,val,9.354751,0.98
270,34,val,12.029901,0.99
270,35,val,4.769372,1.00
271,0,train,4.574043,0.17
271,1,train,3.862798,0.21
271,2,train,3.972784,0.24
271,3,train,3.511631,0.27
271,4,train,3.739477,0.31
271,5,train,5.645425,0.42
271,6,train,5.377104,0.46
271,7,train,4.472486,0.50
271,8,train,4.951484,0.53
271,9,train,3.916669,0.57
271,10,train,3.542119,0.60
271,11,train,3.884354,0.63
271,12,train,4.654103,0.66
271,13,train,5.526795,0.70
271,0,val,3.749144,0.82
271,1,val,9.505673,0.83
271,2,val,12.538290,0.84
271,3,val,8.481281,0.84
271,4,val,6.775981,0.86
271,5,val,3.535929,0.87
271,6,val,5.002059,0.87
271,7,val,6.773014,0.88
271,8,val,7.641276,0.89
271,9,val,10.545163,0.89
271,10,val,7.024518,0.90
271,11,val,5.491975,0.91
271,12,val,7.318107,0.91
271,13,val,4.280467,0.92
271,14,val,8.547226,0.93
271,15,val,3.053574,0.94
271,16,val,8.413410,0.94
271,17,val,6.511459,0.95
271,18,val,4.029245,0.96
271,19,val,12.524902,0.97
271,20,val,8.162186,0.97
271,21,val,11.759055,0.98
271,22,val,6.321680,0.99
271,23,val,2.446404,0.99
271,24,val,4.177558,1.00
271,25,val,13.737663,1.01
271,26,val,3.723789,1.01
271,27,val,3.868441,1.02
271,28,val,10.098096,1.03
271,29,val,5.794088,1.03
271,30,val,4.397027,1.04
271,31,val,16.023024,1.05
271,32,val,8.000141,1.06
271,33,val,2.927150,1.07
271,34,val,5.882219,1.08
271,35,val,4.482909,1.08
272,0,train,3.820465,0.18
272,1,train,3.592760,0.22
272,2,train,3.813042,0.26
272,3,train,3.351339,0.30
272,4,train,6.627069,0.34
272,5,train,4.560404,0.39
272,6,train,3.782319,0.42
272,7,train,4.368712,0.46
272,8,train,4.116064,0.49
272,9,train,3.904364,0.53
272,10,train,3.007605,0.56
272,11,train,2.827392,0.60
272,12,train,5.922669,0.63
272,13,train,3.831568,0.67
272,0,val,4.181257,0.86
272,1,val,3.866895,0.87
272,2,val,13.844363,0.89
272,3,val,7.717411,0.89
272,4,val,2.361061,0.90
272,5,val,2.667000,0.91
272,6,val,4.954137,0.92
272,7,val,5.906348,0.93
272,8,val,3.093608,0.94
272,9,val,7.295738,0.95
272,10,val,8.826359,0.95
272,11,val,4.307882,0.96
272,12,val,7.986848,0.98
272,13,val,3.747856,0.99
272,14,val,8.270810,1.00
272,15,val,2.649331,1.01
272,16,val,8.790389,1.02
272,17,val,4.843782,1.02
272,18,val,4.055937,1.03
272,19,val,21.188749,1.04
272,20,val,7.844398,1.05
272,21,val,8.375507,1.06
272,22,val,6.416540,1.07
272,23,val,3.888926,1.09
272,24,val,2.869260,1.10
272,25,val,11.673916,1.11
272,26,val,3.873469,1.12
272,27,val,4.712250,1.13
272,28,val,4.511173,1.14
272,29,val,5.266832,1.15
272,30,val,9.873284,1.16
272,31,val,13.362349,1.17
272,32,val,8.544482,1.18
272,33,val,2.799514,1.19
272,34,val,13.135501,1.19
272,35,val,6.450500,1.20
273,0,train,3.934626,0.18
273,1,train,5.286311,0.23
273,2,train,3.928818,0.27
273,3,train,4.524073,0.31
273,4,train,4.183033,0.37
273,5,train,3.548393,0.41
273,6,train,5.454556,0.45
273,7,train,3.568289,0.50
273,8,train,4.312521,0.54
273,9,train,4.090506,0.58
273,10,train,4.948128,0.63
273,11,train,3.911922,0.66
273,12,train,5.345099,0.70
273,13,train,5.172963,0.74
273,0,val,8.978575,0.96
273,1,val,4.607154,0.97
273,2,val,7.732231,0.98
273,3,val,7.959058,1.00
273,4,val,2.401627,1.00
273,5,val,3.636682,1.01
273,6,val,6.007684,1.02
273,7,val,7.486331,1.03
273,8,val,4.744297,1.04
273,9,val,8.024300,1.05
273,10,val,8.090255,1.06
273,11,val,7.323220,1.07
273,12,val,10.807899,1.09
273,13,val,3.971449,1.10
273,14,val,8.575294,1.11
273,15,val,2.953084,1.12
273,16,val,10.394522,1.13
273,17,val,4.370776,1.13
273,18,val,2.630135,1.14
273,19,val,13.584235,1.15
273,20,val,10.171086,1.16
273,21,val,8.438347,1.17
273,22,val,9.771996,1.19
273,23,val,2.796529,1.19
273,24,val,6.642288,1.20
273,25,val,14.545365,1.21
273,26,val,4.371746,1.22
273,27,val,5.125628,1.23
273,28,val,4.423209,1.24
273,29,val,5.583678,1.24
273,30,val,5.454761,1.25
273,31,val,13.318682,1.26
273,32,val,8.637039,1.27
273,33,val,5.368412,1.28
273,34,val,7.000484,1.28
273,35,val,9.468740,1.29
274,0,train,5.598327,0.19
274,1,train,2.802684,0.24
274,2,train,3.645252,0.28
274,3,train,5.544617,0.32
274,4,train,5.718382,0.37
274,5,train,5.179632,0.41
274,6,train,3.762750,0.45
274,7,train,3.619817,0.49
274,8,train,3.270212,0.53
274,9,train,4.022157,0.57
274,10,train,4.475466,0.62
274,11,train,4.437473,0.66
274,12,train,4.201516,0.69
274,13,train,4.962835,0.73
274,0,val,4.157947,0.91
274,1,val,3.940862,0.92
274,2,val,8.267590,0.94
274,3,val,8.245168,0.94
274,4,val,3.207165,0.95
274,5,val,3.531828,0.96
274,6,val,5.884658,0.97
274,7,val,6.480759,0.98
274,8,val,7.164187,0.99
274,9,val,7.595140,1.00
274,10,val,6.821844,1.01
274,11,val,4.909715,1.02
274,12,val,6.263816,1.03
274,13,val,3.898387,1.05
274,14,val,7.611063,1.06
274,15,val,2.818517,1.07
274,16,val,8.971994,1.07
274,17,val,5.073286,1.08
274,18,val,5.606487,1.09
274,19,val,13.166851,1.10
274,20,val,10.884340,1.11
274,21,val,11.965950,1.12
274,22,val,6.146137,1.13
274,23,val,4.727350,1.14
274,24,val,2.308934,1.15
274,25,val,11.364109,1.16
274,26,val,6.434772,1.17
274,27,val,4.369056,1.18
274,28,val,5.387537,1.19
274,29,val,4.027712,1.20
274,30,val,5.676215,1.21
274,31,val,15.263048,1.22
274,32,val,7.583094,1.22
274,33,val,3.015701,1.23
274,34,val,6.419919,1.25
274,35,val,3.271206,1.26
275,0,train,5.186407,0.21
275,1,train,3.715737,0.26
275,2,train,3.782148,0.30
275,3,train,4.297906,0.34
275,4,train,4.634694,0.39
275,5,train,3.200110,0.43
275,6,train,4.609237,0.47
275,7,train,5.466337,0.52
275,8,train,4.281643,0.56
275,9,train,4.081386,0.60
275,10,train,3.980956,0.64
275,11,train,4.911694,0.67
275,12,train,4.943683,0.71
275,13,train,3.508858,0.75
275,0,val,3.758008,0.92
275,1,val,17.653112,0.93
275,2,val,8.317564,0.94
275,3,val,13.243917,0.95
275,4,val,2.919576,0.96
275,5,val,4.446095,0.96
275,6,val,4.206624,0.97
275,7,val,13.562124,0.98
275,8,val,5.486121,0.98
275,9,val,11.172583,0.99
275,10,val,6.944651,1.00
275,11,val,4.437950,1.00
275,12,val,5.751597,1.01
275,13,val,3.457441,1.02
275,14,val,8.149108,1.05
275,15,val,1.866732,1.05
275,16,val,10.725140,1.06
275,17,val,6.586183,1.07
275,18,val,3.601025,1.07
275,19,val,13.235482,1.08
275,20,val,10.507619,1.08
275,21,val,9.059044,1.09
275,22,val,6.462693,1.10
275,23,val,3.255641,1.10
275,24,val,2.475821,1.11
275,25,val,13.163061,1.12
275,26,val,3.519557,1.12
275,27,val,4.851690,1.13
275,28,val,4.460375,1.14
275,29,val,4.192099,1.15
275,30,val,8.219182,1.16
275,31,val,13.540774,1.16
275,32,val,8.147673,1.17
275,33,val,2.688025,1.17
275,34,val,5.996670,1.18
275,35,val,3.209703,1.18
276,0,train,3.816273,0.14
276,1,train,3.911884,0.17
276,2,train,5.441793,0.21
276,3,train,4.508940,0.24
276,4,train,5.184155,0.28
276,5,train,4.196752,0.32
276,6,train,5.471439,0.35
276,7,train,5.538641,0.39
276,8,train,3.907157,0.42
276,9,train,3.394724,0.46
276,10,train,5.778494,0.49
276,11,train,4.676001,0.52
276,12,train,5.960965,0.57
276,13,train,3.995628,0.61
276,0,val,7.922771,0.76
276,1,val,4.991865,0.77
276,2,val,10.672531,0.78
276,3,val,12.910662,0.79
276,4,val,6.071046,0.80
276,5,val,2.918575,0.80
276,6,val,5.442823,0.81
276,7,val,6.300956,0.82
276,8,val,4.031693,0.83
276,9,val,8.525775,0.85
276,10,val,13.397791,0.86
276,11,val,6.341977,0.86
276,12,val,6.956101,0.87
276,13,val,7.744398,0.88
276,14,val,10.251040,0.89
276,15,val,2.078091,0.90
276,16,val,8.818214,0.90
276,17,val,10.629084,0.91
276,18,val,3.054567,0.92
276,19,val,13.151517,0.92
276,20,val,9.353823,0.93
276,21,val,10.813324,0.94
276,22,val,7.964140,0.94
276,23,val,2.954312,0.95
276,24,val,4.479884,0.96
276,25,val,14.478517,0.96
276,26,val,10.817946,0.97
276,27,val,5.622936,0.98
276,28,val,7.848293,1.00
276,29,val,4.994891,1.01
276,30,val,11.536713,1.02
276,31,val,17.739031,1.03
276,32,val,9.244455,1.04
276,33,val,3.049786,1.04
276,34,val,6.267687,1.05
276,35,val,3.547734,1.06
277,0,train,3.790222,0.16
277,1,train,7.042821,0.20
277,2,train,4.490611,0.24
277,3,train,3.331635,0.28
277,4,train,5.086399,0.33
277,5,train,4.795856,0.36
277,6,train,4.232739,0.40
277,7,train,4.971239,0.45
277,8,train,3.913326,0.48
277,9,train,3.822238,0.52
277,10,train,4.835011,0.55
277,11,train,4.516474,0.59
277,12,train,3.500298,0.63
277,13,train,5.754332,0.66
277,0,val,4.969866,0.81
277,1,val,4.737665,0.84
277,2,val,7.920134,0.86
277,3,val,9.328402,0.87
277,4,val,2.507213,0.87
277,5,val,2.991940,0.88
277,6,val,4.225150,0.89
277,7,val,6.518324,0.90
277,8,val,3.607924,0.90
277,9,val,8.525344,0.91
277,10,val,7.307742,0.92
277,11,val,4.937230,0.93
277,12,val,5.506347,0.94
277,13,val,4.322828,0.94
277,14,val,8.787214,0.95
277,15,val,3.100959,0.96
277,16,val,9.029698,0.96
277,17,val,4.586619,0.97
277,18,val,4.326646,0.98
277,19,val,17.677607,0.98
277,20,val,9.128489,0.99
277,21,val,8.733830,1.00
277,22,val,53.370220,1.01
277,23,val,2.703367,1.01
277,24,val,6.420637,1.02
277,25,val,11.194267,1.03
277,26,val,4.346675,1.04
277,27,val,4.339299,1.04
277,28,val,4.308455,1.05
277,29,val,5.223988,1.05
277,30,val,4.746053,1.06
277,31,val,13.386539,1.07
277,32,val,8.445500,1.07
277,33,val,7.468949,1.08
277,34,val,9.829390,1.08
277,35,val,3.874444,1.09
278,0,train,5.665885,0.13
278,1,train,4.723770,0.18
278,2,train,4.588952,0.21
278,3,train,4.178893,0.24
278,4,train,4.806770,0.28
278,5,train,5.286539,0.32
278,6,train,5.053568,0.35
278,7,train,4.919878,0.39
278,8,train,4.948052,0.42
278,9,train,4.061213,0.46
278,10,train,3.992272,0.49
278,11,train,3.779354,0.52
278,12,train,3.231632,0.55
278,13,train,4.730205,0.59
278,0,val,4.112820,0.75
278,1,val,4.101678,0.77
278,2,val,7.940561,0.77
278,3,val,8.529514,0.78
278,4,val,5.005777,0.79
278,5,val,2.556056,0.80
278,6,val,4.818800,0.80
278,7,val,8.053536,0.81
278,8,val,8.520773,0.82
278,9,val,7.907643,0.83
278,10,val,7.356925,0.83
278,11,val,5.036199,0.84
278,12,val,7.871804,0.85
278,13,val,3.766463,0.85
278,14,val,9.541940,0.87
278,15,val,2.361950,0.88
278,16,val,10.367638,0.88
278,17,val,4.018917,0.89
278,18,val,2.926614,0.90
278,19,val,12.898930,0.91
278,20,val,8.698359,0.91
278,21,val,11.205261,0.92
278,22,val,7.516704,0.93
278,23,val,3.208746,0.94
278,24,val,2.650957,0.95
278,25,val,11.676808,0.95
278,26,val,8.842919,0.96
278,27,val,6.595277,0.98
278,28,val,4.209698,0.98
278,29,val,7.338980,0.99
278,30,val,4.744866,1.00
278,31,val,14.598327,1.01
278,32,val,7.984005,1.01
278,33,val,4.420583,1.02
278,34,val,6.626952,1.02
278,35,val,10.175424,1.03
279,0,train,5.432649,0.15
279,1,train,4.668231,0.19
279,2,train,3.897873,0.22
279,3,train,4.915213,0.26
279,4,train,5.078609,0.29
279,5,train,3.554640,0.33
279,6,train,4.950069,0.36
279,7,train,3.612629,0.40
279,8,train,3.222866,0.43
279,9,train,4.193069,0.47
279,10,train,4.371228,0.50
279,11,train,5.368615,0.53
279,12,train,4.418003,0.56
279,13,train,8.680228,0.59
279,0,val,4.184051,0.74
279,1,val,4.498652,0.74
279,2,val,6.920188,0.76
279,3,val,8.756182,0.77
279,4,val,8.927069,0.77
279,5,val,5.617975,0.78
279,6,val,6.449790,0.79
279,7,val,6.574129,0.79
279,8,val,2.954081,0.80
279,9,val,8.719083,0.81
279,10,val,7.337401,0.81
279,11,val,5.364591,0.82
279,12,val,7.166193,0.83
279,13,val,6.691304,0.83
279,14,val,7.700616,0.84
279,15,val,5.777409,0.84
279,16,val,9.302768,0.86
279,17,val,4.427062,0.86
279,18,val,4.091513,0.87
279,19,val,12.452606,0.88
279,20,val,11.107543,0.88
279,21,val,8.976125,0.89
279,22,val,6.280385,0.90
279,23,val,3.725609,0.90
279,24,val,4.524621,0.91
279,25,val,11.398609,0.92
279,26,val,3.657748,0.92
279,27,val,4.911701,0.93
279,28,val,4.430493,0.94
279,29,val,7.508952,0.94
279,30,val,4.387714,0.95
279,31,val,12.418066,0.96
279,32,val,9.304272,0.96
279,33,val,2.906325,0.97
279,34,val,8.934449,0.97
279,35,val,6.184952,0.98
280,0,train,3.904217,0.13
280,1,train,5.808075,0.17
280,2,train,4.947667,0.21
280,3,train,3.711394,0.24
280,4,train,5.358132,0.28
280,5,train,3.998129,0.31
280,6,train,5.936435,0.35
280,7,train,3.945238,0.38
280,8,train,3.478916,0.41
280,9,train,6.553206,0.45
280,10,train,4.549770,0.48
280,11,train,4.297866,0.52
280,12,train,3.964359,0.55
280,13,train,6.446703,0.58
280,0,val,4.285572,0.72
280,1,val,5.079278,0.72
280,2,val,6.909430,0.73
280,3,val,8.488472,0.74
280,4,val,2.820061,0.75
280,5,val,3.045813,0.76
280,6,val,4.123067,0.77
280,7,val,6.326886,0.77
280,8,val,2.978518,0.78
280,9,val,7.455091,0.79
280,10,val,6.623449,0.79
280,11,val,5.312367,0.80
280,12,val,5.578155,0.81
280,13,val,3.969500,0.81
280,14,val,7.912628,0.82
280,15,val,2.256841,0.83
280,16,val,9.759019,0.83
280,17,val,4.296261,0.84
280,18,val,4.425889,0.85
280,19,val,13.168142,0.86
280,20,val,9.580297,0.87
280,21,val,9.937505,0.87
280,22,val,6.047588,0.88
280,23,val,2.818440,0.89
280,24,val,2.476575,0.89
280,25,val,12.308828,0.90
280,26,val,4.038324,0.91
280,27,val,4.133226,0.91
280,28,val,4.333220,0.92
280,29,val,3.869221,0.93
280,30,val,4.180541,0.93
280,31,val,12.545171,0.94
280,32,val,8.123899,0.94
280,33,val,4.085442,0.95
280,34,val,5.722766,0.96
280,35,val,3.183990,0.96
281,0,train,5.174251,0.14
281,1,train,6.612957,0.18
281,2,train,3.058633,0.23
281,3,train,4.259927,0.28
281,4,train,5.518276,0.32
281,5,train,4.590575,0.35
281,6,train,4.271164,0.38
281,7,train,4.229497,0.43
281,8,train,3.485049,0.46
281,9,train,5.418890,0.49
281,10,train,5.013038,0.53
281,11,train,4.215473,0.56
281,12,train,4.948554,0.59
281,13,train,3.848626,0.62
281,0,val,4.706563,0.75
281,1,val,4.282926,0.76
281,2,val,6.601904,0.76
281,3,val,10.310327,0.77
281,4,val,4.088858,0.78
281,5,val,2.695854,0.79
281,6,val,4.423239,0.80
281,7,val,6.437032,0.80
281,8,val,3.836690,0.81
281,9,val,10.808532,0.81
281,10,val,6.905022,0.82
281,11,val,5.713852,0.83
281,12,val,5.907107,0.83
281,13,val,4.289477,0.84
281,14,val,8.295966,0.85
281,15,val,1.960419,0.85
281,16,val,9.393209,0.86
281,17,val,4.880438,0.87
281,18,val,2.302280,0.87
281,19,val,12.374457,0.89
281,20,val,8.407323,0.89
281,21,val,10.051988,0.90
281,22,val,8.231209,0.91
281,23,val,4.064307,0.91
281,24,val,4.238955,0.92
281,25,val,11.011833,0.92
281,26,val,3.644719,0.93
281,27,val,4.713369,0.94
281,28,val,5.451623,0.94
281,29,val,5.725892,0.95
281,30,val,5.063516,0.96
281,31,val,13.070509,0.96
281,32,val,7.758992,0.97
281,33,val,4.797706,0.97
281,34,val,6.451458,0.98
281,35,val,20.770338,0.99
282,0,train,4.845105,0.13
282,1,train,3.640072,0.18
282,2,train,5.201863,0.21
282,3,train,4.889404,0.24
282,4,train,3.188563,0.28
282,5,train,3.531448,0.32
282,6,train,3.613120,0.35
282,7,train,3.597992,0.39
282,8,train,3.846762,0.42
282,9,train,4.341843,0.45
282,10,train,2.989622,0.49
282,11,train,4.795258,0.52
282,12,train,3.232079,0.55
282,13,train,4.920714,0.58
282,0,val,4.088161,0.72
282,1,val,4.434872,0.73
282,2,val,9.730185,0.73
282,3,val,11.131831,0.74
282,4,val,2.898970,0.76
282,5,val,2.532900,0.76
282,6,val,4.053708,0.77
282,7,val,6.412392,0.78
282,8,val,2.772764,0.78
282,9,val,7.213532,0.79
282,10,val,6.719862,0.80
282,11,val,4.420643,0.80
282,12,val,8.910252,0.81
282,13,val,3.546554,0.82
282,14,val,9.722586,0.82
282,15,val,2.891551,0.83
282,16,val,9.868910,0.83
282,17,val,4.413235,0.84
282,18,val,5.346111,0.85
282,19,val,13.569591,0.86
282,20,val,16.960934,0.87
282,21,val,9.406940,0.87
282,22,val,6.604160,0.88
282,23,val,8.040556,0.89
282,24,val,2.094537,0.89
282,25,val,10.225748,0.90
282,26,val,9.385862,0.91
282,27,val,4.963615,0.91
282,28,val,4.110559,0.92
282,29,val,4.061690,0.93
282,30,val,3.939339,0.94
282,31,val,13.179648,0.94
282,32,val,9.214390,0.95
282,33,val,3.402120,0.95
282,34,val,14.406296,0.96
282,35,val,4.344832,0.97
283,0,train,5.635574,0.13
283,1,train,4.833737,0.17
283,2,train,3.706059,0.21
283,3,train,3.918804,0.24
283,4,train,5.025014,0.28
283,5,train,3.303971,0.32
283,6,train,4.179538,0.35
283,7,train,3.680561,0.39
283,8,train,3.386592,0.42
283,9,train,4.539941,0.46
283,10,train,3.271362,0.49
283,11,train,2.961114,0.52
283,12,train,3.672152,0.55
283,13,train,3.769023,0.59
283,0,val,3.740613,0.72
283,1,val,3.721036,0.72
283,2,val,7.495851,0.73
283,3,val,10.535930,0.74
283,4,val,3.632657,0.75
283,5,val,7.075192,0.76
283,6,val,4.210443,0.77
283,7,val,5.790588,0.77
283,8,val,5.996939,0.78
283,9,val,7.948466,0.79
283,10,val,6.642908,0.79
283,11,val,4.456163,0.80
283,12,val,6.276146,0.81
283,13,val,9.318723,0.81
283,14,val,8.765920,0.82
283,15,val,3.139350,0.82
283,16,val,11.720895,0.83
283,17,val,9.985646,0.84
283,18,val,6.698366,0.85
283,19,val,14.092875,0.86
283,20,val,8.936296,0.86
283,21,val,9.075646,0.87
283,22,val,6.894577,0.88
283,23,val,6.345181,0.88
283,24,val,2.132198,0.89
283,25,val,11.243059,0.90
283,26,val,3.679028,0.90
283,27,val,4.220616,0.91
283,28,val,4.363558,0.92
283,29,val,4.798029,0.92
283,30,val,3.404114,0.93
283,31,val,13.759453,0.94
283,32,val,8.990813,0.94
283,33,val,5.180022,0.95
283,34,val,5.869713,0.96
283,35,val,4.150050,0.96
284,0,train,3.276022,0.13
284,1,train,3.877271,0.17
284,2,train,3.668221,0.20
284,3,train,4.430814,0.23
284,4,train,4.165068,0.27
284,5,train,4.899549,0.31
284,6,train,3.365679,0.35
284,7,train,5.285731,0.38
284,8,train,4.120678,0.41
284,9,train,3.600735,0.45
284,10,train,3.815973,0.48
284,11,train,3.812815,0.51
284,12,train,5.075898,0.55
284,13,train,3.790852,0.58
284,0,val,3.832182,0.71
284,1,val,5.908220,0.72
284,2,val,6.597116,0.75
284,3,val,11.529151,0.76
284,4,val,2.416589,0.77
284,5,val,2.800715,0.78
284,6,val,4.125525,0.79
284,7,val,6.189120,0.80
284,8,val,3.152978,0.81
284,9,val,7.795287,0.82
284,10,val,8.165751,0.83
284,11,val,4.821778,0.84
284,12,val,6.077627,0.86
284,13,val,3.183344,0.86
284,14,val,11.430791,0.87
284,15,val,2.282006,0.88
284,16,val,10.082587,0.89
284,17,val,4.493711,0.90
284,18,val,2.797970,0.91
284,19,val,12.831934,0.92
284,20,val,12.139722,0.93
284,21,val,9.236867,0.94
284,22,val,8.305103,0.95
284,23,val,4.194714,0.96
284,24,val,5.498344,0.97
284,25,val,11.950330,0.97
284,26,val,11.063494,0.98
284,27,val,4.829486,0.99
284,28,val,10.737642,1.00
284,29,val,5.648286,1.02
284,30,val,3.964692,1.02
284,31,val,12.895801,1.03
284,32,val,11.509297,1.04
284,33,val,3.119591,1.05
284,34,val,12.990283,1.06
284,35,val,5.042047,1.06
285,0,train,5.820064,0.18
285,1,train,5.061202,0.24
285,2,train,10.063279,0.29
285,3,train,4.107501,0.35
285,4,train,4.902405,0.39
285,5,train,4.483756,0.43
285,6,train,3.078479,0.48
285,7,train,4.059078,0.54
285,8,train,4.394579,0.61
285,9,train,4.336218,0.73
285,10,train,3.917540,0.78
285,11,train,4.654321,0.82
285,12,train,4.528494,0.85
285,13,train,3.109597,0.90
285,0,val,6.216458,1.19
285,1,val,4.310771,1.23
285,2,val,7.801478,1.25
285,3,val,12.961612,1.26
285,4,val,9.695207,1.29
285,5,val,4.721230,1.33
285,6,val,4.611578,1.34
285,7,val,9.980832,1.36
285,8,val,3.471197,1.38
285,9,val,8.103402,1.39
285,10,val,6.435219,1.41
285,11,val,6.253723,1.43
285,12,val,6.166003,1.44
285,13,val,3.807867,1.45
285,14,val,9.371349,1.47
285,15,val,2.141129,1.49
285,16,val,9.507409,1.50
285,17,val,4.145121,1.53
285,18,val,4.139257,1.54
285,19,val,12.298384,1.56
285,20,val,8.892182,1.57
285,21,val,8.315131,1.59
285,22,val,15.740067,1.60
285,23,val,3.548167,1.62
285,24,val,2.964357,1.64
285,25,val,10.984603,1.65
285,26,val,4.262484,1.67
285,27,val,4.996306,1.68
285,28,val,5.508955,1.70
285,29,val,4.162187,1.71
285,30,val,7.925345,1.72
285,31,val,14.779566,1.74
285,32,val,7.358207,1.75
285,33,val,5.273918,1.77
285,34,val,7.486876,1.78
285,35,val,11.470924,1.79
286,0,train,3.375968,0.21
286,1,train,5.592446,0.27
286,2,train,3.149113,0.33
286,3,train,3.481140,0.38
286,4,train,3.997208,0.42
286,5,train,4.046204,0.47
286,6,train,4.831017,0.51
286,7,train,5.598763,0.56
286,8,train,3.515425,0.60
286,9,train,5.257897,0.65
286,10,train,3.683505,0.68
286,11,train,5.024604,0.71
286,12,train,5.208842,0.76
286,13,train,4.157547,0.79
286,0,val,4.384080,0.99
286,1,val,13.602550,1.01
286,2,val,9.596096,1.02
286,3,val,8.387797,1.03
286,4,val,4.838856,1.04
286,5,val,5.535512,1.05
286,6,val,6.229632,1.06
286,7,val,6.023056,1.07
286,8,val,2.605554,1.08
286,9,val,7.107384,1.09
286,10,val,8.945635,1.10
286,11,val,6.337286,1.11
286,12,val,13.614664,1.12
286,13,val,4.781724,1.13
286,14,val,7.634180,1.14
286,15,val,4.764674,1.15
286,16,val,9.764253,1.15
286,17,val,5.385920,1.16
286,18,val,4.706669,1.18
286,19,val,13.821979,1.19
286,20,val,9.589494,1.20
286,21,val,8.856246,1.21
286,22,val,7.778902,1.22
286,23,val,2.279624,1.24
286,24,val,7.307564,1.26
286,25,val,13.381135,1.27
286,26,val,3.551062,1.28
286,27,val,4.678668,1.29
286,28,val,4.205224,1.30
286,29,val,4.397388,1.32
286,30,val,3.492255,1.33
286,31,val,13.133957,1.35
286,32,val,7.877804,1.35
286,33,val,6.133399,1.36
286,34,val,7.597819,1.37
286,35,val,3.848478,1.37
287,0,train,4.725079,0.25
287,1,train,6.074761,0.34
287,2,train,5.306781,0.40
287,3,train,4.543077,0.45
287,4,train,6.094414,0.50
287,5,train,3.307834,0.54
287,6,train,4.795678,0.57
287,7,train,4.824449,0.61
287,8,train,5.773519,0.65
287,9,train,4.662338,0.68
287,10,train,5.048634,0.72
287,11,train,3.821806,0.75
287,12,train,3.930137,0.79
287,13,train,3.236071,0.82
287,0,val,10.110922,0.96
287,1,val,7.455990,0.97
287,2,val,6.552618,0.98
287,3,val,11.537069,0.99
287,4,val,2.859262,1.00
287,5,val,4.500756,1.00
287,6,val,4.287089,1.01
287,7,val,6.258396,1.02
287,8,val,3.089864,1.03
287,9,val,9.572751,1.04
287,10,val,13.848876,1.05
287,11,val,4.427527,1.05
287,12,val,9.503136,1.06
287,13,val,10.027490,1.08
287,14,val,8.032362,1.09
287,15,val,2.868650,1.09
287,16,val,8.704378,1.10
287,17,val,5.627637,1.11
287,18,val,2.692021,1.11
287,19,val,12.131493,1.12
287,20,val,10.254179,1.13
287,21,val,15.878673,1.13
287,22,val,6.371966,1.14
287,23,val,3.780414,1.15
287,24,val,2.243603,1.15
287,25,val,10.865723,1.16
287,26,val,3.793272,1.17
287,27,val,4.581652,1.17
287,28,val,5.547189,1.18
287,29,val,4.542382,1.19
287,30,val,3.637665,1.20
287,31,val,12.615314,1.21
287,32,val,8.539146,1.22
287,33,val,3.033938,1.22
287,34,val,9.328591,1.23
287,35,val,2.978498,1.24
288,0,train,4.498763,0.16
288,1,train,4.873002,0.20
288,2,train,4.897537,0.24
288,3,train,4.015821,0.28
288,4,train,3.704831,0.32
288,5,train,4.284694,0.35
288,6,train,4.222528,0.39
288,7,train,3.733973,0.43
288,8,train,4.991865,0.47
288,9,train,4.434698,0.50
288,10,train,5.385610,0.53
288,11,train,4.072390,0.57
288,12,train,4.560963,0.60
288,13,train,3.373760,0.64
288,0,val,5.369438,0.77
288,1,val,6.324040,0.78
288,2,val,6.898716,0.79
288,3,val,8.162443,0.80
288,4,val,3.121094,0.81
288,5,val,6.693652,0.82
288,6,val,4.540824,0.82
288,7,val,10.561527,0.83
288,8,val,2.843355,0.84
288,9,val,8.146547,0.84
288,10,val,7.029578,0.85
288,11,val,4.629265,0.86
288,12,val,6.852437,0.88
288,13,val,3.558363,0.88
288,14,val,9.346005,0.89
288,15,val,2.410488,0.90
288,16,val,8.796576,0.92
288,17,val,4.937163,0.92
288,18,val,3.177629,0.93
288,19,val,11.914884,0.94
288,20,val,9.813904,0.95
288,21,val,8.725537,0.95
288,22,val,9.601829,0.96
288,23,val,3.768193,0.97
288,24,val,3.715964,0.98
288,25,val,10.617373,0.99
288,26,val,3.486958,0.99
288,27,val,5.564905,1.00
288,28,val,10.955419,1.01
288,29,val,4.355708,1.02
288,30,val,5.484948,1.03
288,31,val,14.722631,1.04
288,32,val,9.276065,1.05
288,33,val,4.132972,1.05
288,34,val,9.201573,1.05
288,35,val,3.627608,1.06
289,0,train,4.122007,0.17
289,1,train,5.651992,0.22
289,2,train,4.611786,0.26
289,3,train,3.949569,0.29
289,4,train,4.620338,0.32
289,5,train,3.021734,0.36
289,6,train,5.711520,0.39
289,7,train,4.337543,0.43
289,8,train,4.140150,0.47
289,9,train,3.111833,0.50
289,10,train,3.981610,0.53
289,11,train,4.726221,0.57
289,12,train,4.287180,0.60
289,13,train,4.965261,0.63
289,0,val,3.814048,0.76
289,1,val,5.493761,0.77
289,2,val,8.433019,0.78
289,3,val,9.701205,0.79
289,4,val,3.210172,0.80
289,5,val,10.115527,0.80
289,6,val,3.898337,0.81
289,7,val,5.499176,0.82
289,8,val,3.640222,0.82
289,9,val,8.643722,0.83
289,10,val,8.641049,0.84
289,11,val,6.062116,0.84
289,12,val,5.642657,0.85
289,13,val,3.371557,0.85
289,14,val,13.173048,0.86
289,15,val,2.107459,0.87
289,16,val,9.248086,0.87
289,17,val,4.212773,0.88
289,18,val,3.550221,0.89
289,19,val,12.736252,0.90
289,20,val,9.626446,0.91
289,21,val,8.957725,0.91
289,22,val,7.568467,0.92
289,23,val,5.464853,0.92
289,24,val,2.350014,0.93
289,25,val,10.596079,0.94
289,26,val,14.835226,0.94
289,27,val,4.698938,0.95
289,28,val,3.959066,0.96
289,29,val,9.849048,0.96
289,30,val,4.420743,0.97
289,31,val,13.183924,0.97
289,32,val,7.346589,0.98
289,33,val,3.181459,0.99
289,34,val,7.190647,0.99
289,35,val,3.274741,1.00
290,0,train,5.209317,0.16
290,1,train,4.594917,0.19
290,2,train,4.618929,0.23
290,3,train,5.526155,0.26
290,4,train,3.518164,0.29
290,5,train,5.363071,0.33
290,6,train,3.950449,0.36
290,7,train,4.021265,0.39
290,8,train,3.527978,0.43
290,9,train,3.673347,0.46
290,10,train,5.105931,0.50
290,11,train,3.563825,0.53
290,12,train,5.130637,0.56
290,13,train,3.321905,0.59
290,0,val,4.560363,0.72
290,1,val,5.466439,0.73
290,2,val,7.501481,0.74
290,3,val,8.460232,0.75
290,4,val,3.875212,0.76
290,5,val,2.629944,0.77
290,6,val,4.112570,0.77
290,7,val,6.242859,0.78
290,8,val,3.032975,0.79
290,9,val,8.813878,0.79
290,10,val,9.619359,0.80
290,11,val,5.314365,0.81
290,12,val,7.228066,0.81
290,13,val,4.452909,0.82
290,14,val,8.416205,0.83
290,15,val,2.273757,0.83
290,16,val,10.402474,0.84
290,17,val,4.519090,0.85
290,18,val,3.064742,0.86
290,19,val,12.950181,0.87
290,20,val,8.861975,0.88
290,21,val,9.195479,0.89
290,22,val,9.892914,0.90
290,23,val,3.267125,0.90
290,24,val,2.294396,0.91
290,25,val,11.554312,0.92
290,26,val,3.454025,0.92
290,27,val,5.181345,0.93
290,28,val,4.590882,0.94
290,29,val,4.978468,0.95
290,30,val,4.114504,0.96
290,31,val,14.355359,0.97
290,32,val,8.018089,0.97
290,33,val,3.572060,0.98
290,34,val,7.151085,0.98
290,35,val,4.211612,0.99
291,0,train,3.569439,0.13
291,1,train,3.752010,0.17
291,2,train,3.790019,0.20
291,3,train,4.051548,0.23
291,4,train,3.901481,0.27
291,5,train,5.386099,0.31
291,6,train,4.104815,0.34
291,7,train,6.571965,0.38
291,8,train,3.757019,0.41
291,9,train,6.416888,0.44
291,10,train,5.723644,0.48
291,11,train,3.346888,0.51
291,12,train,4.522615,0.54
291,13,train,4.509982,0.57
291,0,val,4.811855,0.70
291,1,val,3.964204,0.71
291,2,val,8.202360,0.72
291,3,val,10.935870,0.73
291,4,val,2.808718,0.74
291,5,val,6.517478,0.75
291,6,val,14.132689,0.76
291,7,val,5.444035,0.76
291,8,val,9.569225,0.77
291,9,val,8.846967,0.78
291,10,val,6.352346,0.78
291,11,val,5.858431,0.79
291,12,val,5.983077,0.80
291,13,val,4.615862,0.80
291,14,val,8.455900,0.81
291,15,val,10.915481,0.82
291,16,val,10.035292,0.82
291,17,val,4.333920,0.83
291,18,val,4.078995,0.84
291,19,val,11.923916,0.85
291,20,val,8.953346,0.86
291,21,val,16.770824,0.88
291,22,val,6.580435,0.89
291,23,val,3.236160,0.90
291,24,val,5.014607,0.91
291,25,val,11.250759,0.91
291,26,val,4.370378,0.92
291,27,val,5.745880,0.93
291,28,val,4.851737,0.93
291,29,val,6.747338,0.95
291,30,val,4.989980,0.95
291,31,val,17.387243,0.96
291,32,val,10.314686,0.96
291,33,val,2.700059,0.97
291,34,val,6.685371,0.98
291,35,val,3.815411,0.98
292,0,train,4.367717,0.13
292,1,train,3.232958,0.17
292,2,train,4.076962,0.21
292,3,train,3.415333,0.24
292,4,train,5.544969,0.28
292,5,train,4.499683,0.31
292,6,train,4.227185,0.34
292,7,train,4.112440,0.38
292,8,train,4.525493,0.41
292,9,train,6.615036,0.44
292,10,train,3.784472,0.48
292,11,train,4.104194,0.51
292,12,train,3.653330,0.54
292,13,train,4.172657,0.57
292,0,val,7.469549,0.71
292,1,val,10.409595,0.72
292,2,val,8.080380,0.73
292,3,val,7.827936,0.75
292,4,val,5.685741,0.75
292,5,val,7.025965,0.76
292,6,val,5.012941,0.77
292,7,val,6.037820,0.78
292,8,val,10.678425,0.78
292,9,val,7.992802,0.79
292,10,val,7.311102,0.79
292,11,val,9.847270,0.80
292,12,val,7.093809,0.81
292,13,val,3.472234,0.81
292,14,val,9.535332,0.82
292,15,val,4.629130,0.83
292,16,val,8.204948,0.83
292,17,val,6.389360,0.85
292,18,val,3.466713,0.85
292,19,val,12.082874,0.86
292,20,val,9.532063,0.87
292,21,val,7.899305,0.88
292,22,val,6.178845,0.89
292,23,val,2.898267,0.90
292,24,val,2.433761,0.90
292,25,val,10.461326,0.91
292,26,val,3.567436,0.92
292,27,val,5.290615,0.92
292,28,val,4.122365,0.93
292,29,val,5.183318,0.94
292,30,val,4.185419,0.95
292,31,val,12.601166,0.95
292,32,val,8.860537,0.96
292,33,val,3.114773,0.96
292,34,val,7.322690,0.97
292,35,val,3.873788,0.98
293,0,train,2.971494,0.14
293,1,train,3.865042,0.18
293,2,train,4.534995,0.21
293,3,train,5.471197,0.24
293,4,train,3.348136,0.28
293,5,train,3.736810,0.31
293,6,train,6.403213,0.35
293,7,train,4.962183,0.39
293,8,train,3.939945,0.43
293,9,train,4.450512,0.47
293,10,train,4.011627,0.51
293,11,train,4.247532,0.54
293,12,train,4.099710,0.58
293,13,train,4.083204,0.61
293,0,val,5.451459,0.77
293,1,val,3.972589,0.78
293,2,val,11.604557,0.79
293,3,val,11.242834,0.80
293,4,val,4.387087,0.81
293,5,val,3.906523,0.82
293,6,val,3.995756,0.83
293,7,val,6.084246,0.84
293,8,val,7.724351,0.85
293,9,val,9.063787,0.86
293,10,val,6.632033,0.87
293,11,val,4.025502,0.88
293,12,val,13.152566,0.89
293,13,val,11.749655,0.91
293,14,val,8.278165,0.92
293,15,val,2.868959,0.93
293,16,val,8.899432,0.94
293,17,val,4.115977,0.95
293,18,val,3.149406,0.96
293,19,val,12.155750,0.97
293,20,val,9.755993,0.98
293,21,val,9.332600,0.98
293,22,val,6.777996,1.00
293,23,val,3.348090,1.01
293,24,val,2.240514,1.02
293,25,val,12.264088,1.03
293,26,val,3.588305,1.04
293,27,val,4.477173,1.04
293,28,val,3.878152,1.05
293,29,val,5.861707,1.06
293,30,val,4.178732,1.07
293,31,val,15.343523,1.08
293,32,val,7.194138,1.08
293,33,val,2.885208,1.09
293,34,val,7.583543,1.10
293,35,val,6.264565,1.11
294,0,train,4.273365,0.19
294,1,train,4.431902,0.24
294,2,train,4.070402,0.28
294,3,train,3.071376,0.32
294,4,train,3.079714,0.37
294,5,train,3.457649,0.40
294,6,train,3.959572,0.44
294,7,train,4.855117,0.48
294,8,train,3.378291,0.52
294,9,train,4.635037,0.56
294,10,train,3.891563,0.60
294,11,train,5.076172,0.64
294,12,train,3.890875,0.67
294,13,train,3.751712,0.71
294,0,val,4.165257,0.91
294,1,val,4.019357,0.95
294,2,val,7.919294,0.97
294,3,val,11.653483,0.97
294,4,val,3.102561,0.98
294,5,val,4.536979,0.99
294,6,val,3.814659,1.00
294,7,val,11.335443,1.01
294,8,val,2.855031,1.01
294,9,val,8.353948,1.03
294,10,val,11.388165,1.04
294,11,val,3.987829,1.04
294,12,val,6.103899,1.05
294,13,val,3.681345,1.06
294,14,val,9.913900,1.07
294,15,val,2.706766,1.08
294,16,val,16.033392,1.09
294,17,val,4.147125,1.10
294,18,val,5.361694,1.11
294,19,val,12.160518,1.12
294,20,val,10.694610,1.13
294,21,val,8.667359,1.14
294,22,val,7.509937,1.15
294,23,val,4.975574,1.16
294,24,val,8.622469,1.16
294,25,val,10.736168,1.17
294,26,val,3.601187,1.18
294,27,val,4.475412,1.19
294,28,val,4.036269,1.20
294,29,val,6.389250,1.21
294,30,val,5.768375,1.21
294,31,val,12.958512,1.22
294,32,val,7.661730,1.23
294,33,val,3.120611,1.24
294,34,val,6.093961,1.24
294,35,val,3.330835,1.25
295,0,train,2.732241,0.17
295,1,train,3.828754,0.22
295,2,train,3.888726,0.25
295,3,train,4.199220,0.29
295,4,train,4.360303,0.33
295,5,train,4.631435,0.37
295,6,train,4.090847,0.41
295,7,train,5.157071,0.46
295,8,train,4.432493,0.49
295,9,train,3.242379,0.53
295,10,train,5.001646,0.57
295,11,train,4.764339,0.61
295,12,train,3.289445,0.64
295,13,train,4.130999,0.68
295,0,val,4.983266,0.86
295,1,val,3.993445,0.89
295,2,val,7.144820,0.90
295,3,val,11.850224,0.91
295,4,val,4.857954,0.92
295,5,val,8.893278,0.92
295,6,val,4.307915,0.93
295,7,val,11.410088,0.94
295,8,val,4.597645,0.95
295,9,val,8.713077,0.96
295,10,val,6.660386,0.97
295,11,val,4.281752,0.98
295,12,val,8.937873,0.99
295,13,val,3.433373,1.00
295,14,val,7.902665,1.01
295,15,val,2.192288,1.01
295,16,val,8.645263,1.02
295,17,val,5.713073,1.03
295,18,val,7.321800,1.04
295,19,val,12.678381,1.05
295,20,val,9.131328,1.06
295,21,val,9.024387,1.07
295,22,val,8.369507,1.08
295,23,val,7.545663,1.09
295,24,val,3.994846,1.10
295,25,val,11.361143,1.11
295,26,val,4.196565,1.12
295,27,val,4.770856,1.14
295,28,val,6.161857,1.14
295,29,val,4.525410,1.15
295,30,val,5.573873,1.17
295,31,val,13.174177,1.19
295,32,val,7.277126,1.20
295,33,val,2.925989,1.20
295,34,val,6.230745,1.21
295,35,val,3.077996,1.22
296,0,train,5.666708,0.20
296,1,train,4.606867,0.25
296,2,train,3.479431,0.28
296,3,train,3.518075,0.32
296,4,train,4.156796,0.38
296,5,train,3.721609,0.42
296,6,train,4.589524,0.47
296,7,train,3.501092,0.51
296,8,train,4.461112,0.55
296,9,train,4.194268,0.59
296,10,train,3.328084,0.62
296,11,train,4.248222,0.65
296,12,train,3.451005,0.68
296,13,train,4.247962,0.72
296,0,val,5.781925,0.91
296,1,val,13.950779,0.93
296,2,val,7.917426,0.94
296,3,val,8.408697,0.95
296,4,val,8.286367,0.96
296,5,val,4.985915,0.97
296,6,val,5.527411,0.98
296,7,val,7.044795,0.99
296,8,val,4.611739,1.00
296,9,val,7.384145,1.01
296,10,val,6.502300,1.03
296,11,val,4.814063,1.04
296,12,val,6.024878,1.06
296,13,val,3.587147,1.07
296,14,val,11.079804,1.08
296,15,val,4.338071,1.09
296,16,val,8.536529,1.10
296,17,val,5.650869,1.11
296,18,val,3.990728,1.11
296,19,val,12.599686,1.13
296,20,val,8.920765,1.14
296,21,val,9.331186,1.15
296,22,val,6.171547,1.16
296,23,val,2.495269,1.17
296,24,val,2.201941,1.18
296,25,val,10.863562,1.19
296,26,val,4.097784,1.20
296,27,val,9.399124,1.21
296,28,val,4.953436,1.21
296,29,val,4.026457,1.23
296,30,val,4.238934,1.24
296,31,val,12.524368,1.25
296,32,val,14.866041,1.25
296,33,val,2.897246,1.26
296,34,val,14.825105,1.27
296,35,val,3.101702,1.28
297,0,train,3.979895,0.20
297,1,train,4.514904,0.25
297,2,train,5.722397,0.29
297,3,train,4.217849,0.33
297,4,train,6.516613,0.37
297,5,train,3.913101,0.42
297,6,train,4.151761,0.46
297,7,train,4.246209,0.50
297,8,train,4.607514,0.53
297,9,train,3.681045,0.57
297,10,train,3.538162,0.60
297,11,train,4.156929,0.63
297,12,train,4.316845,0.66
297,13,train,4.391367,0.70
297,0,val,4.560969,0.83
297,1,val,4.490847,0.84
297,2,val,7.839970,0.84
297,3,val,12.900900,0.85
297,4,val,3.223567,0.87
297,5,val,2.680431,0.87
297,6,val,3.862560,0.88
297,7,val,6.109236,0.89
297,8,val,3.476622,0.89
297,9,val,9.110559,0.90
297,10,val,14.208664,0.91
297,11,val,4.765522,0.91
297,12,val,6.069672,0.92
297,13,val,4.038176,0.93
297,14,val,7.984693,0.93
297,15,val,1.954859,0.94
297,16,val,11.799727,0.95
297,17,val,8.143581,0.95
297,18,val,3.702348,0.97
297,19,val,14.510257,0.97
297,20,val,12.343495,0.98
297,21,val,8.091116,0.99
297,22,val,7.070981,0.99
297,23,val,3.003412,1.00
297,24,val,3.310562,1.01
297,25,val,10.983525,1.03
297,26,val,11.847769,1.04
297,27,val,4.767405,1.05
297,28,val,10.639008,1.06
297,29,val,3.795490,1.08
297,30,val,4.197909,1.09
297,31,val,13.685361,1.10
297,32,val,7.247065,1.10
297,33,val,2.554361,1.11
297,34,val,9.121326,1.11
297,35,val,3.080413,1.12
298,0,train,6.575457,0.13
298,1,train,3.585871,0.18
298,2,train,3.910896,0.21
298,3,train,4.361888,0.24
298,4,train,4.185755,0.28
298,5,train,3.463294,0.31
298,6,train,3.496492,0.35
298,7,train,3.676644,0.39
298,8,train,5.136445,0.43
298,9,train,3.593438,0.47
298,10,train,3.259101,0.51
298,11,train,3.941616,0.54
298,12,train,4.728687,0.58
298,13,train,6.328247,0.61
298,0,val,5.659806,0.76
298,1,val,4.386338,0.77
298,2,val,9.772378,0.78
298,3,val,10.555957,0.80
298,4,val,5.499999,0.81
298,5,val,4.530153,0.81
298,6,val,4.387315,0.83
298,7,val,14.543583,0.84
298,8,val,3.582494,0.85
298,9,val,7.364612,0.87
298,10,val,7.097853,0.88
298,11,val,4.827609,0.90
298,12,val,5.418766,0.91
298,13,val,3.254702,0.91
298,14,val,8.670979,0.92
298,15,val,4.052882,0.93
298,16,val,9.157125,0.93
298,17,val,4.318222,0.94
298,18,val,2.833252,0.95
298,19,val,12.486797,0.96
298,20,val,9.120111,0.97
298,21,val,9.337247,0.98
298,22,val,6.086840,0.99
298,23,val,3.413207,0.99
298,24,val,6.008240,1.00
298,25,val,10.900609,1.01
298,26,val,4.416262,1.03
298,27,val,4.761009,1.04
298,28,val,4.531823,1.04
298,29,val,4.052263,1.05
298,30,val,4.800259,1.06
298,31,val,12.704165,1.06
298,32,val,7.935954,1.07
298,33,val,3.923875,1.08
298,34,val,6.576995,1.08
298,35,val,3.385125,1.09
299,0,train,4.411766,0.17
299,1,train,4.336462,0.22
299,2,train,3.896606,0.26
299,3,train,3.417633,0.29
299,4,train,5.200656,0.34
299,5,train,3.471137,0.37
299,6,train,3.469190,0.41
299,7,train,4.788917,0.45
299,8,train,5.469600,0.49
299,9,train,3.196514,0.52
299,10,train,4.747856,0.56
299,11,train,6.571146,0.59
299,12,train,4.654625,0.62
299,13,train,3.996956,0.73
299,0,val,4.492439,0.87
299,1,val,4.072755,0.87
299,2,val,9.259905,0.88
299,3,val,8.867016,0.89
299,4,val,3.013317,0.90
299,5,val,2.983963,0.92
299,6,val,4.962395,0.93
299,7,val,6.107544,0.94
299,8,val,3.053735,0.94
299,9,val,8.820560,0.95
299,10,val,14.424895,0.96
299,11,val,5.276732,0.96
299,12,val,6.432065,0.97
299,13,val,4.188591,0.98
299,14,val,10.848444,0.98
299,15,val,2.121791,0.99
299,16,val,11.713491,1.00
299,17,val,4.811560,1.01
299,18,val,3.067948,1.02
299,19,val,21.007206,1.02
299,20,val,10.107355,1.03
299,21,val,9.218012,1.04
299,22,val,6.332493,1.04
299,23,val,4.254552,1.05
299,24,val,3.926854,1.05
299,25,val,10.476838,1.06
299,26,val,5.842027,1.07
299,27,val,5.628654,1.07
299,28,val,5.751924,1.08
299,29,val,3.615628,1.09
299,30,val,4.512823,1.09
299,31,val,15.145819,1.10
299,32,val,8.462801,1.11
299,33,val,3.140791,1.11
299,34,val,6.120402,1.12
299,35,val,3.633498,1.12
0,0,train,77.640961,1.37
0,1,train,90.175804,1.42
0,2,train,67.502686,1.47
0,3,train,79.562881,1.52
0,4,train,78.107651,1.57
0,5,train,65.523254,1.61
0,6,train,69.671890,1.66
0,0,val,43.202538,1.83
0,1,val,46.535072,1.84
0,2,val,118.599701,1.85
0,3,val,36.581493,1.86
0,4,val,99.672226,1.87
0,5,val,79.782974,1.87
0,6,val,33.029194,1.88
0,7,val,35.059380,1.89
0,8,val,44.432915,1.90
0,9,val,66.365746,1.90
0,10,val,158.608688,1.91
0,11,val,58.976238,1.92
0,12,val,30.677414,1.92
0,13,val,33.637108,1.93
0,14,val,59.215874,1.94
0,15,val,81.547272,1.94
0,16,val,142.703415,1.95
0,17,val,55.509193,1.95
0,18,val,59.375389,1.96
1,0,train,84.396065,0.27
1,1,train,64.100250,0.33
1,2,train,89.134460,0.38
1,3,train,78.191788,0.43
1,4,train,76.115036,0.48
1,5,train,88.876755,0.53
1,6,train,53.696785,0.58
1,0,val,35.003136,0.79
1,1,val,42.744823,0.81
1,2,val,116.476921,0.82
1,3,val,33.661499,0.83
1,4,val,98.313843,0.84
1,5,val,77.923592,0.85
1,6,val,34.820358,0.86
1,7,val,31.800543,0.87
1,8,val,45.690628,0.89
1,9,val,64.628502,0.91
1,10,val,150.307755,0.93
1,11,val,59.791725,0.94
1,12,val,30.186792,0.95
1,13,val,34.206177,0.97
1,14,val,55.162518,0.98
1,15,val,72.653076,0.98
1,16,val,138.618271,0.99
1,17,val,51.415909,1.00
1,18,val,55.305626,1.01
2,0,train,65.687210,0.22
2,1,train,68.312157,0.28
2,2,train,66.376091,0.31
2,3,train,70.889381,0.35
2,4,train,93.891655,0.39
2,5,train,48.171074,0.42
2,6,train,56.708294,0.46
2,0,val,36.118042,0.65
2,1,val,48.640335,0.66
2,2,val,115.023041,0.67
2,3,val,34.086540,0.68
2,4,val,96.534554,0.69
2,5,val,69.214607,0.69
2,6,val,32.661690,0.70
2,7,val,36.078377,0.71
2,8,val,41.165695,0.71
2,9,val,62.285561,0.72
2,10,val,154.006546,0.73
2,11,val,55.118416,0.73
2,12,val,36.148327,0.74
2,13,val,32.975811,0.75
2,14,val,53.155457,0.75
2,15,val,72.347076,0.76
2,16,val,133.933838,0.76
2,17,val,52.252731,0.77
2,18,val,48.183762,0.77
3,0,train,86.891907,0.15
3,1,train,81.090469,0.20
3,2,train,95.493912,0.23
3,3,train,60.724514,0.26
3,4,train,60.919853,0.30
3,5,train,84.516541,0.33
3,6,train,75.026566,0.36
3,0,val,33.596600,0.51
3,1,val,47.097973,0.52
3,2,val,113.842911,0.54
3,3,val,34.356106,0.54
3,4,val,94.578644,0.55
3,5,val,78.028511,0.56
3,6,val,29.795277,0.57
3,7,val,32.513008,0.57
3,8,val,39.923443,0.58
3,9,val,62.341862,0.59
3,10,val,149.712540,0.60
3,11,val,54.766541,0.60
3,12,val,28.183033,0.61
3,13,val,35.900944,0.62
3,14,val,50.016327,0.63
3,15,val,70.412491,0.64
3,16,val,133.215820,0.64
3,17,val,52.256214,0.64
3,18,val,42.460972,0.65
4,0,train,55.499893,0.16
4,1,train,63.042950,0.20
4,2,train,62.761879,0.23
4,3,train,66.228317,0.26
4,4,train,86.023270,0.29
4,5,train,75.975296,0.33
4,6,train,77.474632,0.36
4,0,val,34.855095,0.48
4,1,val,39.701786,0.49
4,2,val,117.424561,0.50
4,3,val,31.914392,0.50
4,4,val,97.733673,0.51
4,5,val,67.823074,0.53
4,6,val,30.410469,0.53
4,7,val,30.760580,0.54
4,8,val,39.171837,0.55
4,9,val,59.901451,0.55
4,10,val,147.165665,0.56
4,11,val,54.829826,0.57
4,12,val,27.752655,0.58
4,13,val,31.413977,0.58
4,14,val,49.566647,0.59
4,15,val,70.928444,0.60
4,16,val,133.545197,0.61
4,17,val,48.484745,0.62
4,18,val,46.947491,0.63
5,0,train,58.588783,0.14
5,1,train,57.311199,0.18
5,2,train,57.478863,0.22
5,3,train,65.359695,0.25
5,4,train,65.853943,0.28
5,5,train,55.732132,0.31
5,6,train,54.339909,0.34
5,0,val,32.870602,0.47
5,1,val,39.700977,0.48
5,2,val,113.064095,0.49
5,3,val,31.266945,0.50
5,4,val,93.832909,0.51
5,5,val,66.441071,0.52
5,6,val,30.012648,0.53
5,7,val,29.450945,0.54
5,8,val,39.386528,0.54
5,9,val,60.576183,0.55
5,10,val,148.384766,0.56
5,11,val,53.779346,0.57
5,12,val,27.439043,0.57
5,13,val,35.549694,0.58
5,14,val,49.430676,0.59
5,15,val,70.196808,0.60
5,16,val,130.779007,0.61
5,17,val,47.204758,0.61
5,18,val,46.053566,0.62
6,0,train,67.931458,0.15
6,1,train,55.560081,0.18
6,2,train,65.193161,0.21
6,3,train,45.647156,0.24
6,4,train,89.599380,0.27
6,5,train,49.210079,0.31
6,6,train,73.484009,0.34
6,0,val,33.620094,0.46
6,1,val,41.770451,0.47
6,2,val,120.452614,0.48
6,3,val,30.963005,0.48
6,4,val,93.360939,0.49
6,5,val,68.136780,0.50
6,6,val,30.193390,0.51
6,7,val,30.534601,0.51
6,8,val,38.252438,0.52
6,9,val,70.515572,0.53
6,10,val,144.197968,0.54
6,11,val,52.406368,0.54
6,12,val,27.058399,0.55
6,13,val,30.572046,0.56
6,14,val,50.628086,0.56
6,15,val,67.785103,0.57
6,16,val,132.106064,0.57
6,17,val,46.393410,0.58
6,18,val,40.934505,0.58
7,0,train,75.649719,0.13
7,1,train,98.134521,0.16
7,2,train,79.095123,0.20
7,3,train,72.257988,0.23
7,4,train,79.564171,0.26
7,5,train,69.112274,0.29
7,6,train,55.095966,0.32
7,0,val,31.103134,0.44
7,1,val,39.753410,0.45
7,2,val,111.972443,0.45
7,3,val,33.726913,0.46
7,4,val,91.835388,0.47
7,5,val,73.764519,0.48
7,6,val,29.600832,0.49
7,7,val,31.683586,0.49
7,8,val,49.169834,0.50
7,9,val,61.124496,0.51
7,10,val,142.932388,0.51
7,11,val,53.208080,0.52
7,12,val,26.375830,0.52
7,13,val,31.030615,0.53
7,14,val,48.588764,0.54
7,15,val,68.462029,0.54
7,16,val,129.618988,0.55
7,17,val,49.257904,0.55
7,18,val,40.653351,0.56
8,0,train,68.155731,0.14
8,1,train,90.014778,0.17
8,2,train,65.408264,0.21
8,3,train,82.841789,0.23
8,4,train,57.141720,0.26
8,5,train,65.613129,0.30
8,6,train,56.173439,0.33
8,0,val,33.159760,0.46
8,1,val,38.536900,0.46
8,2,val,109.281639,0.47
8,3,val,38.747417,0.48
8,4,val,91.200058,0.49
8,5,val,73.007019,0.50
8,6,val,29.502989,0.51
8,7,val,35.827160,0.51
8,8,val,37.455872,0.52
8,9,val,58.738350,0.53
8,10,val,142.069626,0.53
8,11,val,52.265209,0.54
8,12,val,25.944288,0.55
8,13,val,29.112650,0.55
8,14,val,46.716755,0.56
8,15,val,67.821983,0.57
8,16,val,128.420151,0.57
8,17,val,45.759724,0.57
8,18,val,40.285549,0.58
9,0,train,70.426819,0.16
9,1,train,60.538185,0.21
9,2,train,65.190399,0.26
9,3,train,76.498123,0.31
9,4,train,47.709518,0.35
9,5,train,59.834362,0.40
9,6,train,54.188984,0.43
9,0,val,32.062733,0.56
9,1,val,37.721104,0.57
9,2,val,113.517448,0.58
9,3,val,29.974255,0.59
9,4,val,90.076981,0.60
9,5,val,67.766983,0.60
9,6,val,29.036589,0.61
9,7,val,27.805485,0.62
9,8,val,40.666325,0.62
9,9,val,60.605499,0.63
9,10,val,142.335312,0.64
9,11,val,57.841869,0.64
9,12,val,25.823908,0.65
9,13,val,31.779224,0.66
9,14,val,48.286709,0.66
9,15,val,72.570740,0.67
9,16,val,127.958023,0.67
9,17,val,44.826241,0.68
9,18,val,44.665123,0.68
10,0,train,53.864006,0.14
10,1,train,50.173691,0.18
10,2,train,68.649490,0.21
10,3,train,78.234993,0.24
10,4,train,59.154049,0.27
10,5,train,77.998520,0.30
10,6,train,59.585705,0.33
10,0,val,33.249973,0.46
10,1,val,42.633263,0.47
10,2,val,108.497971,0.48
10,3,val,30.964256,0.48
10,4,val,91.273460,0.50
10,5,val,67.061661,0.50
10,6,val,27.748867,0.51
10,7,val,28.795052,0.52
10,8,val,37.708118,0.52
10,9,val,58.803329,0.53
10,10,val,141.293091,0.54
10,11,val,53.985249,0.55
10,12,val,24.779305,0.55
10,13,val,29.851364,0.56
10,14,val,45.902164,0.57
10,15,val,66.459206,0.57
10,16,val,129.368042,0.58
10,17,val,45.919880,0.58
10,18,val,39.713062,0.59
11,0,train,51.883228,0.22
11,1,train,69.264648,0.27
11,2,train,51.952820,0.31
11,3,train,61.876537,0.35
11,4,train,56.969810,0.39
11,5,train,54.540035,0.42
11,6,train,35.196415,0.45
11,0,val,32.702255,0.62
11,1,val,36.736160,0.65
11,2,val,105.836479,0.67
11,3,val,31.139740,0.68
11,4,val,89.855293,0.68
11,5,val,63.169193,0.69
11,6,val,29.022234,0.70
11,7,val,29.404285,0.71
11,8,val,37.091099,0.72
11,9,val,56.941063,0.73
11,10,val,142.686050,0.74
11,11,val,53.830627,0.75
11,12,val,26.605925,0.76
11,13,val,29.540037,0.77
11,14,val,46.571014,0.78
11,15,val,69.563698,0.79
11,16,val,128.234924,0.79
11,17,val,46.061687,0.80
11,18,val,38.708103,0.80
12,0,train,58.141815,0.23
12,1,train,55.653389,0.28
12,2,train,61.623665,0.32
12,3,train,50.384624,0.35
12,4,train,78.042221,0.38
12,5,train,57.262199,0.42
12,6,train,71.199524,0.45
12,0,val,30.097803,0.62
12,1,val,41.536659,0.66
12,2,val,109.991547,0.66
12,3,val,30.636692,0.67
12,4,val,88.492363,0.69
12,5,val,63.785091,0.70
12,6,val,29.866432,0.71
12,7,val,36.734005,0.72
12,8,val,38.252861,0.73
12,9,val,62.353767,0.74
12,10,val,140.211685,0.75
12,11,val,50.809052,0.76
12,12,val,26.014196,0.77
12,13,val,28.245375,0.77
12,14,val,57.038204,0.78
12,15,val,65.588402,0.79
12,16,val,125.335007,0.79
12,17,val,44.882145,0.80
12,18,val,39.776558,0.80
13,0,train,66.317085,0.22
13,1,train,59.258987,0.28
13,2,train,61.010201,0.33
13,3,train,69.222351,0.37
13,4,train,54.499603,0.40
13,5,train,65.414413,0.43
13,6,train,66.888046,0.47
13,0,val,30.361204,0.64
13,1,val,39.917465,0.66
13,2,val,106.436485,0.67
13,3,val,28.780188,0.67
13,4,val,88.007172,0.68
13,5,val,63.288864,0.69
13,6,val,26.623398,0.70
13,7,val,27.233356,0.71
13,8,val,38.861267,0.72
13,9,val,56.861938,0.73
13,10,val,140.308243,0.74
13,11,val,56.129055,0.75
13,12,val,23.549395,0.76
13,13,val,28.355341,0.77
13,14,val,53.566097,0.78
13,15,val,64.438820,0.78
13,16,val,125.482742,0.79
13,17,val,46.680096,0.79
13,18,val,47.247829,0.80
14,0,train,55.045811,0.24
14,1,train,62.181732,0.28
14,2,train,48.036865,0.32
14,3,train,51.309288,0.35
14,4,train,62.070560,0.39
14,5,train,56.959030,0.42
14,6,train,79.706345,0.45
14,0,val,30.741703,0.64
14,1,val,36.202034,0.65
14,2,val,104.078491,0.66
14,3,val,29.327417,0.67
14,4,val,87.052505,0.68
14,5,val,62.213657,0.69
14,6,val,27.613781,0.70
14,7,val,27.949631,0.71
14,8,val,38.964016,0.72
14,9,val,56.946918,0.73
14,10,val,137.380768,0.74
14,11,val,50.761272,0.74
14,12,val,23.667915,0.76
14,13,val,27.915470,0.77
14,14,val,45.084446,0.78
14,15,val,63.798832,0.79
14,16,val,126.581963,0.79
14,17,val,44.138710,0.80
14,18,val,39.502853,0.81
15,0,train,53.837341,0.20
15,1,train,61.269585,0.25
15,2,train,49.669369,0.29
15,3,train,43.613495,0.34
15,4,train,65.833023,0.39
15,5,train,63.214718,0.43
15,6,train,61.919632,0.47
15,0,val,29.419319,0.67
15,1,val,38.058491,0.69
15,2,val,108.884216,0.70
15,3,val,36.417591,0.71
15,4,val,91.981583,0.72
15,5,val,62.133644,0.73
15,6,val,26.743227,0.75
15,7,val,27.082525,0.76
15,8,val,37.430191,0.78
15,9,val,57.939243,0.81
15,10,val,138.812347,0.83
15,11,val,50.816994,0.84
15,12,val,23.481480,0.85
15,13,val,28.426491,0.86
15,14,val,44.565605,0.87
15,15,val,64.478745,0.87
15,16,val,125.617821,0.88
15,17,val,48.244507,0.89
15,18,val,38.076443,0.89
16,0,train,67.987846,0.15
16,1,train,52.226723,0.18
16,2,train,67.621315,0.21
16,3,train,48.143013,0.24
16,4,train,70.915985,0.28
16,5,train,49.955879,0.31
16,6,train,44.393311,0.34
16,0,val,28.809690,0.47
16,1,val,35.035622,0.48
16,2,val,103.495728,0.49
16,3,val,28.926624,0.49
16,4,val,87.217804,0.51
16,5,val,64.988029,0.51
16,6,val,27.297882,0.52
16,7,val,28.960720,0.53
16,8,val,36.183060,0.54
16,9,val,57.715893,0.54
16,10,val,136.551697,0.55
16,11,val,50.059513,0.56
16,12,val,23.617153,0.56
16,13,val,28.565390,0.57
16,14,val,44.315758,0.58
16,15,val,64.507614,0.58
16,16,val,126.148613,0.58
16,17,val,43.203163,0.59
16,18,val,41.034523,0.59
17,0,train,69.000137,0.20
17,1,train,58.943977,0.23
17,2,train,61.273514,0.27
17,3,train,43.890831,0.30
17,4,train,48.265720,0.33
17,5,train,50.084450,0.37
17,6,train,57.887558,0.40
17,0,val,29.415192,0.56
17,1,val,35.806862,0.57
17,2,val,103.379387,0.58
17,3,val,33.432198,0.59
17,4,val,86.143631,0.60
17,5,val,63.949810,0.60
17,6,val,26.073679,0.61
17,7,val,26.029034,0.62
17,8,val,38.333450,0.63
17,9,val,55.806232,0.64
17,10,val,138.088226,0.64
17,11,val,48.704926,0.65
17,12,val,23.166611,0.66
17,13,val,29.918190,0.66
17,14,val,44.930695,0.67
17,15,val,64.170692,0.67
17,16,val,127.292961,0.68
17,17,val,43.001316,0.69
17,18,val,36.867718,0.69
18,0,train,65.581146,0.20
18,1,train,57.965118,0.25
18,2,train,56.315056,0.28
18,3,train,62.481827,0.31
18,4,train,59.327908,0.34
18,5,train,52.283264,0.37
18,6,train,42.092251,0.40
18,0,val,31.701939,0.53
18,1,val,34.877491,0.54
18,2,val,100.654930,0.55
18,3,val,27.901516,0.55
18,4,val,85.240158,0.57
18,5,val,61.844719,0.57
18,6,val,25.355324,0.58
18,7,val,25.915495,0.59
18,8,val,39.366482,0.59
18,9,val,54.318851,0.60
18,10,val,134.589066,0.61
18,11,val,52.741604,0.62
18,12,val,24.725191,0.64
18,13,val,36.003571,0.65
18,14,val,43.200966,0.66
18,15,val,62.958134,0.68
18,16,val,125.267403,0.69
18,17,val,43.542042,0.69
18,18,val,39.728893,0.70
0,0,train,102.775299,0.16
0,1,train,92.991280,0.21
0,2,train,79.580124,0.26
0,3,train,74.373863,0.31
0,4,train,73.280228,0.35
0,5,train,59.405151,0.40
0,6,train,78.349915,0.43
0,0,val,37.421356,0.56
0,1,val,43.802170,0.57
0,2,val,120.470467,0.57
0,3,val,43.809093,0.58
0,4,val,101.262146,0.59
0,5,val,73.650261,0.60
0,6,val,42.696583,0.61
0,7,val,33.873486,0.62
0,8,val,44.125553,0.62
0,9,val,64.397911,0.63
0,10,val,158.181000,0.64
0,11,val,64.200569,0.64
0,12,val,30.478521,0.65
0,13,val,34.247379,0.66
0,14,val,56.408176,0.67
0,15,val,76.555023,0.67
0,16,val,137.798874,0.67
0,17,val,65.715233,0.68
0,18,val,47.944721,0.68
1,0,train,76.598068,0.18
1,1,train,72.695648,0.22
1,2,train,63.878517,0.26
1,3,train,57.152138,0.29
1,4,train,73.831482,0.32
1,5,train,61.485588,0.35
1,6,train,63.824406,0.38
1,0,val,36.099777,0.51
1,1,val,42.014378,0.51
1,2,val,115.854523,0.52
1,3,val,39.326344,0.53
1,4,val,98.865273,0.54
1,5,val,71.390091,0.55
1,6,val,31.708273,0.56
1,7,val,33.178238,0.56
1,8,val,42.530289,0.57
1,9,val,64.260323,0.58
1,10,val,151.769485,0.58
1,11,val,58.635303,0.59
1,12,val,29.234888,0.60
1,13,val,37.437805,0.60
1,14,val,56.063560,0.61
1,15,val,71.474083,0.61
1,16,val,135.817108,0.62
1,17,val,50.547138,0.62
1,18,val,45.492844,0.63
2,0,train,84.196152,0.18
2,1,train,67.745224,0.22
2,2,train,66.276848,0.25
2,3,train,78.595734,0.28
2,4,train,71.581314,0.31
2,5,train,73.737549,0.34
2,6,train,59.415836,0.38
2,0,val,33.988594,0.50
2,1,val,41.387066,0.50
2,2,val,114.671593,0.51
2,3,val,32.935646,0.52
2,4,val,97.565910,0.52
2,5,val,76.858238,0.53
2,6,val,30.849308,0.54
2,7,val,30.708395,0.55
2,8,val,41.197868,0.55
2,9,val,61.758202,0.56
2,10,val,149.577103,0.57
2,11,val,66.158241,0.57
2,12,val,31.665930,0.58
2,13,val,32.379593,0.59
2,14,val,51.132633,0.59
2,15,val,70.824692,0.60
2,16,val,134.480911,0.60
2,17,val,50.328121,0.61
2,18,val,43.918633,0.61
3,0,train,60.354694,0.16
3,1,train,69.389565,0.20
3,2,train,61.188454,0.23
3,3,train,60.310516,0.27
3,4,train,52.616127,0.30
3,5,train,67.396446,0.33
3,6,train,76.047134,0.36
3,0,val,34.866829,0.50
3,1,val,41.157421,0.51
3,2,val,115.859344,0.53
3,3,val,33.030117,0.53
3,4,val,94.830940,0.54
3,5,val,71.123047,0.55
3,6,val,30.690189,0.56
3,7,val,30.789520,0.56
3,8,val,41.193760,0.57
3,9,val,60.784863,0.58
3,10,val,148.823212,0.59
3,11,val,54.004559,0.60
3,12,val,33.404819,0.60
3,13,val,40.958652,0.61
3,14,val,51.421093,0.62
3,15,val,69.349716,0.63
3,16,val,134.728485,0.63
3,17,val,48.714329,0.64
3,18,val,43.237537,0.64
4,0,train,51.126480,0.19
4,1,train,52.193954,0.24
4,2,train,57.142975,0.27
4,3,train,81.262573,0.30
4,4,train,67.134323,0.33
4,5,train,60.901764,0.36
4,6,train,61.223480,0.40
4,0,val,41.472630,0.52
4,1,val,44.308380,0.53
4,2,val,112.853043,0.54
4,3,val,31.788006,0.55
4,4,val,93.506645,0.56
4,5,val,66.858192,0.57
4,6,val,34.659069,0.58
4,7,val,31.304110,0.58
4,8,val,39.945179,0.59
4,9,val,60.359089,0.60
4,10,val,149.308228,0.61
4,11,val,55.268322,0.61
4,12,val,26.811972,0.62
4,13,val,30.801294,0.63
4,14,val,51.189598,0.63
4,15,val,69.043755,0.64
4,16,val,132.206848,0.64
4,17,val,48.291908,0.65
4,18,val,45.173992,0.66
5,0,train,51.915710,0.13
5,1,train,45.529510,0.17
5,2,train,65.924782,0.20
5,3,train,64.262833,0.24
5,4,train,65.063126,0.27
5,5,train,75.336731,0.30
5,6,train,83.989746,0.33
5,0,val,37.037922,0.49
5,1,val,38.894321,0.50
5,2,val,112.261971,0.51
5,3,val,33.166313,0.52
5,4,val,93.141884,0.53
5,5,val,69.303291,0.54
5,6,val,28.950636,0.54
5,7,val,29.335617,0.55
5,8,val,41.440445,0.56
5,9,val,63.374466,0.56
5,10,val,147.046661,0.57
5,11,val,54.295197,0.58
5,12,val,29.767368,0.59
5,13,val,31.303751,0.60
5,14,val,49.757404,0.61
5,15,val,75.461601,0.62
5,16,val,132.533768,0.62
5,17,val,47.083694,0.62
5,18,val,41.690762,0.63
6,0,train,72.569763,0.15
6,1,train,78.611771,0.19
6,2,train,73.652733,0.22
6,3,train,80.743698,0.25
6,4,train,66.006447,0.30
6,5,train,51.576347,0.33
6,6,train,52.787048,0.36
6,0,val,31.753468,0.50
6,1,val,39.381630,0.50
6,2,val,110.109352,0.51
6,3,val,31.428907,0.52
6,4,val,98.804871,0.53
6,5,val,68.633263,0.54
6,6,val,30.479177,0.54
6,7,val,28.299112,0.55
6,8,val,37.918831,0.56
6,9,val,59.748699,0.56
6,10,val,145.845993,0.57
6,11,val,55.147884,0.58
6,12,val,26.200520,0.58
6,13,val,29.487133,0.59
6,14,val,49.385628,0.60
6,15,val,70.309647,0.60
6,16,val,130.274460,0.61
6,17,val,45.991661,0.61
6,18,val,42.590012,0.62
7,0,train,52.524979,0.13
7,1,train,56.653397,0.16
7,2,train,49.783806,0.19
7,3,train,62.430000,0.22
7,4,train,52.924438,0.25
7,5,train,65.901688,0.29
7,6,train,55.337772,0.32
7,0,val,31.030409,0.46
7,1,val,38.370770,0.47
7,2,val,110.139809,0.48
7,3,val,34.438690,0.49
7,4,val,94.541595,0.50
7,5,val,67.576584,0.50
7,6,val,33.625507,0.51
7,7,val,28.595684,0.52
7,8,val,39.883202,0.52
7,9,val,59.285130,0.53
7,10,val,143.355957,0.54
7,11,val,55.106075,0.54
7,12,val,27.025625,0.55
7,13,val,31.975588,0.56
7,14,val,49.410194,0.56
7,15,val,68.400391,0.57
7,16,val,133.603180,0.58
7,17,val,47.474056,0.58
7,18,val,41.306351,0.59
8,0,train,65.858704,0.13
8,1,train,56.011909,0.16
8,2,train,58.699089,0.20
8,3,train,66.987335,0.23
8,4,train,69.094696,0.26
8,5,train,54.868427,0.29
8,6,train,63.250175,0.32
8,0,val,36.509979,0.45
8,1,val,37.403378,0.46
8,2,val,109.423203,0.46
8,3,val,36.854595,0.47
8,4,val,92.099144,0.48
8,5,val,67.031044,0.49
8,6,val,31.833527,0.50
8,7,val,35.096081,0.51
8,8,val,40.262501,0.52
8,9,val,60.201584,0.52
8,10,val,143.088013,0.53
8,11,val,56.752483,0.53
8,12,val,24.882881,0.54
8,13,val,29.494684,0.55
8,14,val,48.773861,0.55
8,15,val,73.033981,0.56
8,16,val,128.688248,0.56
8,17,val,45.615822,0.57
8,18,val,41.150028,0.57
9,0,train,55.972656,0.13
9,1,train,49.675716,0.17
9,2,train,73.663834,0.22
9,3,train,47.695183,0.24
9,4,train,57.250420,0.28
9,5,train,67.322121,0.31
9,6,train,74.875954,0.34
9,0,val,31.345701,0.46
9,1,val,39.427094,0.47
9,2,val,107.481155,0.47
9,3,val,29.966042,0.48
9,4,val,91.721741,0.49
9,5,val,66.529175,0.50
9,6,val,30.876753,0.51
9,7,val,29.638224,0.51
9,8,val,37.119663,0.52
9,9,val,60.492424,0.53
9,10,val,141.496643,0.53
9,11,val,54.455997,0.54
9,12,val,26.309063,0.55
9,13,val,35.202847,0.55
9,14,val,47.645279,0.56
9,15,val,67.965576,0.57
9,16,val,130.484299,0.57
9,17,val,53.602562,0.57
9,18,val,41.911541,0.58
10,0,train,61.937981,0.16
10,1,train,56.130142,0.21
10,2,train,77.736160,0.25
10,3,train,56.114655,0.28
10,4,train,59.533607,0.32
10,5,train,64.973541,0.35
10,6,train,47.858360,0.38
10,0,val,32.604202,0.60
10,1,val,39.685986,0.62
10,2,val,106.548851,0.63
10,3,val,29.616533,0.64
10,4,val,90.585548,0.64
10,5,val,64.205788,0.65
10,6,val,29.594791,0.66
10,7,val,34.928787,0.67
10,8,val,37.259510,0.68
10,9,val,63.491314,0.69
10,10,val,142.010223,0.70
10,11,val,51.882057,0.71
10,12,val,25.374910,0.72
10,13,val,36.120922,0.73
10,14,val,47.896515,0.74
10,15,val,67.971481,0.75
10,16,val,128.512772,0.75
10,17,val,46.126457,0.76
10,18,val,38.909531,0.77
11,0,train,77.952957,0.18
11,1,train,64.785492,0.25
11,2,train,52.320770,0.29
11,3,train,62.495174,0.33
11,4,train,59.131420,0.36
11,5,train,61.565647,0.40
11,6,train,95.282120,0.44
11,0,val,31.554972,0.61
11,1,val,37.791008,0.63
11,2,val,106.825630,0.64
11,3,val,35.358978,0.66
11,4,val,91.567635,0.67
11,5,val,70.727165,0.67
11,6,val,27.763472,0.68
11,7,val,27.930595,0.69
11,8,val,36.703716,0.70
11,9,val,58.928558,0.71
11,10,val,140.821732,0.72
11,11,val,51.224392,0.73
11,12,val,28.616379,0.74
11,13,val,28.555216,0.75
11,14,val,48.756901,0.76
11,15,val,66.761940,0.77
11,16,val,127.331383,0.77
11,17,val,52.592667,0.78
11,18,val,41.733742,0.78
12,0,train,60.883492,0.22
12,1,train,64.477905,0.27
12,2,train,90.545578,0.31
12,3,train,66.156754,0.35
12,4,train,81.445816,0.38
12,5,train,78.087662,0.41
12,6,train,49.509499,0.45
12,0,val,30.367928,0.63
12,1,val,36.326534,0.65
12,2,val,106.377075,0.66
12,3,val,34.163528,0.67
12,4,val,89.369568,0.68
12,5,val,64.245102,0.69
12,6,val,31.644421,0.70
12,7,val,28.069624,0.71
12,8,val,36.067017,0.71
12,9,val,57.076000,0.72
12,10,val,138.760666,0.73
12,11,val,58.824978,0.74
12,12,val,34.170219,0.75
12,13,val,27.969114,0.76
12,14,val,46.738243,0.77
12,15,val,64.592834,0.77
12,16,val,131.871338,0.78
12,17,val,48.357903,0.78
12,18,val,39.561298,0.79
13,0,train,59.111824,0.21
13,1,train,69.435265,0.26
13,2,train,75.695770,0.29
13,3,train,53.276115,0.32
13,4,train,48.617516,0.36
13,5,train,54.287369,0.39
13,6,train,70.788170,0.42
13,0,val,30.286646,0.62
13,1,val,38.070641,0.65
13,2,val,106.936844,0.67
13,3,val,30.619457,0.68
13,4,val,91.432495,0.69
13,5,val,63.339924,0.70
13,6,val,29.535620,0.71
13,7,val,28.506891,0.72
13,8,val,36.082912,0.73
13,9,val,56.575714,0.75
13,10,val,138.551132,0.75
13,11,val,49.617756,0.77
13,12,val,28.262688,0.78
13,13,val,32.019753,0.79
13,14,val,48.965332,0.80
13,15,val,66.027687,0.80
13,16,val,125.213928,0.81
13,17,val,43.293240,0.82
13,18,val,38.248409,0.83
14,0,train,53.383842,0.18
14,1,train,64.230347,0.23
14,2,train,81.084839,0.28
14,3,train,61.984772,0.33
14,4,train,66.140846,0.38
14,5,train,62.562515,0.41
14,6,train,49.841080,0.44
14,0,val,31.962025,0.57
14,1,val,35.812550,0.58
14,2,val,106.426109,0.59
14,3,val,30.796684,0.59
14,4,val,88.167046,0.61
14,5,val,62.001011,0.61
14,6,val,26.645660,0.62
14,7,val,28.295689,0.63
14,8,val,37.285683,0.63
14,9,val,56.956650,0.64
14,10,val,139.802704,0.65
14,11,val,50.844303,0.66
14,12,val,24.909952,0.66
14,13,val,28.899061,0.67
14,14,val,47.269775,0.68
14,15,val,64.166481,0.68
14,16,val,125.511726,0.68
14,17,val,43.121552,0.69
14,18,val,38.573738,0.70
15,0,train,64.489441,0.18
15,1,train,49.614876,0.22
15,2,train,56.052189,0.26
15,3,train,49.287086,0.29
15,4,train,56.878902,0.32
15,5,train,47.744934,0.36
15,6,train,63.454491,0.39
15,0,val,33.143524,0.51
15,1,val,36.809193,0.51
15,2,val,105.739777,0.52
15,3,val,29.039717,0.53
15,4,val,96.852600,0.53
15,5,val,61.377281,0.55
15,6,val,29.033499,0.55
15,7,val,29.070759,0.56
15,8,val,39.917583,0.57
15,9,val,55.401272,0.58
15,10,val,135.924133,0.59
15,11,val,49.146877,0.60
15,12,val,23.905903,0.62
15,13,val,28.507120,0.63
15,14,val,54.374260,0.64
15,15,val,64.297310,0.65
15,16,val,123.274765,0.66
15,17,val,43.127186,0.66
15,18,val,38.462883,0.67
16,0,train,53.459404,0.15
16,1,train,77.859657,0.20
16,2,train,47.444622,0.23
16,3,train,61.350368,0.26
16,4,train,60.099922,0.29
16,5,train,56.178158,0.33
16,6,train,44.765598,0.36
16,0,val,30.145296,0.49
16,1,val,35.277023,0.50
16,2,val,102.706459,0.50
16,3,val,34.800858,0.51
16,4,val,87.987862,0.53
16,5,val,61.361454,0.53
16,6,val,28.850622,0.54
16,7,val,29.085077,0.55
16,8,val,36.408531,0.56
16,9,val,58.996201,0.56
16,10,val,136.970688,0.57
16,11,val,54.633324,0.58
16,12,val,24.230249,0.58
16,13,val,28.416912,0.59
16,14,val,45.002003,0.60
16,15,val,62.826855,0.60
16,16,val,126.661079,0.60
16,17,val,44.782917,0.61
16,18,val,37.175106,0.61
17,0,train,73.731705,0.14
17,1,train,70.298569,0.18
17,2,train,47.339439,0.21
17,3,train,53.737526,0.24
17,4,train,76.783310,0.28
17,5,train,73.213440,0.31
17,6,train,56.771568,0.34
17,0,val,30.823679,0.48
17,1,val,35.711746,0.49
17,2,val,101.147346,0.50
17,3,val,28.335077,0.52
17,4,val,88.592049,0.53
17,5,val,67.807854,0.54
17,6,val,26.282686,0.55
17,7,val,26.116821,0.55
17,8,val,35.872944,0.56
17,9,val,54.875576,0.57
17,10,val,138.027603,0.58
17,11,val,50.454735,0.59
17,12,val,27.701187,0.59
17,13,val,29.524975,0.60
17,14,val,45.804115,0.61
17,15,val,65.448837,0.62
17,16,val,123.156006,0.62
17,17,val,46.751640,0.62
17,18,val,36.978493,0.63
18,0,train,55.846760,0.18
18,1,train,63.360104,0.22
18,2,train,42.618908,0.26
18,3,train,64.371803,0.29
18,4,train,56.355125,0.32
18,5,train,53.433014,0.35
18,6,train,48.913414,0.38
18,0,val,28.020548,0.51
18,1,val,36.349808,0.52
18,2,val,102.221504,0.52
18,3,val,30.220316,0.53
18,4,val,84.703728,0.54
18,5,val,59.570744,0.55
18,6,val,26.239649,0.56
18,7,val,26.669205,0.56
18,8,val,35.509510,0.57
18,9,val,61.951931,0.58
18,10,val,134.839691,0.58
18,11,val,48.304005,0.59
18,12,val,26.524229,0.60
18,13,val,27.107012,0.60
18,14,val,45.500202,0.61
18,15,val,68.382477,0.62
18,16,val,123.825134,0.62
18,17,val,49.344231,0.62
18,18,val,36.319660,0.63
19,0,train,54.510963,0.14
19,1,train,34.286049,0.18
19,2,train,46.758064,0.22
19,3,train,61.911583,0.25
19,4,train,47.084602,0.29
19,5,train,67.605759,0.32
19,6,train,57.935825,0.35
19,0,val,29.619337,0.50
19,1,val,40.549572,0.50
19,2,val,100.766518,0.51
19,3,val,27.851625,0.53
19,4,val,84.500061,0.53
19,5,val,62.036667,0.54
19,6,val,27.141420,0.55
19,7,val,30.697178,0.56
19,8,val,33.433174,0.57
19,9,val,54.208038,0.57
19,10,val,133.211090,0.58
19,11,val,49.571793,0.59
19,12,val,23.262804,0.60
19,13,val,26.859491,0.60
19,14,val,43.209068,0.61
19,15,val,62.177498,0.61
19,16,val,125.336143,0.62
19,17,val,42.772083,0.63
19,18,val,36.004719,0.63
20,0,train,58.083267,0.13
20,1,train,52.879566,0.17
20,2,train,68.547211,0.20
20,3,train,53.467644,0.23
20,4,train,68.447662,0.27
20,5,train,62.331718,0.30
20,6,train,76.901817,0.33
20,0,val,27.892895,0.46
20,1,val,35.850784,0.47
20,2,val,99.668625,0.48
20,3,val,32.889793,0.49
20,4,val,84.252266,0.50
20,5,val,60.578281,0.50
20,6,val,25.191780,0.51
20,7,val,25.368063,0.52
20,8,val,35.584667,0.52
20,9,val,54.115646,0.53
20,10,val,133.301529,0.54
20,11,val,47.800758,0.54
20,12,val,23.398829,0.55
20,13,val,26.699091,0.56
20,14,val,45.928970,0.56
20,15,val,61.942539,0.57
20,16,val,121.853485,0.57
20,17,val,41.661659,0.58
20,18,val,36.736305,0.58
21,0,train,56.615067,0.15
21,1,train,58.440910,0.21
21,2,train,47.051735,0.25
21,3,train,61.515438,0.28
21,4,train,50.285637,0.32
21,5,train,55.218876,0.35
21,6,train,68.000015,0.39
21,0,val,27.547121,0.57
21,1,val,33.375187,0.59
21,2,val,101.148582,0.60
21,3,val,28.693878,0.61
21,4,val,84.177086,0.61
21,5,val,67.151367,0.62
21,6,val,25.645035,0.63
21,7,val,25.551546,0.64
21,8,val,33.511993,0.65
21,9,val,59.406235,0.66
21,10,val,133.605576,0.67
21,11,val,47.805763,0.68
21,12,val,23.583471,0.69
21,13,val,27.146576,0.70
21,14,val,42.946468,0.71
21,15,val,60.903870,0.71
21,16,val,126.450165,0.72
21,17,val,41.482357,0.72
21,18,val,37.587421,0.73
22,0,train,64.024666,0.20
22,1,train,34.433952,0.25
22,2,train,50.758949,0.29
22,3,train,51.466377,0.33
22,4,train,37.503288,0.36
22,5,train,54.104301,0.40
22,6,train,52.451435,0.43
22,0,val,27.567188,0.66
22,1,val,33.619579,0.68
22,2,val,98.379677,0.68
22,3,val,27.482040,0.69
22,4,val,82.375694,0.70
22,5,val,58.442223,0.71
22,6,val,26.793785,0.73
22,7,val,28.721106,0.74
22,8,val,40.224449,0.75
22,9,val,52.458488,0.77
22,10,val,132.147995,0.78
22,11,val,47.574322,0.79
22,12,val,22.097935,0.80
22,13,val,30.579395,0.80
22,14,val,44.516396,0.81
22,15,val,60.631966,0.82
22,16,val,123.816811,0.82
22,17,val,41.327217,0.83
22,18,val,35.843300,0.84
23,0,train,60.585594,0.22
23,1,train,45.824234,0.29
23,2,train,60.776894,0.33
23,3,train,48.035599,0.36
23,4,train,50.289871,0.40
23,5,train,49.178787,0.43
23,6,train,52.467678,0.47
23,0,val,27.763199,0.67
23,1,val,36.273979,0.68
23,2,val,102.943726,0.69
23,3,val,29.569584,0.70
23,4,val,82.609337,0.71
23,5,val,59.324451,0.72
23,6,val,26.827991,0.73
23,7,val,25.367849,0.74
23,8,val,33.623142,0.74
23,9,val,55.904083,0.75
23,10,val,131.148071,0.76
23,11,val,59.256512,0.77
23,12,val,20.875864,0.78
23,13,val,25.297029,0.79
23,14,val,42.345798,0.80
23,15,val,63.083481,0.81
23,16,val,121.022583,0.81
23,17,val,42.183067,0.82
23,18,val,36.491379,0.82
24,0,train,64.018936,0.18
24,1,train,51.553360,0.22
24,2,train,62.953896,0.26
24,3,train,53.705971,0.29
24,4,train,42.708801,0.33
24,5,train,57.191917,0.36
24,6,train,56.355713,0.40
24,0,val,27.342186,0.62
24,1,val,34.481495,0.64
24,2,val,99.027100,0.65
24,3,val,26.277781,0.66
24,4,val,83.820854,0.67
24,5,val,58.314121,0.68
24,6,val,24.424786,0.69
24,7,val,29.376200,0.70
24,8,val,33.283562,0.71
24,9,val,53.189674,0.72
24,10,val,129.735229,0.73
24,11,val,48.265781,0.74
24,12,val,27.050486,0.75
24,13,val,31.850368,0.76
24,14,val,49.007259,0.77
24,15,val,59.735687,0.77
24,16,val,119.779930,0.78
24,17,val,40.681892,0.79
24,18,val,36.996368,0.79
25,0,train,57.545784,0.18
25,1,train,41.013168,0.23
25,2,train,60.962788,0.26
25,3,train,50.518024,0.29
25,4,train,59.584312,0.33
25,5,train,51.612877,0.36
25,6,train,42.584702,0.40
25,0,val,29.011641,0.60
25,1,val,35.350174,0.64
25,2,val,96.697052,0.65
25,3,val,28.048517,0.66
25,4,val,82.990814,0.67
25,5,val,59.670517,0.68
25,6,val,24.909649,0.69
25,7,val,29.627777,0.70
25,8,val,33.751232,0.71
25,9,val,55.293163,0.72
25,10,val,134.424652,0.73
25,11,val,46.944084,0.74
25,12,val,23.119980,0.75
25,13,val,28.958426,0.76
25,14,val,41.974590,0.77
25,15,val,59.407181,0.78
25,16,val,116.830330,0.79
25,17,val,39.613083,0.79
25,18,val,41.307991,0.80
26,0,train,46.382668,0.14
26,1,train,48.544693,0.18
26,2,train,57.164326,0.22
26,3,train,72.693840,0.25
26,4,train,54.878365,0.28
26,5,train,49.436382,0.32
26,6,train,54.279789,0.35
26,0,val,27.830572,0.49
26,1,val,37.250359,0.52
26,2,val,98.848328,0.53
26,3,val,28.051291,0.54
26,4,val,81.496010,0.55
26,5,val,56.923958,0.55
26,6,val,25.154303,0.56
26,7,val,24.402117,0.57
26,8,val,32.812611,0.58
26,9,val,52.156040,0.59
26,10,val,127.856102,0.59
26,11,val,48.652508,0.60
26,12,val,21.357178,0.61
26,13,val,26.228041,0.62
26,14,val,40.864891,0.62
26,15,val,65.565521,0.63
26,16,val,117.078735,0.64
26,17,val,42.429024,0.64
26,18,val,34.970211,0.64
27,0,train,46.265228,0.15
27,1,train,51.778606,0.19
27,2,train,47.224026,0.23
27,3,train,42.783104,0.26
27,4,train,43.776573,0.29
27,5,train,58.669998,0.33
27,6,train,57.164864,0.36
27,0,val,26.651871,0.56
27,1,val,33.088459,0.59
27,2,val,95.169907,0.60
27,3,val,29.589691,0.61
27,4,val,80.750099,0.63
27,5,val,56.498577,0.64
27,6,val,29.701002,0.66
27,7,val,25.015238,0.67
27,8,val,37.688957,0.69
27,9,val,52.716549,0.71
27,10,val,131.437500,0.72
27,11,val,45.696484,0.73
27,12,val,21.394217,0.74
27,13,val,25.587538,0.75
27,14,val,39.902470,0.76
27,15,val,58.889889,0.77
27,16,val,118.001923,0.77
27,17,val,46.677486,0.78
27,18,val,38.215321,0.79
28,0,train,60.907455,0.18
28,1,train,66.677719,0.23
28,2,train,63.394203,0.27
28,3,train,38.094730,0.55
28,4,train,74.730865,0.62
28,5,train,36.413456,0.67
28,6,train,53.421909,0.71
28,0,val,26.878716,0.92
28,1,val,33.879601,0.94
28,2,val,94.155258,0.95
28,3,val,27.453863,0.95
28,4,val,81.073753,0.96
28,5,val,55.713558,0.97
28,6,val,25.146177,0.98
28,7,val,24.345484,0.99
28,8,val,32.479431,1.00
28,9,val,52.832413,1.00
28,10,val,126.600555,1.01
28,11,val,47.023502,1.02
28,12,val,20.814987,1.02
28,13,val,26.578815,1.03
28,14,val,42.507393,1.04
28,15,val,65.882118,1.04
28,16,val,118.187737,1.05
28,17,val,39.804825,1.05
28,18,val,38.050087,1.06
29,0,train,45.769527,0.18
29,1,train,66.831345,0.22
29,2,train,58.069794,0.27
29,3,train,66.839188,0.30
29,4,train,44.633606,0.34
29,5,train,56.854485,0.37
29,6,train,46.023659,0.40
29,0,val,31.705921,0.53
29,1,val,32.913361,0.54
29,2,val,101.220337,0.55
29,3,val,26.898966,0.55
29,4,val,81.102539,0.56
29,5,val,56.185684,0.57
29,6,val,24.450153,0.58
29,7,val,29.469950,0.58
29,8,val,32.176506,0.59
29,9,val,50.771496,0.60
29,10,val,127.771690,0.60
29,11,val,49.062675,0.61
29,12,val,22.550552,0.61
29,13,val,25.067471,0.62
29,14,val,44.286541,0.63
29,15,val,58.779716,0.63
29,16,val,117.154366,0.64
29,17,val,46.942921,0.64
29,18,val,38.915981,0.65
30,0,train,66.526367,0.16
30,1,train,41.449390,0.20
30,2,train,38.251305,0.24
30,3,train,76.750534,0.27
30,4,train,51.333672,0.30
30,5,train,54.303284,0.33
30,6,train,73.626122,0.37
30,0,val,25.814062,0.49
30,1,val,32.241184,0.49
30,2,val,93.174942,0.50
30,3,val,26.051405,0.51
30,4,val,79.220764,0.52
30,5,val,56.512897,0.53
30,6,val,23.375504,0.54
30,7,val,24.292356,0.54
30,8,val,33.796406,0.55
30,9,val,55.240513,0.55
30,10,val,134.957886,0.56
30,11,val,46.277203,0.57
30,12,val,19.853600,0.58
30,13,val,24.036655,0.58
30,14,val,40.256195,0.59
30,15,val,58.158031,0.60
30,16,val,112.540878,0.61
30,17,val,41.531956,0.62
30,18,val,33.808708,0.62
31,0,train,54.866840,0.14
31,1,train,40.462799,0.19
31,2,train,41.761871,0.23
31,3,train,48.695465,0.26
31,4,train,48.304050,0.29
31,5,train,60.418945,0.32
31,6,train,51.482098,0.36
31,0,val,25.975712,0.50
31,1,val,32.645275,0.51
31,2,val,100.637299,0.51
31,3,val,25.814753,0.53
31,4,val,81.502182,0.53
31,5,val,56.223347,0.54
31,6,val,25.248316,0.55
31,7,val,28.241791,0.55
31,8,val,31.869362,0.56
31,9,val,50.160511,0.57
31,10,val,125.272713,0.58
31,11,val,48.415195,0.59
31,12,val,19.925980,0.59
31,13,val,23.958185,0.60
31,14,val,42.885563,0.61
31,15,val,58.701168,0.61
31,16,val,112.643997,0.62
31,17,val,39.284893,0.62
31,18,val,39.491589,0.63
32,0,train,46.533760,0.13
32,1,train,49.315147,0.17
32,2,train,65.762390,0.20
32,3,train,33.631844,0.23
32,4,train,45.432491,0.27
32,5,train,58.357933,0.30
32,6,train,49.391182,0.33
32,0,val,26.473509,0.46
32,1,val,31.663324,0.47
32,2,val,95.424980,0.48
32,3,val,26.492805,0.48
32,4,val,80.243340,0.50
32,5,val,55.465889,0.51
32,6,val,24.506737,0.52
32,7,val,23.073866,0.53
32,8,val,33.025730,0.54
32,9,val,51.446114,0.55
32,10,val,123.569305,0.55
32,11,val,45.431725,0.56
32,12,val,20.877533,0.57
32,13,val,26.453829,0.57
32,14,val,44.635204,0.58
32,15,val,63.816002,0.58
32,16,val,112.559540,0.59
32,17,val,44.565239,0.60
32,18,val,32.800426,0.60
33,0,train,50.121380,0.13
33,1,train,57.573891,0.17
33,2,train,45.410019,0.20
33,3,train,49.575829,0.23
33,4,train,39.067898,0.27
33,5,train,58.059258,0.30
33,6,train,48.583950,0.33
33,0,val,25.887062,0.46
33,1,val,32.300751,0.47
33,2,val,92.605789,0.47
33,3,val,25.508867,0.48
33,4,val,78.000717,0.49
33,5,val,66.704758,0.50
33,6,val,23.412010,0.51
33,7,val,23.432249,0.51
33,8,val,33.231644,0.52
33,9,val,51.158707,0.53
33,10,val,123.753387,0.53
33,11,val,47.414219,0.54
33,12,val,22.034750,0.55
33,13,val,24.115250,0.55
33,14,val,39.599888,0.56
33,15,val,58.014420,0.56
33,16,val,112.671906,0.57
33,17,val,37.586948,0.57
33,18,val,37.015007,0.58
34,0,train,60.259666,0.19
34,1,train,64.013062,0.23
34,2,train,66.679077,0.26
34,3,train,59.839111,0.29
34,4,train,49.982815,0.33
34,5,train,51.697388,0.36
34,6,train,47.948120,0.39
34,0,val,39.635113,0.53
34,1,val,30.950621,0.54
34,2,val,96.169373,0.55
34,3,val,25.701818,0.56
34,4,val,80.203773,0.57
34,5,val,54.128201,0.58
34,6,val,24.648714,0.59
34,7,val,24.181583,0.59
34,8,val,30.295435,0.60
34,9,val,52.573025,0.61
34,10,val,123.307739,0.62
34,11,val,47.333878,0.62
34,12,val,22.718943,0.63
34,13,val,23.250774,0.64
34,14,val,39.498524,0.65
34,15,val,58.187668,0.66
34,16,val,112.744324,0.66
34,17,val,38.092846,0.67
34,18,val,33.678963,0.67
35,0,train,60.606308,0.13
35,1,train,49.118137,0.17
35,2,train,36.654015,0.20
35,3,train,45.723763,0.23
35,4,train,43.479668,0.27
35,5,train,64.621742,0.30
35,6,train,45.404320,0.33
35,0,val,26.028582,0.47
35,1,val,32.520760,0.48
35,2,val,90.240623,0.48
35,3,val,26.861450,0.50
35,4,val,85.761040,0.50
35,5,val,53.541641,0.51
35,6,val,24.544556,0.52
35,7,val,23.333368,0.52
35,8,val,32.457317,0.53
35,9,val,49.061745,0.54
35,10,val,122.237968,0.54
35,11,val,45.441425,0.55
35,12,val,20.881277,0.56
35,13,val,29.430397,0.56
35,14,val,39.664917,0.57
35,15,val,58.069046,0.57
35,16,val,114.213051,0.58
35,17,val,37.625057,0.58
35,18,val,38.339989,0.59
36,0,train,49.999077,0.17
36,1,train,42.457996,0.20
36,2,train,51.708595,0.24
36,3,train,48.454369,0.27
36,4,train,47.704880,0.31
36,5,train,49.463371,0.34
36,6,train,42.256912,0.37
36,0,val,25.461504,0.52
36,1,val,35.997791,0.53
36,2,val,89.552765,0.55
36,3,val,33.962627,0.56
36,4,val,76.577431,0.57
36,5,val,53.733391,0.58
36,6,val,24.124477,0.60
36,7,val,22.129671,0.62
36,8,val,30.340794,0.63
36,9,val,51.258099,0.64
36,10,val,121.001534,0.65
36,11,val,43.529190,0.66
36,12,val,19.581501,0.67
36,13,val,25.798515,0.68
36,14,val,47.108490,0.69
36,15,val,57.499397,0.70
36,16,val,110.981812,0.70
36,17,val,37.193577,0.71
36,18,val,39.979607,0.71
37,0,train,54.974182,0.19
37,1,train,56.479942,0.24
37,2,train,54.762001,0.28
37,3,train,47.280865,0.31
37,4,train,41.349205,0.35
37,5,train,48.678055,0.38
37,6,train,45.718445,0.42
37,0,val,28.819025,0.61
37,1,val,34.326035,0.64
37,2,val,90.826279,0.65
37,3,val,24.886631,0.66
37,4,val,79.810219,0.66
37,5,val,53.561642,0.67
37,6,val,33.590427,0.68
37,7,val,23.134027,0.69
37,8,val,40.177914,0.70
37,9,val,49.067223,0.71
37,10,val,123.252625,0.71
37,11,val,45.295586,0.73
37,12,val,18.987925,0.74
37,13,val,26.099924,0.75
37,14,val,39.224762,0.76
37,15,val,55.740665,0.77
37,16,val,109.664825,0.77
37,17,val,37.176529,0.78
37,18,val,38.040627,0.78
38,0,train,52.755722,0.26
38,1,train,64.564644,0.30
38,2,train,42.910801,0.35
38,3,train,63.027016,0.38
38,4,train,60.760124,0.41
38,5,train,43.681713,0.45
38,6,train,51.883263,0.48
38,0,val,28.684679,0.64
38,1,val,31.267298,0.67
38,2,val,90.635246,0.69
38,3,val,28.389065,0.70
38,4,val,75.374130,0.72
38,5,val,53.564800,0.73
38,6,val,22.572414,0.74
38,7,val,22.320171,0.75
38,8,val,30.697897,0.75
38,9,val,55.982456,0.76
38,10,val,122.827965,0.77
38,11,val,44.892990,0.78
38,12,val,26.458420,0.79
38,13,val,23.144913,0.80
38,14,val,38.108021,0.81
38,15,val,56.804466,0.81
38,16,val,110.849937,0.82
38,17,val,36.736732,0.82
38,18,val,32.015781,0.83
39,0,train,47.341755,0.23
39,1,train,50.854538,0.28
39,2,train,60.594910,0.32
39,3,train,37.804001,0.35
39,4,train,45.028656,0.39
39,5,train,54.087074,0.42
39,6,train,45.953655,0.46
39,0,val,34.405560,0.73
39,1,val,30.243547,0.77
39,2,val,87.939514,0.78
39,3,val,26.190052,0.80
39,4,val,75.742523,0.82
39,5,val,56.066376,0.84
39,6,val,23.279510,0.86
39,7,val,22.573257,0.87
39,8,val,29.634426,0.88
39,9,val,48.348583,0.90
39,10,val,120.875908,0.91
39,11,val,43.631733,0.92
39,12,val,20.033453,0.94
39,13,val,23.667194,0.95
39,14,val,46.535053,0.96
39,15,val,55.748260,0.97
39,16,val,108.105904,0.98
39,17,val,37.314205,0.98
39,18,val,32.330555,0.99
40,0,train,53.574997,0.20
40,1,train,51.147293,0.26
40,2,train,51.616566,0.30
40,3,train,41.760826,0.34
40,4,train,65.022430,0.38
40,5,train,43.978024,0.41
40,6,train,68.605896,0.45
40,0,val,24.423258,0.57
40,1,val,30.142002,0.58
40,2,val,87.768288,0.59
40,3,val,24.882078,0.60
40,4,val,80.086166,0.61
40,5,val,54.527111,0.62
40,6,val,25.142399,0.63
40,7,val,25.138840,0.63
40,8,val,32.756046,0.64
40,9,val,47.793152,0.64
40,10,val,121.357719,0.65
40,11,val,43.183601,0.66
40,12,val,19.612373,0.66
40,13,val,22.539066,0.67
40,14,val,48.256283,0.68
40,15,val,63.312214,0.68
40,16,val,107.580162,0.68
40,17,val,36.598568,0.69
40,18,val,32.040936,0.69
41,0,train,40.129105,0.14
41,1,train,59.599319,0.18
41,2,train,50.092091,0.21
41,3,train,61.559151,0.24
41,4,train,62.694653,0.28
41,5,train,41.894497,0.31
41,6,train,51.554131,0.34
41,0,val,28.231001,0.47
41,1,val,29.380301,0.48
41,2,val,86.948189,0.49
41,3,val,24.145298,0.49
41,4,val,75.105713,0.50
41,5,val,56.014008,0.51
41,6,val,28.401300,0.52
41,7,val,21.979284,0.53
41,8,val,30.264194,0.53
41,9,val,49.329430,0.54
41,10,val,117.799828,0.55
41,11,val,43.066368,0.55
41,12,val,20.280722,0.57
41,13,val,23.247047,0.58
41,14,val,38.769192,0.59
41,15,val,55.753277,0.59
41,16,val,108.229866,0.60
41,17,val,36.471973,0.61
41,18,val,34.695801,0.62
42,0,train,53.050804,0.15
42,1,train,38.318535,0.19
42,2,train,54.601086,0.23
42,3,train,58.893044,0.26
42,4,train,44.919304,0.30
42,5,train,55.839912,0.33
42,6,train,61.856106,0.36
42,0,val,24.863455,0.50
42,1,val,30.886427,0.51
42,2,val,88.928947,0.53
42,3,val,25.355146,0.54
42,4,val,75.773964,0.54
42,5,val,53.510506,0.55
42,6,val,28.047529,0.56
42,7,val,22.066589,0.57
42,8,val,30.208263,0.57
42,9,val,47.292023,0.58
42,10,val,120.236511,0.59
42,11,val,42.487694,0.60
42,12,val,19.532335,0.60
42,13,val,24.333359,0.61
42,14,val,42.201405,0.62
42,15,val,60.725971,0.62
42,16,val,111.839821,0.63
42,17,val,37.195473,0.63
42,18,val,33.414288,0.64
43,0,train,48.657516,0.13
43,1,train,52.167992,0.17
43,2,train,52.738384,0.21
43,3,train,30.602051,0.24
43,4,train,38.653389,0.28
43,5,train,46.040482,0.31
43,6,train,55.554142,0.34
43,0,val,32.659801,0.48
43,1,val,29.545330,0.48
43,2,val,86.040848,0.49
43,3,val,27.821274,0.50
43,4,val,75.246544,0.51
43,5,val,52.310406,0.52
43,6,val,22.674313,0.52
43,7,val,22.264551,0.53
43,8,val,30.047020,0.54
43,9,val,47.621220,0.54
43,10,val,118.314857,0.55
43,11,val,43.205860,0.56
43,12,val,25.732126,0.56
43,13,val,22.834757,0.57
43,14,val,38.282509,0.58
43,15,val,54.052441,0.58
43,16,val,112.235260,0.59
43,17,val,36.552544,0.59
43,18,val,35.416374,0.60
44,0,train,46.832832,0.14
44,1,train,53.048748,0.18
44,2,train,40.102337,0.21
44,3,train,51.529701,0.24
44,4,train,51.244930,0.28
44,5,train,40.977306,0.31
44,6,train,38.352871,0.35
44,0,val,27.682461,0.47
44,1,val,37.360474,0.48
44,2,val,86.757538,0.49
44,3,val,27.658390,0.49
44,4,val,73.012115,0.50
44,5,val,57.952015,0.51
44,6,val,21.472672,0.52
44,7,val,21.745201,0.53
44,8,val,31.414816,0.53
44,9,val,46.611618,0.54
44,10,val,115.372368,0.55
44,11,val,42.550060,0.55
44,12,val,23.240427,0.56
44,13,val,23.043985,0.57
44,14,val,39.036507,0.57
44,15,val,55.344181,0.58
44,16,val,104.531418,0.58
44,17,val,37.146473,0.59
44,18,val,30.998749,0.59
45,0,train,42.308815,0.17
45,1,train,35.574966,0.20
45,2,train,46.671814,0.24
45,3,train,40.845688,0.27
45,4,train,47.722694,0.30
45,5,train,50.537842,0.34
45,6,train,48.880253,0.37
45,0,val,23.593721,0.50
45,1,val,29.461025,0.50
45,2,val,85.942253,0.51
45,3,val,25.313288,0.52
45,4,val,72.802696,0.52
45,5,val,53.122959,0.54
45,6,val,26.012289,0.54
45,7,val,26.866350,0.55
45,8,val,30.142584,0.56
45,9,val,50.513588,0.56
45,10,val,116.662209,0.57
45,11,val,42.212372,0.58
45,12,val,18.637346,0.58
45,13,val,26.490713,0.59
45,14,val,36.468563,0.60
45,15,val,55.253170,0.60
45,16,val,108.636978,0.61
45,17,val,35.133240,0.61
45,18,val,30.757193,0.62
46,0,train,47.907597,0.14
46,1,train,53.503372,0.18
46,2,train,48.161472,0.21
46,3,train,67.489029,0.25
46,4,train,53.687462,0.28
46,5,train,48.670223,0.31
46,6,train,38.990135,0.35
46,0,val,24.250496,0.49
46,1,val,29.371635,0.50
46,2,val,84.887886,0.50
46,3,val,23.711050,0.51
46,4,val,73.524406,0.52
46,5,val,58.408577,0.53
46,6,val,25.535042,0.54
46,7,val,27.945759,0.54
46,8,val,30.875868,0.55
46,9,val,46.532753,0.56
46,10,val,117.445488,0.56
46,11,val,42.227634,0.57
46,12,val,18.236385,0.58
46,13,val,24.538601,0.58
46,14,val,39.067890,0.59
46,15,val,53.405842,0.59
46,16,val,104.910553,0.60
46,17,val,35.589035,0.60
46,18,val,31.805592,0.61
47,0,train,43.330048,0.14
47,1,train,38.374557,0.17
47,2,train,53.519325,0.21
47,3,train,44.397175,0.24
47,4,train,54.751976,0.28
47,5,train,40.726036,0.31
47,6,train,64.112869,0.34
47,0,val,38.200008,0.47
47,1,val,28.876375,0.48
47,2,val,83.465836,0.48
47,3,val,24.221056,0.49
47,4,val,75.209702,0.50
47,5,val,51.103794,0.51
47,6,val,22.183876,0.52
47,7,val,22.818327,0.52
47,8,val,28.913624,0.53
47,9,val,45.484497,0.53
47,10,val,113.872536,0.54
47,11,val,49.067356,0.55
47,12,val,18.327787,0.55
47,13,val,22.965376,0.56
47,14,val,37.032127,0.57
47,15,val,54.763760,0.57
47,16,val,105.824608,0.58
47,17,val,35.559814,0.58
47,18,val,30.113232,0.59
48,0,train,40.560699,0.17
48,1,train,47.641144,0.22
48,2,train,47.096542,0.27
48,3,train,50.823647,0.31
48,4,train,47.038879,0.35
48,5,train,31.730038,0.38
48,6,train,51.772060,0.41
48,0,val,24.606413,0.55
48,1,val,35.448296,0.56
48,2,val,84.836876,0.56
48,3,val,24.337982,0.57
48,4,val,81.767273,0.58
48,5,val,50.246067,0.59
48,6,val,24.908981,0.60
48,7,val,20.861073,0.61
48,8,val,29.159784,0.61
48,9,val,45.953789,0.62
48,10,val,113.579346,0.63
48,11,val,41.224453,0.63
48,12,val,18.292593,0.64
48,13,val,25.790192,0.65
48,14,val,37.507019,0.65
48,15,val,58.090900,0.66
48,16,val,102.884315,0.66
48,17,val,34.643085,0.67
48,18,val,32.234543,0.67
49,0,train,45.734085,0.25
49,1,train,52.262566,0.31
49,2,train,47.369953,0.35
49,3,train,46.713058,0.39
49,4,train,40.382149,0.42
49,5,train,43.284878,0.46
49,6,train,47.474262,0.49
49,0,val,24.802017,0.69
49,1,val,28.402658,0.71
49,2,val,82.311211,0.72
49,3,val,24.927582,0.73
49,4,val,73.544113,0.74
49,5,val,50.471939,0.75
49,6,val,21.549030,0.76
49,7,val,23.481966,0.77
49,8,val,28.063482,0.78
49,9,val,48.332779,0.79
49,10,val,113.076019,0.79
49,11,val,41.402184,0.81
49,12,val,18.591679,0.82
49,13,val,23.690380,0.83
49,14,val,35.805111,0.84
49,15,val,52.608898,0.85
49,16,val,106.030762,0.86
49,17,val,39.365208,0.87
49,18,val,30.176445,0.88
50,0,train,35.048122,0.19
50,1,train,44.695900,0.25
50,2,train,57.743679,0.31
50,3,train,45.871021,0.36
50,4,train,44.331650,0.39
50,5,train,47.413002,0.42
50,6,train,35.245724,0.46
50,0,val,23.038185,0.67
50,1,val,29.834667,0.68
50,2,val,81.583603,0.69
50,3,val,26.165102,0.70
50,4,val,71.197533,0.71
50,5,val,52.802536,0.72
50,6,val,20.910269,0.73
50,7,val,21.024054,0.74
50,8,val,28.532261,0.75
50,9,val,47.985912,0.75
50,10,val,117.469261,0.76
50,11,val,43.477436,0.77
50,12,val,23.874432,0.78
50,13,val,22.021912,0.79
50,14,val,37.003265,0.80
50,15,val,57.772869,0.81
50,16,val,102.497292,0.81
50,17,val,34.581367,0.82
50,18,val,30.772074,0.83
51,0,train,50.106041,0.19
51,1,train,44.492249,0.23
51,2,train,43.995663,0.28
51,3,train,59.280304,0.31
51,4,train,47.831940,0.35
51,5,train,48.520138,0.38
51,6,train,72.047592,0.41
51,0,val,25.605127,0.63
51,1,val,29.055353,0.65
51,2,val,86.937645,0.66
51,3,val,28.750963,0.67
51,4,val,70.788559,0.68
51,5,val,48.336552,0.68
51,6,val,22.518105,0.69
51,7,val,22.894020,0.70
51,8,val,29.836056,0.71
51,9,val,44.709648,0.72
51,10,val,114.079544,0.73
51,11,val,40.399559,0.75
51,12,val,23.009020,0.76
51,13,val,26.933565,0.77
51,14,val,36.792999,0.78
51,15,val,55.213303,0.79
51,16,val,101.486717,0.79
51,17,val,37.299709,0.80
51,18,val,29.725796,0.81
52,0,train,41.904686,0.19
52,1,train,34.849289,0.24
52,2,train,40.897453,0.29
52,3,train,38.807930,0.33
52,4,train,40.918026,0.36
52,5,train,47.710995,0.40
52,6,train,44.502808,0.43
52,0,val,26.638689,0.61
52,1,val,32.333939,0.64
52,2,val,83.478500,0.65
52,3,val,25.359629,0.66
52,4,val,70.094963,0.67
52,5,val,50.982246,0.69
52,6,val,25.479126,0.70
52,7,val,20.944725,0.71
52,8,val,33.944771,0.72
52,9,val,44.481850,0.73
52,10,val,111.714439,0.74
52,11,val,40.740940,0.75
52,12,val,17.072210,0.76
52,13,val,22.529102,0.77
52,14,val,36.311859,0.78
52,15,val,58.894524,0.79
52,16,val,103.269470,0.80
52,17,val,34.906250,0.80
52,18,val,29.150640,0.81
53,0,train,46.813778,0.17
53,1,train,43.774479,0.22
53,2,train,36.513283,0.26
53,3,train,48.915096,0.30
53,4,train,36.245319,0.34
53,5,train,38.607124,0.37
53,6,train,43.876343,0.40
53,0,val,31.625456,0.53
53,1,val,29.054752,0.54
53,2,val,80.748177,0.55
53,3,val,23.336809,0.55
53,4,val,70.222267,0.57
53,5,val,48.108002,0.57
53,6,val,22.006874,0.58
53,7,val,26.348948,0.59
53,8,val,27.503901,0.60
53,9,val,45.255470,0.60
53,10,val,110.892754,0.61
53,11,val,41.370918,0.62
53,12,val,18.280121,0.62
53,13,val,21.732399,0.63
53,14,val,35.388199,0.64
53,15,val,52.559601,0.64
53,16,val,105.844437,0.65
53,17,val,33.697849,0.65
53,18,val,28.708096,0.66
54,0,train,30.909344,0.15
54,1,train,39.797638,0.19
54,2,train,43.558670,0.22
54,3,train,45.251118,0.25
54,4,train,37.483971,0.29
54,5,train,39.059990,0.32
54,6,train,43.956867,0.36
54,0,val,28.898575,0.49
54,1,val,27.758411,0.50
54,2,val,80.689430,0.51
54,3,val,23.093067,0.52
54,4,val,69.797142,0.53
54,5,val,48.444942,0.54
54,6,val,20.529810,0.54
54,7,val,22.100830,0.55
54,8,val,36.252350,0.56
54,9,val,45.442005,0.57
54,10,val,115.950409,0.58
54,11,val,40.696487,0.58
54,12,val,20.435701,0.59
54,13,val,23.149166,0.59
54,14,val,34.475456,0.60
54,15,val,51.566383,0.61
54,16,val,99.265076,0.61
54,17,val,36.217239,0.61
54,18,val,33.195770,0.62
55,0,train,48.801739,0.13
55,1,train,40.784470,0.17
55,2,train,33.794067,0.20
55,3,train,44.571102,0.23
55,4,train,37.933128,0.27
55,5,train,58.035439,0.30
55,6,train,48.864655,0.33
55,0,val,25.294008,0.47
55,1,val,27.805672,0.47
55,2,val,81.746910,0.48
55,3,val,24.397655,0.49
55,4,val,72.241547,0.50
55,5,val,48.202511,0.51
55,6,val,20.821859,0.52
55,7,val,19.704975,0.52
55,8,val,29.136356,0.53
55,9,val,44.448795,0.53
55,10,val,109.077545,0.54
55,11,val,42.332535,0.55
55,12,val,20.397751,0.55
55,13,val,23.391710,0.56
55,14,val,42.286583,0.57
55,15,val,50.752491,0.57
55,16,val,98.092072,0.58
55,17,val,34.339596,0.58
55,18,val,30.948456,0.59
56,0,train,40.254555,0.17
56,1,train,47.551064,0.21
56,2,train,50.465588,0.24
56,3,train,42.754452,0.27
56,4,train,43.111366,0.31
56,5,train,39.611137,0.34
56,6,train,35.743317,0.38
56,0,val,22.868824,0.56
56,1,val,29.778521,0.57
56,2,val,78.588478,0.58
56,3,val,24.280289,0.59
56,4,val,68.432671,0.59
56,5,val,54.367775,0.60
56,6,val,20.854393,0.61
56,7,val,20.384310,0.61
56,8,val,27.213894,0.62
56,9,val,42.887821,0.63
56,10,val,108.402580,0.63
56,11,val,39.606846,0.64
56,12,val,17.667965,0.65
56,13,val,24.777388,0.65
56,14,val,42.203735,0.66
56,15,val,59.346977,0.67
56,16,val,99.748299,0.67
56,17,val,33.504440,0.68
56,18,val,34.199520,0.68
57,0,train,46.398663,0.22
57,1,train,40.115128,0.26
57,2,train,36.577866,0.31
57,3,train,54.352962,0.34
57,4,train,38.250130,0.37
57,5,train,48.963131,0.41
57,6,train,63.470554,0.44
57,0,val,27.826147,0.57
57,1,val,30.166498,0.58
57,2,val,81.569336,0.59
57,3,val,23.182163,0.59
57,4,val,68.354210,0.61
57,5,val,48.770054,0.61
57,6,val,20.494898,0.62
57,7,val,20.363111,0.63
57,8,val,27.082085,0.63
57,9,val,42.981670,0.64
57,10,val,111.046532,0.65
57,11,val,39.706623,0.65
57,12,val,17.026255,0.66
57,13,val,24.942560,0.67
57,14,val,35.326660,0.67
57,15,val,52.535412,0.68
57,16,val,99.007988,0.68
57,17,val,33.223255,0.69
57,18,val,29.609570,0.69
58,0,train,43.971676,0.15
58,1,train,56.932091,0.19
58,2,train,36.866653,0.22
58,3,train,36.547165,0.26
58,4,train,42.978973,0.29
58,5,train,40.080727,0.33
58,6,train,33.513512,0.36
58,0,val,23.741905,0.50
58,1,val,28.210207,0.51
58,2,val,80.266693,0.51
58,3,val,27.942551,0.52
58,4,val,71.978783,0.53
58,5,val,51.490868,0.54
58,6,val,20.999830,0.55
58,7,val,20.259121,0.55
58,8,val,26.645567,0.56
58,9,val,42.965870,0.57
58,10,val,107.251564,0.57
58,11,val,43.139927,0.58
58,12,val,17.154268,0.59
58,13,val,24.499493,0.59
58,14,val,34.112785,0.60
58,15,val,50.248352,0.60
58,16,val,98.898796,0.61
58,17,val,32.640224,0.61
58,18,val,30.298992,0.62
59,0,train,47.569576,0.16
59,1,train,35.462975,0.20
59,2,train,43.871681,0.24
59,3,train,51.514885,0.27
59,4,train,47.972542,0.31
59,5,train,37.677021,0.34
59,6,train,39.391964,0.37
59,0,val,22.862928,0.50
59,1,val,28.872276,0.51
59,2,val,78.315277,0.52
59,3,val,24.315489,0.52
59,4,val,67.909622,0.54
59,5,val,47.418953,0.54
59,6,val,21.242432,0.55
59,7,val,23.316149,0.56
59,8,val,26.933252,0.56
59,9,val,44.251476,0.57
59,10,val,108.790489,0.58
59,11,val,39.477680,0.58
59,12,val,25.601654,0.59
59,13,val,21.528982,0.59
59,14,val,35.515625,0.60
59,15,val,52.361732,0.61
59,16,val,103.032089,0.61
59,17,val,32.279457,0.61
59,18,val,28.903090,0.62
60,0,train,45.718445,0.13
60,1,train,51.005466,0.17
60,2,train,36.480213,0.21
60,3,train,35.383522,0.24
60,4,train,37.625366,0.28
60,5,train,33.585808,0.31
60,6,train,49.231934,0.34
60,0,val,27.248446,0.51
60,1,val,28.353518,0.53
60,2,val,82.508034,0.53
60,3,val,22.925100,0.54
60,4,val,68.127960,0.55
60,5,val,51.345119,0.57
60,6,val,20.967583,0.57
60,7,val,20.530952,0.58
60,8,val,28.827494,0.59
60,9,val,45.636616,0.60
60,10,val,110.385132,0.60
60,11,val,38.261635,0.61
60,12,val,18.462933,0.62
60,13,val,22.567020,0.63
60,14,val,33.331146,0.63
60,15,val,54.719650,0.64
60,16,val,98.799881,0.64
60,17,val,36.080242,0.65
60,18,val,28.180683,0.65
61,0,train,41.495815,0.13
61,1,train,40.662895,0.17
61,2,train,55.859505,0.21
61,3,train,45.983269,0.24
61,4,train,43.651318,0.28
61,5,train,42.228539,0.31
61,6,train,44.814476,0.34
61,0,val,23.197783,0.47
61,1,val,31.922991,0.48
61,2,val,78.519455,0.49
61,3,val,22.168507,0.49
61,4,val,67.619095,0.51
61,5,val,47.461082,0.52
61,6,val,23.229830,0.52
61,7,val,22.820911,0.53
61,8,val,26.819103,0.54
61,9,val,44.379959,0.54
61,10,val,111.167099,0.55
61,11,val,39.259411,0.56
61,12,val,24.374647,0.56
61,13,val,21.634813,0.57
61,14,val,35.949257,0.57
61,15,val,52.639076,0.58
61,16,val,95.975800,0.58
61,17,val,36.720573,0.59
61,18,val,27.564169,0.59
62,0,train,36.206940,0.16
62,1,train,54.977409,0.20
62,2,train,38.969002,0.24
62,3,train,36.718292,0.28
62,4,train,46.455078,0.31
62,5,train,59.863998,0.34
62,6,train,50.084522,0.38
62,0,val,23.963573,0.51
62,1,val,27.251369,0.51
62,2,val,78.025681,0.52
62,3,val,23.957256,0.53
62,4,val,69.534569,0.53
62,5,val,47.255886,0.55
62,6,val,20.344158,0.56
62,7,val,21.349943,0.56
62,8,val,26.606638,0.57
62,9,val,42.642841,0.58
62,10,val,105.873184,0.58
62,11,val,41.536224,0.59
62,12,val,16.893259,0.60
62,13,val,21.226572,0.61
62,14,val,34.335743,0.61
62,15,val,52.032421,0.62
62,16,val,96.100571,0.62
62,17,val,37.354671,0.63
62,18,val,28.068785,0.63
63,0,train,49.983727,0.16
63,1,train,57.242584,0.21
63,2,train,46.943192,0.26
63,3,train,47.823723,0.29
63,4,train,30.776081,0.33
63,5,train,31.392509,0.36
63,6,train,44.554604,0.39
63,0,val,22.542929,0.53
63,1,val,33.799572,0.54
63,2,val,83.800018,0.55
63,3,val,22.179968,0.56
63,4,val,66.432747,0.57
63,5,val,46.844780,0.57
63,6,val,21.030678,0.58
63,7,val,29.181440,0.59
63,8,val,27.698612,0.60
63,9,val,43.699825,0.60
63,10,val,106.554008,0.61
63,11,val,38.303520,0.62
63,12,val,16.278589,0.63
63,13,val,20.799549,0.63
63,14,val,33.716969,0.64
63,15,val,50.628933,0.65
63,16,val,94.064468,0.65
63,17,val,32.392365,0.65
63,18,val,27.159105,0.66
64,0,train,46.265713,0.14
64,1,train,39.256012,0.19
64,2,train,39.794479,0.22
64,3,train,33.600334,0.25
64,4,train,49.993004,0.29
64,5,train,44.800789,0.33
64,6,train,31.564631,0.36
64,0,val,22.815983,0.49
64,1,val,29.669296,0.50
64,2,val,77.741882,0.50
64,3,val,23.452003,0.51
64,4,val,67.651443,0.52
64,5,val,45.446232,0.53
64,6,val,19.115894,0.54
64,7,val,19.381132,0.55
64,8,val,27.767574,0.55
64,9,val,44.433735,0.56
64,10,val,111.049637,0.57
64,11,val,39.154713,0.57
64,12,val,16.460291,0.58
64,13,val,25.617859,0.59
64,14,val,44.710617,0.60
64,15,val,49.449677,0.61
64,16,val,95.448242,0.62
64,17,val,32.902691,0.63
64,18,val,28.423897,0.64
65,0,train,29.991684,0.18
65,1,train,39.322662,0.23
65,2,train,42.045837,0.27
65,3,train,51.974865,0.31
65,4,train,54.534332,0.34
65,5,train,39.265411,0.38
65,6,train,44.226864,0.41
65,0,val,22.128151,0.62
65,1,val,26.237846,0.64
65,2,val,80.204079,0.65
65,3,val,21.801785,0.66
65,4,val,65.803993,0.67
65,5,val,52.501263,0.68
65,6,val,19.124409,0.69
65,7,val,19.361879,0.69
65,8,val,26.472336,0.70
65,9,val,46.900978,0.71
65,10,val,103.747276,0.72
65,11,val,39.351437,0.73
65,12,val,16.161516,0.74
65,13,val,24.447372,0.75
65,14,val,36.902382,0.76
65,15,val,50.197765,0.76
65,16,val,94.378639,0.77
65,17,val,31.827972,0.77
65,18,val,28.155996,0.78
66,0,train,43.482525,0.18
66,1,train,43.825634,0.26
66,2,train,48.949688,0.31
66,3,train,29.645168,0.36
66,4,train,42.244007,0.39
66,5,train,43.347534,0.43
66,6,train,31.040676,0.47
66,0,val,21.199678,0.67
66,1,val,26.579342,0.69
66,2,val,83.253250,0.70
66,3,val,23.231918,0.71
66,4,val,67.369194,0.72
66,5,val,46.978771,0.72
66,6,val,25.574795,0.73
66,7,val,18.955246,0.74
66,8,val,28.258810,0.75
66,9,val,43.373451,0.76
66,10,val,107.064575,0.77
66,11,val,40.211235,0.78
66,12,val,16.663132,0.79
66,13,val,20.908804,0.80
66,14,val,32.880463,0.81
66,15,val,50.416134,0.82
66,16,val,96.157463,0.83
66,17,val,32.552990,0.84
66,18,val,29.864117,0.86
67,0,train,47.063877,0.27
67,1,train,45.414082,0.32
67,2,train,38.302849,0.36
67,3,train,46.127571,0.39
67,4,train,45.679092,0.43
67,5,train,34.355278,0.47
67,6,train,44.828133,0.50
67,0,val,21.564980,0.68
67,1,val,25.938831,0.70
67,2,val,74.727959,0.72
67,3,val,22.247257,0.72
67,4,val,65.208511,0.73
67,5,val,44.748814,0.74
67,6,val,19.879887,0.75
67,7,val,19.688671,0.76
67,8,val,27.654741,0.77
67,9,val,42.351364,0.77
67,10,val,133.963882,0.78
67,11,val,42.829926,0.80
67,12,val,26.538393,0.81
67,13,val,21.389822,0.83
67,14,val,32.875736,0.85
67,15,val,53.514736,0.86
67,16,val,96.171410,0.87
67,17,val,31.688726,0.89
67,18,val,30.351156,0.90
68,0,train,33.726250,0.23
68,1,train,44.061234,0.28
68,2,train,40.719288,0.32
68,3,train,36.530685,0.36
68,4,train,44.997478,0.39
68,5,train,39.505196,0.43
68,6,train,42.766350,0.46
68,0,val,21.539661,0.69
68,1,val,25.453983,0.71
68,2,val,73.976746,0.72
68,3,val,23.206841,0.73
68,4,val,69.163063,0.74
68,5,val,53.879139,0.75
68,6,val,21.141342,0.76
68,7,val,18.720263,0.77
68,8,val,26.978294,0.78
68,9,val,42.930302,0.79
68,10,val,104.848091,0.81
68,11,val,37.570526,0.81
68,12,val,18.032406,0.82
68,13,val,21.495665,0.83
68,14,val,39.504509,0.84
68,15,val,50.397472,0.84
68,16,val,93.343910,0.85
68,17,val,32.673855,0.86
68,18,val,27.336739,0.86
69,0,train,48.746868,0.25
69,1,train,45.641472,0.30
69,2,train,44.755962,0.34
69,3,train,35.894379,0.37
69,4,train,39.065681,0.42
69,5,train,26.409313,0.45
69,6,train,34.462608,0.49
69,0,val,20.944237,0.68
69,1,val,25.541245,0.71
69,2,val,79.273422,0.72
69,3,val,22.205404,0.73
69,4,val,65.567032,0.75
69,5,val,45.087231,0.76
69,6,val,21.953382,0.78
69,7,val,20.077053,0.79
69,8,val,26.539122,0.81
69,9,val,43.700485,0.82
69,10,val,101.458298,0.83
69,11,val,38.753933,0.84
69,12,val,19.132540,0.85
69,13,val,23.370567,0.86
69,14,val,36.161297,0.87
69,15,val,47.516575,0.87
69,16,val,92.404663,0.87
69,17,val,34.785118,0.88
69,18,val,32.515488,0.88
70,0,train,32.284126,0.13
70,1,train,41.619942,0.16
70,2,train,36.525597,0.20
70,3,train,56.500500,0.23
70,4,train,37.865303,0.27
70,5,train,49.014343,0.30
70,6,train,39.495518,0.34
70,0,val,22.272280,0.47
70,1,val,25.693039,0.48
70,2,val,77.442337,0.48
70,3,val,22.192627,0.49
70,4,val,64.514465,0.50
70,5,val,43.760887,0.51
70,6,val,23.864542,0.51
70,7,val,19.510429,0.52
70,8,val,28.456490,0.53
70,9,val,41.444202,0.53
70,10,val,102.229057,0.54
70,11,val,39.480114,0.55
70,12,val,17.673910,0.55
70,13,val,20.830425,0.56
70,14,val,36.997852,0.57
70,15,val,47.301033,0.57
70,16,val,93.896461,0.58
70,17,val,30.908941,0.58
70,18,val,29.923565,0.59
71,0,train,42.604935,0.15
71,1,train,42.055710,0.19
71,2,train,48.261616,0.23
71,3,train,37.648911,0.26
71,4,train,35.498367,0.30
71,5,train,43.302349,0.33
71,6,train,26.787134,0.37
71,0,val,22.081219,0.50
71,1,val,25.394978,0.51
71,2,val,74.948227,0.52
71,3,val,21.997822,0.53
71,4,val,64.359619,0.54
71,5,val,46.105953,0.55
71,6,val,19.174379,0.55
71,7,val,21.522879,0.56
71,8,val,26.940611,0.57
71,9,val,40.773224,0.57
71,10,val,103.708359,0.58
71,11,val,37.642223,0.59
71,12,val,20.374140,0.60
71,13,val,20.875128,0.60
71,14,val,31.878946,0.61
71,15,val,46.997990,0.61
71,16,val,91.930847,0.62
71,17,val,32.146664,0.62
71,18,val,32.331795,0.63
72,0,train,42.013435,0.15
72,1,train,33.948013,0.19
72,2,train,28.957516,0.23
72,3,train,41.353710,0.26
72,4,train,38.389809,0.30
72,5,train,49.279358,0.33
72,6,train,53.163822,0.37
72,0,val,22.683857,0.50
72,1,val,26.655760,0.51
72,2,val,71.727943,0.52
72,3,val,22.308823,0.52
72,4,val,63.627747,0.54
72,5,val,43.506828,0.54
72,6,val,19.290956,0.55
72,7,val,19.815742,0.56
72,8,val,28.838696,0.56
72,9,val,40.343441,0.57
72,10,val,102.952255,0.58
72,11,val,37.052673,0.58
72,12,val,18.228439,0.59
72,13,val,22.133654,0.60
72,14,val,33.854019,0.60
72,15,val,47.573963,0.61
72,16,val,90.441795,0.61
72,17,val,30.702360,0.62
72,18,val,28.199400,0.62
73,0,train,32.064316,0.21
73,1,train,34.694267,0.26
73,2,train,42.117928,0.31
73,3,train,55.399277,0.35
73,4,train,41.572205,0.40
73,5,train,36.720390,0.43
73,6,train,38.301613,0.47
73,0,val,23.779398,0.60
73,1,val,26.534962,0.60
73,2,val,72.775368,0.61
73,3,val,21.958439,0.62
73,4,val,63.851555,0.63
73,5,val,48.917458,0.64
73,6,val,20.264072,0.65
73,7,val,24.595692,0.65
73,8,val,25.639160,0.66
73,9,val,41.640770,0.67
73,10,val,105.743782,0.67
73,11,val,37.837494,0.68
73,12,val,17.337379,0.69
73,13,val,20.133051,0.69
73,14,val,32.992764,0.70
73,15,val,48.821606,0.70
73,16,val,93.074554,0.71
73,17,val,30.655563,0.71
73,18,val,27.991543,0.72
74,0,train,40.664574,0.13
74,1,train,34.699295,0.18
74,2,train,28.890352,0.22
74,3,train,37.805466,0.26
74,4,train,39.548035,0.31
74,5,train,41.705444,0.34
74,6,train,31.285700,0.37
74,0,val,21.689396,0.52
74,1,val,29.942272,0.53
74,2,val,71.287407,0.55
74,3,val,22.326714,0.56
74,4,val,66.195610,0.57
74,5,val,43.944786,0.59
74,6,val,18.476740,0.60
74,7,val,21.389883,0.61
74,8,val,24.678371,0.62
74,9,val,47.673977,0.63
74,10,val,100.719498,0.65
74,11,val,42.163769,0.66
74,12,val,22.332203,0.67
74,13,val,19.747498,0.68
74,14,val,35.294113,0.69
74,15,val,47.393074,0.69
74,16,val,114.995468,0.69
74,17,val,31.456142,0.70
74,18,val,30.978077,0.70
75,0,train,62.990021,0.14
75,1,train,42.765038,0.18
75,2,train,35.052330,0.21
75,3,train,64.866783,0.25
75,4,train,34.094162,0.29
75,5,train,44.694412,0.32
75,6,train,41.383274,0.36
75,0,val,29.553888,0.53
75,1,val,24.989923,0.56
75,2,val,71.902328,0.56
75,3,val,21.442184,0.57
75,4,val,64.338486,0.58
75,5,val,45.150517,0.59
75,6,val,29.791088,0.59
75,7,val,19.667973,0.60
75,8,val,25.772673,0.61
75,9,val,43.566406,0.61
75,10,val,99.616386,0.62
75,11,val,44.008213,0.62
75,12,val,18.633299,0.63
75,13,val,24.941193,0.64
75,14,val,31.693825,0.65
75,15,val,49.824814,0.65
75,16,val,90.786720,0.66
75,17,val,30.964548,0.66
75,18,val,26.058989,0.67
76,0,train,39.347420,0.15
76,1,train,42.595436,0.19
76,2,train,34.194565,0.22
76,3,train,34.549118,0.26
76,4,train,37.634068,0.30
76,5,train,46.564514,0.33
76,6,train,30.894947,0.37
76,0,val,22.413382,0.50
76,1,val,26.528568,0.50
76,2,val,71.591309,0.51
76,3,val,24.820864,0.52
76,4,val,63.051079,0.53
76,5,val,43.000710,0.54
76,6,val,23.311895,0.54
76,7,val,20.169535,0.55
76,8,val,31.557446,0.56
76,9,val,40.531040,0.56
76,10,val,98.332458,0.57
76,11,val,37.066765,0.58
76,12,val,15.440919,0.58
76,13,val,20.277670,0.59
76,14,val,30.898792,0.60
76,15,val,47.519016,0.60
76,16,val,93.785805,0.61
76,17,val,41.132748,0.61
76,18,val,26.338139,0.62
77,0,train,53.756844,0.18
77,1,train,30.531719,0.23
77,2,train,43.859550,0.27
77,3,train,34.747993,0.31
77,4,train,54.044704,0.34
77,5,train,43.211784,0.38
77,6,train,43.279694,0.42
77,0,val,20.504448,0.62
77,1,val,24.603096,0.65
77,2,val,70.523544,0.66
77,3,val,21.184231,0.67
77,4,val,65.151932,0.68
77,5,val,42.831142,0.68
77,6,val,18.305302,0.69
77,7,val,19.314190,0.70
77,8,val,24.348059,0.71
77,9,val,45.150913,0.72
77,10,val,105.638992,0.73
77,11,val,37.195232,0.74
77,12,val,20.112549,0.75
77,13,val,19.889515,0.76
77,14,val,32.526207,0.77
77,15,val,46.520992,0.77
77,16,val,88.528824,0.78
77,17,val,31.783836,0.79
77,18,val,25.864243,0.79
78,0,train,46.385780,0.29
78,1,train,38.088280,0.36
78,2,train,28.459541,0.41
78,3,train,37.742390,0.44
78,4,train,45.329979,0.48
78,5,train,35.531021,0.51
78,6,train,36.169418,0.55
78,0,val,22.688293,1.26
78,1,val,25.977880,1.33
78,2,val,71.458450,1.34
78,3,val,23.252943,1.37
78,4,val,67.618111,1.40
78,5,val,43.571037,1.42
78,6,val,17.976921,1.44
78,7,val,19.013645,1.47
78,8,val,28.659294,1.52
78,9,val,39.853119,1.55
78,10,val,98.239273,1.59
78,11,val,36.314079,1.63
78,12,val,16.959208,1.66
78,13,val,19.525974,1.67
78,14,val,34.100822,1.68
78,15,val,49.153145,1.69
78,16,val,87.798401,1.69
78,17,val,34.008129,1.70
78,18,val,29.653765,1.71
79,0,train,43.810356,0.17
79,1,train,38.372261,0.24
79,2,train,33.551468,0.27
79,3,train,43.269241,0.31
79,4,train,31.300240,0.35
79,5,train,36.479469,0.38
79,6,train,38.800179,0.42
79,0,val,21.735918,0.63
79,1,val,30.607782,0.64
79,2,val,80.845360,0.65
79,3,val,25.278267,0.66
79,4,val,61.710663,0.67
79,5,val,43.953289,0.68
79,6,val,19.213732,0.69
79,7,val,18.879765,0.70
79,8,val,25.853191,0.71
79,9,val,41.268112,0.72
79,10,val,98.024391,0.73
79,11,val,38.636131,0.74
79,12,val,17.196875,0.75
79,13,val,23.229162,0.76
79,14,val,36.427094,0.77
79,15,val,49.539562,0.77
79,16,val,93.049866,0.78
79,17,val,30.236900,0.78
79,18,val,31.325878,0.79
80,0,train,46.761124,0.19
80,1,train,49.380375,0.25
80,2,train,46.785881,0.30
80,3,train,57.310112,0.33
80,4,train,43.677715,0.37
80,5,train,41.075081,0.41
80,6,train,32.755295,0.45
80,0,val,23.758993,0.66
80,1,val,24.735382,0.69
80,2,val,69.870621,0.70
80,3,val,24.413729,0.71
80,4,val,61.868095,0.72
80,5,val,41.935684,0.73
80,6,val,17.973444,0.74
80,7,val,19.172836,0.75
80,8,val,25.638424,0.76
80,9,val,39.069588,0.78
80,10,val,97.122330,0.79
80,11,val,35.885944,0.80
80,12,val,15.890044,0.81
80,13,val,26.482656,0.82
80,14,val,30.356129,0.83
80,15,val,46.953743,0.84
80,16,val,89.016136,0.85
80,17,val,30.548456,0.86
80,18,val,26.087831,0.86
81,0,train,43.133438,0.14
81,1,train,47.364555,0.18
81,2,train,40.509201,0.23
81,3,train,31.017363,0.26
81,4,train,34.852310,0.30
81,5,train,44.200302,0.33
81,6,train,36.790878,0.37
81,0,val,30.976606,0.50
81,1,val,24.125916,0.51
81,2,val,68.872612,0.52
81,3,val,21.080393,0.52
81,4,val,61.353832,0.54
81,5,val,41.997417,0.55
81,6,val,19.072083,0.55
81,7,val,18.259954,0.56
81,8,val,25.182344,0.57
81,9,val,42.315689,0.58
81,10,val,97.017937,0.59
81,11,val,39.141762,0.60
81,12,val,17.725021,0.60
81,13,val,20.665972,0.61
81,14,val,30.570963,0.61
81,15,val,46.081474,0.62
81,16,val,88.872147,0.62
81,17,val,31.123243,0.63
81,18,val,26.934702,0.64
82,0,train,32.570087,0.13
82,1,train,30.446671,0.17
82,2,train,45.368587,0.20
82,3,train,43.347672,0.24
82,4,train,32.570152,0.28
82,5,train,46.338142,0.31
82,6,train,39.550507,0.35
82,0,val,29.841425,0.48
82,1,val,30.363121,0.48
82,2,val,68.456490,0.49
82,3,val,21.319782,0.50
82,4,val,60.997601,0.51
82,5,val,42.959507,0.52
82,6,val,17.939289,0.52
82,7,val,18.633852,0.53
82,8,val,30.025038,0.54
82,9,val,40.059448,0.56
82,10,val,100.510391,0.56
82,11,val,36.593018,0.57
82,12,val,17.236568,0.58
82,13,val,20.255196,0.58
82,14,val,30.344162,0.59
82,15,val,46.423355,0.60
82,16,val,90.036247,0.60
82,17,val,33.912720,0.61
82,18,val,27.679726,0.61
83,0,train,33.621208,0.14
83,1,train,28.423012,0.17
83,2,train,38.545040,0.20
83,3,train,40.832638,0.23
83,4,train,37.157425,0.26
83,5,train,55.871178,0.31
83,6,train,36.615246,0.35
83,0,val,21.177223,0.47
83,1,val,23.888124,0.48
83,2,val,69.457558,0.49
83,3,val,21.017782,0.50
83,4,val,60.861710,0.51
83,5,val,41.866997,0.52
83,6,val,18.290297,0.52
83,7,val,18.452211,0.53
83,8,val,29.138510,0.54
83,9,val,43.964420,0.54
83,10,val,95.703156,0.55
83,11,val,36.128170,0.56
83,12,val,16.058880,0.56
83,13,val,19.246357,0.57
83,14,val,30.556263,0.58
83,15,val,45.004543,0.58
83,16,val,86.511078,0.59
83,17,val,29.296432,0.59
83,18,val,28.473602,0.60
84,0,train,45.609867,0.18
84,1,train,40.309090,0.22
84,2,train,44.240189,0.25
84,3,train,51.942234,0.29
84,4,train,29.293999,0.33
84,5,train,36.332790,0.36
84,6,train,43.949875,0.40
84,0,val,21.907122,0.52
84,1,val,23.862770,0.53
84,2,val,68.534660,0.54
84,3,val,20.748079,0.55
84,4,val,60.261723,0.56
84,5,val,48.404537,0.57
84,6,val,19.037167,0.57
84,7,val,18.796232,0.58
84,8,val,27.560537,0.59
84,9,val,39.928188,0.59
84,10,val,98.862961,0.60
84,11,val,35.990135,0.61
84,12,val,15.344815,0.61
84,13,val,21.915457,0.62
84,14,val,29.925280,0.63
84,15,val,47.054264,0.63
84,16,val,87.244835,0.63
84,17,val,32.870682,0.64
84,18,val,31.436947,0.64
85,0,train,45.907616,0.14
85,1,train,36.207268,0.18
85,2,train,41.402237,0.21
85,3,train,59.763927,0.25
85,4,train,43.617680,0.36
85,5,train,45.689568,0.39
85,6,train,36.135399,0.43
85,0,val,25.138477,0.55
85,1,val,27.746769,0.56
85,2,val,72.458450,0.57
85,3,val,21.102337,0.57
85,4,val,64.346016,0.58
85,5,val,41.970634,0.59
85,6,val,19.616928,0.60
85,7,val,23.932594,0.61
85,8,val,28.315052,0.61
85,9,val,38.616833,0.62
85,10,val,95.259178,0.63
85,11,val,37.118702,0.63
85,12,val,14.254771,0.64
85,13,val,19.994579,0.65
85,14,val,30.525234,0.65
85,15,val,52.358479,0.66
85,16,val,85.217186,0.66
85,17,val,28.791386,0.67
85,18,val,26.940662,0.67
86,0,train,30.926670,0.14
86,1,train,32.398148,0.19
86,2,train,37.077106,0.22
86,3,train,24.543327,0.26
86,4,train,45.093079,0.30
86,5,train,37.091103,0.33
86,6,train,51.115719,0.37
86,0,val,20.208384,0.50
86,1,val,23.714399,0.50
86,2,val,67.509918,0.51
86,3,val,23.352753,0.52
86,4,val,60.301979,0.53
86,5,val,41.499199,0.54
86,6,val,19.277048,0.54
86,7,val,17.953730,0.55
86,8,val,25.932089,0.56
86,9,val,41.406090,0.56
86,10,val,95.158638,0.57
86,11,val,36.421024,0.58
86,12,val,16.614618,0.58
86,13,val,22.287235,0.59
86,14,val,33.511883,0.60
86,15,val,44.638809,0.60
86,16,val,85.985588,0.61
86,17,val,30.407438,0.61
86,18,val,25.422869,0.62
87,0,train,31.892530,0.16
87,1,train,39.161659,0.20
87,2,train,37.240238,0.24
87,3,train,30.701241,0.27
87,4,train,33.325390,0.31
87,5,train,34.850914,0.34
87,6,train,37.668289,0.38
87,0,val,20.020552,0.51
87,1,val,23.962748,0.52
87,2,val,67.999702,0.53
87,3,val,21.920200,0.54
87,4,val,60.893871,0.55
87,5,val,40.664944,0.56
87,6,val,17.888428,0.57
87,7,val,18.468660,0.57
87,8,val,25.749207,0.58
87,9,val,39.482159,0.59
87,10,val,93.291763,0.59
87,11,val,35.436977,0.60
87,12,val,14.793159,0.61
87,13,val,20.074961,0.62
87,14,val,30.059103,0.62
87,15,val,54.120216,0.63
87,16,val,87.378784,0.63
87,17,val,38.173031,0.64
87,18,val,24.755526,0.65
88,0,train,35.591370,0.13
88,1,train,45.397675,0.18
88,2,train,41.486694,0.22
88,3,train,36.612816,0.25
88,4,train,38.591236,0.29
88,5,train,33.048546,0.33
88,6,train,31.486740,0.36
88,0,val,20.561993,0.49
88,1,val,23.619802,0.50
88,2,val,78.263329,0.50
88,3,val,20.793104,0.51
88,4,val,61.422192,0.52
88,5,val,41.426842,0.53
88,6,val,17.474747,0.54
88,7,val,17.478064,0.54
88,8,val,26.627844,0.55
88,9,val,39.151932,0.56
88,10,val,93.798622,0.56
88,11,val,36.002869,0.57
88,12,val,14.340245,0.58
88,13,val,19.127291,0.58
88,14,val,35.122993,0.59
88,15,val,48.912220,0.59
88,16,val,85.213455,0.60
88,17,val,28.243347,0.60
88,18,val,28.368589,0.61
89,0,train,25.826523,0.14
89,1,train,41.641567,0.18
89,2,train,46.588242,0.22
89,3,train,38.166485,0.25
89,4,train,41.972931,0.29
89,5,train,39.197525,0.32
89,6,train,29.811209,0.36
89,0,val,20.267841,0.50
89,1,val,24.781656,0.52
89,2,val,66.999886,0.55
89,3,val,21.818653,0.57
89,4,val,59.114426,0.58
89,5,val,40.519135,0.59
89,6,val,19.484707,0.60
89,7,val,24.676735,0.61
89,8,val,23.645514,0.62
89,9,val,38.249897,0.63
89,10,val,93.718987,0.65
89,11,val,36.702835,0.65
89,12,val,15.421727,0.66
89,13,val,19.314684,0.66
89,14,val,30.643106,0.67
89,15,val,46.725132,0.67
89,16,val,86.229179,0.68
89,17,val,29.441925,0.68
89,18,val,24.699560,0.69
90,0,train,45.674385,0.14
90,1,train,34.876007,0.18
90,2,train,39.239380,0.21
90,3,train,23.543880,0.25
90,4,train,34.613529,0.29
90,5,train,36.646721,0.32
90,6,train,28.691273,0.36
90,0,val,19.760830,0.51
90,1,val,26.287556,0.52
90,2,val,67.256645,0.53
90,3,val,20.707706,0.54
90,4,val,57.958202,0.54
90,5,val,43.011044,0.55
90,6,val,21.928295,0.56
90,7,val,17.418200,0.56
90,8,val,29.235544,0.57
90,9,val,38.452797,0.58
90,10,val,93.162209,0.59
90,11,val,36.815632,0.59
90,12,val,14.687513,0.60
90,13,val,25.802246,0.60
90,14,val,30.400942,0.61
90,15,val,44.866276,0.62
90,16,val,83.480682,0.62
90,17,val,28.094246,0.63
90,18,val,24.716738,0.63
91,0,train,28.838320,0.15
91,1,train,32.404510,0.20
91,2,train,38.373016,0.23
91,3,train,31.107935,0.27
91,4,train,47.163193,0.31
91,5,train,37.313713,0.34
91,6,train,38.247147,0.38
91,0,val,22.368778,0.50
91,1,val,25.432201,0.51
91,2,val,67.112961,0.52
91,3,val,20.685581,0.53
91,4,val,60.141098,0.54
91,5,val,39.935219,0.55
91,6,val,19.234999,0.57
91,7,val,17.772465,0.58
91,8,val,38.315525,0.59
91,9,val,46.675861,0.60
91,10,val,97.533279,0.61
91,11,val,37.414608,0.61
91,12,val,14.693587,0.62
91,13,val,19.404465,0.63
91,14,val,29.084095,0.63
91,15,val,50.354065,0.64
91,16,val,88.408066,0.65
91,17,val,30.423100,0.65
91,18,val,25.560484,0.65
92,0,train,35.763100,0.13
92,1,train,41.408836,0.18
92,2,train,43.574982,0.22
92,3,train,27.421906,0.25
92,4,train,27.033241,0.29
92,5,train,27.181717,0.33
92,6,train,30.858622,0.36
92,0,val,20.725412,0.52
92,1,val,33.396763,0.54
92,2,val,66.325554,0.56
92,3,val,22.502533,0.57
92,4,val,58.856899,0.58
92,5,val,43.638493,0.60
92,6,val,18.232738,0.61
92,7,val,17.065561,0.63
92,8,val,23.888826,0.65
92,9,val,36.680061,0.67
92,10,val,91.579277,0.69
92,11,val,37.073975,0.70
92,12,val,15.935572,0.71
92,13,val,18.229488,0.72
92,14,val,29.706633,0.73
92,15,val,43.874268,0.75
92,16,val,83.356544,0.75
92,17,val,28.459526,0.76
92,18,val,26.535572,0.77
93,0,train,58.637177,0.20
93,1,train,36.890022,0.25
93,2,train,34.854408,0.30
93,3,train,32.286720,0.33
93,4,train,31.808775,0.38
93,5,train,34.551304,0.41
93,6,train,29.692385,0.45
93,0,val,21.234541,0.65
93,1,val,25.474594,0.68
93,2,val,66.066353,0.69
93,3,val,21.103100,0.70
93,4,val,58.032009,0.71
93,5,val,40.394508,0.72
93,6,val,18.304523,0.73
93,7,val,17.826534,0.74
93,8,val,24.642036,0.75
93,9,val,37.113159,0.75
93,10,val,92.477310,0.76
93,11,val,38.657490,0.77
93,12,val,15.762316,0.78
93,13,val,18.340622,0.79
93,14,val,29.773878,0.80
93,15,val,43.655155,0.80
93,16,val,83.197433,0.81
93,17,val,31.579269,0.82
93,18,val,25.212645,0.82
94,0,train,38.678879,0.28
94,1,train,39.731628,0.33
94,2,train,34.546631,0.37
94,3,train,29.835880,0.40
94,4,train,38.025490,0.45
94,5,train,26.389498,0.48
94,6,train,33.832676,0.52
94,0,val,20.570786,0.70
94,1,val,23.597628,0.73
94,2,val,64.728851,0.73
94,3,val,20.326738,0.74
94,4,val,58.200356,0.75
94,5,val,42.120895,0.76
94,6,val,17.128019,0.77
94,7,val,18.239048,0.78
94,8,val,29.615599,0.78
94,9,val,41.312107,0.79
94,10,val,91.585098,0.80
94,11,val,35.467297,0.82
94,12,val,15.336838,0.83
94,13,val,20.021385,0.84
94,14,val,33.301189,0.84
94,15,val,44.738617,0.85
94,16,val,82.285706,0.86
94,17,val,29.031534,0.86
94,18,val,25.298500,0.87
95,0,train,37.949287,0.18
95,1,train,29.310472,0.22
95,2,train,33.871536,0.27
95,3,train,41.107166,0.31
95,4,train,40.295059,0.35
95,5,train,40.084496,0.38
95,6,train,38.403305,0.42
95,0,val,19.617754,0.61
95,1,val,26.897570,0.62
95,2,val,66.936508,0.63
95,3,val,20.324520,0.64
95,4,val,61.126080,0.65
95,5,val,42.706913,0.66
95,6,val,26.277723,0.66
95,7,val,24.411673,0.67
95,8,val,22.806545,0.68
95,9,val,37.587193,0.69
95,10,val,90.392670,0.70
95,11,val,38.798130,0.71
95,12,val,13.968992,0.72
95,13,val,18.571087,0.74
95,14,val,28.683922,0.75
95,15,val,44.738544,0.75
95,16,val,82.142273,0.76
95,17,val,29.182014,0.76
95,18,val,24.915243,0.77
96,0,train,35.602837,0.18
96,1,train,40.435402,0.24
96,2,train,40.066639,0.28
96,3,train,31.548834,0.31
96,4,train,40.216629,0.35
96,5,train,38.128109,0.38
96,6,train,28.380810,0.42
96,0,val,24.422134,0.62
96,1,val,25.342716,0.65
96,2,val,71.530785,0.66
96,3,val,19.989573,0.67
96,4,val,56.824871,0.68
96,5,val,45.949364,0.69
96,6,val,18.296406,0.70
96,7,val,20.561298,0.71
96,8,val,26.484558,0.73
96,9,val,38.780956,0.74
96,10,val,96.437408,0.75
96,11,val,35.954315,0.76
96,12,val,14.871984,0.77
96,13,val,18.408312,0.78
96,14,val,28.838375,0.79
96,15,val,42.934399,0.80
96,16,val,81.264008,0.81
96,17,val,29.723991,0.81
96,18,val,31.917646,0.82
97,0,train,34.034760,0.20
97,1,train,34.147327,0.25
97,2,train,37.261719,0.29
97,3,train,27.702217,0.32
97,4,train,26.363657,0.36
97,5,train,35.771542,0.40
97,6,train,35.438694,0.43
97,0,val,23.636173,0.66
97,1,val,23.056221,0.67
97,2,val,72.242325,0.69
97,3,val,24.841551,0.71
97,4,val,57.702343,0.72
97,5,val,39.862835,0.73
97,6,val,17.764071,0.75
97,7,val,18.241278,0.75
97,8,val,30.992147,0.76
97,9,val,37.659164,0.78
97,10,val,89.313477,0.79
97,11,val,34.256149,0.80
97,12,val,19.084991,0.82
97,13,val,21.644077,0.83
97,14,val,29.138628,0.84
97,15,val,43.560726,0.84
97,16,val,81.856384,0.85
97,17,val,33.985172,0.86
97,18,val,24.718832,0.86
98,0,train,30.732056,0.19
98,1,train,31.611664,0.23
98,2,train,35.726715,0.26
98,3,train,46.211521,0.30
98,4,train,37.461128,0.33
98,5,train,37.368889,0.37
98,6,train,32.046089,0.40
98,0,val,19.504713,0.53
98,1,val,22.887156,0.54
98,2,val,65.730324,0.54
98,3,val,25.831560,0.55
98,4,val,56.347099,0.56
98,5,val,39.833267,0.57
98,6,val,17.898668,0.58
98,7,val,21.915174,0.59
98,8,val,24.060432,0.59
98,9,val,37.214088,0.60
98,10,val,90.523148,0.61
98,11,val,36.215416,0.61
98,12,val,25.269756,0.62
98,13,val,20.596189,0.62
98,14,val,29.606688,0.63
98,15,val,43.686581,0.64
98,16,val,83.155151,0.64
98,17,val,29.861298,0.64
98,18,val,23.815062,0.65
99,0,train,34.371967,0.16
99,1,train,28.046864,0.20
99,2,train,25.885445,0.24
99,3,train,27.859985,0.27
99,4,train,36.343765,0.31
99,5,train,36.377090,0.34
99,6,train,31.755646,0.38
99,0,val,18.868830,0.54
99,1,val,25.053150,0.57
99,2,val,64.536560,0.58
99,3,val,20.401045,0.59
99,4,val,61.569645,0.60
99,5,val,39.918156,0.61
99,6,val,19.754662,0.61
99,7,val,17.558565,0.62
99,8,val,24.808018,0.63
99,9,val,36.264515,0.63
99,10,val,89.567581,0.64
99,11,val,34.373695,0.65
99,12,val,16.702988,0.66
99,13,val,17.757906,0.67
99,14,val,31.136179,0.67
99,15,val,50.079868,0.68
99,16,val,82.338371,0.68
99,17,val,27.426701,0.68
99,18,val,23.627745,0.69
100,0,train,36.300091,0.16
100,1,train,31.470695,0.21
100,2,train,27.818008,0.24
100,3,train,38.092232,0.27
100,4,train,35.295311,0.31
100,5,train,32.083279,0.34
100,6,train,35.027740,0.38
100,0,val,19.110155,0.51
100,1,val,24.630060,0.52
100,2,val,65.753723,0.52
100,3,val,21.402952,0.53
100,4,val,57.650253,0.54
100,5,val,40.596210,0.55
100,6,val,18.887239,0.56
100,7,val,17.654268,0.56
100,8,val,31.648108,0.57
100,9,val,36.457981,0.58
100,10,val,100.189819,0.59
100,11,val,36.087582,0.60
100,12,val,15.022003,0.61
100,13,val,20.598482,0.62
100,14,val,29.891521,0.62
100,15,val,43.123291,0.63
100,16,val,81.302094,0.63
100,17,val,28.248487,0.64
100,18,val,24.239847,0.65
101,0,train,29.607708,0.17
101,1,train,42.758240,0.22
101,2,train,34.579243,0.25
101,3,train,32.674740,0.29
101,4,train,36.324860,0.33
101,5,train,34.626114,0.36
101,6,train,35.108273,0.40
101,0,val,19.084957,0.53
101,1,val,24.781096,0.54
101,2,val,64.826942,0.54
101,3,val,20.001337,0.55
101,4,val,57.142216,0.56
101,5,val,39.205173,0.57
101,6,val,16.411795,0.58
101,7,val,19.062782,0.59
101,8,val,24.916586,0.59
101,9,val,36.366737,0.60
101,10,val,88.718513,0.61
101,11,val,34.151695,0.61
101,12,val,17.542040,0.62
101,13,val,18.327425,0.63
101,14,val,34.344296,0.64
101,15,val,42.267254,0.64
101,16,val,80.215256,0.65
101,17,val,27.489708,0.65
101,18,val,27.719576,0.66
102,0,train,45.418213,0.16
102,1,train,37.249535,0.20
102,2,train,29.502480,0.24
102,3,train,25.495491,0.27
102,4,train,48.144539,0.31
102,5,train,32.319088,0.34
102,6,train,37.866402,0.38
102,0,val,20.301559,0.51
102,1,val,21.681767,0.52
102,2,val,72.107765,0.53
102,3,val,19.441252,0.54
102,4,val,55.964478,0.55
102,5,val,41.282017,0.55
102,6,val,17.568565,0.56
102,7,val,18.453571,0.57
102,8,val,22.193817,0.58
102,9,val,35.586102,0.58
102,10,val,93.316933,0.59
102,11,val,33.723042,0.60
102,12,val,13.696376,0.60
102,13,val,17.642025,0.61
102,14,val,29.525524,0.62
102,15,val,45.856140,0.62
102,16,val,79.868912,0.63
102,17,val,28.085718,0.63
102,18,val,23.262917,0.64
103,0,train,43.211174,0.16
103,1,train,34.945930,0.20
103,2,train,57.432796,0.23
103,3,train,24.943295,0.27
103,4,train,31.893669,0.30
103,5,train,36.981510,0.34
103,6,train,34.021439,0.37
103,0,val,19.789255,0.51
103,1,val,22.294922,0.51
103,2,val,63.810253,0.52
103,3,val,19.648340,0.53
103,4,val,55.985123,0.55
103,5,val,41.244648,0.55
103,6,val,19.116989,0.56
103,7,val,19.875742,0.57
103,8,val,24.450033,0.57
103,9,val,38.066761,0.58
103,10,val,90.864555,0.59
103,11,val,36.546440,0.59
103,12,val,13.665379,0.60
103,13,val,18.423048,0.61
103,14,val,30.591944,0.61
103,15,val,52.905518,0.62
103,16,val,79.233940,0.62
103,17,val,26.536163,0.63
103,18,val,24.425838,0.63
104,0,train,24.324587,0.14
104,1,train,34.120705,0.18
104,2,train,22.060589,0.22
104,3,train,36.965305,0.25
104,4,train,25.379208,0.29
104,5,train,40.284851,0.32
104,6,train,35.352974,0.36
104,0,val,21.582247,0.49
104,1,val,23.304008,0.50
104,2,val,67.701004,0.51
104,3,val,19.226824,0.51
104,4,val,54.816135,0.53
104,5,val,40.179813,0.53
104,6,val,17.590683,0.54
104,7,val,19.494867,0.55
104,8,val,23.637299,0.56
104,9,val,39.436260,0.56
104,10,val,88.533707,0.57
104,11,val,33.350224,0.58
104,12,val,14.446917,0.59
104,13,val,17.605322,0.60
104,14,val,28.602345,0.61
104,15,val,42.055740,0.61
104,16,val,81.148315,0.62
104,17,val,26.585548,0.63
104,18,val,23.747929,0.64
105,0,train,27.714613,0.17
105,1,train,45.985310,0.21
105,2,train,29.644547,0.24
105,3,train,32.248398,0.28
105,4,train,41.248192,0.31
105,5,train,33.300716,0.35
105,6,train,39.529339,0.38
105,0,val,21.397184,0.51
105,1,val,22.243540,0.52
105,2,val,62.571800,0.53
105,3,val,22.258129,0.53
105,4,val,55.344818,0.54
105,5,val,43.539768,0.55
105,6,val,18.878746,0.56
105,7,val,17.433302,0.57
105,8,val,28.255293,0.57
105,9,val,35.429909,0.58
105,10,val,86.233383,0.59
105,11,val,33.707275,0.59
105,12,val,15.169641,0.60
105,13,val,18.596752,0.61
105,14,val,29.167610,0.62
105,15,val,41.263885,0.62
105,16,val,78.278397,0.62
105,17,val,28.230783,0.63
105,18,val,23.235867,0.63
106,0,train,39.901024,0.15
106,1,train,35.915611,0.19
106,2,train,38.148727,0.23
106,3,train,37.031902,0.27
106,4,train,35.603264,0.30
106,5,train,32.421329,0.34
106,6,train,42.304276,0.37
106,0,val,23.790035,0.52
106,1,val,23.425394,0.53
106,2,val,63.046341,0.54
106,3,val,19.867096,0.55
106,4,val,95.110352,0.56
106,5,val,39.062649,0.57
106,6,val,17.721664,0.58
106,7,val,16.948980,0.59
106,8,val,23.891148,0.59
106,9,val,43.411747,0.60
106,10,val,92.075981,0.61
106,11,val,35.059978,0.61
106,12,val,14.894730,0.62
106,13,val,18.638466,0.63
106,14,val,30.190235,0.63
106,15,val,45.067928,0.64
106,16,val,79.950386,0.65
106,17,val,26.788994,0.65
106,18,val,23.100742,0.66
107,0,train,36.077915,0.14
107,1,train,34.350983,0.17
107,2,train,27.729645,0.21
107,3,train,32.500072,0.25
107,4,train,30.687824,0.28
107,5,train,27.699364,0.32
107,6,train,46.707932,0.35
107,0,val,19.389362,0.48
107,1,val,22.079161,0.49
107,2,val,61.854252,0.50
107,3,val,19.265509,0.50
107,4,val,54.801731,0.51
107,5,val,45.322838,0.52
107,6,val,16.905231,0.53
107,7,val,24.963825,0.53
107,8,val,22.133512,0.54
107,9,val,35.349361,0.55
107,10,val,93.445854,0.55
107,11,val,34.281090,0.56
107,12,val,14.262642,0.57
107,13,val,18.909134,0.57
107,14,val,31.746101,0.58
107,15,val,43.810471,0.58
107,16,val,78.715782,0.59
107,17,val,27.059635,0.59
107,18,val,25.614645,0.60
108,0,train,24.873642,0.15
108,1,train,35.064919,0.19
108,2,train,32.963562,0.23
108,3,train,26.988150,0.26
108,4,train,32.928696,0.30
108,5,train,30.469597,0.33
108,6,train,40.063747,0.37
108,0,val,21.732729,0.50
108,1,val,22.382130,0.51
108,2,val,65.297493,0.51
108,3,val,21.016138,0.52
108,4,val,54.387215,0.53
108,5,val,37.449490,0.54
108,6,val,18.849108,0.55
108,7,val,17.250755,0.56
108,8,val,23.208351,0.56
108,9,val,35.576473,0.57
108,10,val,124.607758,0.58
108,11,val,42.869724,0.58
108,12,val,13.736678,0.59
108,13,val,16.876362,0.59
108,14,val,27.393797,0.60
108,15,val,43.235409,0.61
108,16,val,81.311630,0.61
108,17,val,27.926125,0.61
108,18,val,24.528503,0.62
109,0,train,32.061234,0.13
109,1,train,36.985260,0.17
109,2,train,33.521179,0.20
109,3,train,43.782501,0.24
109,4,train,37.340527,0.28
109,5,train,40.602268,0.31
109,6,train,39.728912,0.34
109,0,val,19.302637,0.52
109,1,val,25.924513,0.54
109,2,val,62.434772,0.55
109,3,val,19.116562,0.56
109,4,val,59.672108,0.57
109,5,val,38.260857,0.59
109,6,val,16.486008,0.60
109,7,val,17.890995,0.61
109,8,val,22.902727,0.62
109,9,val,36.051140,0.63
109,10,val,85.233505,0.64
109,11,val,34.801456,0.65
109,12,val,14.535286,0.66
109,13,val,17.846022,0.67
109,14,val,27.016115,0.68
109,15,val,40.806049,0.69
109,16,val,78.146149,0.69
109,17,val,26.518150,0.70
109,18,val,22.661316,0.71
110,0,train,43.870514,0.20
110,1,train,35.542648,0.26
110,2,train,32.942894,0.32
110,3,train,36.541069,0.36
110,4,train,24.917788,0.40
110,5,train,30.833443,0.44
110,6,train,28.409245,0.48
110,0,val,23.443058,0.75
110,1,val,23.111721,0.78
110,2,val,68.794098,0.81
110,3,val,20.095861,0.83
110,4,val,54.077869,0.85
110,5,val,40.117764,0.87
110,6,val,21.129463,0.89
110,7,val,17.419098,0.90
110,8,val,21.579849,0.91
110,9,val,34.928940,0.92
110,10,val,87.275642,0.93
110,11,val,33.263958,0.93
110,12,val,21.559633,0.94
110,13,val,22.567596,0.95
110,14,val,28.137335,0.96
110,15,val,40.832870,0.97
110,16,val,77.877327,0.98
110,17,val,25.960203,0.98
110,18,val,24.096720,0.99
111,0,train,36.665710,0.19
111,1,train,35.853195,0.24
111,2,train,34.272717,0.27
111,3,train,35.607456,0.31
111,4,train,42.026520,0.36
111,5,train,38.454697,0.42
111,6,train,44.810379,0.50
111,0,val,21.327202,0.72
111,1,val,23.065981,0.74
111,2,val,61.659615,0.75
111,3,val,22.080133,0.77
111,4,val,57.426414,0.78
111,5,val,37.489735,0.79
111,6,val,17.566689,0.80
111,7,val,18.132362,0.81
111,8,val,25.428333,0.82
111,9,val,35.996296,0.84
111,10,val,93.211609,0.86
111,11,val,33.643639,0.87
111,12,val,15.512767,0.88
111,13,val,17.690279,0.89
111,14,val,28.809830,0.90
111,15,val,42.289646,0.90
111,16,val,77.416115,0.91
111,17,val,26.979677,0.92
111,18,val,25.849184,0.92
112,0,train,31.474997,0.20
112,1,train,44.492516,0.25
112,2,train,29.551353,0.29
112,3,train,33.130440,0.35
112,4,train,46.628250,0.39
112,5,train,38.913696,0.42
112,6,train,32.562546,0.46
112,0,val,19.420889,0.67
112,1,val,22.978306,0.68
112,2,val,61.388622,0.69
112,3,val,20.113407,0.70
112,4,val,58.658348,0.71
112,5,val,41.734470,0.72
112,6,val,16.639956,0.73
112,7,val,16.169827,0.74
112,8,val,23.541410,0.75
112,9,val,36.334183,0.76
112,10,val,87.011658,0.77
112,11,val,34.384148,0.78
112,12,val,13.870588,0.80
112,13,val,18.134243,0.81
112,14,val,31.437807,0.82
112,15,val,41.494923,0.83
112,16,val,76.465103,0.83
112,17,val,26.224781,0.84
112,18,val,24.437780,0.85
113,0,train,41.610298,0.20
113,1,train,27.297192,0.25
113,2,train,29.028690,0.30
113,3,train,36.818352,0.33
113,4,train,37.186306,0.37
113,5,train,41.813332,0.40
113,6,train,26.201393,0.44
113,0,val,28.802263,0.64
113,1,val,22.712503,0.66
113,2,val,59.855465,0.68
113,3,val,22.854349,0.69
113,4,val,53.178417,0.70
113,5,val,40.912312,0.71
113,6,val,16.019215,0.72
113,7,val,16.677826,0.73
113,8,val,21.648022,0.74
113,9,val,56.450905,0.75
113,10,val,84.748863,0.77
113,11,val,32.663338,0.78
113,12,val,16.232700,0.79
113,13,val,17.489407,0.80
113,14,val,35.555367,0.81
113,15,val,45.691647,0.82
113,16,val,75.602333,0.82
113,17,val,32.558727,0.83
113,18,val,22.369371,0.84
114,0,train,36.557556,0.19
114,1,train,41.153152,0.31
114,2,train,30.759001,0.35
114,3,train,37.430000,0.38
114,4,train,34.811222,0.41
114,5,train,24.091906,0.45
114,6,train,30.184841,0.48
114,0,val,17.573643,0.61
114,1,val,21.832392,0.62
114,2,val,59.934822,0.63
114,3,val,20.424335,0.63
114,4,val,56.068275,0.65
114,5,val,38.438694,0.66
114,6,val,16.812418,0.67
114,7,val,17.413324,0.67
114,8,val,21.265568,0.68
114,9,val,35.155853,0.69
114,10,val,84.017654,0.69
114,11,val,33.337242,0.70
114,12,val,17.261538,0.71
114,13,val,16.989090,0.71
114,14,val,29.008577,0.72
114,15,val,44.862881,0.73
114,16,val,78.728500,0.73
114,17,val,26.835367,0.73
114,18,val,22.831333,0.74
115,0,train,38.443626,0.22
115,1,train,25.927189,0.26
115,2,train,27.438034,0.29
115,3,train,26.725792,0.32
115,4,train,31.949373,0.36
115,5,train,37.900261,0.39
115,6,train,35.615410,0.43
115,0,val,18.509205,0.56
115,1,val,20.530611,0.57
115,2,val,59.999092,0.60
115,3,val,19.033560,0.61
115,4,val,53.748413,0.62
115,5,val,36.921410,0.63
115,6,val,16.789701,0.64
115,7,val,16.829960,0.65
115,8,val,22.807983,0.66
115,9,val,35.716244,0.67
115,10,val,83.151276,0.68
115,11,val,36.839863,0.69
115,12,val,14.381674,0.71
115,13,val,17.360022,0.72
115,14,val,26.552258,0.73
115,15,val,46.638664,0.73
115,16,val,78.813126,0.74
115,17,val,27.232159,0.74
115,18,val,26.254427,0.74
116,0,train,28.642185,0.17
116,1,train,32.120575,0.21
116,2,train,30.752541,0.25
116,3,train,29.793598,0.28
116,4,train,26.862713,0.32
116,5,train,31.662636,0.35
116,6,train,34.892345,0.39
116,0,val,18.565241,0.52
116,1,val,27.618219,0.53
116,2,val,60.209480,0.54
116,3,val,19.186743,0.55
116,4,val,56.339062,0.56
116,5,val,43.724648,0.57
116,6,val,22.674227,0.57
116,7,val,17.288342,0.58
116,8,val,22.026619,0.59
116,9,val,35.514717,0.59
116,10,val,86.929352,0.60
116,11,val,42.840164,0.61
116,12,val,13.324729,0.61
116,13,val,17.348097,0.62
116,14,val,27.075380,0.63
116,15,val,39.720829,0.63
116,16,val,75.958145,0.64
116,17,val,26.731516,0.64
116,18,val,23.015213,0.65
117,0,train,32.345890,0.13
117,1,train,47.309837,0.17
117,2,train,34.620598,0.21
117,3,train,33.858387,0.24
117,4,train,34.929558,0.28
117,5,train,30.906052,0.31
117,6,train,29.417101,0.34
117,0,val,19.257780,0.47
117,1,val,22.769499,0.48
117,2,val,59.745834,0.49
117,3,val,20.493462,0.50
117,4,val,59.476871,0.51
117,5,val,36.888256,0.51
117,6,val,16.464901,0.52
117,7,val,21.382179,0.53
117,8,val,21.048534,0.54
117,9,val,33.834583,0.54
117,10,val,82.938461,0.55
117,11,val,33.097385,0.56
117,12,val,13.981421,0.56
117,13,val,16.801296,0.57
117,14,val,26.817648,0.58
117,15,val,40.253922,0.58
117,16,val,77.476036,0.58
117,17,val,26.268627,0.59
117,18,val,23.870050,0.59
118,0,train,33.889893,0.19
118,1,train,36.859230,0.23
118,2,train,33.702442,0.26
118,3,train,42.220123,0.30
118,4,train,21.473961,0.33
118,5,train,29.740993,0.37
118,6,train,29.537987,0.40
118,0,val,20.553686,0.54
118,1,val,21.664455,0.55
118,2,val,59.300747,0.56
118,3,val,19.667072,0.57
118,4,val,57.153107,0.58
118,5,val,37.200146,0.58
118,6,val,16.900631,0.59
118,7,val,20.387184,0.60
118,8,val,22.388466,0.60
118,9,val,35.313400,0.61
118,10,val,86.784462,0.62
118,11,val,34.197601,0.62
118,12,val,13.698545,0.63
118,13,val,17.057549,0.64
118,14,val,28.512445,0.64
118,15,val,41.450092,0.65
118,16,val,76.914879,0.65
118,17,val,26.449789,0.66
118,18,val,22.167099,0.67
119,0,train,25.265858,0.13
119,1,train,46.490067,0.17
119,2,train,37.128658,0.21
119,3,train,31.796684,0.24
119,4,train,32.478378,0.28
119,5,train,28.099045,0.31
119,6,train,31.808556,0.34
119,0,val,18.640896,0.47
119,1,val,20.748520,0.48
119,2,val,64.949059,0.49
119,3,val,27.256676,0.50
119,4,val,54.257671,0.51
119,5,val,59.460190,0.52
119,6,val,15.997916,0.52
119,7,val,17.408283,0.53
119,8,val,27.476622,0.53
119,9,val,34.399406,0.54
119,10,val,81.829239,0.55
119,11,val,36.758598,0.55
119,12,val,12.873097,0.56
119,13,val,17.761648,0.57
119,14,val,32.149433,0.57
119,15,val,40.319023,0.58
119,16,val,74.757904,0.58
119,17,val,25.659498,0.59
119,18,val,22.385836,0.59
120,0,train,38.029587,0.21
120,1,train,26.253794,0.25
120,2,train,24.548912,0.28
120,3,train,23.283760,0.32
120,4,train,31.152760,0.36
120,5,train,26.971308,0.39
120,6,train,24.352657,0.42
120,0,val,17.925367,0.57
120,1,val,20.773754,0.58
120,2,val,58.832081,0.59
120,3,val,21.781807,0.60
120,4,val,51.719299,0.61
120,5,val,44.755455,0.61
120,6,val,18.006912,0.62
120,7,val,15.873894,0.63
120,8,val,21.815773,0.63
120,9,val,33.631065,0.64
120,10,val,82.606575,0.65
120,11,val,32.165798,0.65
120,12,val,13.325066,0.66
120,13,val,17.226139,0.67
120,14,val,26.835512,0.67
120,15,val,46.411751,0.68
120,16,val,75.313057,0.68
120,17,val,29.145830,0.69
120,18,val,21.716141,0.69
121,0,train,38.230839,0.20
121,1,train,31.532681,0.26
121,2,train,30.387882,0.31
121,3,train,33.410744,0.35
121,4,train,26.354313,0.38
121,5,train,28.699047,0.42
121,6,train,41.120220,0.46
121,0,val,22.531004,0.60
121,1,val,23.515593,0.61
121,2,val,59.704544,0.62
121,3,val,18.838661,0.63
121,4,val,52.676632,0.64
121,5,val,38.851921,0.64
121,6,val,15.269979,0.65
121,7,val,19.083529,0.66
121,8,val,22.827305,0.67
121,9,val,36.924702,0.67
121,10,val,87.555618,0.68
121,11,val,39.709835,0.69
121,12,val,13.092066,0.69
121,13,val,17.242804,0.70
121,14,val,28.122871,0.71
121,15,val,39.076984,0.71
121,16,val,74.824997,0.72
121,17,val,25.601345,0.73
121,18,val,21.523413,0.74
122,0,train,33.564400,0.14
122,1,train,30.021488,0.18
122,2,train,22.233273,0.21
122,3,train,33.090279,0.25
122,4,train,28.312412,0.28
122,5,train,24.481140,0.32
122,6,train,35.956268,0.35
122,0,val,18.544901,0.49
122,1,val,21.551069,0.50
122,2,val,57.905945,0.51
122,3,val,19.807592,0.52
122,4,val,57.237724,0.53
122,5,val,35.224468,0.54
122,6,val,21.233801,0.54
122,7,val,16.974482,0.55
122,8,val,22.731115,0.56
122,9,val,33.611439,0.56
122,10,val,80.750244,0.57
122,11,val,31.757782,0.58
122,12,val,20.217152,0.58
122,13,val,22.362028,0.59
122,14,val,26.495413,0.60
122,15,val,39.567955,0.60
122,16,val,73.724380,0.61
122,17,val,34.973228,0.61
122,18,val,22.917484,0.62
123,0,train,43.217670,0.17
123,1,train,33.281639,0.22
123,2,train,35.664963,0.26
123,3,train,25.962317,0.29
123,4,train,31.632885,0.33
123,5,train,28.272629,0.36
123,6,train,27.975655,0.40
123,0,val,18.683344,0.55
123,1,val,21.250166,0.57
123,2,val,59.001198,0.57
123,3,val,21.084026,0.58
123,4,val,53.701256,0.59
123,5,val,43.527374,0.60
123,6,val,16.350876,0.60
123,7,val,16.493029,0.61
123,8,val,20.651358,0.62
123,9,val,34.854332,0.62
123,10,val,82.223328,0.63
123,11,val,36.689766,0.64
123,12,val,15.051301,0.64
123,13,val,16.400602,0.65
123,14,val,27.418859,0.66
123,15,val,39.494015,0.66
123,16,val,74.505928,0.67
123,17,val,25.099926,0.67
123,18,val,22.854527,0.68
124,0,train,28.689405,0.19
124,1,train,34.204895,0.24
124,2,train,43.421406,0.28
124,3,train,34.144859,0.31
124,4,train,34.390873,0.35
124,5,train,31.730320,0.38
124,6,train,31.005539,0.41
124,0,val,18.931623,0.54
124,1,val,21.104460,0.55
124,2,val,57.763596,0.55
124,3,val,19.852884,0.56
124,4,val,57.972988,0.57
124,5,val,35.678253,0.58
124,6,val,17.099850,0.59
124,7,val,16.548998,0.59
124,8,val,20.564772,0.60
124,9,val,38.391373,0.61
124,10,val,82.550400,0.61
124,11,val,31.789236,0.62
124,12,val,13.172785,0.63
124,13,val,16.890394,0.63
124,14,val,26.319349,0.64
124,15,val,40.834339,0.65
124,16,val,73.049690,0.65
124,17,val,25.876934,0.65
124,18,val,25.368380,0.66
125,0,train,35.916718,0.25
125,1,train,37.777973,0.30
125,2,train,39.310146,0.34
125,3,train,25.419373,0.38
125,4,train,26.602924,0.41
125,5,train,32.681900,0.45
125,6,train,31.478476,0.48
125,0,val,18.027822,0.70
125,1,val,23.688936,0.72
125,2,val,57.111301,0.73
125,3,val,18.172247,0.73
125,4,val,50.783184,0.75
125,5,val,35.350903,0.76
125,6,val,16.273790,0.77
125,7,val,21.188818,0.77
125,8,val,23.667734,0.78
125,9,val,36.316227,0.79
125,10,val,87.226639,0.80
125,11,val,31.759073,0.81
125,12,val,12.806363,0.82
125,13,val,18.030094,0.83
125,14,val,25.935959,0.84
125,15,val,39.076145,0.84
125,16,val,73.986382,0.85
125,17,val,25.029623,0.85
125,18,val,21.964096,0.86
126,0,train,35.281681,0.29
126,1,train,34.037514,0.34
126,2,train,29.227203,0.37
126,3,train,23.100073,0.41
126,4,train,42.332897,0.44
126,5,train,40.247276,0.48
126,6,train,30.590778,0.51
126,0,val,19.124300,0.73
126,1,val,21.869108,0.74
126,2,val,56.925251,0.75
126,3,val,17.895796,0.76
126,4,val,53.038422,0.77
126,5,val,36.377010,0.78
126,6,val,17.217859,0.79
126,7,val,17.037191,0.80
126,8,val,20.936655,0.81
126,9,val,33.659554,0.81
126,10,val,81.690994,0.82
126,11,val,32.568302,0.83
126,12,val,12.780347,0.85
126,13,val,18.760178,0.86
126,14,val,31.547146,0.87
126,15,val,40.925758,0.88
126,16,val,73.199997,0.88
126,17,val,25.251518,0.89
126,18,val,37.661526,0.90
127,0,train,34.098045,0.20
127,1,train,40.800598,0.24
127,2,train,39.482582,0.28
127,3,train,28.002193,0.32
127,4,train,28.487453,0.35
127,5,train,28.548574,0.39
127,6,train,33.944229,0.42
127,0,val,18.577190,0.63
127,1,val,24.884436,0.64
127,2,val,62.189175,0.65
127,3,val,19.963535,0.66
127,4,val,51.497646,0.67
127,5,val,35.369228,0.68
127,6,val,16.401258,0.69
127,7,val,15.807304,0.70
127,8,val,20.549467,0.71
127,9,val,33.936375,0.72
127,10,val,80.890381,0.73
127,11,val,35.526218,0.74
127,12,val,18.406988,0.75
127,13,val,16.994848,0.76
127,14,val,25.756220,0.77
127,15,val,38.917835,0.77
127,16,val,81.354111,0.78
127,17,val,26.034056,0.78
127,18,val,21.504276,0.79
128,0,train,39.073887,0.21
128,1,train,24.407104,0.26
128,2,train,32.627476,0.29
128,3,train,23.720213,0.32
128,4,train,37.529488,0.36
128,5,train,24.045393,0.40
128,6,train,22.586922,0.43
128,0,val,18.002888,0.62
128,1,val,20.141638,0.64
128,2,val,57.521194,0.65
128,3,val,18.247631,0.66
128,4,val,55.206326,0.67
128,5,val,36.975197,0.68
128,6,val,15.782727,0.69
128,7,val,19.011044,0.70
128,8,val,20.677977,0.71
128,9,val,34.764320,0.72
128,10,val,79.384880,0.73
128,11,val,38.059540,0.74
128,12,val,12.199331,0.75
128,13,val,16.873806,0.76
128,14,val,25.749838,0.77
128,15,val,39.022243,0.78
128,16,val,73.042290,0.78
128,17,val,34.314537,0.79
128,18,val,21.176172,0.79
129,0,train,30.274387,0.19
129,1,train,25.948027,0.24
129,2,train,23.610050,0.29
129,3,train,26.976990,0.32
129,4,train,31.525063,0.36
129,5,train,37.924198,0.39
129,6,train,25.944828,0.43
129,0,val,18.980085,0.62
129,1,val,23.594364,0.64
129,2,val,58.218594,0.65
129,3,val,19.251801,0.65
129,4,val,50.863197,0.66
129,5,val,35.113350,0.67
129,6,val,16.285013,0.68
129,7,val,20.672550,0.68
129,8,val,20.413010,0.69
129,9,val,42.917137,0.70
129,10,val,89.497635,0.70
129,11,val,35.872223,0.71
129,12,val,12.946499,0.72
129,13,val,16.503246,0.74
129,14,val,26.063913,0.75
129,15,val,39.762226,0.76
129,16,val,73.963448,0.77
129,17,val,30.779896,0.78
129,18,val,28.708534,0.78
130,0,train,31.643633,0.24
130,1,train,33.696487,0.29
130,2,train,33.469173,0.32
130,3,train,34.128490,0.36
130,4,train,36.710922,0.39
130,5,train,32.888062,0.43
130,6,train,36.560669,0.46
130,0,val,17.155724,0.62
130,1,val,20.784023,0.63
130,2,val,56.090862,0.64
130,3,val,18.406143,0.65
130,4,val,50.347878,0.65
130,5,val,38.694878,0.66
130,6,val,18.519455,0.67
130,7,val,15.290339,0.68
130,8,val,24.278540,0.68
130,9,val,32.791965,0.69
130,10,val,78.640312,0.69
130,11,val,32.137554,0.70
130,12,val,12.165992,0.71
130,13,val,18.468597,0.72
130,14,val,25.732548,0.72
130,15,val,39.008781,0.73
130,16,val,72.702843,0.74
130,17,val,25.040213,0.74
130,18,val,23.460423,0.74
131,0,train,32.700676,0.17
131,1,train,26.909725,0.21
131,2,train,23.811153,0.25
131,3,train,41.193211,0.28
131,4,train,33.321880,0.32
131,5,train,32.738209,0.36
131,6,train,33.777248,0.40
131,0,val,17.378313,0.58
131,1,val,28.978426,0.59
131,2,val,55.685684,0.60
131,3,val,20.087063,0.60
131,4,val,56.033829,0.61
131,5,val,44.725563,0.62
131,6,val,15.098424,0.63
131,7,val,16.055513,0.63
131,8,val,20.816854,0.64
131,9,val,33.584126,0.65
131,10,val,79.748589,0.65
131,11,val,34.932468,0.66
131,12,val,12.830091,0.67
131,13,val,19.823351,0.67
131,14,val,26.611036,0.68
131,15,val,39.193863,0.69
131,16,val,72.110352,0.69
131,17,val,27.355024,0.70
131,18,val,21.163231,0.70
132,0,train,45.171364,0.14
132,1,train,26.774334,0.18
132,2,train,29.392138,0.22
132,3,train,27.721102,0.25
132,4,train,26.721527,0.28
132,5,train,28.556923,0.32
132,6,train,29.278118,0.35
132,0,val,18.484041,0.50
132,1,val,21.090374,0.51
132,2,val,60.717930,0.51
132,3,val,19.730337,0.52
132,4,val,49.898212,0.53
132,5,val,35.077675,0.54
132,6,val,17.480492,0.55
132,7,val,17.101435,0.55
132,8,val,20.991056,0.56
132,9,val,32.368465,0.57
132,10,val,83.421555,0.57
132,11,val,31.988777,0.58
132,12,val,13.471254,0.59
132,13,val,15.749499,0.59
132,14,val,26.984943,0.60
132,15,val,40.019012,0.61
132,16,val,71.236382,0.61
132,17,val,24.676491,0.62
132,18,val,20.824301,0.62
133,0,train,41.377434,0.15
133,1,train,30.208651,0.19
133,2,train,34.072449,0.22
133,3,train,24.862518,0.25
133,4,train,31.864079,0.29
133,5,train,34.624825,0.32
133,6,train,28.145004,0.36
133,0,val,16.981882,0.49
133,1,val,20.003799,0.50
133,2,val,58.415958,0.51
133,3,val,18.105509,0.51
133,4,val,49.649483,0.53
133,5,val,40.285152,0.54
133,6,val,15.803271,0.54
133,7,val,16.231218,0.55
133,8,val,20.850302,0.56
133,9,val,37.296497,0.57
133,10,val,78.285072,0.57
133,11,val,38.472897,0.58
133,12,val,13.965034,0.59
133,13,val,15.435042,0.59
133,14,val,24.770666,0.60
133,15,val,38.668213,0.60
133,16,val,72.869522,0.61
133,17,val,25.320564,0.61
133,18,val,21.727608,0.62
134,0,train,44.233528,0.13
134,1,train,24.078211,0.17
134,2,train,36.346043,0.20
134,3,train,33.467514,0.24
134,4,train,40.198631,0.28
134,5,train,28.772118,0.31
134,6,train,24.550825,0.34
134,0,val,23.953936,0.48
134,1,val,20.797615,0.49
134,2,val,55.508354,0.51
134,3,val,20.603500,0.51
134,4,val,50.127930,0.52
134,5,val,34.772858,0.53
134,6,val,15.507021,0.53
134,7,val,20.162432,0.54
134,8,val,23.202034,0.55
134,9,val,33.880623,0.56
134,10,val,85.827705,0.56
134,11,val,32.781063,0.57
134,12,val,17.151476,0.58
134,13,val,19.879948,0.58
134,14,val,26.554354,0.59
134,15,val,37.470028,0.59
134,16,val,72.294762,0.60
134,17,val,24.353664,0.61
134,18,val,21.418940,0.61
135,0,train,28.400150,0.13
135,1,train,27.435999,0.17
135,2,train,32.805237,0.21
135,3,train,41.433426,0.24
135,4,train,29.503183,0.28
135,5,train,24.468384,0.31
135,6,train,28.658474,0.34
135,0,val,18.720411,0.49
135,1,val,20.832384,0.50
135,2,val,54.729046,0.52
135,3,val,23.738138,0.52
135,4,val,55.231831,0.53
135,5,val,37.604504,0.54
135,6,val,18.728399,0.54
135,7,val,19.609701,0.55
135,8,val,21.948502,0.56
135,9,val,33.866535,0.56
135,10,val,81.579079,0.57
135,11,val,30.354393,0.58
135,12,val,17.113689,0.58
135,13,val,18.003826,0.59
135,14,val,26.140615,0.60
135,15,val,40.095509,0.60
135,16,val,74.203995,0.61
135,17,val,24.701719,0.62
135,18,val,23.660776,0.62
136,0,train,30.511868,0.13
136,1,train,35.763199,0.18
136,2,train,23.669628,0.21
136,3,train,29.566048,0.25
136,4,train,26.316833,0.28
136,5,train,31.068666,0.31
136,6,train,32.176147,0.35
136,0,val,18.831390,0.49
136,1,val,20.189091,0.50
136,2,val,55.836399,0.51
136,3,val,20.116436,0.52
136,4,val,50.400314,0.53
136,5,val,33.916756,0.54
136,6,val,15.192419,0.54
136,7,val,16.573421,0.55
136,8,val,22.188829,0.56
136,9,val,31.805546,0.56
136,10,val,79.447144,0.57
136,11,val,32.123852,0.58
136,12,val,12.886497,0.58
136,13,val,21.046572,0.59
136,14,val,30.795254,0.60
136,15,val,40.854733,0.60
136,16,val,71.968712,0.61
136,17,val,25.906183,0.61
136,18,val,23.606543,0.62
137,0,train,42.188591,0.14
137,1,train,26.605829,0.18
137,2,train,41.596508,0.21
137,3,train,30.981955,0.24
137,4,train,20.418461,0.28
137,5,train,33.364971,0.31
137,6,train,34.742241,0.35
137,0,val,25.586731,0.48
137,1,val,22.889778,0.48
137,2,val,56.262592,0.49
137,3,val,20.096087,0.50
137,4,val,58.241798,0.51
137,5,val,35.079849,0.52
137,6,val,17.415695,0.53
137,7,val,22.331575,0.54
137,8,val,23.522804,0.55
137,9,val,32.494385,0.56
137,10,val,76.680550,0.56
137,11,val,34.083740,0.57
137,12,val,12.714033,0.58
137,13,val,15.803951,0.58
137,14,val,24.965630,0.59
137,15,val,39.580978,0.59
137,16,val,69.069542,0.60
137,17,val,23.694933,0.61
137,18,val,21.058458,0.61
138,0,train,34.654236,0.13
138,1,train,31.166735,0.17
138,2,train,29.982878,0.20
138,3,train,29.761044,0.24
138,4,train,32.993164,0.27
138,5,train,30.544336,0.30
138,6,train,27.462646,0.34
138,0,val,18.103088,0.47
138,1,val,19.424326,0.48
138,2,val,56.204323,0.49
138,3,val,19.243753,0.49
138,4,val,47.846050,0.51
138,5,val,34.279739,0.52
138,6,val,19.177639,0.52
138,7,val,22.299095,0.53
138,8,val,27.574856,0.53
138,9,val,38.202572,0.54
138,10,val,75.863716,0.55
138,11,val,33.026737,0.56
138,12,val,12.322472,0.56
138,13,val,16.666742,0.57
138,14,val,35.526119,0.58
138,15,val,37.957497,0.58
138,16,val,69.594009,0.59
138,17,val,30.117659,0.59
138,18,val,29.881123,0.60
139,0,train,31.376877,0.13
139,1,train,22.435852,0.17
139,2,train,30.323210,0.21
139,3,train,27.739895,0.24
139,4,train,28.906662,0.28
139,5,train,40.307262,0.31
139,6,train,31.882288,0.35
139,0,val,17.852118,0.48
139,1,val,20.527691,0.48
139,2,val,59.032459,0.49
139,3,val,24.923946,0.50
139,4,val,58.332703,0.51
139,5,val,33.372421,0.52
139,6,val,14.927084,0.53
139,7,val,15.777895,0.54
139,8,val,20.876389,0.54
139,9,val,31.924520,0.55
139,10,val,75.894783,0.56
139,11,val,37.295097,0.56
139,12,val,12.394238,0.57
139,13,val,15.467118,0.58
139,14,val,27.061424,0.58
139,15,val,44.254433,0.59
139,16,val,68.779968,0.59
139,17,val,24.449480,0.60
139,18,val,20.481947,0.60
140,0,train,33.301792,0.14
140,1,train,28.920616,0.19
140,2,train,26.574230,0.22
140,3,train,25.453648,0.25
140,4,train,27.454296,0.29
140,5,train,21.957245,0.32
140,6,train,28.444126,0.36
140,0,val,17.967289,0.50
140,1,val,20.693357,0.50
140,2,val,54.138519,0.51
140,3,val,18.713947,0.52
140,4,val,50.335213,0.53
140,5,val,33.576210,0.54
140,6,val,17.293156,0.55
140,7,val,16.590014,0.55
140,8,val,27.778831,0.56
140,9,val,31.749941,0.57
140,10,val,75.665657,0.57
140,11,val,30.329557,0.58
140,12,val,13.432359,0.59
140,13,val,17.700144,0.59
140,14,val,24.648575,0.60
140,15,val,37.369122,0.61
140,16,val,70.604958,0.61
140,17,val,29.852976,0.61
140,18,val,24.440506,0.62
141,0,train,25.603172,0.15
141,1,train,37.688171,0.19
141,2,train,30.936785,0.22
141,3,train,29.802481,0.25
141,4,train,26.894522,0.29
141,5,train,31.994354,0.32
141,6,train,25.803562,0.36
141,0,val,22.071428,0.52
141,1,val,19.826880,0.53
141,2,val,54.167950,0.54
141,3,val,20.686331,0.55
141,4,val,49.202141,0.56
141,5,val,34.627903,0.57
141,6,val,18.745083,0.57
141,7,val,17.516968,0.58
141,8,val,21.686533,0.59
141,9,val,33.209259,0.59
141,10,val,75.445663,0.60
141,11,val,30.679071,0.61
141,12,val,16.241209,0.62
141,13,val,21.566465,0.63
141,14,val,24.816660,0.65
141,15,val,37.317738,0.65
141,16,val,70.141640,0.66
141,17,val,24.109581,0.67
141,18,val,21.379213,0.67
142,0,train,21.771275,0.22
142,1,train,31.427544,0.26
142,2,train,22.838951,0.31
142,3,train,25.154888,0.34
142,4,train,23.047012,0.37
142,5,train,27.370962,0.49
142,6,train,24.622471,0.54
142,0,val,18.167994,0.78
142,1,val,24.594624,0.82
142,2,val,58.284718,0.83
142,3,val,21.402617,0.84
142,4,val,49.187531,0.86
142,5,val,39.821259,0.87
142,6,val,23.053539,0.88
142,7,val,18.057241,0.89
142,8,val,21.839052,0.91
142,9,val,35.279739,0.92
142,10,val,77.524826,0.93
142,11,val,35.737820,0.94
142,12,val,13.879148,0.95
142,13,val,16.844933,0.96
142,14,val,27.171419,0.98
142,15,val,38.380344,1.00
142,16,val,68.172699,1.01
142,17,val,24.362593,1.02
142,18,val,20.805626,1.03
143,0,train,28.101601,0.18
143,1,train,24.413664,0.24
143,2,train,24.593025,0.28
143,3,train,25.937626,0.32
143,4,train,37.039986,0.36
143,5,train,30.640566,0.39
143,6,train,29.092916,0.43
143,0,val,29.381512,0.69
143,1,val,22.960644,0.71
143,2,val,54.934353,0.73
143,3,val,19.741623,0.74
143,4,val,51.586891,0.75
143,5,val,40.431614,0.76
143,6,val,14.449198,0.77
143,7,val,16.333576,0.79
143,8,val,19.553280,0.80
143,9,val,33.713539,0.82
143,10,val,77.210419,0.83
143,11,val,40.027882,0.84
143,12,val,13.214117,0.85
143,13,val,18.611095,0.86
143,14,val,25.299879,0.87
143,15,val,37.790237,0.88
143,16,val,68.894447,0.88
143,17,val,23.329653,0.89
143,18,val,19.819725,0.89
144,0,train,20.809235,0.18
144,1,train,38.568100,0.24
144,2,train,38.684814,0.28
144,3,train,26.634058,0.32
144,4,train,29.524586,0.36
144,5,train,33.373768,0.39
144,6,train,41.934490,0.43
144,0,val,17.661371,0.68
144,1,val,22.152191,0.69
144,2,val,59.561184,0.70
144,3,val,19.340189,0.71
144,4,val,47.762035,0.72
144,5,val,34.114670,0.72
144,6,val,25.217224,0.74
144,7,val,15.804598,0.75
144,8,val,23.048197,0.75
144,9,val,34.797276,0.76
144,10,val,74.456078,0.78
144,11,val,30.397600,0.79
144,12,val,12.855832,0.81
144,13,val,16.866755,0.83
144,14,val,24.804554,0.84
144,15,val,36.686310,0.85
144,16,val,68.945045,0.85
144,17,val,24.307209,0.86
144,18,val,20.659262,0.86
145,0,train,30.150917,0.25
145,1,train,21.290516,0.30
145,2,train,28.871510,0.35
145,3,train,34.982979,0.38
145,4,train,30.535192,0.42
145,5,train,28.977886,0.45
145,6,train,27.619411,0.49
145,0,val,17.501154,0.73
145,1,val,21.697613,0.75
145,2,val,53.058796,0.76
145,3,val,17.186031,0.77
145,4,val,50.440968,0.78
145,5,val,33.531239,0.79
145,6,val,15.104955,0.81
145,7,val,14.986153,0.81
145,8,val,20.812119,0.83
145,9,val,35.862633,0.84
145,10,val,75.587067,0.85
145,11,val,29.848667,0.86
145,12,val,16.828661,0.87
145,13,val,18.204355,0.88
145,14,val,25.703279,0.89
145,15,val,38.064548,0.90
145,16,val,71.865288,0.91
145,17,val,24.898567,0.92
145,18,val,19.827404,0.93
146,0,train,26.811197,0.27
146,1,train,22.326078,0.36
146,2,train,24.919956,0.42
146,3,train,24.041130,0.49
146,4,train,34.424000,0.53
146,5,train,25.010801,0.57
146,6,train,21.927355,0.62
146,0,val,17.539768,0.78
146,1,val,19.404303,0.79
146,2,val,53.029221,0.80
146,3,val,19.085587,0.81
146,4,val,50.757545,0.82
146,5,val,33.035103,0.83
146,6,val,20.585869,0.84
146,7,val,15.383199,0.85
146,8,val,22.364422,0.86
146,9,val,30.752453,0.87
146,10,val,75.196144,0.87
146,11,val,32.571495,0.88
146,12,val,12.369242,0.89
146,13,val,15.747772,0.89
146,14,val,25.330978,0.90
146,15,val,37.569462,0.91
146,16,val,68.565445,0.91
146,17,val,23.457291,0.92
146,18,val,20.336781,0.92
147,0,train,26.395390,0.20
147,1,train,21.417931,0.26
147,2,train,30.301514,0.31
147,3,train,24.201992,0.35
147,4,train,31.124332,0.38
147,5,train,25.246225,0.42
147,6,train,35.702751,0.46
147,0,val,16.835802,0.60
147,1,val,23.003637,0.61
147,2,val,62.144283,0.62
147,3,val,21.435040,0.63
147,4,val,47.021133,0.64
147,5,val,33.416790,0.64
147,6,val,17.322021,0.65
147,7,val,15.828061,0.66
147,8,val,19.646254,0.67
147,9,val,33.987793,0.67
147,10,val,74.605263,0.68
147,11,val,31.742924,0.69
147,12,val,15.700912,0.69
147,13,val,15.345129,0.70
147,14,val,25.717863,0.71
147,15,val,39.139561,0.72
147,16,val,69.369644,0.72
147,17,val,25.095186,0.73
147,18,val,19.991255,0.73
148,0,train,23.394501,0.15
148,1,train,41.238045,0.19
148,2,train,24.744778,0.23
148,3,train,28.906891,0.26
148,4,train,34.433014,0.30
148,5,train,27.305304,0.33
148,6,train,28.090118,0.36
148,0,val,18.197386,0.53
148,1,val,19.900713,0.55
148,2,val,54.444099,0.55
148,3,val,28.977114,0.56
148,4,val,48.410465,0.57
148,5,val,34.400475,0.58
148,6,val,16.271467,0.59
148,7,val,15.682100,0.60
148,8,val,20.185724,0.60
148,9,val,31.982191,0.61
148,10,val,77.408035,0.62
148,11,val,31.730715,0.63
148,12,val,12.479844,0.63
148,13,val,17.530048,0.64
148,14,val,26.064535,0.65
148,15,val,36.755672,0.66
148,16,val,67.453918,0.66
148,17,val,33.481304,0.66
148,18,val,24.941086,0.67
149,0,train,35.556046,0.13
149,1,train,31.943604,0.17
149,2,train,30.335243,0.21
149,3,train,19.122364,0.24
149,4,train,29.610954,0.28
149,5,train,33.566704,0.31
149,6,train,22.992237,0.35
149,0,val,16.662195,0.48
149,1,val,20.577623,0.49
149,2,val,53.068684,0.49
149,3,val,17.267782,0.51
149,4,val,47.202366,0.52
149,5,val,33.102272,0.52
149,6,val,15.089078,0.53
149,7,val,17.728987,0.54
149,8,val,24.348499,0.54
149,9,val,33.238453,0.55
149,10,val,74.124794,0.56
149,11,val,30.588902,0.56
149,12,val,19.781582,0.57
149,13,val,15.263724,0.58
149,14,val,24.046133,0.58
149,15,val,38.407539,0.59
149,16,val,66.874649,0.60
149,17,val,24.262308,0.60
149,18,val,19.411373,0.61
150,0,train,29.171581,0.14
150,1,train,29.360624,0.18
150,2,train,37.413010,0.22
150,3,train,35.678936,0.25
150,4,train,22.639652,0.29
150,5,train,25.231663,0.32
150,6,train,23.715683,0.36
150,0,val,16.767738,0.49
150,1,val,19.296917,0.50
150,2,val,52.142014,0.50
150,3,val,18.138094,0.51
150,4,val,46.799309,0.52
150,5,val,32.957504,0.53
150,6,val,14.585953,0.54
150,7,val,18.898607,0.54
150,8,val,19.178358,0.55
150,9,val,32.496826,0.56
150,10,val,74.207779,0.56
150,11,val,30.500378,0.57
150,12,val,13.075397,0.58
150,13,val,15.524957,0.59
150,14,val,23.708540,0.59
150,15,val,39.360100,0.60
150,16,val,68.330544,0.60
150,17,val,25.215538,0.61
150,18,val,19.301689,0.61
151,0,train,31.123213,0.16
151,1,train,34.158691,0.20
151,2,train,34.249947,0.24
151,3,train,29.093811,0.27
151,4,train,29.405785,0.31
151,5,train,33.266075,0.34
151,6,train,39.256546,0.37
151,0,val,16.958712,0.54
151,1,val,22.799147,0.55
151,2,val,52.037685,0.56
151,3,val,18.151443,0.57
151,4,val,54.255699,0.58
151,5,val,35.960320,0.58
151,6,val,16.756609,0.59
151,7,val,15.187625,0.60
151,8,val,19.934170,0.60
151,9,val,30.163586,0.61
151,10,val,73.503723,0.62
151,11,val,29.699072,0.62
151,12,val,13.282749,0.63
151,13,val,19.079960,0.64
151,14,val,28.010897,0.64
151,15,val,37.148514,0.65
151,16,val,66.912468,0.66
151,17,val,23.044209,0.66
151,18,val,20.200069,0.67
152,0,train,20.887104,0.13
152,1,train,25.568632,0.18
152,2,train,26.210979,0.21
152,3,train,21.103207,0.24
152,4,train,27.114803,0.28
152,5,train,23.901007,0.31
152,6,train,29.454390,0.35
152,0,val,21.274956,0.48
152,1,val,19.633966,0.49
152,2,val,53.104492,0.50
152,3,val,18.155205,0.50
152,4,val,46.856590,0.52
152,5,val,33.537048,0.52
152,6,val,19.357187,0.53
152,7,val,16.117977,0.54
152,8,val,20.253212,0.55
152,9,val,31.987932,0.55
152,10,val,72.679169,0.56
152,11,val,30.133566,0.57
152,12,val,13.234170,0.57
152,13,val,15.897258,0.58
152,14,val,26.341736,0.59
152,15,val,37.704552,0.59
152,16,val,67.774254,0.60
152,17,val,23.954758,0.60
152,18,val,32.319656,0.61
153,0,train,24.573345,0.15
153,1,train,26.032505,0.19
153,2,train,26.651321,0.23
153,3,train,23.089424,0.26
153,4,train,32.095108,0.30
153,5,train,26.572821,0.33
153,6,train,29.986641,0.36
153,0,val,16.803484,0.50
153,1,val,20.886633,0.51
153,2,val,52.782017,0.52
153,3,val,25.218760,0.53
153,4,val,46.916611,0.54
153,5,val,34.318069,0.55
153,6,val,14.370529,0.55
153,7,val,14.654089,0.56
153,8,val,19.992956,0.57
153,9,val,31.015697,0.58
153,10,val,73.019440,0.58
153,11,val,30.230120,0.59
153,12,val,12.146976,0.60
153,13,val,17.986729,0.60
153,14,val,25.384529,0.61
153,15,val,41.268024,0.62
153,16,val,66.673943,0.63
153,17,val,26.732040,0.64
153,18,val,19.904119,0.64
154,0,train,30.541008,0.13
154,1,train,21.120611,0.17
154,2,train,23.617069,0.21
154,3,train,30.122910,0.24
154,4,train,28.158802,0.28
154,5,train,34.004200,0.31
154,6,train,27.496586,0.34
154,0,val,16.680834,0.50
154,1,val,19.696331,0.51
154,2,val,52.393528,0.52
154,3,val,17.555935,0.53
154,4,val,46.668224,0.53
154,5,val,32.196487,0.54
154,6,val,15.407125,0.55
154,7,val,16.210560,0.55
154,8,val,18.702450,0.56
154,9,val,32.105770,0.57
154,10,val,77.473740,0.57
154,11,val,29.450237,0.58
154,12,val,12.575039,0.59
154,13,val,17.841995,0.59
154,14,val,23.820930,0.60
154,15,val,36.797325,0.61
154,16,val,66.172020,0.62
154,17,val,24.502319,0.62
154,18,val,20.164204,0.63
155,0,train,32.982216,0.20
155,1,train,32.173561,0.25
155,2,train,35.718750,0.28
155,3,train,24.716587,0.31
155,4,train,29.797279,0.35
155,5,train,21.476988,0.39
155,6,train,23.928452,0.42
155,0,val,16.560804,0.55
155,1,val,20.934275,0.56
155,2,val,51.336075,0.57
155,3,val,17.105398,0.59
155,4,val,49.804104,0.60
155,5,val,32.707630,0.61
155,6,val,16.063810,0.62
155,7,val,14.918754,0.62
155,8,val,21.609230,0.63
155,9,val,32.108452,0.64
155,10,val,72.552307,0.64
155,11,val,30.379004,0.65
155,12,val,15.039391,0.66
155,13,val,21.280390,0.66
155,14,val,31.260107,0.67
155,15,val,36.093086,0.68
155,16,val,66.827316,0.68
155,17,val,23.399353,0.69
155,18,val,25.986322,0.69
156,0,train,21.173927,0.13
156,1,train,32.740707,0.17
156,2,train,26.901674,0.21
156,3,train,26.403561,0.24
156,4,train,36.037003,0.28
156,5,train,27.510231,0.31
156,6,train,23.069771,0.34
156,0,val,23.282738,0.47
156,1,val,18.923231,0.48
156,2,val,51.814552,0.49
156,3,val,20.453573,0.49
156,4,val,46.092594,0.51
156,5,val,33.180645,0.51
156,6,val,16.640522,0.52
156,7,val,15.271229,0.53
156,8,val,22.978737,0.54
156,9,val,30.519754,0.54
156,10,val,72.966179,0.55
156,11,val,30.689785,0.56
156,12,val,16.922897,0.56
156,13,val,20.437809,0.57
156,14,val,24.893911,0.58
156,15,val,44.294960,0.58
156,16,val,66.463531,0.59
156,17,val,22.912182,0.59
156,18,val,26.947403,0.60
157,0,train,27.887297,0.14
157,1,train,24.799141,0.17
157,2,train,28.261057,0.21
157,3,train,23.679314,0.24
157,4,train,24.311047,0.28
157,5,train,31.116001,0.32
157,6,train,22.969776,0.35
157,0,val,16.233219,0.50
157,1,val,26.125441,0.51
157,2,val,51.320160,0.53
157,3,val,17.547434,0.54
157,4,val,45.482784,0.55
157,5,val,39.008827,0.56
157,6,val,14.905475,0.57
157,7,val,14.701720,0.58
157,8,val,18.760595,0.59
157,9,val,42.779861,0.60
157,10,val,84.352722,0.61
157,11,val,30.308784,0.63
157,12,val,12.048783,0.63
157,13,val,17.525284,0.64
157,14,val,23.587786,0.65
157,15,val,35.942341,0.65
157,16,val,65.453850,0.66
157,17,val,26.151138,0.66
157,18,val,20.024281,0.66
158,0,train,38.862709,0.13
158,1,train,25.366674,0.17
158,2,train,29.658026,0.20
158,3,train,28.831446,0.24
158,4,train,37.422676,0.27
158,5,train,33.974159,0.31
158,6,train,23.974304,0.34
158,0,val,17.655027,0.55
158,1,val,19.028435,0.57
158,2,val,57.291660,0.59
158,3,val,20.377859,0.60
158,4,val,45.755020,0.61
158,5,val,32.970070,0.62
158,6,val,15.265887,0.63
158,7,val,15.761377,0.64
158,8,val,24.031309,0.65
158,9,val,30.118645,0.66
158,10,val,75.716812,0.68
158,11,val,34.354050,0.69
158,12,val,11.338013,0.70
158,13,val,20.697275,0.72
158,14,val,24.423382,0.73
158,15,val,36.241917,0.74
158,16,val,65.575417,0.76
158,17,val,23.517134,0.77
158,18,val,20.591541,0.79
159,0,train,33.554512,0.23
159,1,train,35.171120,0.28
159,2,train,30.539234,0.32
159,3,train,25.443523,0.36
159,4,train,18.540028,0.39
159,5,train,33.653122,0.44
159,6,train,37.978882,0.47
159,0,val,16.565012,0.71
159,1,val,19.104479,0.75
159,2,val,51.575439,0.77
159,3,val,17.238585,0.79
159,4,val,51.823532,0.80
159,5,val,32.723198,0.81
159,6,val,15.937201,0.84
159,7,val,16.164146,0.85
159,8,val,20.948242,0.86
159,9,val,30.625805,0.87
159,10,val,74.644196,0.88
159,11,val,36.835049,0.89
159,12,val,12.297093,0.90
159,13,val,17.568003,0.91
159,14,val,24.484575,0.93
159,15,val,36.182304,0.94
159,16,val,65.454041,0.95
159,17,val,22.798662,0.96
159,18,val,19.073627,0.97
160,0,train,29.447262,0.19
160,1,train,27.565222,0.27
160,2,train,25.158337,0.31
160,3,train,28.728256,0.35
160,4,train,35.975048,0.39
160,5,train,32.935356,0.43
160,6,train,25.477812,0.47
160,0,val,24.453594,0.68
160,1,val,20.879015,0.70
160,2,val,50.398239,0.71
160,3,val,21.740871,0.72
160,4,val,44.869884,0.73
160,5,val,31.768610,0.74
160,6,val,15.545200,0.75
160,7,val,14.915784,0.76
160,8,val,20.802916,0.77
160,9,val,31.252064,0.78
160,10,val,71.671387,0.80
160,11,val,29.258566,0.81
160,12,val,11.713496,0.82
160,13,val,15.716510,0.83
160,14,val,26.276993,0.84
160,15,val,36.577335,0.84
160,16,val,65.685417,0.85
160,17,val,22.780798,0.86
160,18,val,19.167915,0.86
161,0,train,25.452606,0.25
161,1,train,25.123735,0.31
161,2,train,29.267111,0.35
161,3,train,28.048450,0.39
161,4,train,26.565044,0.43
161,5,train,21.708775,0.46
161,6,train,27.281904,0.49
161,0,val,26.463791,0.71
161,1,val,30.909018,0.72
161,2,val,77.471321,0.74
161,3,val,18.648151,0.74
161,4,val,46.148342,0.75
161,5,val,31.721384,0.76
161,6,val,14.285308,0.77
161,7,val,15.378094,0.78
161,8,val,21.514626,0.79
161,9,val,31.947449,0.80
161,10,val,71.196724,0.81
161,11,val,29.416838,0.81
161,12,val,12.116745,0.83
161,13,val,18.944523,0.85
161,14,val,23.860199,0.86
161,15,val,38.658421,0.87
161,16,val,64.919830,0.88
161,17,val,23.868111,0.89
161,18,val,25.679098,0.89
162,0,train,26.323326,0.22
162,1,train,25.290409,0.29
162,2,train,23.115131,0.35
162,3,train,30.138550,0.39
162,4,train,25.159464,0.42
162,5,train,19.757710,0.46
162,6,train,27.551640,0.50
162,0,val,17.007559,0.69
162,1,val,19.652395,0.71
162,2,val,50.308586,0.72
162,3,val,20.291023,0.73
162,4,val,44.606659,0.74
162,5,val,31.829138,0.75
162,6,val,17.174591,0.76
162,7,val,14.913882,0.77
162,8,val,19.167974,0.78
162,9,val,30.952078,0.78
162,10,val,72.799698,0.79
162,11,val,28.762108,0.80
162,12,val,15.787544,0.81
162,13,val,26.729349,0.82
162,14,val,24.953880,0.84
162,15,val,35.952454,0.84
162,16,val,64.041634,0.85
162,17,val,25.526413,0.86
162,18,val,19.504025,0.87
163,0,train,32.282410,0.20
163,1,train,25.251076,0.26
163,2,train,28.119690,0.30
163,3,train,24.998974,0.34
163,4,train,37.258789,0.38
163,5,train,28.481712,0.42
163,6,train,18.776318,0.46
163,0,val,16.227158,0.59
163,1,val,19.256495,0.60
163,2,val,51.723282,0.61
163,3,val,16.876846,0.62
163,4,val,45.735859,0.63
163,5,val,31.470547,0.64
163,6,val,14.614146,0.64
163,7,val,14.890301,0.65
163,8,val,19.672077,0.66
163,9,val,30.533058,0.66
163,10,val,70.848366,0.67
163,11,val,28.868034,0.67
163,12,val,15.236585,0.68
163,13,val,15.097819,0.69
163,14,val,24.396572,0.69
163,15,val,37.820751,0.70
163,16,val,65.645676,0.70
163,17,val,22.365627,0.71
163,18,val,19.814751,0.71
164,0,train,29.673397,0.18
164,1,train,22.435553,0.22
164,2,train,27.624401,0.26
164,3,train,27.145948,0.29
164,4,train,20.650311,0.33
164,5,train,29.625105,0.36
164,6,train,20.768732,0.40
164,0,val,18.346266,0.54
164,1,val,18.402353,0.54
164,2,val,50.448730,0.55
164,3,val,19.274572,0.55
164,4,val,48.113674,0.57
164,5,val,40.475731,0.58
164,6,val,14.170573,0.58
164,7,val,16.141203,0.59
164,8,val,25.061783,0.60
164,9,val,29.633722,0.61
164,10,val,71.420792,0.62
164,11,val,31.233852,0.63
164,12,val,15.750231,0.64
164,13,val,14.472846,0.64
164,14,val,24.533237,0.65
164,15,val,42.483963,0.66
164,16,val,65.026634,0.67
164,17,val,23.847748,0.67
164,18,val,19.287516,0.68
165,0,train,22.361343,0.13
165,1,train,26.204067,0.17
165,2,train,33.487503,0.21
165,3,train,25.758018,0.24
165,4,train,27.540459,0.28
165,5,train,28.776293,0.31
165,6,train,21.886597,0.35
165,0,val,17.619720,0.49
165,1,val,25.023844,0.50
165,2,val,51.124748,0.51
165,3,val,18.032465,0.52
165,4,val,45.478397,0.53
165,5,val,32.593796,0.53
165,6,val,14.254884,0.54
165,7,val,15.812850,0.55
165,8,val,18.672522,0.55
165,9,val,38.626240,0.56
165,10,val,70.703903,0.57
165,11,val,31.691683,0.57
165,12,val,12.708263,0.58
165,13,val,14.679291,0.59
165,14,val,24.699627,0.60
165,15,val,35.869984,0.60
165,16,val,63.900539,0.61
165,17,val,23.517473,0.61
165,18,val,18.911446,0.62
166,0,train,23.526077,0.15
166,1,train,25.870289,0.19
166,2,train,22.737156,0.22
166,3,train,24.323378,0.26
166,4,train,23.781830,0.29
166,5,train,20.459431,0.33
166,6,train,28.898151,0.36
166,0,val,16.768808,0.50
166,1,val,20.239508,0.51
166,2,val,50.982185,0.52
166,3,val,23.084862,0.52
166,4,val,43.700146,0.54
166,5,val,32.024696,0.55
166,6,val,15.333781,0.56
166,7,val,15.330554,0.56
166,8,val,18.341570,0.57
166,9,val,30.460230,0.58
166,10,val,69.855690,0.58
166,11,val,28.313875,0.59
166,12,val,11.802666,0.60
166,13,val,17.648653,0.60
166,14,val,23.408415,0.61
166,15,val,36.232265,0.62
166,16,val,68.278923,0.62
166,17,val,22.195204,0.62
166,18,val,19.323603,0.63
167,0,train,20.944399,0.14
167,1,train,33.603889,0.18
167,2,train,49.147202,0.21
167,3,train,27.367805,0.24
167,4,train,18.473042,0.28
167,5,train,26.908958,0.32
167,6,train,20.455330,0.35
167,0,val,16.714832,0.53
167,1,val,19.004017,0.55
167,2,val,51.601299,0.56
167,3,val,18.376493,0.57
167,4,val,45.650330,0.58
167,5,val,39.005108,0.58
167,6,val,15.349658,0.59
167,7,val,15.225336,0.60
167,8,val,20.418812,0.60
167,9,val,32.926258,0.61
167,10,val,72.255074,0.62
167,11,val,28.765434,0.62
167,12,val,11.170822,0.63
167,13,val,19.514746,0.64
167,14,val,22.678867,0.65
167,15,val,36.915123,0.65
167,16,val,65.343750,0.66
167,17,val,21.769272,0.66
167,18,val,27.915512,0.67
168,0,train,32.057808,0.13
168,1,train,24.708700,0.17
168,2,train,30.010792,0.21
168,3,train,27.548231,0.24
168,4,train,21.387468,0.28
168,5,train,28.485138,0.31
168,6,train,34.044029,0.35
168,0,val,15.830770,0.48
168,1,val,18.918770,0.49
168,2,val,49.855511,0.50
168,3,val,17.657433,0.50
168,4,val,43.814987,0.52
168,5,val,38.722958,0.53
168,6,val,14.651758,0.53
168,7,val,14.604097,0.54
168,8,val,20.444715,0.55
168,9,val,36.484692,0.55
168,10,val,71.092018,0.56
168,11,val,29.415245,0.56
168,12,val,12.848186,0.57
168,13,val,14.943858,0.58
168,14,val,24.798851,0.58
168,15,val,35.080681,0.59
168,16,val,66.733986,0.59
168,17,val,22.287729,0.60
168,18,val,18.929422,0.60
169,0,train,37.563080,0.18
169,1,train,33.946091,0.22
169,2,train,24.651588,0.26
169,3,train,28.673731,0.29
169,4,train,32.729687,0.33
169,5,train,27.483036,0.36
169,6,train,31.035383,0.40
169,0,val,17.617590,0.55
169,1,val,18.645348,0.56
169,2,val,49.893642,0.57
169,3,val,17.638103,0.58
169,4,val,55.802895,0.59
169,5,val,30.888975,0.59
169,6,val,13.655863,0.60
169,7,val,14.934408,0.61
169,8,val,18.447964,0.61
169,9,val,45.859051,0.62
169,10,val,81.487335,0.63
169,11,val,28.305550,0.63
169,12,val,14.323841,0.64
169,13,val,15.284773,0.65
169,14,val,25.315020,0.65
169,15,val,34.594994,0.66
169,16,val,63.945362,0.66
169,17,val,22.905918,0.67
169,18,val,19.049946,0.68
170,0,train,33.709507,0.14
170,1,train,26.922901,0.19
170,2,train,24.072140,0.24
170,3,train,26.930965,0.28
170,4,train,28.434032,0.31
170,5,train,27.101730,0.34
170,6,train,19.737820,0.39
170,0,val,16.585640,0.52
170,1,val,18.684265,0.53
170,2,val,49.738167,0.54
170,3,val,19.887300,0.56
170,4,val,44.267868,0.57
170,5,val,30.795357,0.58
170,6,val,23.799332,0.59
170,7,val,14.563647,0.60
170,8,val,19.608187,0.61
170,9,val,30.070940,0.62
170,10,val,68.708862,0.63
170,11,val,28.174437,0.64
170,12,val,13.009735,0.66
170,13,val,19.156469,0.67
170,14,val,24.718781,0.68
170,15,val,35.074772,0.68
170,16,val,63.109646,0.69
170,17,val,21.695234,0.69
170,18,val,22.037903,0.70
171,0,train,34.931591,0.14
171,1,train,21.060055,0.19
171,2,train,31.246025,0.30
171,3,train,26.759037,0.34
171,4,train,28.247297,0.37
171,5,train,22.458530,0.40
171,6,train,22.554642,0.44
171,0,val,16.091103,0.60
171,1,val,18.071621,0.62
171,2,val,48.428539,0.62
171,3,val,18.426832,0.63
171,4,val,45.407612,0.64
171,5,val,30.584894,0.65
171,6,val,14.673837,0.65
171,7,val,14.555740,0.66
171,8,val,19.794756,0.67
171,9,val,32.010670,0.68
171,10,val,68.973671,0.68
171,11,val,36.059193,0.69
171,12,val,14.487525,0.70
171,13,val,18.693697,0.71
171,14,val,25.970795,0.72
171,15,val,34.574257,0.72
171,16,val,65.163239,0.73
171,17,val,24.214176,0.73
171,18,val,22.341722,0.74
172,0,train,22.576681,0.14
172,1,train,33.260315,0.18
172,2,train,31.555229,0.22
172,3,train,38.266125,0.25
172,4,train,26.843895,0.29
172,5,train,35.196487,0.32
172,6,train,30.414948,0.36
172,0,val,16.487240,0.50
172,1,val,18.246750,0.51
172,2,val,51.854427,0.52
172,3,val,22.206137,0.53
172,4,val,43.866005,0.54
172,5,val,30.942566,0.55
172,6,val,14.339038,0.55
172,7,val,14.823752,0.56
172,8,val,20.878149,0.57
172,9,val,29.541481,0.57
172,10,val,68.694489,0.58
172,11,val,28.301212,0.59
172,12,val,11.323125,0.59
172,13,val,15.122940,0.60
172,14,val,25.128576,0.61
172,15,val,34.395187,0.61
172,16,val,63.145180,0.62
172,17,val,23.459105,0.62
172,18,val,18.383051,0.63
173,0,train,29.851994,0.15
173,1,train,31.913654,0.20
173,2,train,27.755409,0.23
173,3,train,24.128920,0.26
173,4,train,23.503263,0.30
173,5,train,28.643332,0.34
173,6,train,27.353125,0.37
173,0,val,16.170883,0.52
173,1,val,21.905573,0.53
173,2,val,48.734299,0.54
173,3,val,18.639652,0.56
173,4,val,43.845749,0.56
173,5,val,30.955404,0.57
173,6,val,16.091675,0.58
173,7,val,15.025772,0.58
173,8,val,25.146587,0.59
173,9,val,38.862808,0.60
173,10,val,68.318840,0.60
173,11,val,27.880684,0.61
173,12,val,14.053151,0.62
173,13,val,17.435873,0.63
173,14,val,24.266338,0.63
173,15,val,43.382145,0.64
173,16,val,61.725876,0.65
173,17,val,24.318403,0.65
173,18,val,20.327763,0.66
174,0,train,26.969915,0.16
174,1,train,26.707222,0.20
174,2,train,21.167870,0.24
174,3,train,23.280779,0.27
174,4,train,31.349968,0.31
174,5,train,20.942444,0.34
174,6,train,26.283600,0.38
174,0,val,15.793902,0.52
174,1,val,23.647573,0.52
174,2,val,48.527824,0.53
174,3,val,18.775942,0.54
174,4,val,45.607178,0.55
174,5,val,30.823334,0.56
174,6,val,15.979045,0.56
174,7,val,15.848660,0.57
174,8,val,17.986525,0.58
174,9,val,33.562069,0.59
174,10,val,68.548561,0.59
174,11,val,29.172915,0.60
174,12,val,13.054317,0.61
174,13,val,18.060360,0.61
174,14,val,27.739771,0.62
174,15,val,34.574615,0.62
174,16,val,62.236004,0.63
174,17,val,22.197077,0.63
174,18,val,18.631048,0.64
175,0,train,30.379387,0.14
175,1,train,29.194084,0.18
175,2,train,23.775230,0.22
175,3,train,25.881500,0.25
175,4,train,24.830725,0.29
175,5,train,27.085419,0.32
175,6,train,24.610031,0.36
175,0,val,23.263659,0.51
175,1,val,19.104507,0.53
175,2,val,47.835728,0.54
175,3,val,18.835869,0.55
175,4,val,43.440712,0.56
175,5,val,29.964146,0.56
175,6,val,16.678934,0.57
175,7,val,14.211128,0.58
175,8,val,26.176050,0.58
175,9,val,29.576260,0.59
175,10,val,68.152924,0.59
175,11,val,33.031006,0.60
175,12,val,16.158836,0.61
175,13,val,15.168405,0.61
175,14,val,25.311808,0.63
175,15,val,34.444710,0.63
175,16,val,65.574608,0.64
175,17,val,22.726650,0.64
175,18,val,22.423180,0.64
176,0,train,18.910360,0.13
176,1,train,26.472630,0.17
176,2,train,22.225985,0.21
176,3,train,21.840887,0.24
176,4,train,20.314079,0.28
176,5,train,25.763586,0.31
176,6,train,20.646740,0.35
176,0,val,20.134556,0.55
176,1,val,21.721638,0.58
176,2,val,48.055771,0.58
176,3,val,20.565006,0.59
176,4,val,44.394943,0.60
176,5,val,31.661100,0.61
176,6,val,14.497717,0.63
176,7,val,14.460227,0.63
176,8,val,20.707300,0.64
176,9,val,29.422600,0.65
176,10,val,67.556679,0.66
176,11,val,28.895460,0.68
176,12,val,12.487346,0.69
176,13,val,14.120819,0.70
176,14,val,22.990944,0.71
176,15,val,36.311935,0.72
176,16,val,61.379391,0.72
176,17,val,28.163815,0.73
176,18,val,18.544598,0.74
177,0,train,26.390421,0.22
177,1,train,25.409462,0.26
177,2,train,21.808250,0.30
177,3,train,34.478203,0.33
177,4,train,29.351440,0.37
177,5,train,29.282190,0.41
177,6,train,26.986309,0.44
177,0,val,15.968973,0.66
177,1,val,19.904921,0.67
177,2,val,50.158970,0.68
177,3,val,18.064547,0.69
177,4,val,46.749710,0.70
177,5,val,32.488819,0.71
177,6,val,18.878447,0.72
177,7,val,14.885753,0.73
177,8,val,17.578751,0.74
177,9,val,31.439432,0.74
177,10,val,67.703522,0.75
177,11,val,30.587776,0.76
177,12,val,17.620146,0.77
177,13,val,14.309527,0.78
177,14,val,22.229774,0.79
177,15,val,35.180534,0.80
177,16,val,62.645721,0.80
177,17,val,21.669155,0.81
177,18,val,19.000257,0.81
178,0,train,16.716009,0.19
178,1,train,20.471478,0.25
178,2,train,27.089855,0.30
178,3,train,32.715527,0.34
178,4,train,24.222565,0.37
178,5,train,21.180992,0.41
178,6,train,21.712578,0.45
178,0,val,16.222719,0.65
178,1,val,18.665480,0.67
178,2,val,48.405132,0.68
178,3,val,18.182980,0.69
178,4,val,42.844631,0.70
178,5,val,31.066738,0.71
178,6,val,14.340461,0.72
178,7,val,24.361576,0.73
178,8,val,19.748045,0.74
178,9,val,29.907993,0.74
178,10,val,66.929832,0.75
178,11,val,28.927013,0.77
178,12,val,10.767035,0.78
178,13,val,14.903570,0.79
178,14,val,23.621435,0.80
178,15,val,34.007938,0.80
178,16,val,61.327068,0.81
178,17,val,21.968172,0.81
178,18,val,18.465048,0.82
179,0,train,26.143782,0.28
179,1,train,16.919968,0.33
179,2,train,25.554089,0.37
179,3,train,24.518291,0.41
179,4,train,18.080227,0.45
179,5,train,30.116623,0.48
179,6,train,19.874783,0.52
179,0,val,19.810509,0.72
179,1,val,18.167074,0.74
179,2,val,48.142914,0.75
179,3,val,17.844540,0.76
179,4,val,42.966908,0.77
179,5,val,34.021637,0.78
179,6,val,19.570181,0.79
179,7,val,14.919081,0.79
179,8,val,17.997202,0.80
179,9,val,28.686399,0.81
179,10,val,66.493790,0.82
179,11,val,32.498249,0.83
179,12,val,11.228736,0.84
179,13,val,15.591185,0.85
179,14,val,29.130173,0.86
179,15,val,34.099293,0.87
179,16,val,62.437366,0.88
179,17,val,21.138681,0.88
179,18,val,18.750536,0.89
180,0,train,20.027542,0.19
180,1,train,28.763866,0.25
180,2,train,21.675900,0.29
180,3,train,20.095352,0.33
180,4,train,25.865730,0.37
180,5,train,24.681816,0.41
180,6,train,31.179113,0.44
180,0,val,19.396845,0.70
180,1,val,18.584166,0.71
180,2,val,49.174480,0.73
180,3,val,20.863857,0.74
180,4,val,43.900585,0.75
180,5,val,30.245226,0.77
180,6,val,13.768204,0.79
180,7,val,17.392570,0.80
180,8,val,18.393133,0.81
180,9,val,28.465103,0.83
180,10,val,67.084961,0.84
180,11,val,27.852468,0.86
180,12,val,12.475814,0.87
180,13,val,16.027964,0.88
180,14,val,22.431892,0.90
180,15,val,33.573345,0.93
180,16,val,61.865917,0.95
180,17,val,21.119209,0.96
180,18,val,18.488579,0.97
181,0,train,26.867798,0.17
181,1,train,29.779757,0.23
181,2,train,25.399681,0.27
181,3,train,22.356752,0.30
181,4,train,24.254738,0.34
181,5,train,26.058773,0.37
181,6,train,25.707071,0.41
181,0,val,16.121450,0.60
181,1,val,18.361919,0.61
181,2,val,47.619434,0.62
181,3,val,23.697641,0.63
181,4,val,42.575909,0.63
181,5,val,32.194382,0.64
181,6,val,17.358368,0.65
181,7,val,22.358660,0.65
181,8,val,18.778822,0.66
181,9,val,32.377132,0.67
181,10,val,67.799835,0.67
181,11,val,29.330233,0.68
181,12,val,10.922605,0.69
181,13,val,16.368788,0.69
181,14,val,24.124958,0.70
181,15,val,36.268242,0.71
181,16,val,64.079483,0.72
181,17,val,26.945814,0.72
181,18,val,19.916832,0.73
182,0,train,29.203894,0.13
182,1,train,22.062943,0.17
182,2,train,25.940269,0.20
182,3,train,19.680008,0.24
182,4,train,18.269016,0.28
182,5,train,21.529144,0.31
182,6,train,25.607258,0.35
182,0,val,25.375380,0.49
182,1,val,18.005295,0.50
182,2,val,50.152882,0.52
182,3,val,17.391659,0.52
182,4,val,46.371582,0.53
182,5,val,29.516773,0.54
182,6,val,15.902855,0.54
182,7,val,14.490274,0.55
182,8,val,17.412397,0.56
182,9,val,28.455912,0.56
182,10,val,67.482002,0.57
182,11,val,27.890530,0.58
182,12,val,11.985505,0.59
182,13,val,25.291309,0.59
182,14,val,22.769033,0.60
182,15,val,34.003490,0.60
182,16,val,60.880619,0.61
182,17,val,22.437815,0.62
182,18,val,18.260586,0.62
183,0,train,27.263355,0.13
183,1,train,24.904926,0.18
183,2,train,27.527498,0.21
183,3,train,21.448149,0.25
183,4,train,23.405025,0.28
183,5,train,23.835499,0.32
183,6,train,29.077236,0.35
183,0,val,18.374681,0.49
183,1,val,20.795568,0.50
183,2,val,47.939243,0.50
183,3,val,24.078608,0.51
183,4,val,43.941792,0.52
183,5,val,30.075537,0.53
183,6,val,14.417665,0.54
183,7,val,17.536161,0.54
183,8,val,20.167309,0.55
183,9,val,29.089199,0.56
183,10,val,66.824928,0.56
183,11,val,34.503838,0.57
183,12,val,11.637027,0.58
183,13,val,15.257430,0.59
183,14,val,23.361740,0.59
183,15,val,36.774704,0.60
183,16,val,62.053329,0.60
183,17,val,22.233931,0.61
183,18,val,20.387947,0.61
184,0,train,27.483521,0.14
184,1,train,28.056660,0.18
184,2,train,33.205360,0.21
184,3,train,29.474184,0.25
184,4,train,21.003218,0.28
184,5,train,23.707813,0.32
184,6,train,31.900476,0.35
184,0,val,16.438198,0.50
184,1,val,22.474634,0.50
184,2,val,47.570042,0.53
184,3,val,16.470102,0.54
184,4,val,43.571720,0.55
184,5,val,30.192934,0.56
184,6,val,16.152596,0.56
184,7,val,14.556436,0.57
184,8,val,21.687916,0.58
184,9,val,28.855955,0.58
184,10,val,65.747780,0.59
184,11,val,27.907436,0.60
184,12,val,17.461792,0.60
184,13,val,13.932126,0.61
184,14,val,25.065105,0.62
184,15,val,35.074970,0.62
184,16,val,60.917881,0.63
184,17,val,21.027454,0.64
184,18,val,18.667032,0.64
185,0,train,38.439564,0.13
185,1,train,26.087507,0.17
185,2,train,18.878574,0.21
185,3,train,24.369310,0.24
185,4,train,26.006540,0.28
185,5,train,23.457943,0.31
185,6,train,25.101336,0.35
185,0,val,15.913760,0.48
185,1,val,18.259262,0.49
185,2,val,47.071373,0.49
185,3,val,22.171310,0.50
185,4,val,41.856850,0.50
185,5,val,29.771324,0.52
185,6,val,19.096350,0.52
185,7,val,17.607733,0.53
185,8,val,17.995670,0.54
185,9,val,30.465471,0.54
185,10,val,71.262115,0.55
185,11,val,29.426662,0.56
185,12,val,13.234001,0.56
185,13,val,15.772624,0.57
185,14,val,23.006578,0.58
185,15,val,33.838467,0.58
185,16,val,60.632332,0.58
185,17,val,25.223223,0.59
185,18,val,17.645323,0.59
186,0,train,21.070257,0.14
186,1,train,22.723383,0.18
186,2,train,22.092571,0.21
186,3,train,20.805931,0.25
186,4,train,28.452188,0.29
186,5,train,19.618221,0.32
186,6,train,26.181190,0.36
186,0,val,17.540585,0.48
186,1,val,20.719807,0.49
186,2,val,47.467789,0.50
186,3,val,20.042110,0.50
186,4,val,48.758945,0.52
186,5,val,30.117373,0.53
186,6,val,13.705146,0.54
186,7,val,13.890678,0.54
186,8,val,17.902115,0.55
186,9,val,31.533625,0.56
186,10,val,65.552666,0.56
186,11,val,42.613167,0.57
186,12,val,12.046734,0.57
186,13,val,14.859849,0.58
186,14,val,24.929968,0.59
186,15,val,40.532574,0.59
186,16,val,63.092899,0.60
186,17,val,23.072901,0.60
186,18,val,20.819336,0.61
187,0,train,27.504341,0.13
187,1,train,23.767267,0.17
187,2,train,30.166557,0.20
187,3,train,25.911037,0.24
187,4,train,25.908424,0.28
187,5,train,29.074574,0.31
187,6,train,26.545340,0.34
187,0,val,15.918516,0.48
187,1,val,18.441111,0.49
187,2,val,47.124916,0.49
187,3,val,21.840179,0.50
187,4,val,42.113647,0.51
187,5,val,29.442377,0.52
187,6,val,17.828915,0.53
187,7,val,14.941677,0.53
187,8,val,22.406132,0.54
187,9,val,30.399773,0.54
187,10,val,68.120178,0.55
187,11,val,29.127270,0.56
187,12,val,11.812671,0.56
187,13,val,17.788357,0.57
187,14,val,22.114326,0.58
187,15,val,35.077209,0.59
187,16,val,60.004280,0.59
187,17,val,21.213524,0.60
187,18,val,19.265787,0.61
188,0,train,29.652760,0.13
188,1,train,28.897400,0.17
188,2,train,23.622559,0.20
188,3,train,20.256823,0.24
188,4,train,23.081116,0.27
188,5,train,37.832951,0.31
188,6,train,23.255852,0.34
188,0,val,16.112179,0.47
188,1,val,18.190443,0.48
188,2,val,46.833809,0.48
188,3,val,18.222183,0.49
188,4,val,42.151283,0.50
188,5,val,29.065680,0.51
188,6,val,14.652434,0.52
188,7,val,14.633031,0.52
188,8,val,17.571327,0.53
188,9,val,27.756773,0.54
188,10,val,65.492340,0.54
188,11,val,33.815235,0.55
188,12,val,12.160882,0.56
188,13,val,14.648280,0.56
188,14,val,23.752184,0.57
188,15,val,42.399723,0.57
188,16,val,60.775928,0.58
188,17,val,21.907305,0.58
188,18,val,22.436508,0.59
189,0,train,17.599907,0.13
189,1,train,25.052233,0.17
189,2,train,27.580490,0.21
189,3,train,20.946098,0.24
189,4,train,23.557610,0.28
189,5,train,26.692570,0.31
189,6,train,30.605247,0.35
189,0,val,15.868644,0.48
189,1,val,24.716471,0.48
189,2,val,46.318558,0.49
189,3,val,24.146511,0.50
189,4,val,47.531731,0.51
189,5,val,29.736921,0.52
189,6,val,13.751436,0.53
189,7,val,18.786661,0.54
189,8,val,18.129589,0.54
189,9,val,32.877907,0.55
189,10,val,66.025841,0.56
189,11,val,27.857519,0.56
189,12,val,10.796950,0.57
189,13,val,14.806211,0.58
189,14,val,26.152752,0.58
189,15,val,33.811348,0.59
189,16,val,62.169506,0.59
189,17,val,23.488588,0.60
189,18,val,18.187672,0.60
190,0,train,19.390375,0.14
190,1,train,17.504597,0.18
190,2,train,24.132931,0.21
190,3,train,25.938360,0.25
190,4,train,21.309727,0.28
190,5,train,30.530304,0.32
190,6,train,26.327513,0.35
190,0,val,17.628407,0.49
190,1,val,19.340927,0.50
190,2,val,47.418709,0.51
190,3,val,16.779211,0.52
190,4,val,41.057762,0.53
190,5,val,29.686935,0.54
190,6,val,13.365374,0.54
190,7,val,20.783285,0.55
190,8,val,18.059458,0.56
190,9,val,30.251959,0.56
190,10,val,64.491364,0.57
190,11,val,28.645046,0.58
190,12,val,11.544619,0.58
190,13,val,16.167400,0.59
190,14,val,23.113205,0.60
190,15,val,33.355415,0.60
190,16,val,64.373932,0.60
190,17,val,22.841318,0.61
190,18,val,18.545223,0.61
191,0,train,27.499809,0.15
191,1,train,25.827003,0.19
191,2,train,22.202957,0.23
191,3,train,25.196335,0.26
191,4,train,32.708237,0.30
191,5,train,24.491371,0.33
191,6,train,28.795120,0.36
191,0,val,15.389581,0.51
191,1,val,19.041258,0.52
191,2,val,47.771294,0.54
191,3,val,18.315849,0.55
191,4,val,41.244774,0.56
191,5,val,32.604465,0.56
191,6,val,13.568360,0.57
191,7,val,14.481885,0.58
191,8,val,19.477718,0.58
191,9,val,28.756496,0.59
191,10,val,65.652458,0.60
191,11,val,32.721550,0.60
191,12,val,22.120358,0.61
191,13,val,14.589428,0.62
191,14,val,22.097097,0.62
191,15,val,39.423290,0.63
191,16,val,59.966324,0.64
191,17,val,23.577805,0.64
191,18,val,18.137722,0.64
192,0,train,33.487976,0.13
192,1,train,28.198362,0.18
192,2,train,30.610607,0.22
192,3,train,25.799002,0.25
192,4,train,19.629547,0.30
192,5,train,29.091446,0.33
192,6,train,22.598749,0.36
192,0,val,15.817445,0.50
192,1,val,17.688421,0.51
192,2,val,45.842911,0.52
192,3,val,17.304331,0.52
192,4,val,40.543411,0.54
192,5,val,29.174503,0.54
192,6,val,17.926250,0.55
192,7,val,14.483443,0.56
192,8,val,20.283705,0.56
192,9,val,27.695543,0.57
192,10,val,65.371826,0.58
192,11,val,35.051117,0.58
192,12,val,12.204683,0.59
192,13,val,21.181391,0.60
192,14,val,24.313587,0.60
192,15,val,32.906868,0.61
192,16,val,59.133686,0.61
192,17,val,23.906273,0.62
192,18,val,17.852123,0.62
193,0,train,31.762075,0.14
193,1,train,25.679449,0.18
193,2,train,35.275246,0.21
193,3,train,26.463699,0.25
193,4,train,32.046558,0.29
193,5,train,27.356846,0.32
193,6,train,23.364105,0.35
193,0,val,16.426222,0.49
193,1,val,17.626209,0.50
193,2,val,47.770000,0.51
193,3,val,16.749569,0.52
193,4,val,40.805779,0.53
193,5,val,28.697681,0.53
193,6,val,13.799564,0.54
193,7,val,14.457047,0.55
193,8,val,19.140587,0.56
193,9,val,27.191147,0.56
193,10,val,64.291336,0.57
193,11,val,34.692440,0.58
193,12,val,10.902289,0.59
193,13,val,16.855038,0.60
193,14,val,23.334377,0.61
193,15,val,33.614651,0.62
193,16,val,59.542599,0.62
193,17,val,32.345692,0.63
193,18,val,17.351772,0.64
194,0,train,27.187216,0.17
194,1,train,28.923580,0.21
194,2,train,22.373945,0.24
194,3,train,27.778362,0.28
194,4,train,25.012053,0.33
194,5,train,26.913231,0.38
194,6,train,23.101179,0.42
194,0,val,20.949495,0.60
194,1,val,18.081566,0.63
194,2,val,47.128391,0.64
194,3,val,17.387901,0.65
194,4,val,40.298771,0.66
194,5,val,28.774410,0.66
194,6,val,13.127469,0.67
194,7,val,15.041053,0.69
194,8,val,19.571815,0.70
194,9,val,28.968620,0.72
194,10,val,64.370628,0.73
194,11,val,28.877146,0.74
194,12,val,11.113687,0.76
194,13,val,19.383682,0.77
194,14,val,21.787626,0.78
194,15,val,34.315792,0.79
194,16,val,58.764374,0.80
194,17,val,20.772408,0.82
194,18,val,25.217894,0.83
195,0,train,18.384884,0.25
195,1,train,21.777340,0.30
195,2,train,24.577217,0.35
195,3,train,19.053171,0.38
195,4,train,20.689747,0.42
195,5,train,21.296268,0.45
195,6,train,23.136419,0.49
195,0,val,17.536665,0.68
195,1,val,18.918549,0.70
195,2,val,45.508064,0.71
195,3,val,18.541628,0.72
195,4,val,45.876514,0.73
195,5,val,29.055183,0.74
195,6,val,13.296368,0.74
195,7,val,14.278066,0.75
195,8,val,26.116055,0.76
195,9,val,27.928312,0.77
195,10,val,63.416908,0.78
195,11,val,31.978014,0.79
195,12,val,13.059034,0.80
195,13,val,15.990587,0.81
195,14,val,23.004251,0.82
195,15,val,33.957436,0.83
195,16,val,65.574730,0.83
195,17,val,21.760855,0.84
195,18,val,17.304272,0.84
196,0,train,21.457460,0.19
196,1,train,26.546913,0.24
196,2,train,29.140915,0.29
196,3,train,24.159954,0.33
196,4,train,24.425087,0.37
196,5,train,26.131443,0.40
196,6,train,28.740936,0.44
196,0,val,16.524141,0.62
196,1,val,17.176086,0.65
196,2,val,47.840431,0.66
196,3,val,20.394682,0.67
196,4,val,41.091736,0.67
196,5,val,28.696541,0.68
196,6,val,15.818262,0.69
196,7,val,14.674215,0.70
196,8,val,18.151117,0.71
196,9,val,27.402563,0.72
196,10,val,63.347176,0.74
196,11,val,29.264811,0.74
196,12,val,12.836956,0.75
196,13,val,16.214708,0.76
196,14,val,24.734926,0.77
196,15,val,36.609135,0.77
196,16,val,59.752922,0.78
196,17,val,21.680401,0.79
196,18,val,22.286959,0.79
197,0,train,30.600187,0.20
197,1,train,27.341364,0.26
197,2,train,24.508175,0.33
197,3,train,25.037315,0.40
197,4,train,22.138714,0.43
197,5,train,23.186609,0.47
197,6,train,31.761318,0.51
197,0,val,15.069921,0.70
197,1,val,17.429403,0.74
197,2,val,45.642723,0.75
197,3,val,17.938480,0.75
197,4,val,40.359837,0.76
197,5,val,28.574944,0.77
197,6,val,19.480440,0.78
197,7,val,14.959574,0.79
197,8,val,24.896490,0.80
197,9,val,28.023977,0.81
197,10,val,63.268414,0.83
197,11,val,28.060167,0.84
197,12,val,12.321284,0.84
197,13,val,15.376406,0.85
197,14,val,21.625542,0.86
197,15,val,34.613956,0.87
197,16,val,57.350430,0.87
197,17,val,20.980474,0.88
197,18,val,18.362928,0.89
198,0,train,22.514032,0.27
198,1,train,25.770500,0.32
198,2,train,28.101570,0.36
198,3,train,24.429230,0.39
198,4,train,26.929449,0.43
198,5,train,27.625694,0.48
198,6,train,21.198967,0.54
198,0,val,15.255387,0.77
198,1,val,17.978703,0.80
198,2,val,46.294514,0.82
198,3,val,17.151178,0.83
198,4,val,40.081287,0.84
198,5,val,30.196516,0.85
198,6,val,14.528183,0.86
198,7,val,17.151733,0.87
198,8,val,18.269291,0.87
198,9,val,27.764553,0.89
198,10,val,63.812828,0.90
198,11,val,27.027292,0.91
198,12,val,15.324667,0.92
198,13,val,14.683887,0.93
198,14,val,23.472528,0.94
198,15,val,32.425716,0.94
198,16,val,59.378201,0.95
198,17,val,23.095243,0.96
198,18,val,17.076910,0.96
199,0,train,24.687683,0.20
199,1,train,23.969391,0.25
199,2,train,23.000090,0.31
199,3,train,29.870327,0.35
199,4,train,15.864958,0.39
199,5,train,21.839912,0.42
199,6,train,26.728737,0.53
199,0,val,17.176971,0.67
199,1,val,27.316664,0.67
199,2,val,45.620934,0.68
199,3,val,17.735210,0.69
199,4,val,49.083965,0.70
199,5,val,28.195375,0.71
199,6,val,16.103878,0.71
199,7,val,14.854813,0.72
199,8,val,21.659185,0.73
199,9,val,27.915628,0.73
199,10,val,63.682266,0.74
199,11,val,26.871664,0.74
199,12,val,10.339336,0.75
199,13,val,17.926386,0.76
199,14,val,21.440298,0.77
199,15,val,33.433403,0.77
199,16,val,60.056370,0.77
199,17,val,21.045877,0.78
199,18,val,18.283686,0.78
200,0,train,30.680033,0.14
200,1,train,25.798702,0.18
200,2,train,25.652405,0.21
200,3,train,20.672810,0.25
200,4,train,29.023071,0.28
200,5,train,23.164034,0.32
200,6,train,25.959846,0.35
200,0,val,15.570682,0.49
200,1,val,17.020960,0.49
200,2,val,49.605118,0.50
200,3,val,17.633394,0.52
200,4,val,39.930519,0.52
200,5,val,27.544420,0.53
200,6,val,14.356532,0.54
200,7,val,17.168882,0.54
200,8,val,17.139776,0.55
200,9,val,27.181074,0.56
200,10,val,65.995720,0.56
200,11,val,30.018738,0.57
200,12,val,10.244555,0.57
200,13,val,14.637056,0.58
200,14,val,29.002295,0.59
200,15,val,32.707893,0.59
200,16,val,58.323292,0.60
200,17,val,22.625591,0.60
200,18,val,17.437881,0.61
201,0,train,26.673664,0.13
201,1,train,23.509514,0.17
201,2,train,18.940216,0.20
201,3,train,23.143341,0.24
201,4,train,26.377407,0.27
201,5,train,22.674343,0.31
201,6,train,26.018921,0.34
201,0,val,14.685924,0.48
201,1,val,17.766382,0.49
201,2,val,46.587490,0.49
201,3,val,15.786531,0.51
201,4,val,40.017704,0.51
201,5,val,28.387505,0.52
201,6,val,13.694484,0.53
201,7,val,14.162932,0.53
201,8,val,18.562462,0.54
201,9,val,28.464289,0.55
201,10,val,63.971844,0.55
201,11,val,27.143057,0.56
201,12,val,10.664562,0.57
201,13,val,14.006019,0.57
201,14,val,21.914240,0.58
201,15,val,33.564426,0.59
201,16,val,57.916756,0.59
201,17,val,34.811298,0.59
201,18,val,18.199200,0.61
202,0,train,22.617039,0.15
202,1,train,27.165741,0.19
202,2,train,24.473808,0.23
202,3,train,27.164106,0.26
202,4,train,21.950865,0.30
202,5,train,18.399906,0.34
202,6,train,22.586704,0.37
202,0,val,16.322100,0.51
202,1,val,18.574734,0.52
202,2,val,50.893795,0.53
202,3,val,17.297520,0.54
202,4,val,39.751682,0.55
202,5,val,30.991617,0.56
202,6,val,13.290671,0.56
202,7,val,16.195078,0.57
202,8,val,22.424801,0.58
202,9,val,28.172621,0.59
202,10,val,62.422314,0.59
202,11,val,26.897055,0.60
202,12,val,10.849653,0.61
202,13,val,14.297272,0.61
202,14,val,22.596241,0.62
202,15,val,33.162125,0.62
202,16,val,58.569504,0.63
202,17,val,22.252686,0.64
202,18,val,17.855293,0.64
203,0,train,22.959005,0.13
203,1,train,18.917551,0.18
203,2,train,19.615078,0.21
203,3,train,25.495142,0.24
203,4,train,19.288849,0.28
203,5,train,25.457067,0.31
203,6,train,25.053673,0.35
203,0,val,16.829300,0.48
203,1,val,18.225510,0.49
203,2,val,44.854141,0.49
203,3,val,16.426971,0.50
203,4,val,48.060070,0.51
203,5,val,27.810165,0.52
203,6,val,14.747782,0.53
203,7,val,15.068099,0.53
203,8,val,17.942562,0.54
203,9,val,29.197130,0.55
203,10,val,64.495872,0.55
203,11,val,28.479973,0.56
203,12,val,11.622319,0.57
203,13,val,13.481846,0.58
203,14,val,24.921440,0.58
203,15,val,33.116219,0.59
203,16,val,60.332424,0.59
203,17,val,21.057661,0.60
203,18,val,17.921715,0.60
204,0,train,23.114044,0.14
204,1,train,25.375608,0.18
204,2,train,27.266890,0.21
204,3,train,24.057838,0.24
204,4,train,27.648067,0.28
204,5,train,25.292410,0.31
204,6,train,26.614689,0.35
204,0,val,17.215662,0.48
204,1,val,18.945341,0.49
204,2,val,45.561741,0.49
204,3,val,18.157452,0.50
204,4,val,40.407631,0.52
204,5,val,28.129036,0.53
204,6,val,16.277649,0.54
204,7,val,15.288009,0.54
204,8,val,17.111759,0.55
204,9,val,30.466869,0.56
204,10,val,62.396557,0.56
204,11,val,28.253922,0.57
204,12,val,17.167978,0.58
204,13,val,13.822017,0.58
204,14,val,22.001381,0.59
204,15,val,32.995113,0.60
204,16,val,59.745037,0.60
204,17,val,21.237415,0.60
204,18,val,17.224730,0.61
205,0,train,22.679565,0.13
205,1,train,24.821098,0.17
205,2,train,22.070242,0.21
205,3,train,25.896214,0.24
205,4,train,27.098316,0.28
205,5,train,21.861454,0.31
205,6,train,25.432304,0.34
205,0,val,17.451969,0.49
205,1,val,20.249783,0.50
205,2,val,44.970100,0.50
205,3,val,16.757912,0.51
205,4,val,40.308857,0.53
205,5,val,29.004854,0.53
205,6,val,19.148184,0.54
205,7,val,14.258579,0.55
205,8,val,17.324810,0.55
205,9,val,28.923624,0.56
205,10,val,63.753979,0.57
205,11,val,27.908096,0.57
205,12,val,10.196914,0.58
205,13,val,13.738018,0.59
205,14,val,21.878342,0.59
205,15,val,33.909439,0.60
205,16,val,61.315403,0.60
205,17,val,24.452190,0.61
205,18,val,17.247032,0.61
206,0,train,20.848755,0.14
206,1,train,23.945299,0.18
206,2,train,26.152172,0.21
206,3,train,21.144867,0.25
206,4,train,23.758659,0.28
206,5,train,19.359777,0.32
206,6,train,28.055147,0.35
206,0,val,16.088171,0.48
206,1,val,17.098969,0.49
206,2,val,45.549118,0.50
206,3,val,20.180166,0.50
206,4,val,39.765583,0.52
206,5,val,32.925674,0.53
206,6,val,13.758351,0.53
206,7,val,14.912066,0.54
206,8,val,16.486780,0.55
206,9,val,30.081118,0.55
206,10,val,64.006485,0.56
206,11,val,27.839411,0.57
206,12,val,12.376703,0.57
206,13,val,16.268372,0.58
206,14,val,20.930813,0.58
206,15,val,33.802292,0.59
206,16,val,57.925549,0.59
206,17,val,22.622267,0.60
206,18,val,17.630098,0.60
207,0,train,26.129768,0.17
207,1,train,21.877769,0.22
207,2,train,21.387869,0.25
207,3,train,26.054216,0.28
207,4,train,23.438923,0.32
207,5,train,21.181019,0.35
207,6,train,29.270174,0.39
207,0,val,14.428418,0.52
207,1,val,17.794785,0.52
207,2,val,45.152538,0.53
207,3,val,21.982882,0.54
207,4,val,39.485558,0.55
207,5,val,32.798149,0.55
207,6,val,14.494261,0.56
207,7,val,14.455029,0.57
207,8,val,18.325411,0.57
207,9,val,28.377810,0.58
207,10,val,62.818020,0.59
207,11,val,27.170057,0.59
207,12,val,10.236903,0.60
207,13,val,14.281591,0.61
207,14,val,23.741638,0.61
207,15,val,31.626669,0.62
207,16,val,57.231243,0.62
207,17,val,20.799719,0.63
207,18,val,20.002403,0.63
208,0,train,36.898354,0.15
208,1,train,21.256893,0.19
208,2,train,25.326515,0.23
208,3,train,18.135723,0.26
208,4,train,26.298485,0.30
208,5,train,19.185278,0.33
208,6,train,29.539515,0.37
208,0,val,17.109776,0.55
208,1,val,19.373632,0.57
208,2,val,45.140244,0.57
208,3,val,23.523386,0.58
208,4,val,39.330227,0.59
208,5,val,28.047558,0.60
208,6,val,14.070241,0.60
208,7,val,16.641146,0.61
208,8,val,16.953299,0.62
208,9,val,28.396774,0.62
208,10,val,61.903988,0.63
208,11,val,27.356855,0.64
208,12,val,11.213775,0.64
208,13,val,13.682814,0.65
208,14,val,22.401382,0.66
208,15,val,33.203377,0.66
208,16,val,65.192093,0.67
208,17,val,20.107111,0.67
208,18,val,20.577780,0.68
209,0,train,23.773998,0.13
209,1,train,20.826485,0.17
209,2,train,30.933830,0.20
209,3,train,24.622416,0.24
209,4,train,22.304586,0.28
209,5,train,25.654034,0.31
209,6,train,18.783216,0.34
209,0,val,15.043948,0.49
209,1,val,20.268675,0.50
209,2,val,43.871861,0.51
209,3,val,16.707392,0.52
209,4,val,46.632675,0.53
209,5,val,29.818586,0.55
209,6,val,13.828307,0.56
209,7,val,14.019210,0.57
209,8,val,16.794893,0.58
209,9,val,29.501148,0.59
209,10,val,63.400986,0.60
209,11,val,26.425381,0.61
209,12,val,10.937934,0.63
209,13,val,14.334181,0.64
209,14,val,22.810768,0.65
209,15,val,33.120304,0.65
209,16,val,56.850712,0.66
209,17,val,21.370941,0.66
209,18,val,20.282339,0.66
210,0,train,22.947714,0.13
210,1,train,27.313568,0.17
210,2,train,23.955015,0.20
210,3,train,23.129736,0.24
210,4,train,20.454666,0.28
210,5,train,22.168409,0.32
210,6,train,14.645839,0.35
210,0,val,15.119346,0.49
210,1,val,17.375326,0.50
210,2,val,44.891132,0.50
210,3,val,17.871553,0.52
210,4,val,40.959904,0.53
210,5,val,29.441694,0.54
210,6,val,17.740576,0.55
210,7,val,14.164352,0.56
210,8,val,16.550995,0.57
210,9,val,28.750490,0.58
210,10,val,64.183990,0.59
210,11,val,47.936798,0.60
210,12,val,12.131601,0.61
210,13,val,13.287217,0.63
210,14,val,20.643982,0.64
210,15,val,32.930401,0.65
210,16,val,58.916000,0.65
210,17,val,20.378422,0.66
210,18,val,17.695074,0.67
211,0,train,21.473248,0.15
211,1,train,18.944572,0.20
211,2,train,28.507132,0.24
211,3,train,20.485779,0.27
211,4,train,17.796726,0.30
211,5,train,25.654575,0.34
211,6,train,19.140659,0.37
211,0,val,14.988297,0.50
211,1,val,24.652649,0.51
211,2,val,43.639679,0.52
211,3,val,17.108301,0.52
211,4,val,38.669479,0.54
211,5,val,27.743256,0.55
211,6,val,13.351456,0.56
211,7,val,16.277296,0.57
211,8,val,17.275053,0.58
211,9,val,27.854282,0.59
211,10,val,60.437283,0.60
211,11,val,29.221647,0.60
211,12,val,20.487803,0.61
211,13,val,13.605750,0.62
211,14,val,25.446589,0.62
211,15,val,31.953897,0.63
211,16,val,59.190716,0.64
211,17,val,20.616226,0.64
211,18,val,16.731600,0.65
212,0,train,29.237514,0.22
212,1,train,28.403605,0.27
212,2,train,24.693062,0.31
212,3,train,23.150005,0.35
212,4,train,22.127535,0.38
212,5,train,20.803310,0.42
212,6,train,26.141815,0.45
212,0,val,15.744788,0.64
212,1,val,17.260931,0.65
212,2,val,49.455421,0.66
212,3,val,16.404476,0.67
212,4,val,38.581928,0.68
212,5,val,27.924442,0.69
212,6,val,16.546850,0.70
212,7,val,14.081021,0.71
212,8,val,16.186626,0.72
212,9,val,28.702053,0.73
212,10,val,62.449337,0.74
212,11,val,26.584747,0.75
212,12,val,10.503437,0.76
212,13,val,17.626125,0.77
212,14,val,24.796709,0.78
212,15,val,32.677502,0.78
212,16,val,63.712936,0.79
212,17,val,29.050619,0.80
212,18,val,18.806278,0.80
213,0,train,23.917822,0.21
213,1,train,18.470093,0.26
213,2,train,24.722691,0.30
213,3,train,23.211317,0.33
213,4,train,22.360247,0.38
213,5,train,27.517443,0.41
213,6,train,23.062042,0.44
213,0,val,15.917559,0.62
213,1,val,17.127337,0.66
213,2,val,44.661037,0.68
213,3,val,22.511940,0.68
213,4,val,39.775841,0.69
213,5,val,27.504713,0.70
213,6,val,17.470716,0.71
213,7,val,21.046732,0.72
213,8,val,27.694681,0.73
213,9,val,35.712097,0.74
213,10,val,60.688091,0.74
213,11,val,26.092773,0.75
213,12,val,13.519520,0.76
213,13,val,17.686522,0.78
213,14,val,31.515104,0.79
213,15,val,31.371281,0.79
213,16,val,57.970520,0.80
213,17,val,20.559523,0.80
213,18,val,16.970043,0.81
214,0,train,31.119810,0.22
214,1,train,20.618704,0.26
214,2,train,21.432037,0.30
214,3,train,33.374657,0.35
214,4,train,20.751137,0.40
214,5,train,23.084934,0.43
214,6,train,24.109104,0.47
214,0,val,15.186193,0.67
214,1,val,17.021097,0.69
214,2,val,44.380840,0.70
214,3,val,17.303398,0.71
214,4,val,40.553417,0.72
214,5,val,27.514248,0.72
214,6,val,12.708829,0.73
214,7,val,14.746168,0.74
214,8,val,18.764957,0.75
214,9,val,26.893642,0.76
214,10,val,60.292477,0.77
214,11,val,27.518871,0.78
214,12,val,11.261560,0.80
214,13,val,18.459436,0.81
214,14,val,23.137217,0.81
214,15,val,32.954662,0.82
214,16,val,57.050423,0.83
214,17,val,21.056734,0.83
214,18,val,18.202358,0.84
215,0,train,23.929054,0.22
215,1,train,21.282291,0.28
215,2,train,24.029930,0.32
215,3,train,18.110733,0.36
215,4,train,22.438438,0.40
215,5,train,30.936869,0.43
215,6,train,25.070738,0.46
215,0,val,16.333797,0.66
215,1,val,17.474737,0.68
215,2,val,44.093803,0.69
215,3,val,19.366877,0.70
215,4,val,39.338570,0.71
215,5,val,29.660963,0.72
215,6,val,14.168062,0.74
215,7,val,14.860515,0.75
215,8,val,16.281357,0.77
215,9,val,27.813866,0.80
215,10,val,60.508694,0.81
215,11,val,26.256842,0.82
215,12,val,19.566336,0.83
215,13,val,18.482403,0.84
215,14,val,21.810894,0.85
215,15,val,32.039310,0.85
215,16,val,55.336159,0.86
215,17,val,21.916145,0.86
215,18,val,16.047768,0.87
216,0,train,19.537502,0.20
216,1,train,20.848406,0.26
216,2,train,23.599442,0.30
216,3,train,21.459848,0.34
216,4,train,22.587898,0.39
216,5,train,22.416222,0.43
216,6,train,22.871212,0.46
216,0,val,14.946974,0.68
216,1,val,19.209408,0.70
216,2,val,43.646729,0.71
216,3,val,17.308195,0.71
216,4,val,38.105858,0.73
216,5,val,27.746731,0.74
216,6,val,15.095611,0.75
216,7,val,18.326355,0.76
216,8,val,16.386795,0.77
216,9,val,29.124489,0.78
216,10,val,66.564102,0.80
216,11,val,26.420658,0.81
216,12,val,10.329151,0.81
216,13,val,13.667854,0.83
216,14,val,31.968578,0.84
216,15,val,31.289398,0.84
216,16,val,55.112274,0.85
216,17,val,20.373436,0.85
216,18,val,17.753618,0.86
217,0,train,20.791512,0.19
217,1,train,24.752594,0.25
217,2,train,22.060411,0.30
217,3,train,20.500229,0.34
217,4,train,25.063629,0.38
217,5,train,24.597763,0.41
217,6,train,26.031942,0.45
217,0,val,17.841625,0.62
217,1,val,18.890459,0.64
217,2,val,51.432915,0.65
217,3,val,15.486321,0.65
217,4,val,40.172825,0.66
217,5,val,27.951344,0.67
217,6,val,13.917727,0.67
217,7,val,18.019754,0.68
217,8,val,16.031565,0.69
217,9,val,26.921019,0.69
217,10,val,68.794281,0.70
217,11,val,28.160969,0.71
217,12,val,11.180053,0.71
217,13,val,13.636683,0.72
217,14,val,21.379591,0.73
217,15,val,38.483105,0.74
217,16,val,58.864445,0.74
217,17,val,20.129721,0.75
217,18,val,21.086952,0.75
218,0,train,17.270607,0.14
218,1,train,21.604191,0.18
218,2,train,33.764477,0.21
218,3,train,20.658985,0.25
218,4,train,22.090639,0.28
218,5,train,18.787521,0.31
218,6,train,18.505680,0.35
218,0,val,14.743876,0.50
218,1,val,16.994209,0.51
218,2,val,43.446777,0.52
218,3,val,16.031216,0.53
218,4,val,38.799129,0.54
218,5,val,28.379408,0.54
218,6,val,16.540600,0.55
218,7,val,21.996597,0.56
218,8,val,17.657822,0.56
218,9,val,27.598997,0.57
218,10,val,59.709026,0.57
218,11,val,31.516636,0.58
218,12,val,14.750590,0.59
218,13,val,16.922623,0.59
218,14,val,23.183992,0.60
218,15,val,32.170975,0.61
218,16,val,57.551899,0.61
218,17,val,20.161840,0.61
218,18,val,16.715267,0.62
219,0,train,21.410177,0.14
219,1,train,20.223459,0.18
219,2,train,19.572575,0.21
219,3,train,19.585625,0.25
219,4,train,21.341013,0.28
219,5,train,19.602356,0.32
219,6,train,23.876080,0.35
219,0,val,16.381754,0.49
219,1,val,17.450312,0.50
219,2,val,42.538170,0.50
219,3,val,18.979027,0.52
219,4,val,39.366714,0.53
219,5,val,30.751646,0.54
219,6,val,13.369787,0.54
219,7,val,16.595343,0.55
219,8,val,17.316347,0.56
219,9,val,27.701174,0.56
219,10,val,60.944633,0.57
219,11,val,27.090170,0.58
219,12,val,14.696818,0.59
219,13,val,14.522093,0.59
219,14,val,21.580942,0.60
219,15,val,30.985838,0.60
219,16,val,55.943333,0.61
219,17,val,22.862555,0.62
219,18,val,17.183432,0.63
220,0,train,20.506226,0.14
220,1,train,16.603184,0.17
220,2,train,25.468737,0.21
220,3,train,26.868261,0.24
220,4,train,18.838081,0.28
220,5,train,16.006470,0.31
220,6,train,24.264095,0.35
220,0,val,14.462294,0.49
220,1,val,19.159174,0.50
220,2,val,48.510571,0.50
220,3,val,16.082943,0.52
220,4,val,39.158665,0.53
220,5,val,27.361332,0.53
220,6,val,13.020666,0.54
220,7,val,14.577170,0.55
220,8,val,16.078087,0.55
220,9,val,26.443695,0.56
220,10,val,63.126774,0.57
220,11,val,26.909582,0.57
220,12,val,11.810403,0.58
220,13,val,14.388523,0.59
220,14,val,25.048506,0.59
220,15,val,31.325016,0.60
220,16,val,55.312302,0.61
220,17,val,20.134926,0.62
220,18,val,18.823000,0.62
221,0,train,19.160725,0.18
221,1,train,20.913328,0.23
221,2,train,20.345924,0.27
221,3,train,25.825531,0.30
221,4,train,23.371908,0.34
221,5,train,24.605015,0.38
221,6,train,15.188995,0.41
221,0,val,14.617073,0.63
221,1,val,16.761497,0.65
221,2,val,44.337128,0.66
221,3,val,18.772692,0.67
221,4,val,38.574535,0.68
221,5,val,27.743120,0.69
221,6,val,14.679893,0.70
221,7,val,13.423640,0.71
221,8,val,16.082500,0.71
221,9,val,26.343943,0.72
221,10,val,60.939354,0.73
221,11,val,25.743292,0.74
221,12,val,18.650661,0.74
221,13,val,19.664032,0.75
221,14,val,22.722776,0.76
221,15,val,31.342808,0.76
221,16,val,55.005882,0.77
221,17,val,27.246220,0.77
221,18,val,20.137188,0.78
222,0,train,15.166048,0.14
222,1,train,25.104338,0.19
222,2,train,19.593369,0.23
222,3,train,25.415150,0.27
222,4,train,20.547905,0.30
222,5,train,16.681126,0.33
222,6,train,22.858597,0.37
222,0,val,15.719212,0.55
222,1,val,16.168489,0.57
222,2,val,43.488380,0.58
222,3,val,17.222366,0.59
222,4,val,40.323818,0.59
222,5,val,28.063717,0.60
222,6,val,15.138535,0.61
222,7,val,15.184018,0.61
222,8,val,16.867861,0.62
222,9,val,30.573845,0.62
222,10,val,58.671177,0.63
222,11,val,26.404493,0.64
222,12,val,12.474182,0.64
222,13,val,13.607058,0.65
222,14,val,20.507498,0.66
222,15,val,32.356518,0.67
222,16,val,54.539810,0.68
222,17,val,20.807728,0.68
222,18,val,17.742977,0.69
223,0,train,13.303099,0.25
223,1,train,21.542482,0.30
223,2,train,21.564709,0.33
223,3,train,24.055729,0.36
223,4,train,24.553272,0.40
223,5,train,19.821693,0.43
223,6,train,14.400179,0.46
223,0,val,18.225689,0.62
223,1,val,18.387842,0.63
223,2,val,42.810204,0.65
223,3,val,15.636353,0.65
223,4,val,39.375126,0.66
223,5,val,27.427965,0.67
223,6,val,15.158595,0.68
223,7,val,18.010136,0.69
223,8,val,17.537415,0.69
223,9,val,30.928272,0.70
223,10,val,58.828205,0.71
223,11,val,27.887400,0.72
223,12,val,10.100527,0.73
223,13,val,14.058718,0.73
223,14,val,20.477781,0.75
223,15,val,33.403976,0.76
223,16,val,54.416492,0.76
223,17,val,19.776718,0.77
223,18,val,16.045643,0.77
224,0,train,19.171116,0.15
224,1,train,16.851173,0.18
224,2,train,23.081825,0.22
224,3,train,20.295387,0.25
224,4,train,21.338305,0.29
224,5,train,15.506235,0.32
224,6,train,22.225340,0.36
224,0,val,23.631792,0.51
224,1,val,16.962393,0.52
224,2,val,51.107197,0.53
224,3,val,16.924114,0.54
224,4,val,38.268188,0.54
224,5,val,27.171148,0.55
224,6,val,12.961573,0.56
224,7,val,14.792947,0.56
224,8,val,16.497568,0.57
224,9,val,28.581493,0.58
224,10,val,63.416046,0.58
224,11,val,26.741842,0.59
224,12,val,18.069731,0.60
224,13,val,22.417597,0.60
224,14,val,22.010523,0.61
224,15,val,32.809772,0.61
224,16,val,55.521095,0.62
224,17,val,19.430155,0.63
224,18,val,16.630045,0.64
225,0,train,22.325689,0.13
225,1,train,24.887648,0.17
225,2,train,33.293503,0.20
225,3,train,22.968441,0.24
225,4,train,15.732102,0.27
225,5,train,21.951508,0.31
225,6,train,21.469599,0.34
225,0,val,16.012133,0.47
225,1,val,16.712965,0.48
225,2,val,43.796818,0.49
225,3,val,16.160587,0.49
225,4,val,38.291882,0.51
225,5,val,27.077932,0.52
225,6,val,14.041971,0.52
225,7,val,13.735003,0.53
225,8,val,25.029154,0.54
225,9,val,27.246477,0.54
225,10,val,60.760979,0.55
225,11,val,26.029604,0.56
225,12,val,10.669865,0.56
225,13,val,14.289852,0.57
225,14,val,20.808472,0.58
225,15,val,32.711395,0.58
225,16,val,61.019012,0.58
225,17,val,20.352802,0.59
225,18,val,16.737885,0.59
226,0,train,17.677906,0.13
226,1,train,22.115570,0.17
226,2,train,16.229349,0.21
226,3,train,23.090851,0.24
226,4,train,27.207117,0.28
226,5,train,23.541733,0.31
226,6,train,19.027180,0.35
226,0,val,16.247463,0.49
226,1,val,16.085888,0.50
226,2,val,42.928646,0.52
226,3,val,17.226419,0.52
226,4,val,37.837391,0.53
226,5,val,31.456509,0.54
226,6,val,22.698702,0.54
226,7,val,13.501679,0.55
226,8,val,20.440622,0.56
226,9,val,25.846920,0.57
226,10,val,59.083015,0.57
226,11,val,26.051567,0.58
226,12,val,10.102603,0.59
226,13,val,12.773699,0.59
226,14,val,21.218014,0.60
226,15,val,31.247711,0.61
226,16,val,55.448231,0.61
226,17,val,20.683949,0.62
226,18,val,16.243797,0.62
227,0,train,25.494200,0.13
227,1,train,22.945045,0.17
227,2,train,22.133379,0.21
227,3,train,29.004368,0.24
227,4,train,14.383907,0.28
227,5,train,17.467056,0.31
227,6,train,23.632626,0.34
227,0,val,16.744539,0.47
227,1,val,21.533548,0.48
227,2,val,43.036884,0.49
227,3,val,15.935572,0.49
227,4,val,38.251709,0.51
227,5,val,26.724810,0.52
227,6,val,20.874575,0.53
227,7,val,13.862774,0.54
227,8,val,16.694551,0.55
227,9,val,25.841955,0.56
227,10,val,59.237938,0.57
227,11,val,28.044893,0.58
227,12,val,10.171988,0.58
227,13,val,15.594024,0.59
227,14,val,20.285521,0.60
227,15,val,31.703184,0.60
227,16,val,54.137131,0.61
227,17,val,20.402594,0.61
227,18,val,17.242922,0.62
228,0,train,17.479229,0.13
228,1,train,25.865719,0.18
228,2,train,26.288971,0.21
228,3,train,15.035717,0.31
228,4,train,21.092861,0.35
228,5,train,19.256718,0.38
228,6,train,23.313862,0.41
228,0,val,15.807981,0.55
228,1,val,17.491545,0.56
228,2,val,48.694756,0.56
228,3,val,15.939839,0.57
228,4,val,38.106327,0.58
228,5,val,28.095470,0.59
228,6,val,12.950009,0.60
228,7,val,13.501369,0.60
228,8,val,21.857454,0.61
228,9,val,33.406860,0.62
228,10,val,58.326881,0.62
228,11,val,27.744843,0.63
228,12,val,10.432761,0.64
228,13,val,14.717537,0.64
228,14,val,22.541002,0.65
228,15,val,31.543283,0.65
228,16,val,56.633175,0.66
228,17,val,20.920866,0.66
228,18,val,16.722427,0.67
229,0,train,19.110035,0.13
229,1,train,26.138287,0.17
229,2,train,26.909754,0.20
229,3,train,14.752031,0.24
229,4,train,23.020275,0.28
229,5,train,20.236917,0.31
229,6,train,25.254707,0.34
229,0,val,15.021990,0.48
229,1,val,17.684067,0.48
229,2,val,80.694069,0.49
229,3,val,15.748816,0.50
229,4,val,43.608662,0.52
229,5,val,27.633722,0.53
229,6,val,15.270815,0.53
229,7,val,14.474636,0.54
229,8,val,17.164560,0.55
229,9,val,30.741796,0.56
229,10,val,58.196709,0.56
229,11,val,30.361183,0.57
229,12,val,11.632173,0.58
229,13,val,15.186305,0.58
229,14,val,20.764708,0.59
229,15,val,31.168913,0.60
229,16,val,57.245975,0.60
229,17,val,20.458204,0.61
229,18,val,17.997299,0.62
230,0,train,20.619766,0.15
230,1,train,29.472733,0.18
230,2,train,25.011837,0.22
230,3,train,18.816666,0.26
230,4,train,16.431107,0.30
230,5,train,24.488750,0.33
230,6,train,24.804756,0.37
230,0,val,15.039740,0.56
230,1,val,16.723902,0.59
230,2,val,46.394695,0.60
230,3,val,16.523653,0.61
230,4,val,38.066612,0.62
230,5,val,27.332167,0.62
230,6,val,12.839615,0.64
230,7,val,13.794956,0.65
230,8,val,15.847439,0.65
230,9,val,26.691729,0.66
230,10,val,59.049854,0.68
230,11,val,26.274658,0.69
230,12,val,10.573932,0.70
230,13,val,14.473894,0.70
230,14,val,22.401445,0.71
230,15,val,32.468952,0.72
230,16,val,55.062656,0.72
230,17,val,19.789419,0.73
230,18,val,17.305033,0.73
231,0,train,16.044563,0.22
231,1,train,20.983772,0.28
231,2,train,15.520543,0.34
231,3,train,21.123379,0.38
231,4,train,25.187059,0.41
231,5,train,21.118368,0.45
231,6,train,19.508667,0.48
231,0,val,14.904845,0.74
231,1,val,16.152504,0.76
231,2,val,50.489799,0.76
231,3,val,16.771742,0.77
231,4,val,37.556686,0.78
231,5,val,39.603848,0.79
231,6,val,18.510088,0.80
231,7,val,13.674884,0.81
231,8,val,18.053627,0.82
231,9,val,28.100931,0.82
231,10,val,57.414371,0.83
231,11,val,26.051283,0.84
231,12,val,10.224424,0.86
231,13,val,16.956652,0.87
231,14,val,21.627945,0.88
231,15,val,31.153727,0.88
231,16,val,55.343143,0.89
231,17,val,20.777504,0.89
231,18,val,19.448214,0.90
232,0,train,25.719181,0.20
232,1,train,16.234060,0.26
232,2,train,19.297285,0.30
232,3,train,17.238798,0.34
232,4,train,21.626677,0.38
232,5,train,21.124088,0.41
232,6,train,16.820133,0.45
232,0,val,17.855278,0.72
232,1,val,16.511343,0.75
232,2,val,43.312309,0.76
232,3,val,16.726948,0.77
232,4,val,37.315636,0.78
232,5,val,26.715588,0.79
232,6,val,12.468475,0.81
232,7,val,13.372061,0.82
232,8,val,16.369682,0.84
232,9,val,27.292315,0.86
232,10,val,57.991371,0.88
232,11,val,26.978867,0.90
232,12,val,10.768662,0.91
232,13,val,13.838772,0.93
232,14,val,19.912996,0.94
232,15,val,30.344477,0.95
232,16,val,55.171494,0.95
232,17,val,26.184998,0.96
232,18,val,17.091803,0.97
233,0,train,24.493528,0.35
233,1,train,14.305105,0.42
233,2,train,14.665666,0.47
233,3,train,15.917563,0.51
233,4,train,25.009853,0.54
233,5,train,19.782894,0.57
233,6,train,16.763470,0.61
233,0,val,16.625481,0.80
233,1,val,17.385019,0.82
233,2,val,48.056629,0.84
233,3,val,16.174679,0.85
233,4,val,37.094269,0.85
233,5,val,31.144350,0.86
233,6,val,17.619429,0.87
233,7,val,15.419089,0.88
233,8,val,16.053335,0.89
233,9,val,27.719526,0.90
233,10,val,62.853748,0.91
233,11,val,25.642632,0.93
233,12,val,11.994141,0.94
233,13,val,14.572141,0.95
233,14,val,22.746748,0.97
233,15,val,30.616856,0.98
233,16,val,56.282372,0.99
233,17,val,19.199398,1.00
233,18,val,16.121227,1.01
234,0,train,19.485153,0.22
234,1,train,15.983452,0.28
234,2,train,19.768862,0.32
234,3,train,13.888748,0.35
234,4,train,16.483721,0.40
234,5,train,19.204620,0.44
234,6,train,18.310905,0.47
234,0,val,17.243959,0.67
234,1,val,17.925196,0.68
234,2,val,45.219963,0.69
234,3,val,16.384272,0.70
234,4,val,36.666721,0.71
234,5,val,26.470734,0.72
234,6,val,16.998137,0.73
234,7,val,17.224522,0.74
234,8,val,16.169178,0.75
234,9,val,25.797173,0.76
234,10,val,57.746765,0.77
234,11,val,25.414982,0.79
234,12,val,10.291004,0.81
234,13,val,13.200873,0.82
234,14,val,22.330738,0.83
234,15,val,32.855762,0.84
234,16,val,53.942287,0.85
234,17,val,22.405495,0.86
234,18,val,17.388515,0.87
235,0,train,24.230534,0.20
235,1,train,28.894924,0.26
235,2,train,22.457548,0.32
235,3,train,24.682274,0.36
235,4,train,25.670301,0.39
235,5,train,21.445868,0.43
235,6,train,21.920498,0.47
235,0,val,14.632823,0.63
235,1,val,17.075161,0.64
235,2,val,42.073692,0.66
235,3,val,22.236017,0.67
235,4,val,36.965687,0.67
235,5,val,29.187496,0.68
235,6,val,14.390431,0.69
235,7,val,13.288605,0.69
235,8,val,16.409300,0.70
235,9,val,26.012337,0.71
235,10,val,58.271267,0.71
235,11,val,27.019360,0.72
235,12,val,10.335297,0.73
235,13,val,14.152469,0.74
235,14,val,21.444567,0.74
235,15,val,30.477068,0.76
235,16,val,55.168888,0.76
235,17,val,19.813021,0.77
235,18,val,15.749406,0.77
236,0,train,20.668549,0.17
236,1,train,20.175163,0.22
236,2,train,20.860466,0.27
236,3,train,20.803741,0.32
236,4,train,21.506842,0.37
236,5,train,24.716461,0.40
236,6,train,18.808907,0.44
236,0,val,18.670275,0.59
236,1,val,18.152636,0.59
236,2,val,42.302799,0.60
236,3,val,25.078176,0.61
236,4,val,37.440807,0.62
236,5,val,27.059795,0.63
236,6,val,13.804629,0.64
236,7,val,17.124786,0.64
236,8,val,16.106583,0.65
236,9,val,28.079514,0.66
236,10,val,59.189682,0.66
236,11,val,26.227867,0.67
236,12,val,10.233641,0.68
236,13,val,13.809510,0.68
236,14,val,20.086239,0.69
236,15,val,33.802578,0.69
236,16,val,54.386528,0.70
236,17,val,19.455236,0.71
236,18,val,17.465511,0.71
237,0,train,25.104738,0.14
237,1,train,18.480433,0.18
237,2,train,15.784471,0.22
237,3,train,24.470909,0.25
237,4,train,22.251762,0.30
237,5,train,24.482582,0.33
237,6,train,17.866013,0.37
237,0,val,15.019659,0.53
237,1,val,22.310677,0.56
237,2,val,40.719254,0.56
237,3,val,15.400820,0.58
237,4,val,37.233124,0.59
237,5,val,27.554281,0.59
237,6,val,15.721108,0.60
237,7,val,13.438901,0.61
237,8,val,15.673766,0.61
237,9,val,30.407917,0.62
237,10,val,67.819221,0.63
237,11,val,25.787169,0.63
237,12,val,9.442309,0.64
237,13,val,13.879852,0.65
237,14,val,19.887526,0.66
237,15,val,30.373430,0.66
237,16,val,53.362061,0.67
237,17,val,19.535700,0.67
237,18,val,18.421646,0.68
238,0,train,18.395983,0.14
238,1,train,17.452602,0.18
238,2,train,23.777729,0.21
238,3,train,17.874914,0.25
238,4,train,22.847946,0.29
238,5,train,17.095894,0.32
238,6,train,21.910557,0.36
238,0,val,14.748150,0.50
238,1,val,17.541847,0.51
238,2,val,42.216637,0.51
238,3,val,18.426550,0.53
238,4,val,36.743778,0.54
238,5,val,38.033592,0.54
238,6,val,14.596827,0.55
238,7,val,13.892235,0.56
238,8,val,17.091501,0.56
238,9,val,27.364077,0.57
238,10,val,61.061470,0.58
238,11,val,31.159050,0.58
238,12,val,12.735772,0.59
238,13,val,12.891881,0.60
238,14,val,22.339016,0.61
238,15,val,35.399433,0.61
238,16,val,53.536518,0.62
238,17,val,19.414320,0.62
238,18,val,17.084332,0.63
239,0,train,19.753368,0.14
239,1,train,25.963699,0.18
239,2,train,25.113827,0.22
239,3,train,24.086771,0.26
239,4,train,20.874096,0.29
239,5,train,18.816572,0.33
239,6,train,19.549009,0.36
239,0,val,15.186579,0.50
239,1,val,16.910538,0.51
239,2,val,43.957970,0.52
239,3,val,17.958305,0.53
239,4,val,38.438972,0.54
239,5,val,26.714603,0.54
239,6,val,12.966012,0.55
239,7,val,16.132488,0.56
239,8,val,15.546866,0.56
239,9,val,25.409740,0.57
239,10,val,56.591732,0.58
239,11,val,25.439823,0.58
239,12,val,9.877390,0.59
239,13,val,14.803819,0.60
239,14,val,20.308035,0.60
239,15,val,30.301893,0.61
239,16,val,54.214512,0.61
239,17,val,20.588688,0.62
239,18,val,16.040430,0.63
240,0,train,20.514263,0.14
240,1,train,20.010614,0.19
240,2,train,17.307390,0.22
240,3,train,24.742363,0.26
240,4,train,20.474594,0.29
240,5,train,20.221684,0.33
240,6,train,19.079687,0.36
240,0,val,19.037920,0.49
240,1,val,16.477491,0.50
240,2,val,44.181084,0.50
240,3,val,16.019779,0.51
240,4,val,37.335045,0.52
240,5,val,26.128490,0.53
240,6,val,13.140493,0.54
240,7,val,13.116209,0.55
240,8,val,16.931139,0.55
240,9,val,25.420418,0.56
240,10,val,57.919312,0.57
240,11,val,28.559837,0.58
240,12,val,9.625225,0.58
240,13,val,15.297489,0.59
240,14,val,28.039553,0.60
240,15,val,30.845655,0.60
240,16,val,53.307404,0.60
240,17,val,19.704762,0.61
240,18,val,15.844863,0.61
241,0,train,25.006802,0.15
241,1,train,19.267162,0.19
241,2,train,17.175705,0.22
241,3,train,19.325926,0.26
241,4,train,21.555754,0.30
241,5,train,22.516535,0.33
241,6,train,22.130714,0.37
241,0,val,14.078536,0.50
241,1,val,16.076820,0.51
241,2,val,41.353943,0.52
241,3,val,15.689537,0.53
241,4,val,38.118652,0.54
241,5,val,25.676558,0.55
241,6,val,16.204956,0.56
241,7,val,13.982353,0.56
241,8,val,16.990778,0.57
241,9,val,26.115578,0.58
241,10,val,56.541267,0.58
241,11,val,25.592928,0.59
241,12,val,10.164624,0.60
241,13,val,13.861854,0.60
241,14,val,19.808163,0.61
241,15,val,31.370176,0.62
241,16,val,53.020935,0.62
241,17,val,19.663437,0.63
241,18,val,16.876202,0.64
242,0,train,29.752588,0.17
242,1,train,33.782448,0.21
242,2,train,22.202976,0.24
242,3,train,22.375813,0.28
242,4,train,19.788343,0.32
242,5,train,19.255463,0.35
242,6,train,32.206768,0.38
242,0,val,21.831406,0.53
242,1,val,23.896048,0.53
242,2,val,43.466400,0.54
242,3,val,16.508469,0.56
242,4,val,37.002850,0.56
242,5,val,28.459972,0.57
242,6,val,16.522734,0.58
242,7,val,14.455268,0.58
242,8,val,16.143805,0.59
242,9,val,25.804756,0.60
242,10,val,58.559658,0.60
242,11,val,25.504932,0.61
242,12,val,15.436055,0.62
242,13,val,14.346546,0.62
242,14,val,20.094011,0.63
242,15,val,37.015179,0.64
242,16,val,53.642345,0.64
242,17,val,19.511595,0.65
242,18,val,15.566601,0.66
243,0,train,25.504299,0.14
243,1,train,14.951596,0.18
243,2,train,21.577705,0.21
243,3,train,19.780474,0.24
243,4,train,23.752455,0.28
243,5,train,15.965965,0.31
243,6,train,18.403860,0.35
243,0,val,21.181744,0.50
243,1,val,16.328392,0.50
243,2,val,48.118378,0.52
243,3,val,15.919134,0.52
243,4,val,37.463482,0.53
243,5,val,25.722219,0.54
243,6,val,15.513624,0.54
243,7,val,15.569128,0.55
243,8,val,17.235291,0.56
243,9,val,26.083569,0.56
243,10,val,56.974533,0.57
243,11,val,26.323343,0.58
243,12,val,11.881099,0.59
243,13,val,24.781446,0.59
243,14,val,20.217939,0.60
243,15,val,31.713287,0.60
243,16,val,57.943974,0.61
243,17,val,19.660963,0.62
243,18,val,15.657749,0.63
244,0,train,27.235371,0.14
244,1,train,21.197628,0.19
244,2,train,24.043102,0.22
244,3,train,17.059887,0.25
244,4,train,22.323292,0.29
244,5,train,17.559868,0.32
244,6,train,24.742615,0.36
244,0,val,15.889627,0.49
244,1,val,19.435083,0.50
244,2,val,41.380608,0.51
244,3,val,16.831005,0.51
244,4,val,36.176971,0.53
244,5,val,27.636877,0.53
244,6,val,15.993065,0.54
244,7,val,14.931629,0.55
244,8,val,18.915382,0.56
244,9,val,25.904030,0.56
244,10,val,56.986645,0.57
244,11,val,25.315079,0.58
244,12,val,10.213413,0.58
244,13,val,15.524995,0.59
244,14,val,20.336245,0.60
244,15,val,32.589825,0.60
244,16,val,52.170765,0.61
244,17,val,26.959969,0.61
244,18,val,15.761062,0.62
245,0,train,27.053230,0.13
245,1,train,23.725248,0.18
245,2,train,20.426535,0.22
245,3,train,22.806038,0.25
245,4,train,19.929596,0.29
245,5,train,18.403614,0.32
245,6,train,22.449619,0.35
245,0,val,21.941917,0.50
245,1,val,16.261202,0.51
245,2,val,40.436649,0.51
245,3,val,17.286301,0.53
245,4,val,37.190319,0.54
245,5,val,26.532148,0.55
245,6,val,17.805107,0.55
245,7,val,18.534279,0.56
245,8,val,18.283361,0.57
245,9,val,25.669628,0.58
245,10,val,56.394451,0.58
245,11,val,29.340481,0.59
245,12,val,10.946382,0.60
245,13,val,12.812804,0.61
245,14,val,29.266325,0.61
245,15,val,30.421867,0.62
245,16,val,53.344311,0.63
245,17,val,19.891747,0.63
245,18,val,17.089228,0.64
246,0,train,20.240746,0.14
246,1,train,20.800056,0.18
246,2,train,20.580524,0.21
246,3,train,17.595581,0.25
246,4,train,23.642895,0.28
246,5,train,22.738012,0.32
246,6,train,20.613937,0.35
246,0,val,14.091929,0.49
246,1,val,16.137959,0.50
246,2,val,40.341141,0.51
246,3,val,16.127502,0.53
246,4,val,36.665283,0.54
246,5,val,27.882162,0.55
246,6,val,16.196159,0.55
246,7,val,13.079926,0.56
246,8,val,20.679441,0.57
246,9,val,26.473034,0.58
246,10,val,59.335930,0.58
246,11,val,27.685246,0.59
246,12,val,11.240637,0.60
246,13,val,12.622322,0.60
246,14,val,20.463295,0.61
246,15,val,32.928051,0.61
246,16,val,53.387268,0.62
246,17,val,19.210234,0.63
246,18,val,15.728090,0.63
247,0,train,18.351551,0.14
247,1,train,23.833574,0.18
247,2,train,21.062916,0.22
247,3,train,15.023781,0.25
247,4,train,18.566864,0.29
247,5,train,20.167774,0.32
247,6,train,17.118971,0.35
247,0,val,14.828221,0.49
247,1,val,17.258001,0.50
247,2,val,40.945076,0.50
247,3,val,15.670054,0.52
247,4,val,36.305954,0.52
247,5,val,26.464142,0.53
247,6,val,16.709930,0.54
247,7,val,14.800778,0.55
247,8,val,16.674017,0.55
247,9,val,26.050262,0.56
247,10,val,58.302345,0.57
247,11,val,32.275749,0.58
247,12,val,11.473374,0.59
247,13,val,12.151255,0.60
247,14,val,20.227507,0.61
247,15,val,33.388496,0.62
247,16,val,52.705196,0.63
247,17,val,21.960043,0.64
247,18,val,15.841037,0.65
248,0,train,21.016083,0.21
248,1,train,24.161911,0.26
248,2,train,14.612898,0.30
248,3,train,16.360348,0.34
248,4,train,29.902897,0.38
248,5,train,16.267818,0.41
248,6,train,13.595666,0.45
248,0,val,14.663096,0.70
248,1,val,16.479733,0.71
248,2,val,40.216000,0.72
248,3,val,17.039824,0.73
248,4,val,40.072784,0.74
248,5,val,25.612059,0.75
248,6,val,12.540403,0.76
248,7,val,14.572558,0.77
248,8,val,16.624310,0.78
248,9,val,25.442728,0.79
248,10,val,57.101906,0.79
248,11,val,29.915806,0.80
248,12,val,11.798562,0.82
248,13,val,20.205410,0.83
248,14,val,18.973686,0.84
248,15,val,31.706173,0.84
248,16,val,53.121475,0.85
248,17,val,22.040945,0.85
248,18,val,17.866505,0.86
249,0,train,20.201508,0.18
249,1,train,18.288082,0.24
249,2,train,21.941059,0.29
249,3,train,23.257252,0.33
249,4,train,14.578558,0.36
249,5,train,17.854944,0.39
249,6,train,18.683308,0.43
249,0,val,15.196859,0.66
249,1,val,16.437769,0.69
249,2,val,46.230385,0.71
249,3,val,16.950594,0.72
249,4,val,36.164364,0.73
249,5,val,28.129017,0.74
249,6,val,12.944727,0.75
249,7,val,13.672462,0.77
249,8,val,15.412596,0.79
249,9,val,25.494289,0.82
249,10,val,55.738380,0.83
249,11,val,24.718475,0.85
249,12,val,9.743525,0.86
249,13,val,13.332510,0.87
249,14,val,19.399164,0.88
249,15,val,29.998199,0.89
249,16,val,59.051941,0.89
249,17,val,20.198793,0.90
249,18,val,15.565530,0.90
250,0,train,22.380997,0.30
250,1,train,26.208157,0.36
250,2,train,19.596725,0.40
250,3,train,20.582863,0.44
250,4,train,15.793180,0.48
250,5,train,21.378906,0.52
250,6,train,20.458431,0.55
250,0,val,14.335552,0.77
250,1,val,21.835699,0.79
250,2,val,39.941933,0.80
250,3,val,17.780846,0.81
250,4,val,38.336884,0.82
250,5,val,30.714855,0.83
250,6,val,13.522097,0.83
250,7,val,14.478555,0.84
250,8,val,15.290768,0.85
250,9,val,27.352009,0.86
250,10,val,55.601910,0.87
250,11,val,26.428795,0.88
250,12,val,12.811751,0.89
250,13,val,14.326786,0.90
250,14,val,19.518902,0.91
250,15,val,31.065672,0.92
250,16,val,52.530273,0.92
250,17,val,18.906551,0.93
250,18,val,16.786451,0.94
251,0,train,19.235262,0.24
251,1,train,23.313276,0.30
251,2,train,19.492126,0.34
251,3,train,25.644859,0.37
251,4,train,15.540778,0.41
251,5,train,17.711605,0.44
251,6,train,18.549458,0.48
251,0,val,18.742453,0.70
251,1,val,19.349487,0.73
251,2,val,40.556133,0.74
251,3,val,15.597059,0.75
251,4,val,36.731190,0.76
251,5,val,25.407429,0.77
251,6,val,18.061604,0.78
251,7,val,15.594024,0.79
251,8,val,15.106359,0.79
251,9,val,26.816523,0.80
251,10,val,56.688766,0.82
251,11,val,25.299820,0.83
251,12,val,11.710728,0.84
251,13,val,14.246219,0.85
251,14,val,19.618866,0.86
251,15,val,40.842266,0.86
251,16,val,52.351830,0.87
251,17,val,19.058947,0.88
251,18,val,16.069027,0.88
252,0,train,14.656274,0.21
252,1,train,22.490707,0.27
252,2,train,20.653440,0.32
252,3,train,14.968872,0.37
252,4,train,20.294981,0.40
252,5,train,20.489346,0.44
252,6,train,19.036049,0.48
252,0,val,21.151217,0.66
252,1,val,17.809580,0.68
252,2,val,40.040825,0.69
252,3,val,15.775430,0.70
252,4,val,38.065926,0.71
252,5,val,26.131325,0.72
252,6,val,19.722128,0.73
252,7,val,13.682201,0.74
252,8,val,15.708112,0.75
252,9,val,26.995157,0.76
252,10,val,54.812416,0.78
252,11,val,25.232325,0.79
252,12,val,9.605570,0.79
252,13,val,14.859813,0.80
252,14,val,18.829378,0.81
252,15,val,29.706104,0.82
252,16,val,59.001320,0.82
252,17,val,19.068260,0.83
252,18,val,25.100670,0.83
253,0,train,19.711361,0.21
253,1,train,21.165176,0.26
253,2,train,21.862259,0.31
253,3,train,19.601730,0.35
253,4,train,17.874981,0.39
253,5,train,21.732849,0.43
253,6,train,15.834419,0.46
253,0,val,13.714402,0.66
253,1,val,16.593464,0.68
253,2,val,41.365429,0.68
253,3,val,16.062904,0.69
253,4,val,36.055359,0.70
253,5,val,25.932728,0.70
253,6,val,15.091993,0.71
253,7,val,13.500486,0.72
253,8,val,15.189160,0.73
253,9,val,25.153126,0.73
253,10,val,61.948288,0.74
253,11,val,25.697674,0.75
253,12,val,14.888342,0.75
253,13,val,14.324334,0.76
253,14,val,20.135567,0.77
253,15,val,31.720564,0.77
253,16,val,53.826950,0.78
253,17,val,19.427757,0.78
253,18,val,15.730788,0.79
254,0,train,15.831748,0.14
254,1,train,14.555619,0.18
254,2,train,18.333538,0.21
254,3,train,22.783257,0.25
254,4,train,17.748652,0.28
254,5,train,14.695028,0.32
254,6,train,23.631918,0.36
254,0,val,17.451426,0.50
254,1,val,17.634422,0.51
254,2,val,50.645409,0.53
254,3,val,15.642030,0.53
254,4,val,35.542599,0.54
254,5,val,25.693781,0.55
254,6,val,19.010128,0.55
254,7,val,12.965059,0.56
254,8,val,15.023826,0.57
254,9,val,27.891296,0.58
254,10,val,56.228439,0.58
254,11,val,24.854282,0.59
254,12,val,10.117539,0.60
254,13,val,16.506348,0.61
254,14,val,19.300329,0.61
254,15,val,32.449463,0.62
254,16,val,53.060707,0.63
254,17,val,25.399586,0.63
254,18,val,21.848587,0.64
255,0,train,15.145486,0.20
255,1,train,18.861877,0.24
255,2,train,15.717171,0.29
255,3,train,20.447205,0.32
255,4,train,17.676861,0.36
255,5,train,23.175762,0.39
255,6,train,21.802729,0.43
255,0,val,14.669834,0.61
255,1,val,17.226147,0.64
255,2,val,40.308365,0.65
255,3,val,15.896346,0.66
255,4,val,36.436115,0.67
255,5,val,32.329319,0.68
255,6,val,14.970113,0.69
255,7,val,13.613990,0.70
255,8,val,15.485283,0.71
255,9,val,25.117231,0.72
255,10,val,55.496746,0.74
255,11,val,24.872257,0.75
255,12,val,12.305054,0.76
255,13,val,13.231783,0.77
255,14,val,18.951504,0.78
255,15,val,32.091400,0.78
255,16,val,52.650650,0.79
255,17,val,19.746964,0.80
255,18,val,15.730024,0.80
256,0,train,16.525272,0.24
256,1,train,21.082485,0.30
256,2,train,20.473328,0.34
256,3,train,22.874584,0.39
256,4,train,18.066467,0.44
256,5,train,18.174271,0.49
256,6,train,20.871166,0.53
256,0,val,14.561092,0.69
256,1,val,15.648932,0.70
256,2,val,42.303185,0.71
256,3,val,24.118986,0.72
256,4,val,36.920258,0.73
256,5,val,26.383718,0.73
256,6,val,12.734205,0.74
256,7,val,13.312831,0.75
256,8,val,16.135126,0.75
256,9,val,29.433681,0.76
256,10,val,54.218216,0.77
256,11,val,25.082827,0.78
256,12,val,11.644719,0.78
256,13,val,15.766041,0.79
256,14,val,19.102118,0.80
256,15,val,30.638050,0.81
256,16,val,51.688339,0.81
256,17,val,21.371855,0.82
256,18,val,15.494876,0.82
257,0,train,14.609180,0.28
257,1,train,15.367646,0.33
257,2,train,17.241821,0.38
257,3,train,17.394291,0.42
257,4,train,24.319323,0.46
257,5,train,19.676296,0.49
257,6,train,22.106049,0.53
257,0,val,15.779613,0.66
257,1,val,17.660387,0.66
257,2,val,40.926483,0.67
257,3,val,15.017394,0.68
257,4,val,36.707115,0.69
257,5,val,25.647863,0.70
257,6,val,17.658314,0.71
257,7,val,17.083046,0.72
257,8,val,22.231743,0.73
257,9,val,26.307648,0.74
257,10,val,55.983315,0.75
257,11,val,35.185593,0.76
257,12,val,10.677484,0.76
257,13,val,12.499718,0.77
257,14,val,19.545794,0.78
257,15,val,37.981682,0.80
257,16,val,53.290913,0.81
257,17,val,22.405432,0.82
257,18,val,15.100132,0.82
258,0,train,16.460663,0.15
258,1,train,21.275640,0.20
258,2,train,21.502048,0.24
258,3,train,18.972284,0.28
258,4,train,18.887699,0.33
258,5,train,18.611298,0.37
258,6,train,14.632114,0.41
258,0,val,16.616718,0.56
258,1,val,24.523304,0.57
258,2,val,42.998299,0.57
258,3,val,15.932240,0.59
258,4,val,34.918808,0.60
258,5,val,24.746166,0.61
258,6,val,13.691974,0.61
258,7,val,13.812218,0.62
258,8,val,20.571524,0.63
258,9,val,24.819454,0.63
258,10,val,54.551731,0.64
258,11,val,29.198898,0.65
258,12,val,11.576315,0.66
258,13,val,13.111954,0.66
258,14,val,19.744841,0.67
258,15,val,30.062872,0.68
258,16,val,55.321598,0.68
258,17,val,19.995079,0.69
258,18,val,19.207211,0.69
259,0,train,18.657116,0.14
259,1,train,17.212965,0.19
259,2,train,19.940943,0.24
259,3,train,23.325794,0.27
259,4,train,18.745501,0.31
259,5,train,18.938944,0.34
259,6,train,22.673672,0.38
259,0,val,14.235632,0.52
259,1,val,16.657467,0.53
259,2,val,40.882351,0.53
259,3,val,16.062786,0.55
259,4,val,35.528542,0.56
259,5,val,29.778107,0.57
259,6,val,15.878232,0.57
259,7,val,12.356936,0.58
259,8,val,15.266885,0.59
259,9,val,27.023365,0.60
259,10,val,54.077198,0.60
259,11,val,25.443115,0.61
259,12,val,9.611351,0.62
259,13,val,13.418750,0.62
259,14,val,21.362585,0.63
259,15,val,30.067970,0.63
259,16,val,55.004356,0.64
259,17,val,20.450249,0.65
259,18,val,17.660181,0.65
260,0,train,19.864380,0.14
260,1,train,23.136818,0.18
260,2,train,17.728098,0.22
260,3,train,17.456722,0.25
260,4,train,19.367651,0.29
260,5,train,19.170879,0.32
260,6,train,20.372677,0.36
260,0,val,19.375954,0.49
260,1,val,15.395118,0.50
260,2,val,41.377178,0.51
260,3,val,16.055593,0.51
260,4,val,34.901386,0.53
260,5,val,27.593800,0.53
260,6,val,14.306659,0.54
260,7,val,12.912498,0.55
260,8,val,15.805921,0.56
260,9,val,25.301409,0.56
260,10,val,55.025852,0.57
260,11,val,26.590433,0.58
260,12,val,9.547834,0.58
260,13,val,12.559643,0.59
260,14,val,19.345051,0.60
260,15,val,30.533798,0.60
260,16,val,53.383598,0.61
260,17,val,19.424707,0.61
260,18,val,15.202866,0.62
261,0,train,24.621634,0.15
261,1,train,17.125908,0.20
261,2,train,21.090908,0.23
261,3,train,20.920702,0.27
261,4,train,13.791341,0.30
261,5,train,27.015667,0.34
261,6,train,19.193619,0.37
261,0,val,16.539532,0.52
261,1,val,16.068151,0.52
261,2,val,41.013210,0.54
261,3,val,17.871607,0.55
261,4,val,34.946815,0.56
261,5,val,29.059971,0.57
261,6,val,15.033754,0.57
261,7,val,14.056309,0.58
261,8,val,15.740250,0.59
261,9,val,27.306259,0.59
261,10,val,55.308769,0.60
261,11,val,25.118027,0.61
261,12,val,14.672358,0.61
261,13,val,13.209822,0.62
261,14,val,19.899900,0.63
261,15,val,30.002279,0.64
261,16,val,52.504345,0.64
261,17,val,21.347260,0.65
261,18,val,15.599612,0.65
262,0,train,13.553459,0.15
262,1,train,13.890876,0.19
262,2,train,24.009100,0.23
262,3,train,15.785965,0.26
262,4,train,14.431177,0.30
262,5,train,17.617199,0.33
262,6,train,18.552582,0.37
262,0,val,25.214418,0.50
262,1,val,15.770525,0.51
262,2,val,39.633923,0.52
262,3,val,16.086716,0.54
262,4,val,40.556133,0.55
262,5,val,25.223387,0.56
262,6,val,12.933548,0.56
262,7,val,13.504515,0.57
262,8,val,15.972042,0.58
262,9,val,30.232414,0.59
262,10,val,54.222607,0.59
262,11,val,25.492929,0.60
262,12,val,10.225107,0.61
262,13,val,14.672901,0.62
262,14,val,21.503048,0.62
262,15,val,30.147749,0.64
262,16,val,53.810059,0.64
262,17,val,19.821316,0.65
262,18,val,18.192022,0.65
263,0,train,20.714172,0.15
263,1,train,14.930209,0.21
263,2,train,16.267302,0.25
263,3,train,15.745977,0.28
263,4,train,25.288542,0.32
263,5,train,14.757421,0.36
263,6,train,21.307079,0.39
263,0,val,13.945499,0.59
263,1,val,15.613232,0.64
263,2,val,43.543491,0.65
263,3,val,17.447601,0.65
263,4,val,39.766468,0.66
263,5,val,27.224133,0.67
263,6,val,13.296971,0.68
263,7,val,13.274041,0.69
263,8,val,16.796324,0.70
263,9,val,28.255674,0.72
263,10,val,53.843269,0.73
263,11,val,25.475233,0.74
263,12,val,12.634332,0.75
263,13,val,13.452457,0.76
263,14,val,19.884972,0.77
263,15,val,30.497087,0.78
263,16,val,51.158943,0.78
263,17,val,20.580101,0.79
263,18,val,15.227664,0.79
264,0,train,16.867714,0.21
264,1,train,19.719877,0.27
264,2,train,11.850891,0.31
264,3,train,17.682182,0.34
264,4,train,24.817024,0.38
264,5,train,19.942984,0.42
264,6,train,18.787910,0.45
264,0,val,18.461706,0.65
264,1,val,19.167812,0.67
264,2,val,41.733295,0.68
264,3,val,15.556383,0.69
264,4,val,34.963409,0.70
264,5,val,27.449383,0.72
264,6,val,12.644407,0.73
264,7,val,14.369469,0.74
264,8,val,26.200857,0.75
264,9,val,24.758699,0.76
264,10,val,54.327118,0.77
264,11,val,24.636122,0.78
264,12,val,9.337316,0.79
264,13,val,13.421493,0.80
264,14,val,19.184231,0.81
264,15,val,30.709551,0.82
264,16,val,51.526760,0.82
264,17,val,20.049965,0.83
264,18,val,16.653648,0.83
265,0,train,18.163969,0.19
265,1,train,20.306953,0.23
265,2,train,17.606987,0.28
265,3,train,17.901789,0.31
265,4,train,23.273033,0.35
265,5,train,13.299954,0.38
265,6,train,17.024597,0.42
265,0,val,15.375295,0.58
265,1,val,24.258789,0.61
265,2,val,40.600464,0.62
265,3,val,26.533535,0.64
265,4,val,35.934517,0.65
265,5,val,25.844395,0.66
265,6,val,12.124608,0.67
265,7,val,15.661911,0.68
265,8,val,16.726141,0.69
265,9,val,24.062817,0.70
265,10,val,55.638107,0.71
265,11,val,25.241095,0.71
265,12,val,11.177870,0.73
265,13,val,12.473627,0.74
265,14,val,19.355520,0.75
265,15,val,29.136753,0.75
265,16,val,52.133503,0.76
265,17,val,21.386904,0.77
265,18,val,14.623393,0.77
266,0,train,17.382458,0.23
266,1,train,20.429104,0.28
266,2,train,26.196960,0.32
266,3,train,14.930079,0.35
266,4,train,16.573463,0.39
266,5,train,19.249374,0.43
266,6,train,13.326365,0.46
266,0,val,14.001507,0.65
266,1,val,16.190523,0.67
266,2,val,39.134495,0.68
266,3,val,15.170963,0.69
266,4,val,36.866913,0.70
266,5,val,25.156828,0.71
266,6,val,12.463368,0.72
266,7,val,20.552177,0.73
266,8,val,15.125838,0.74
266,9,val,25.716999,0.75
266,10,val,55.067410,0.75
266,11,val,26.597778,0.77
266,12,val,10.590308,0.78
266,13,val,13.537398,0.79
266,14,val,19.242596,0.80
266,15,val,29.905567,0.80
266,16,val,52.523323,0.81
266,17,val,18.783949,0.81
266,18,val,32.615223,0.82
267,0,train,18.604641,0.24
267,1,train,17.493464,0.31
267,2,train,20.877598,0.35
267,3,train,15.848028,0.38
267,4,train,22.562878,0.42
267,5,train,17.813450,0.45
267,6,train,24.748760,0.49
267,0,val,14.076861,0.68
267,1,val,16.809912,0.71
267,2,val,38.727459,0.72
267,3,val,22.231783,0.73
267,4,val,34.752056,0.74
267,5,val,28.643244,0.76
267,6,val,14.431536,0.77
267,7,val,14.750008,0.78
267,8,val,15.296892,0.79
267,9,val,25.569418,0.81
267,10,val,53.042400,0.82
267,11,val,26.176306,0.83
267,12,val,12.550600,0.84
267,13,val,12.843451,0.85
267,14,val,20.441236,0.86
267,15,val,29.978138,0.87
267,16,val,55.144375,0.87
267,17,val,19.382729,0.88
267,18,val,15.653264,0.89
268,0,train,19.573627,0.22
268,1,train,16.484850,0.26
268,2,train,12.917011,0.31
268,3,train,17.926786,0.36
268,4,train,24.333431,0.45
268,5,train,17.559715,0.49
268,6,train,15.138134,0.52
268,0,val,14.820775,0.73
268,1,val,19.976191,0.75
268,2,val,41.239117,0.76
268,3,val,15.567908,0.77
268,4,val,39.258106,0.78
268,5,val,25.568911,0.80
268,6,val,12.322110,0.81
268,7,val,15.341019,0.82
268,8,val,15.759919,0.83
268,9,val,24.755606,0.85
268,10,val,53.038620,0.87
268,11,val,24.388323,0.88
268,12,val,9.190633,0.89
268,13,val,16.402674,0.90
268,14,val,18.986805,0.92
268,15,val,32.140621,0.93
268,16,val,51.240093,0.95
268,17,val,19.030691,0.97
268,18,val,15.115864,0.98
269,0,train,24.707077,0.16
269,1,train,22.801895,0.21
269,2,train,22.427801,0.26
269,3,train,16.692371,0.31
269,4,train,22.909323,0.35
269,5,train,18.310286,0.38
269,6,train,18.427778,0.42
269,0,val,14.737965,0.57
269,1,val,15.873199,0.59
269,2,val,39.669941,0.59
269,3,val,15.716119,0.60
269,4,val,35.909985,0.61
269,5,val,25.663616,0.62
269,6,val,14.948626,0.62
269,7,val,14.419901,0.63
269,8,val,15.166668,0.64
269,9,val,24.300146,0.64
269,10,val,53.088734,0.65
269,11,val,24.657625,0.66
269,12,val,9.424375,0.66
269,13,val,13.851858,0.67
269,14,val,18.750566,0.68
269,15,val,28.706081,0.69
269,16,val,60.142120,0.69
269,17,val,20.822472,0.70
269,18,val,15.308662,0.70
270,0,train,19.511145,0.14
270,1,train,18.258644,0.18
270,2,train,21.561090,0.22
270,3,train,20.592468,0.25
270,4,train,22.285114,0.29
270,5,train,24.471478,0.32
270,6,train,17.966461,0.35
270,0,val,13.445053,0.49
270,1,val,17.740795,0.50
270,2,val,39.218250,0.51
270,3,val,23.839815,0.52
270,4,val,33.970669,0.53
270,5,val,35.312885,0.54
270,6,val,12.462256,0.54
270,7,val,14.647445,0.55
270,8,val,18.272421,0.56
270,9,val,35.414089,0.56
270,10,val,52.655323,0.57
270,11,val,27.430792,0.58
270,12,val,10.125496,0.58
270,13,val,21.243187,0.59
270,14,val,21.641624,0.60
270,15,val,30.357706,0.60
270,16,val,88.150970,0.60
270,17,val,25.681383,0.61
270,18,val,16.013975,0.62
271,0,train,23.008638,0.15
271,1,train,21.135487,0.19
271,2,train,13.734861,0.23
271,3,train,15.909198,0.26
271,4,train,16.571732,0.30
271,5,train,19.538185,0.33
271,6,train,21.214197,0.37
271,0,val,14.976625,0.50
271,1,val,17.109543,0.51
271,2,val,39.654701,0.52
271,3,val,15.165154,0.53
271,4,val,39.524467,0.54
271,5,val,27.156475,0.55
271,6,val,12.530651,0.55
271,7,val,12.534033,0.56
271,8,val,15.124022,0.57
271,9,val,25.736689,0.57
271,10,val,53.533604,0.58
271,11,val,24.908884,0.59
271,12,val,8.997967,0.60
271,13,val,13.661629,0.60
271,14,val,22.991102,0.61
271,15,val,31.012901,0.61
271,16,val,50.877579,0.62
271,17,val,18.896324,0.63
271,18,val,14.339304,0.63
272,0,train,18.755543,0.18
272,1,train,18.938580,0.22
272,2,train,16.254522,0.26
272,3,train,14.722649,0.29
272,4,train,22.323664,0.33
272,5,train,13.621412,0.36
272,6,train,16.530424,0.40
272,0,val,16.306654,0.54
272,1,val,16.377712,0.54
272,2,val,38.919781,0.55
272,3,val,20.166906,0.56
272,4,val,34.201370,0.57
272,5,val,27.169113,0.58
272,6,val,15.251851,0.59
272,7,val,14.180638,0.60
272,8,val,14.372595,0.60
272,9,val,30.731020,0.61
272,10,val,52.598999,0.62
272,11,val,25.601339,0.62
272,12,val,9.688118,0.63
272,13,val,13.335172,0.64
272,14,val,21.526968,0.64
272,15,val,29.254810,0.65
272,16,val,50.274025,0.65
272,17,val,18.100780,0.66
272,18,val,18.486115,0.67
273,0,train,14.015596,0.16
273,1,train,18.707975,0.20
273,2,train,20.778175,0.23
273,3,train,20.288872,0.26
273,4,train,13.066410,0.30
273,5,train,18.882633,0.33
273,6,train,21.263897,0.37
273,0,val,13.384590,0.51
273,1,val,16.236639,0.52
273,2,val,38.922588,0.54
273,3,val,15.180169,0.54
273,4,val,34.404549,0.55
273,5,val,27.084995,0.56
273,6,val,12.104813,0.56
273,7,val,13.171713,0.57
273,8,val,19.903967,0.58
273,9,val,25.136612,0.58
273,10,val,54.644905,0.59
273,11,val,25.618906,0.60
273,12,val,9.585313,0.61
273,13,val,14.067441,0.61
273,14,val,19.009901,0.62
273,15,val,28.994190,0.63
273,16,val,50.392239,0.63
273,17,val,19.510986,0.64
273,18,val,16.521856,0.64
274,0,train,19.473785,0.18
274,1,train,18.507965,0.22
274,2,train,19.979717,0.26
274,3,train,28.309376,0.29
274,4,train,16.809689,0.33
274,5,train,21.596626,0.36
274,6,train,15.045907,0.39
274,0,val,14.482238,0.53
274,1,val,16.585382,0.54
274,2,val,38.657513,0.55
274,3,val,16.343369,0.56
274,4,val,35.068680,0.57
274,5,val,24.255449,0.57
274,6,val,12.896353,0.58
274,7,val,14.654554,0.59
274,8,val,15.865632,0.59
274,9,val,30.056732,0.60
274,10,val,53.897732,0.61
274,11,val,24.302881,0.61
274,12,val,12.820452,0.62
274,13,val,14.671988,0.63
274,14,val,27.920425,0.63
274,15,val,28.709864,0.64
274,16,val,55.322365,0.64
274,17,val,20.105701,0.65
274,18,val,14.494646,0.66
275,0,train,14.684166,0.15
275,1,train,22.309479,0.20
275,2,train,14.572470,0.23
275,3,train,26.539852,0.26
275,4,train,14.697722,0.30
275,5,train,20.929230,0.34
275,6,train,14.855303,0.37
275,0,val,20.384039,0.51
275,1,val,15.810554,0.51
275,2,val,40.346855,0.52
275,3,val,15.286611,0.54
275,4,val,37.575336,0.54
275,5,val,25.971806,0.55
275,6,val,13.616008,0.56
275,7,val,13.828221,0.56
275,8,val,16.431684,0.57
275,9,val,27.316790,0.58
275,10,val,52.837502,0.58
275,11,val,24.452837,0.59
275,12,val,10.143700,0.60
275,13,val,13.384358,0.60
275,14,val,22.216354,0.61
275,15,val,28.189194,0.62
275,16,val,52.836266,0.62
275,17,val,18.816107,0.62
275,18,val,15.340820,0.63
276,0,train,18.107021,0.14
276,1,train,15.973866,0.19
276,2,train,20.657892,0.22
276,3,train,19.307974,0.26
276,4,train,23.317726,0.29
276,5,train,25.751232,0.33
276,6,train,19.976780,0.36
276,0,val,13.712968,0.50
276,1,val,18.318302,0.51
276,2,val,42.019581,0.51
276,3,val,23.584454,0.53
276,4,val,35.504326,0.54
276,5,val,25.980392,0.54
276,6,val,15.845934,0.55
276,7,val,14.258459,0.56
276,8,val,15.055180,0.57
276,9,val,24.858189,0.57
276,10,val,53.790558,0.58
276,11,val,35.597095,0.59
276,12,val,9.619047,0.59
276,13,val,13.398268,0.60
276,14,val,24.225611,0.61
276,15,val,35.909725,0.61
276,16,val,51.167347,0.62
276,17,val,19.818233,0.63
276,18,val,15.582357,0.63
277,0,train,14.436253,0.15
277,1,train,24.103828,0.20
277,2,train,16.113235,0.24
277,3,train,23.463024,0.27
277,4,train,24.434006,0.31
277,5,train,20.744257,0.34
277,6,train,19.546549,0.37
277,0,val,14.233863,0.53
277,1,val,15.948085,0.55
277,2,val,39.166737,0.56
277,3,val,19.681234,0.57
277,4,val,34.298798,0.57
277,5,val,25.258972,0.58
277,6,val,12.560438,0.59
277,7,val,15.705237,0.59
277,8,val,23.696821,0.60
277,9,val,23.807379,0.61
277,10,val,53.398258,0.61
277,11,val,25.272135,0.62
277,12,val,11.478013,0.63
277,13,val,12.718193,0.63
277,14,val,24.693867,0.64
277,15,val,29.164259,0.65
277,16,val,50.975636,0.66
277,17,val,28.806948,0.66
277,18,val,14.439494,0.67
278,0,train,20.244362,0.20
278,1,train,21.840340,0.26
278,2,train,21.647617,0.32
278,3,train,20.085318,0.37
278,4,train,15.578974,0.42
278,5,train,19.172817,0.47
278,6,train,18.835707,0.51
278,0,val,13.856158,0.71
278,1,val,23.184662,0.74
278,2,val,39.193481,0.75
278,3,val,16.454391,0.76
278,4,val,34.688202,0.76
278,5,val,24.460157,0.77
278,6,val,12.680286,0.79
278,7,val,14.026832,0.80
278,8,val,16.915796,0.81
278,9,val,25.328657,0.83
278,10,val,53.013065,0.84
278,11,val,26.746956,0.85
278,12,val,11.967927,0.86
278,13,val,12.550770,0.87
278,14,val,18.838854,0.88
278,15,val,29.190435,0.89
278,16,val,50.436649,0.90
278,17,val,19.914110,0.90
278,18,val,15.017084,0.91
279,0,train,19.927048,0.25
279,1,train,14.117678,0.31
279,2,train,24.665018,0.37
279,3,train,17.871534,0.41
279,4,train,18.329969,0.45
279,5,train,15.480382,0.48
279,6,train,17.358130,0.53
279,0,val,15.116583,0.80
279,1,val,16.230881,0.82
279,2,val,40.819778,0.83
279,3,val,16.906395,0.83
279,4,val,34.072292,0.84
279,5,val,24.704002,0.85
279,6,val,12.008176,0.86
279,7,val,13.182405,0.87
279,8,val,14.879962,0.88
279,9,val,27.959593,0.89
279,10,val,52.269604,0.89
279,11,val,24.918098,0.90
279,12,val,18.419214,0.92
279,13,val,13.112140,0.93
279,14,val,19.462265,0.94
279,15,val,30.885551,0.95
279,16,val,51.593033,0.95
279,17,val,20.405371,0.96
279,18,val,16.056667,0.97
280,0,train,21.507099,0.21
280,1,train,19.352381,0.26
280,2,train,20.637272,0.30
280,3,train,22.550634,0.33
280,4,train,15.986389,0.37
280,5,train,17.515373,0.41
280,6,train,18.668560,0.44
280,0,val,15.192101,0.63
280,1,val,15.806058,0.65
280,2,val,38.320011,0.67
280,3,val,15.518323,0.68
280,4,val,34.315018,0.70
280,5,val,26.240187,0.72
280,6,val,22.017145,0.73
280,7,val,12.873582,0.74
280,8,val,15.423473,0.76
280,9,val,26.866791,0.77
280,10,val,52.522453,0.78
280,11,val,31.233730,0.79
280,12,val,11.096354,0.80
280,13,val,21.846552,0.80
280,14,val,19.127054,0.81
280,15,val,28.862415,0.82
280,16,val,49.853771,0.82
280,17,val,19.136227,0.83
280,18,val,14.733674,0.84
281,0,train,15.759705,0.20
281,1,train,20.740612,0.25
281,2,train,19.225473,0.30
281,3,train,19.788473,0.33
281,4,train,19.850460,0.37
281,5,train,24.619513,0.40
281,6,train,19.044899,0.44
281,0,val,15.114828,0.66
281,1,val,16.097525,0.68
281,2,val,39.255711,0.70
281,3,val,18.057846,0.70
281,4,val,33.867519,0.71
281,5,val,26.067781,0.72
281,6,val,12.798717,0.73
281,7,val,13.020061,0.74
281,8,val,15.385302,0.75
281,9,val,24.453579,0.76
281,10,val,52.489258,0.77
281,11,val,31.367456,0.78
281,12,val,11.035847,0.79
281,13,val,16.134760,0.80
281,14,val,19.338779,0.81
281,15,val,29.798296,0.82
281,16,val,49.541874,0.82
281,17,val,19.139835,0.83
281,18,val,14.124850,0.83
282,0,train,16.094957,0.21
282,1,train,22.298903,0.26
282,2,train,19.809418,0.30
282,3,train,18.897369,0.34
282,4,train,14.522812,0.38
282,5,train,18.510792,0.42
282,6,train,19.552910,0.46
282,0,val,14.726522,0.66
282,1,val,18.382154,0.69
282,2,val,38.089588,0.70
282,3,val,16.334509,0.71
282,4,val,38.925571,0.72
282,5,val,25.426050,0.73
282,6,val,13.787258,0.73
282,7,val,22.877382,0.74
282,8,val,26.222900,0.75
282,9,val,23.777319,0.76
282,10,val,51.521748,0.77
282,11,val,25.265478,0.78
282,12,val,9.030036,0.79
282,13,val,12.005571,0.80
282,14,val,18.875996,0.81
282,15,val,28.539600,0.82
282,16,val,55.020576,0.82
282,17,val,22.574177,0.83
282,18,val,14.847785,0.83
283,0,train,19.594936,0.21
283,1,train,17.032524,0.27
283,2,train,19.644375,0.33
283,3,train,16.616058,0.37
283,4,train,21.685797,0.40
283,5,train,14.148954,0.44
283,6,train,17.083408,0.48
283,0,val,14.016746,0.69
283,1,val,15.286364,0.71
283,2,val,37.608974,0.72
283,3,val,17.513062,0.73
283,4,val,34.762470,0.74
283,5,val,23.835510,0.75
283,6,val,13.733386,0.75
283,7,val,13.269843,0.76
283,8,val,21.709583,0.77
283,9,val,23.773209,0.78
283,10,val,56.396446,0.78
283,11,val,24.261202,0.79
283,12,val,10.836119,0.80
283,13,val,11.986580,0.81
283,14,val,25.345957,0.81
283,15,val,35.256016,0.82
283,16,val,55.398029,0.82
283,17,val,19.389530,0.83
283,18,val,14.221699,0.83
284,0,train,15.681618,0.18
284,1,train,21.442957,0.23
284,2,train,17.008327,0.28
284,3,train,20.964479,0.33
284,4,train,17.942509,0.36
284,5,train,14.614254,0.39
284,6,train,25.186749,0.43
284,0,val,13.132359,0.67
284,1,val,25.063643,0.70
284,2,val,42.118874,0.71
284,3,val,22.388456,0.74
284,4,val,33.843971,0.77
284,5,val,23.984510,0.80
284,6,val,12.223916,0.83
284,7,val,14.572098,0.85
284,8,val,15.138448,0.86
284,9,val,23.805943,0.88
284,10,val,52.342690,0.90
284,11,val,26.508331,0.93
284,12,val,9.163383,0.94
284,13,val,13.447889,0.95
284,14,val,19.637314,0.96
284,15,val,29.501631,0.97
284,16,val,56.583500,0.98
284,17,val,19.320259,0.99
284,18,val,15.714130,1.00
285,0,train,19.392483,0.16
285,1,train,14.831936,0.21
285,2,train,14.330608,0.26
285,3,train,24.369993,0.31
285,4,train,22.428776,0.45
285,5,train,20.446560,0.49
285,6,train,17.801775,0.52
285,0,val,13.314578,0.66
285,1,val,16.299952,0.66
285,2,val,37.718327,0.68
285,3,val,15.893128,0.69
285,4,val,34.009232,0.69
285,5,val,27.143244,0.70
285,6,val,12.097867,0.71
285,7,val,13.007584,0.71
285,8,val,20.259022,0.72
285,9,val,24.622412,0.73
285,10,val,59.463856,0.74
285,11,val,27.371017,0.75
285,12,val,9.669827,0.76
285,13,val,12.669197,0.76
285,14,val,17.973328,0.77
285,15,val,28.740755,0.78
285,16,val,48.762650,0.78
285,17,val,22.955002,0.79
285,18,val,15.939692,0.79
286,0,train,15.074586,0.16
286,1,train,18.052530,0.20
286,2,train,16.074585,0.23
286,3,train,21.031303,0.27
286,4,train,21.882776,0.31
286,5,train,17.746092,0.35
286,6,train,16.891005,0.38
286,0,val,13.577774,0.55
286,1,val,15.242308,0.57
286,2,val,39.406494,0.58
286,3,val,15.736482,0.58
286,4,val,34.641190,0.59
286,5,val,25.077673,0.60
286,6,val,13.124346,0.61
286,7,val,12.776580,0.62
286,8,val,18.329687,0.63
286,9,val,25.583551,0.64
286,10,val,52.014545,0.66
286,11,val,27.556307,0.67
286,12,val,9.921270,0.68
286,13,val,12.242844,0.69
286,14,val,18.801550,0.70
286,15,val,28.520741,0.70
286,16,val,51.451187,0.70
286,17,val,18.871176,0.71
286,18,val,14.268044,0.72
287,0,train,21.989992,0.20
287,1,train,18.584167,0.25
287,2,train,13.357727,0.29
287,3,train,20.706858,0.32
287,4,train,16.771664,0.36
287,5,train,22.330088,0.39
287,6,train,15.823343,0.43
287,0,val,13.083498,0.57
287,1,val,16.830486,0.57
287,2,val,44.132809,0.58
287,3,val,21.108383,0.59
287,4,val,94.771484,0.60
287,5,val,25.342890,0.61
287,6,val,12.493433,0.61
287,7,val,12.955222,0.62
287,8,val,14.962355,0.63
287,9,val,23.921352,0.64
287,10,val,50.820049,0.64
287,11,val,23.642353,0.65
287,12,val,10.481741,0.66
287,13,val,12.466950,0.66
287,14,val,24.877983,0.67
287,15,val,28.173225,0.68
287,16,val,50.764080,0.68
287,17,val,21.880678,0.68
287,18,val,16.562645,0.69
288,0,train,19.574936,0.14
288,1,train,20.081757,0.18
288,2,train,18.003212,0.22
288,3,train,14.074534,0.25
288,4,train,16.337513,0.29
288,5,train,18.820457,0.32
288,6,train,13.289907,0.36
288,0,val,16.292189,0.52
288,1,val,21.435781,0.53
288,2,val,37.645302,0.54
288,3,val,15.789004,0.55
288,4,val,34.987381,0.56
288,5,val,25.284008,0.58
288,6,val,12.730555,0.58
288,7,val,13.760493,0.59
288,8,val,17.754370,0.60
288,9,val,24.001051,0.62
288,10,val,54.497021,0.63
288,11,val,24.888489,0.65
288,12,val,10.396121,0.66
288,13,val,12.551830,0.67
288,14,val,18.112501,0.68
288,15,val,29.301399,0.69
288,16,val,49.776375,0.70
288,17,val,18.137859,0.71
288,18,val,15.679848,0.71
289,0,train,14.486515,0.15
289,1,train,20.419632,0.19
289,2,train,14.036821,0.23
289,3,train,14.922031,0.26
289,4,train,11.869323,0.30
289,5,train,18.927202,0.33
289,6,train,17.008381,0.37
289,0,val,17.264051,0.56
289,1,val,16.128450,0.58
289,2,val,37.267513,0.58
289,3,val,15.210003,0.59
289,4,val,33.586308,0.60
289,5,val,25.255461,0.61
289,6,val,14.572935,0.61
289,7,val,13.607148,0.62
289,8,val,15.166249,0.63
289,9,val,24.455940,0.64
289,10,val,53.033691,0.65
289,11,val,25.196424,0.65
289,12,val,9.478786,0.66
289,13,val,12.282303,0.67
289,14,val,18.683552,0.68
289,15,val,29.216444,0.69
289,16,val,50.493877,0.69
289,17,val,19.065752,0.70
289,18,val,15.480200,0.70
290,0,train,20.648712,0.15
290,1,train,17.052647,0.19
290,2,train,14.256749,0.22
290,3,train,15.087355,0.26
290,4,train,21.803192,0.29
290,5,train,18.041950,0.33
290,6,train,19.906189,0.36
290,0,val,13.948135,0.50
290,1,val,16.566769,0.50
290,2,val,38.202660,0.51
290,3,val,21.047268,0.52
290,4,val,33.248058,0.53
290,5,val,26.578726,0.54
290,6,val,13.615223,0.55
290,7,val,13.663101,0.55
290,8,val,14.739752,0.56
290,9,val,25.413658,0.57
290,10,val,51.027134,0.57
290,11,val,23.651957,0.58
290,12,val,10.423584,0.59
290,13,val,19.818537,0.59
290,14,val,19.295412,0.60
290,15,val,34.418407,0.61
290,16,val,48.489426,0.61
290,17,val,19.016357,0.62
290,18,val,14.538498,0.62
291,0,train,22.609554,0.14
291,1,train,17.852825,0.18
291,2,train,12.662569,0.21
291,3,train,15.458105,0.25
291,4,train,20.733250,0.29
291,5,train,20.979471,0.32
291,6,train,21.088200,0.36
291,0,val,16.392925,0.49
291,1,val,17.771305,0.49
291,2,val,39.043835,0.50
291,3,val,15.381334,0.51
291,4,val,35.270489,0.53
291,5,val,24.909769,0.53
291,6,val,15.958202,0.54
291,7,val,23.757868,0.55
291,8,val,14.185559,0.55
291,9,val,23.753759,0.56
291,10,val,52.028870,0.57
291,11,val,26.458349,0.57
291,12,val,11.957891,0.58
291,13,val,14.952462,0.59
291,14,val,18.177977,0.59
291,15,val,28.013639,0.60
291,16,val,51.371853,0.60
291,17,val,18.614197,0.61
291,18,val,13.450255,0.61
292,0,train,17.194801,0.13
292,1,train,16.968960,0.17
292,2,train,20.127537,0.21
292,3,train,11.955534,0.24
292,4,train,13.577967,0.28
292,5,train,13.648659,0.31
292,6,train,16.952114,0.35
292,0,val,14.525533,0.48
292,1,val,22.576786,0.49
292,2,val,38.394794,0.49
292,3,val,15.117463,0.51
292,4,val,34.631462,0.52
292,5,val,23.928974,0.52
292,6,val,12.905616,0.53
292,7,val,16.509047,0.54
292,8,val,15.166756,0.54
292,9,val,24.173759,0.55
292,10,val,59.018326,0.56
292,11,val,25.679874,0.56
292,12,val,9.999950,0.57
292,13,val,12.419587,0.58
292,14,val,17.907812,0.58
292,15,val,29.568995,0.59
292,16,val,53.892864,0.59
292,17,val,18.431873,0.60
292,18,val,13.640903,0.61
293,0,train,21.132118,0.14
293,1,train,14.181572,0.20
293,2,train,14.285223,0.23
293,3,train,19.761204,0.27
293,4,train,17.760468,0.31
293,5,train,20.448967,0.35
293,6,train,17.114014,0.38
293,0,val,14.980095,0.59
293,1,val,15.912618,0.61
293,2,val,37.957664,0.62
293,3,val,16.074423,0.63
293,4,val,34.204018,0.64
293,5,val,24.477760,0.65
293,6,val,20.276558,0.66
293,7,val,14.645019,0.66
293,8,val,26.231834,0.67
293,9,val,24.309610,0.69
293,10,val,51.060791,0.70
293,11,val,25.666216,0.71
293,12,val,10.551055,0.72
293,13,val,11.919596,0.73
293,14,val,18.475248,0.74
293,15,val,28.861982,0.74
293,16,val,50.617146,0.75
293,17,val,19.555708,0.75
293,18,val,16.618771,0.76
294,0,train,20.393862,0.22
294,1,train,18.682365,0.27
294,2,train,11.623865,0.31
294,3,train,16.002697,0.34
294,4,train,14.964437,0.39
294,5,train,18.658539,0.42
294,6,train,18.020483,0.45
294,0,val,20.443949,0.67
294,1,val,21.207405,0.69
294,2,val,40.040085,0.70
294,3,val,15.620083,0.71
294,4,val,33.481682,0.72
294,5,val,24.731583,0.72
294,6,val,13.887361,0.73
294,7,val,15.926201,0.74
294,8,val,14.887715,0.75
294,9,val,24.808292,0.76
294,10,val,50.773106,0.77
294,11,val,30.815254,0.78
294,12,val,9.230472,0.80
294,13,val,13.943507,0.81
294,14,val,18.764732,0.82
294,15,val,30.058849,0.82
294,16,val,49.835548,0.83
294,17,val,18.369835,0.83
294,18,val,14.201706,0.84
295,0,train,17.362408,0.21
295,1,train,15.972291,0.26
295,2,train,18.118793,0.30
295,3,train,22.815006,0.33
295,4,train,14.024662,0.37
295,5,train,23.050097,0.41
295,6,train,18.512783,0.44
295,0,val,16.318449,0.65
295,1,val,22.080036,0.67
295,2,val,38.975735,0.68
295,3,val,16.123671,0.69
295,4,val,34.788616,0.70
295,5,val,24.350117,0.71
295,6,val,11.773005,0.72
295,7,val,14.037761,0.73
295,8,val,14.284916,0.74
295,9,val,24.567886,0.75
295,10,val,50.861881,0.76
295,11,val,24.451710,0.78
295,12,val,10.062371,0.79
295,13,val,11.870427,0.80
295,14,val,17.801918,0.81
295,15,val,28.894285,0.82
295,16,val,88.620491,0.82
295,17,val,19.455326,0.83
295,18,val,14.056459,0.83
296,0,train,16.923529,0.17
296,1,train,19.480656,0.23
296,2,train,18.540657,0.28
296,3,train,16.170448,0.31
296,4,train,19.735069,0.35
296,5,train,17.039043,0.38
296,6,train,18.655977,0.42
296,0,val,13.107290,0.67
296,1,val,16.197464,0.69
296,2,val,37.565502,0.71
296,3,val,16.125916,0.72
296,4,val,38.237804,0.73
296,5,val,25.647137,0.74
296,6,val,12.448044,0.75
296,7,val,13.138133,0.76
296,8,val,15.707154,0.77
296,9,val,29.660685,0.77
296,10,val,52.194477,0.79
296,11,val,24.832853,0.80
296,12,val,9.245340,0.81
296,13,val,13.308395,0.82
296,14,val,17.934513,0.83
296,15,val,28.128614,0.83
296,16,val,50.373009,0.84
296,17,val,18.719788,0.84
296,18,val,17.721107,0.85
297,0,train,22.359755,0.27
297,1,train,19.407782,0.32
297,2,train,24.686527,0.36
297,3,train,16.328074,0.39
297,4,train,18.118649,0.43
297,5,train,15.412196,0.47
297,6,train,13.535480,0.51
297,0,val,13.926497,0.76
297,1,val,14.523943,0.79
297,2,val,41.337849,0.82
297,3,val,15.034410,0.85
297,4,val,33.509613,0.87
297,5,val,24.786768,0.89
297,6,val,12.328991,0.91
297,7,val,14.246252,0.92
297,8,val,14.395850,0.93
297,9,val,23.483612,0.94
297,10,val,56.510315,0.95
297,11,val,23.700848,0.96
297,12,val,12.534688,0.97
297,13,val,13.237422,0.98
297,14,val,18.622061,1.01
297,15,val,32.005833,1.03
297,16,val,54.898640,1.05
297,17,val,20.796103,1.07
297,18,val,13.772952,1.08
298,0,train,19.515814,0.20
298,1,train,14.841207,0.27
298,2,train,14.660168,0.32
298,3,train,20.834538,0.37
298,4,train,14.404962,0.42
298,5,train,13.081966,0.46
298,6,train,17.886288,0.50
298,0,val,15.873767,0.65
298,1,val,15.627482,0.66
298,2,val,39.755402,0.66
298,3,val,16.630991,0.67
298,4,val,33.170353,0.69
298,5,val,24.921249,0.70
298,6,val,12.850318,0.71
298,7,val,15.945808,0.72
298,8,val,19.674316,0.72
298,9,val,23.503820,0.73
298,10,val,55.677055,0.74
298,11,val,27.434128,0.74
298,12,val,12.455869,0.75
298,13,val,13.622377,0.76
298,14,val,18.885345,0.76
298,15,val,28.916416,0.77
298,16,val,49.102844,0.77
298,17,val,24.972773,0.78
298,18,val,15.563645,0.79
299,0,train,19.548361,0.16
299,1,train,17.194786,0.22
299,2,train,16.397198,0.26
299,3,train,14.083007,0.30
299,4,train,17.219778,0.33
299,5,train,19.501633,0.36
299,6,train,21.493164,0.40
299,0,val,16.923300,0.54
299,1,val,19.603708,0.55
299,2,val,40.662834,0.56
299,3,val,15.539349,0.57
299,4,val,32.493763,0.58
299,5,val,29.398075,0.58
299,6,val,16.618671,0.59
299,7,val,13.653968,0.60
299,8,val,15.083700,0.61
299,9,val,22.923834,0.61
299,10,val,58.120876,0.62
299,11,val,23.525623,0.63
299,12,val,12.002885,0.64
299,13,val,14.036785,0.65
299,14,val,19.608534,0.66
299,15,val,29.177248,0.67
299,16,val,49.015205,0.67
299,17,val,22.291569,0.68
299,18,val,16.163864,0.68
